#!awk.bdf.output
====================== BDF version information ============================
commit b9f8d8323d948e506af552ea571d509107820b9d
Author: Zikuan Wang <zwang@kofo.mpg.de>
Date:   Sat Jan 3 15:39:18 2026 +0800

    added the functionality of turning off certain terms in X-TDDFT NACME
===========================================================================
BDFHOME     = /apps/users/xlwang/bdf-final/bdf-pkg/build/bdf-pkg-full 
BDF_TMPDIR  = /tmp 
BDF_MPIRUN  = None 
BDF_MPIROOT = None 
|---------------------------------------------------------------------|
 Could not find mpirun. Set to serial running ...


(' BDFHOME     = ', '/apps/users/xlwang/bdf-final/bdf-pkg/build/bdf-pkg-full')
(' BDF_WORKDIR = ', '/apps/spooler/spooler/xlwang/cu-porphyrin/rate/cup')
(' BDF_TMPDIR  = ', '/scratch/cup-nacme-roks-2t1-2dd2-awf2_385')
(' BDFTASK     = ', 'cup-nacme-roks-2t1-2dd2-awf2')

  BDF parallel running information ...
('  BDF_MASTER_NODE', 'cnode11')
('  BDF_MPIROOT = ', 'None')
  Total number of computational nodes   = 1
  Number of processes per node          = 1
  Number of openmp threads per process  = 18


('  Singlepoint_task = ', True)
('  Fragmp2_task     = ', False)


$compass
title
cup t1-ag
basis
x2c-tzvpall
geometry
file=cup-2t1.xyz
end geometry
check
nosym
$end
$xuanyuan
heff
21
nuclear
1
$end
$scf
roks
dft
pbe0
spin
2
molden
$end
$tddft
iroot
40
istore
1
crit_vec
1.d-6
crit_e
1.d-8
gridtol
1.d-7
iprt
2
$end
$resp
iprt
1
quad
fnac
double
norder
1
method
2
nfiles
1
pairs
1
1 1 1 1 1 10
noresp
awf
-2
$end
$compass
title
cup t1-ag
basis
x2c-tzvpall
geometry
file=cup-2t1.xyz
end geometry
check
nosym
$end
('tmpstdin ', True)
('npro is ', 1)
('\n BDF command: ', '/apps/users/xlwang/bdf-final/bdf-pkg/build/bdf-pkg-full/bin/compass.x /scratch/cup-nacme-roks-2t1-2dd2-awf2_385/cup-nacme-roks-2t1-2dd2-awf2XX0.compass.inp')
  BDF process        0 of        1 on Serial  
 
|******************************************************************************|
 
    Start running module compass
    Current time   2026-01-06  16:39:21
 
|******************************************************************************|

 ++++++++++ Reading compass input ++++++++++++++++++
 TITLE
 BASIS
 Input Basis set is x2c-TZVPall
 Spherical GTO 5d,7f
 GEOMETRY
 Read molecular geometry from the file cup-2t1.xyz
 Cu      0.00000000      0.00000000      0.00000000
 N      -2.04130234      0.00000000      0.00000000
 N       2.04130234      0.00000000      0.00000000
 N       0.00000000      2.01982017      0.00000000
 N       0.00000000     -2.01982017      0.00000000
 C      -2.86316172     -1.09207257      0.00000000
 C      -2.86316172      1.09207257      0.00000000
 C       2.86316172     -1.09207257      0.00000000
 C       2.86316172      1.09207257      0.00000000
 C      -1.08991765     -2.84666942      0.00000000
 C       1.08991765     -2.84666942      0.00000000
 C      -1.08991765      2.84666942      0.00000000
 C       1.08991765      2.84666942      0.00000000
 C      -4.24716895     -0.67951143      0.00000000
 C      -4.24716895      0.67951143      0.00000000
 C       4.24716895     -0.67951143      0.00000000
 C       4.24716895      0.67951143      0.00000000
 C      -0.69427960     -4.20508562      0.00000000
 C       0.69427960     -4.20508562      0.00000000
 C      -0.69427960      4.20508562      0.00000000
 C       0.69427960      4.20508562      0.00000000
 C      -2.43606195     -2.40986688      0.00000000
 C      -2.43606195      2.40986688      0.00000000
 C       2.43606195     -2.40986688      0.00000000
 C       2.43606195      2.40986688      0.00000000
 H      -5.09802768     -1.35874947      0.00000000
 H      -5.09802768      1.35874947      0.00000000
 H       5.09802768     -1.35874947      0.00000000
 H       5.09802768      1.35874947      0.00000000
 H      -1.37037972     -5.05813635      0.00000000
 H       1.37037972     -5.05813635      0.00000000
 H      -1.37037972      5.05813635      0.00000000
 H       1.37037972      5.05813635      0.00000000
 H      -3.20513884     -3.18431188      0.00000000
 H       3.20513884     -3.18431188      0.00000000
 H       3.20513884      3.18431188      0.00000000
 H      -3.20513884      3.18431188      0.00000000
 Number of atoms:       37
 CHECK
 NOSYM
 $END
 ++++++++++ End of reading compass input +++++++++++++


|-------------------------------------------------------------------------------------------|

 Atom           Cartcoord(Bohr)                 Charge Basis Auxbas Uatom Nstab Alink  Mass
  Cu       0.000000     0.000000     0.000000    29.00    1     0     0     0   E     62.9298
  N       -3.857502     0.000000     0.000000     7.00    2     0     0     0   E     14.0031
  N        3.857502     0.000000     0.000000     7.00    2     0     0     0   E     14.0031
  N        0.000000     3.816907     0.000000     7.00    2     0     0     0   E     14.0031
  N        0.000000    -3.816907     0.000000     7.00    2     0     0     0   E     14.0031
  C       -5.410592    -2.063718     0.000000     6.00    3     0     0     0   E     11.9967
  C       -5.410592     2.063718     0.000000     6.00    3     0     0     0   E     11.9967
  C        5.410592    -2.063718     0.000000     6.00    3     0     0     0   E     11.9967
  C        5.410592     2.063718     0.000000     6.00    3     0     0     0   E     11.9967
  C       -2.059646    -5.379426     0.000000     6.00    3     0     0     0   E     11.9967
  C        2.059646    -5.379426     0.000000     6.00    3     0     0     0   E     11.9967
  C       -2.059646     5.379426     0.000000     6.00    3     0     0     0   E     11.9967
  C        2.059646     5.379426     0.000000     6.00    3     0     0     0   E     11.9967
  C       -8.025986    -1.284091     0.000000     6.00    3     0     0     0   E     11.9967
  C       -8.025986     1.284091     0.000000     6.00    3     0     0     0   E     11.9967
  C        8.025986    -1.284091     0.000000     6.00    3     0     0     0   E     11.9967
  C        8.025986     1.284091     0.000000     6.00    3     0     0     0   E     11.9967
  C       -1.311998    -7.946460     0.000000     6.00    3     0     0     0   E     11.9967
  C        1.311998    -7.946460     0.000000     6.00    3     0     0     0   E     11.9967
  C       -1.311998     7.946460     0.000000     6.00    3     0     0     0   E     11.9967
  C        1.311998     7.946460     0.000000     6.00    3     0     0     0   E     11.9967
  C       -4.603490    -4.553988     0.000000     6.00    3     0     0     0   E     11.9967
  C       -4.603490     4.553988     0.000000     6.00    3     0     0     0   E     11.9967
  C        4.603490    -4.553988     0.000000     6.00    3     0     0     0   E     11.9967
  C        4.603490     4.553988     0.000000     6.00    3     0     0     0   E     11.9967
  H       -9.633876    -2.567664     0.000000     1.00    4     0     0     0   E      1.0073
  H       -9.633876     2.567664     0.000000     1.00    4     0     0     0   E      1.0073
  H        9.633876    -2.567664     0.000000     1.00    4     0     0     0   E      1.0073
  H        9.633876     2.567664     0.000000     1.00    4     0     0     0   E      1.0073
  H       -2.589642    -9.558492     0.000000     1.00    4     0     0     0   E      1.0073
  H        2.589642    -9.558492     0.000000     1.00    4     0     0     0   E      1.0073
  H       -2.589642     9.558492     0.000000     1.00    4     0     0     0   E      1.0073
  H        2.589642     9.558492     0.000000     1.00    4     0     0     0   E      1.0073
  H       -6.056835    -6.017477     0.000000     1.00    4     0     0     0   E      1.0073
  H        6.056835    -6.017477     0.000000     1.00    4     0     0     0   E      1.0073
  H        6.056835     6.017477     0.000000     1.00    4     0     0     0   E      1.0073
  H       -6.056835     6.017477     0.000000     1.00    4     0     0     0   E      1.0073
 
|--------------------------------------------------------------------------------------------|

  End of reading atomic basis sets ..
 Printing basis sets for checking ....

 Atomic label:  Cu  29
 Maximum L  3 17s12p7d1f ----> 6s5p4d1f NBF =  48
 #--->s function
      Exp Coef          Norm Coef       Con Coef
        793381.848150   0.671625E+05    0.000645    0.000000    0.000000    0.000000    0.000000    0.000000
         97536.949081   0.139441E+05    0.002665    0.000000    0.000000    0.000000    0.000000    0.000000
         19424.068646   0.415691E+04    0.010073    0.000000    0.000000    0.000000    0.000000    0.000000
          4991.573673   0.150035E+04    0.035646    0.000000    0.000000    0.000000    0.000000    0.000000
          1510.962405   0.612287E+03    0.113039    0.000000    0.000000    0.000000    0.000000    0.000000
           514.241310   0.272829E+03    0.280928    0.000000    0.000000    0.000000    0.000000    0.000000
           189.874461   0.129230E+03    0.447263    0.000000    0.000000    0.000000    0.000000    0.000000
            71.709888   0.622586E+02    0.265705    0.000000    0.000000    0.000000    0.000000    0.000000
           445.996619   0.245196E+03    0.000000   -0.023363    0.000000    0.000000    0.000000    0.000000
           134.835399   0.999696E+02    0.000000   -0.111347    0.000000    0.000000    0.000000    0.000000
            21.549104   0.252689E+02    0.000000    0.543485    0.000000    0.000000    0.000000    0.000000
             9.135941   0.132764E+02    0.000000    0.541828    0.000000    0.000000    0.000000    0.000000
            14.183838   0.184655E+02    0.000000    0.000000   -0.369207    0.000000    0.000000    0.000000
             2.309029   0.473246E+01    0.000000    0.000000    1.166990    0.000000    0.000000    0.000000
             0.925969   0.238486E+01    0.000000    0.000000    0.000000    1.000000    0.000000    0.000000
             0.115768   0.501427E+00    0.000000    0.000000    0.000000    0.000000    1.000000    0.000000
             0.041063   0.230465E+00    0.000000    0.000000    0.000000    0.000000    0.000000    1.000000
 #--->p function
      Exp Coef          Norm Coef       Con Coef
          2619.790671   0.546786E+05    0.002585    0.000000    0.000000    0.000000    0.000000
           565.875303   0.805166E+04    0.019603    0.000000    0.000000    0.000000    0.000000
           173.330670   0.183476E+04    0.094344    0.000000    0.000000    0.000000    0.000000
            62.737186   0.515099E+03    0.285601    0.000000    0.000000    0.000000    0.000000
            24.526326   0.159230E+03    0.484035    0.000000    0.000000    0.000000    0.000000
             9.812004   0.506619E+02    0.296066    0.000000    0.000000    0.000000    0.000000
            38.394113   0.278814E+03    0.000000   -0.020029    0.000000    0.000000    0.000000
             5.244269   0.231521E+02    0.000000    0.386948    0.000000    0.000000    0.000000
             2.061808   0.720767E+01    0.000000    0.675735    0.000000    0.000000    0.000000
             0.756401   0.205790E+01    0.000000    0.000000    1.000000    0.000000    0.000000
             0.271100   0.570685E+00    0.000000    0.000000    0.000000    1.000000    0.000000
             0.099540   0.163110E+00    0.000000    0.000000    0.000000    0.000000    1.000000
 #--->d function
      Exp Coef          Norm Coef       Con Coef
            84.220181   0.610953E+04    0.018686    0.000000    0.000000    0.000000
            23.119379   0.636045E+03    0.124891    0.000000    0.000000    0.000000
             7.875731   0.966136E+02    0.392425    0.000000    0.000000    0.000000
             2.839778   0.162098E+02    0.639940    0.000000    0.000000    0.000000
             0.958614   0.242330E+01    0.000000    1.000000    0.000000    0.000000
             0.283765   0.287877E+00    0.000000    0.000000    1.000000    0.000000
             0.085000   0.349150E-01    0.000000    0.000000    0.000000    1.000000
 #--->f function
      Exp Coef          Norm Coef       Con Coef
             2.233000   0.120229E+02    1.000000
 

 Atomic label:  N    7
 Maximum L  3 11s6p2d1f ----> 5s3p2d1f NBF =  31
 #--->s function
      Exp Coef          Norm Coef       Con Coef
         19789.016481   0.421535E+04   -0.000838    0.000000    0.000000    0.000000    0.000000
          2940.377516   0.100883E+04   -0.004987    0.000000    0.000000    0.000000    0.000000
           673.318435   0.333949E+03   -0.024116    0.000000    0.000000    0.000000    0.000000
           190.210631   0.129402E+03   -0.095774    0.000000    0.000000    0.000000    0.000000
            62.383050   0.560809E+02   -0.296405    0.000000    0.000000    0.000000    0.000000
            22.640478   0.262228E+02   -0.668950    0.000000    0.000000    0.000000    0.000000
             9.085978   0.132219E+02    0.000000   -0.630222    0.000000    0.000000    0.000000
             3.788165   0.686020E+01    0.000000   -0.402178    0.000000    0.000000    0.000000
             0.850737   0.223801E+01    0.000000    0.000000    1.000000    0.000000    0.000000
             0.337590   0.111894E+01    0.000000    0.000000    0.000000    1.000000    0.000000
             0.136408   0.567081E+00    0.000000    0.000000    0.000000    0.000000    1.000000
 #--->p function
      Exp Coef          Norm Coef       Con Coef
            49.237697   0.380502E+03    0.011545    0.000000    0.000000
            11.344115   0.607362E+02    0.078593    0.000000    0.000000
             3.425553   0.135956E+02    0.308339    0.000000    0.000000
             1.178835   0.358345E+01    0.719949    0.000000    0.000000
             0.416510   0.976150E+00    0.000000    1.000000    0.000000
             0.142641   0.255736E+00    0.000000    0.000000    1.000000
 #--->d function
      Exp Coef          Norm Coef       Con Coef
             1.654000   0.629458E+01    1.000000    0.000000
             0.469000   0.693557E+00    0.000000    1.000000
 #--->f function
      Exp Coef          Norm Coef       Con Coef
             1.093000   0.240938E+01    1.000000
 

 Atomic label:  C    6
 Maximum L  3 11s6p2d1f ----> 5s3p2d1f NBF =  31
 #--->s function
      Exp Coef          Norm Coef       Con Coef
         13602.867221   0.318228E+04   -0.000805    0.000000    0.000000    0.000000    0.000000
          2025.637344   0.762845E+03   -0.005027    0.000000    0.000000    0.000000    0.000000
           463.912310   0.252547E+03   -0.024724    0.000000    0.000000    0.000000    0.000000
           130.822152   0.977296E+02   -0.098325    0.000000    0.000000    0.000000    0.000000
            42.923924   0.423682E+02   -0.300739    0.000000    0.000000    0.000000    0.000000
            15.581525   0.198140E+02   -0.662684    0.000000    0.000000    0.000000    0.000000
             6.289239   0.100338E+02    0.000000   -0.637507    0.000000    0.000000    0.000000
             2.657230   0.525820E+01    0.000000   -0.393719    0.000000    0.000000    0.000000
             0.578077   0.167496E+01    0.000000    0.000000    1.000000    0.000000    0.000000
             0.229900   0.838821E+00    0.000000    0.000000    0.000000    1.000000    0.000000
             0.095161   0.432871E+00    0.000000    0.000000    0.000000    0.000000    1.000000
 #--->p function
      Exp Coef          Norm Coef       Con Coef
            34.707038   0.245757E+03    0.011396    0.000000    0.000000
             7.955899   0.389804E+02    0.076318    0.000000    0.000000
             2.379172   0.862019E+01    0.302107    0.000000    0.000000
             0.814394   0.225698E+01    0.727626    0.000000    0.000000
             0.288978   0.618109E+00    0.000000    1.000000    0.000000
             0.100590   0.165263E+00    0.000000    0.000000    1.000000
 #--->d function
      Exp Coef          Norm Coef       Con Coef
             1.097000   0.306825E+01    1.000000    0.000000
             0.318000   0.351380E+00    0.000000    1.000000
 #--->f function
      Exp Coef          Norm Coef       Con Coef
             0.761000   0.106691E+01    1.000000
 

 Atomic label:  H    1
 Maximum L  1 5s1p ----> 3s1p NBF =   6
 #--->s function
      Exp Coef          Norm Coef       Con Coef
            34.061341   0.356214E+02    0.025439    0.000000    0.000000
             5.123575   0.860389E+01    0.190086    0.000000    0.000000
             1.164663   0.283247E+01    0.852441    0.000000    0.000000
             0.327230   0.109309E+01    0.000000    1.000000    0.000000
             0.103072   0.459591E+00    0.000000    0.000000    1.000000
 #--->p function
      Exp Coef          Norm Coef       Con Coef
             0.800000   0.220723E+01    1.000000
 
 

 Molecular center of mass
         0.00000000    -0.00000000     0.00000000

 Molecular center of nuclear charge
         0.00000000    -0.00000000     0.00000000
 [molesym]
 Representation generated
 C|1|)|                     1
  Number of symmery unique centers:                     37

|-------------------------------------------------------------------------------------------|

 Atom           Cartcoord(Bohr)                 Charge Basis Auxbas Uatom Nstab Alink  Mass
  Cu       0.000000     0.000000     0.000000    29.00    1     0     0     0   E     62.9298
  N       -3.857502     0.000000     0.000000     7.00    2     0     0     0   E     14.0031
  N        3.857502     0.000000     0.000000     7.00    2     0     0     0   E     14.0031
  N        0.000000     3.816907     0.000000     7.00    2     0     0     0   E     14.0031
  N        0.000000    -3.816907     0.000000     7.00    2     0     0     0   E     14.0031
  C       -5.410592    -2.063718     0.000000     6.00    3     0     0     0   E     11.9967
  C       -5.410592     2.063718     0.000000     6.00    3     0     0     0   E     11.9967
  C        5.410592    -2.063718     0.000000     6.00    3     0     0     0   E     11.9967
  C        5.410592     2.063718     0.000000     6.00    3     0     0     0   E     11.9967
  C       -2.059646    -5.379426     0.000000     6.00    3     0     0     0   E     11.9967
  C        2.059646    -5.379426     0.000000     6.00    3     0     0     0   E     11.9967
  C       -2.059646     5.379426     0.000000     6.00    3     0     0     0   E     11.9967
  C        2.059646     5.379426     0.000000     6.00    3     0     0     0   E     11.9967
  C       -8.025986    -1.284091     0.000000     6.00    3     0     0     0   E     11.9967
  C       -8.025986     1.284091     0.000000     6.00    3     0     0     0   E     11.9967
  C        8.025986    -1.284091     0.000000     6.00    3     0     0     0   E     11.9967
  C        8.025986     1.284091     0.000000     6.00    3     0     0     0   E     11.9967
  C       -1.311998    -7.946460     0.000000     6.00    3     0     0     0   E     11.9967
  C        1.311998    -7.946460     0.000000     6.00    3     0     0     0   E     11.9967
  C       -1.311998     7.946460     0.000000     6.00    3     0     0     0   E     11.9967
  C        1.311998     7.946460     0.000000     6.00    3     0     0     0   E     11.9967
  C       -4.603490    -4.553988     0.000000     6.00    3     0     0     0   E     11.9967
  C       -4.603490     4.553988     0.000000     6.00    3     0     0     0   E     11.9967
  C        4.603490    -4.553988     0.000000     6.00    3     0     0     0   E     11.9967
  C        4.603490     4.553988     0.000000     6.00    3     0     0     0   E     11.9967
  H       -9.633876    -2.567664     0.000000     1.00    4     0     0     0   E      1.0073
  H       -9.633876     2.567664     0.000000     1.00    4     0     0     0   E      1.0073
  H        9.633876    -2.567664     0.000000     1.00    4     0     0     0   E      1.0073
  H        9.633876     2.567664     0.000000     1.00    4     0     0     0   E      1.0073
  H       -2.589642    -9.558492     0.000000     1.00    4     0     0     0   E      1.0073
  H        2.589642    -9.558492     0.000000     1.00    4     0     0     0   E      1.0073
  H       -2.589642     9.558492     0.000000     1.00    4     0     0     0   E      1.0073
  H        2.589642     9.558492     0.000000     1.00    4     0     0     0   E      1.0073
  H       -6.056835    -6.017477     0.000000     1.00    4     0     0     0   E      1.0073
  H        6.056835    -6.017477     0.000000     1.00    4     0     0     0   E      1.0073
  H        6.056835     6.017477     0.000000     1.00    4     0     0     0   E      1.0073
  H       -6.056835     6.017477     0.000000     1.00    4     0     0     0   E      1.0073
 
|--------------------------------------------------------------------------------------------|

 rep A        * A        = A                            1
Number of irreps:    1
IRREP:   1   1   1
DIMEN:   1   1   1

 Irreps of multipole moment operators ...
 Operator  Component    Irrep       Row
  Dipole       x           A           1
  Dipole       y           A           1
  Dipole       z           A           1
  Quadpole     xx          A           1
  Quadpole     xy          A           1
  Quadpole     yy          A           1
  Quadpole     xz          A           1
  Quadpole     yz          A           1
  Quadpole     zz          A           1
 
 Print Multiplication table of irreps
 A    *A    =A    ; 
 
 Generate symmetry adapted orbital ...
 Print Multab
  1

|--------------------------------------------------|
         Symmetry adapted orbital                   

  Irrep : A 
 1001    1    0    1
 2001    2    0    1
 3001    3    0    1
 4001    4    0    1
 5001    5    0    1
 6001    6    0    1
 2101    2    1    1
 3101    3    1    1
 4101    4    1    1
 5101    5    1    1
 6101    6    1    1
 2102    2    1    2
 3102    3    1    2
 4102    4    1    2
 5102    5    1    2
 6102    6    1    2
 2103    2    1    3
 3103    3    1    3
 4103    4    1    3
 5103    5    1    3
 6103    6    1    3
 3201    3    2    1
 4201    4    2    1
 5201    5    2    1
 6201    6    2    1
 3202    3    2    2
 4202    4    2    2
 5202    5    2    2
 6202    6    2    2
 3203    3    2    3
 4203    4    2    3
 5203    5    2    3
 6203    6    2    3
 3204    3    2    4
 4204    4    2    4
 5204    5    2    4
 6204    6    2    4
 3205    3    2    5
 4205    4    2    5
 5205    5    2    5
 6205    6    2    5
 4301    4    3    1
 4302    4    3    2
 4303    4    3    3
 4304    4    3    4
 4305    4    3    5
 4306    4    3    6
 4307    4    3    7
 1001    1    0    1
 2001    2    0    1
 3001    3    0    1
 4001    4    0    1
 5001    5    0    1
 2101    2    1    1
 3101    3    1    1
 4101    4    1    1
 2102    2    1    2
 3102    3    1    2
 4102    4    1    2
 2103    2    1    3
 3103    3    1    3
 4103    4    1    3
 3201    3    2    1
 4201    4    2    1
 3202    3    2    2
 4202    4    2    2
 3203    3    2    3
 4203    4    2    3
 3204    3    2    4
 4204    4    2    4
 3205    3    2    5
 4205    4    2    5
 4301    4    3    1
 4302    4    3    2
 4303    4    3    3
 4304    4    3    4
 4305    4    3    5
 4306    4    3    6
 4307    4    3    7
 1001    1    0    1
 2001    2    0    1
 3001    3    0    1
 4001    4    0    1
 5001    5    0    1
 2101    2    1    1
 3101    3    1    1
 4101    4    1    1
 2102    2    1    2
 3102    3    1    2
 4102    4    1    2
 2103    2    1    3
 3103    3    1    3
 4103    4    1    3
 3201    3    2    1
 4201    4    2    1
 3202    3    2    2
 4202    4    2    2
 3203    3    2    3
 4203    4    2    3
 3204    3    2    4
 4204    4    2    4
 3205    3    2    5
 4205    4    2    5
 4301    4    3    1
 4302    4    3    2
 4303    4    3    3
 4304    4    3    4
 4305    4    3    5
 4306    4    3    6
 4307    4    3    7
 1001    1    0    1
 2001    2    0    1
 3001    3    0    1
 4001    4    0    1
 5001    5    0    1
 2101    2    1    1
 3101    3    1    1
 4101    4    1    1
 2102    2    1    2
 3102    3    1    2
 4102    4    1    2
 2103    2    1    3
 3103    3    1    3
 4103    4    1    3
 3201    3    2    1
 4201    4    2    1
 3202    3    2    2
 4202    4    2    2
 3203    3    2    3
 4203    4    2    3
 3204    3    2    4
 4204    4    2    4
 3205    3    2    5
 4205    4    2    5
 4301    4    3    1
 4302    4    3    2
 4303    4    3    3
 4304    4    3    4
 4305    4    3    5
 4306    4    3    6
 4307    4    3    7
 1001    1    0    1
 2001    2    0    1
 3001    3    0    1
 4001    4    0    1
 5001    5    0    1
 2101    2    1    1
 3101    3    1    1
 4101    4    1    1
 2102    2    1    2
 3102    3    1    2
 4102    4    1    2
 2103    2    1    3
 3103    3    1    3
 4103    4    1    3
 3201    3    2    1
 4201    4    2    1
 3202    3    2    2
 4202    4    2    2
 3203    3    2    3
 4203    4    2    3
 3204    3    2    4
 4204    4    2    4
 3205    3    2    5
 4205    4    2    5
 4301    4    3    1
 4302    4    3    2
 4303    4    3    3
 4304    4    3    4
 4305    4    3    5
 4306    4    3    6
 4307    4    3    7
 1001    1    0    1
 2001    2    0    1
 3001    3    0    1
 4001    4    0    1
 5001    5    0    1
 2101    2    1    1
 3101    3    1    1
 4101    4    1    1
 2102    2    1    2
 3102    3    1    2
 4102    4    1    2
 2103    2    1    3
 3103    3    1    3
 4103    4    1    3
 3201    3    2    1
 4201    4    2    1
 3202    3    2    2
 4202    4    2    2
 3203    3    2    3
 4203    4    2    3
 3204    3    2    4
 4204    4    2    4
 3205    3    2    5
 4205    4    2    5
 4301    4    3    1
 4302    4    3    2
 4303    4    3    3
 4304    4    3    4
 4305    4    3    5
 4306    4    3    6
 4307    4    3    7
 1001    1    0    1
 2001    2    0    1
 3001    3    0    1
 4001    4    0    1
 5001    5    0    1
 2101    2    1    1
 3101    3    1    1
 4101    4    1    1
 2102    2    1    2
 3102    3    1    2
 4102    4    1    2
 2103    2    1    3
 3103    3    1    3
 4103    4    1    3
 3201    3    2    1
 4201    4    2    1
 3202    3    2    2
 4202    4    2    2
 3203    3    2    3
 4203    4    2    3
 3204    3    2    4
 4204    4    2    4
 3205    3    2    5
 4205    4    2    5
 4301    4    3    1
 4302    4    3    2
 4303    4    3    3
 4304    4    3    4
 4305    4    3    5
 4306    4    3    6
 4307    4    3    7
 1001    1    0    1
 2001    2    0    1
 3001    3    0    1
 4001    4    0    1
 5001    5    0    1
 2101    2    1    1
 3101    3    1    1
 4101    4    1    1
 2102    2    1    2
 3102    3    1    2
 4102    4    1    2
 2103    2    1    3
 3103    3    1    3
 4103    4    1    3
 3201    3    2    1
 4201    4    2    1
 3202    3    2    2
 4202    4    2    2
 3203    3    2    3
 4203    4    2    3
 3204    3    2    4
 4204    4    2    4
 3205    3    2    5
 4205    4    2    5
 4301    4    3    1
 4302    4    3    2
 4303    4    3    3
 4304    4    3    4
 4305    4    3    5
 4306    4    3    6
 4307    4    3    7
 1001    1    0    1
 2001    2    0    1
 3001    3    0    1
 4001    4    0    1
 5001    5    0    1
 2101    2    1    1
 3101    3    1    1
 4101    4    1    1
 2102    2    1    2
 3102    3    1    2
 4102    4    1    2
 2103    2    1    3
 3103    3    1    3
 4103    4    1    3
 3201    3    2    1
 4201    4    2    1
 3202    3    2    2
 4202    4    2    2
 3203    3    2    3
 4203    4    2    3
 3204    3    2    4
 4204    4    2    4
 3205    3    2    5
 4205    4    2    5
 4301    4    3    1
 4302    4    3    2
 4303    4    3    3
 4304    4    3    4
 4305    4    3    5
 4306    4    3    6
 4307    4    3    7
 1001    1    0    1
 2001    2    0    1
 3001    3    0    1
 4001    4    0    1
 5001    5    0    1
 2101    2    1    1
 3101    3    1    1
 4101    4    1    1
 2102    2    1    2
 3102    3    1    2
 4102    4    1    2
 2103    2    1    3
 3103    3    1    3
 4103    4    1    3
 3201    3    2    1
 4201    4    2    1
 3202    3    2    2
 4202    4    2    2
 3203    3    2    3
 4203    4    2    3
 3204    3    2    4
 4204    4    2    4
 3205    3    2    5
 4205    4    2    5
 4301    4    3    1
 4302    4    3    2
 4303    4    3    3
 4304    4    3    4
 4305    4    3    5
 4306    4    3    6
 4307    4    3    7
 1001    1    0    1
 2001    2    0    1
 3001    3    0    1
 4001    4    0    1
 5001    5    0    1
 2101    2    1    1
 3101    3    1    1
 4101    4    1    1
 2102    2    1    2
 3102    3    1    2
 4102    4    1    2
 2103    2    1    3
 3103    3    1    3
 4103    4    1    3
 3201    3    2    1
 4201    4    2    1
 3202    3    2    2
 4202    4    2    2
 3203    3    2    3
 4203    4    2    3
 3204    3    2    4
 4204    4    2    4
 3205    3    2    5
 4205    4    2    5
 4301    4    3    1
 4302    4    3    2
 4303    4    3    3
 4304    4    3    4
 4305    4    3    5
 4306    4    3    6
 4307    4    3    7
 1001    1    0    1
 2001    2    0    1
 3001    3    0    1
 4001    4    0    1
 5001    5    0    1
 2101    2    1    1
 3101    3    1    1
 4101    4    1    1
 2102    2    1    2
 3102    3    1    2
 4102    4    1    2
 2103    2    1    3
 3103    3    1    3
 4103    4    1    3
 3201    3    2    1
 4201    4    2    1
 3202    3    2    2
 4202    4    2    2
 3203    3    2    3
 4203    4    2    3
 3204    3    2    4
 4204    4    2    4
 3205    3    2    5
 4205    4    2    5
 4301    4    3    1
 4302    4    3    2
 4303    4    3    3
 4304    4    3    4
 4305    4    3    5
 4306    4    3    6
 4307    4    3    7
 1001    1    0    1
 2001    2    0    1
 3001    3    0    1
 4001    4    0    1
 5001    5    0    1
 2101    2    1    1
 3101    3    1    1
 4101    4    1    1
 2102    2    1    2
 3102    3    1    2
 4102    4    1    2
 2103    2    1    3
 3103    3    1    3
 4103    4    1    3
 3201    3    2    1
 4201    4    2    1
 3202    3    2    2
 4202    4    2    2
 3203    3    2    3
 4203    4    2    3
 3204    3    2    4
 4204    4    2    4
 3205    3    2    5
 4205    4    2    5
 4301    4    3    1
 4302    4    3    2
 4303    4    3    3
 4304    4    3    4
 4305    4    3    5
 4306    4    3    6
 4307    4    3    7
 1001    1    0    1
 2001    2    0    1
 3001    3    0    1
 4001    4    0    1
 5001    5    0    1
 2101    2    1    1
 3101    3    1    1
 4101    4    1    1
 2102    2    1    2
 3102    3    1    2
 4102    4    1    2
 2103    2    1    3
 3103    3    1    3
 4103    4    1    3
 3201    3    2    1
 4201    4    2    1
 3202    3    2    2
 4202    4    2    2
 3203    3    2    3
 4203    4    2    3
 3204    3    2    4
 4204    4    2    4
 3205    3    2    5
 4205    4    2    5
 4301    4    3    1
 4302    4    3    2
 4303    4    3    3
 4304    4    3    4
 4305    4    3    5
 4306    4    3    6
 4307    4    3    7
 1001    1    0    1
 2001    2    0    1
 3001    3    0    1
 4001    4    0    1
 5001    5    0    1
 2101    2    1    1
 3101    3    1    1
 4101    4    1    1
 2102    2    1    2
 3102    3    1    2
 4102    4    1    2
 2103    2    1    3
 3103    3    1    3
 4103    4    1    3
 3201    3    2    1
 4201    4    2    1
 3202    3    2    2
 4202    4    2    2
 3203    3    2    3
 4203    4    2    3
 3204    3    2    4
 4204    4    2    4
 3205    3    2    5
 4205    4    2    5
 4301    4    3    1
 4302    4    3    2
 4303    4    3    3
 4304    4    3    4
 4305    4    3    5
 4306    4    3    6
 4307    4    3    7
 1001    1    0    1
 2001    2    0    1
 3001    3    0    1
 4001    4    0    1
 5001    5    0    1
 2101    2    1    1
 3101    3    1    1
 4101    4    1    1
 2102    2    1    2
 3102    3    1    2
 4102    4    1    2
 2103    2    1    3
 3103    3    1    3
 4103    4    1    3
 3201    3    2    1
 4201    4    2    1
 3202    3    2    2
 4202    4    2    2
 3203    3    2    3
 4203    4    2    3
 3204    3    2    4
 4204    4    2    4
 3205    3    2    5
 4205    4    2    5
 4301    4    3    1
 4302    4    3    2
 4303    4    3    3
 4304    4    3    4
 4305    4    3    5
 4306    4    3    6
 4307    4    3    7
 1001    1    0    1
 2001    2    0    1
 3001    3    0    1
 4001    4    0    1
 5001    5    0    1
 2101    2    1    1
 3101    3    1    1
 4101    4    1    1
 2102    2    1    2
 3102    3    1    2
 4102    4    1    2
 2103    2    1    3
 3103    3    1    3
 4103    4    1    3
 3201    3    2    1
 4201    4    2    1
 3202    3    2    2
 4202    4    2    2
 3203    3    2    3
 4203    4    2    3
 3204    3    2    4
 4204    4    2    4
 3205    3    2    5
 4205    4    2    5
 4301    4    3    1
 4302    4    3    2
 4303    4    3    3
 4304    4    3    4
 4305    4    3    5
 4306    4    3    6
 4307    4    3    7
 1001    1    0    1
 2001    2    0    1
 3001    3    0    1
 4001    4    0    1
 5001    5    0    1
 2101    2    1    1
 3101    3    1    1
 4101    4    1    1
 2102    2    1    2
 3102    3    1    2
 4102    4    1    2
 2103    2    1    3
 3103    3    1    3
 4103    4    1    3
 3201    3    2    1
 4201    4    2    1
 3202    3    2    2
 4202    4    2    2
 3203    3    2    3
 4203    4    2    3
 3204    3    2    4
 4204    4    2    4
 3205    3    2    5
 4205    4    2    5
 4301    4    3    1
 4302    4    3    2
 4303    4    3    3
 4304    4    3    4
 4305    4    3    5
 4306    4    3    6
 4307    4    3    7
 1001    1    0    1
 2001    2    0    1
 3001    3    0    1
 4001    4    0    1
 5001    5    0    1
 2101    2    1    1
 3101    3    1    1
 4101    4    1    1
 2102    2    1    2
 3102    3    1    2
 4102    4    1    2
 2103    2    1    3
 3103    3    1    3
 4103    4    1    3
 3201    3    2    1
 4201    4    2    1
 3202    3    2    2
 4202    4    2    2
 3203    3    2    3
 4203    4    2    3
 3204    3    2    4
 4204    4    2    4
 3205    3    2    5
 4205    4    2    5
 4301    4    3    1
 4302    4    3    2
 4303    4    3    3
 4304    4    3    4
 4305    4    3    5
 4306    4    3    6
 4307    4    3    7
 1001    1    0    1
 2001    2    0    1
 3001    3    0    1
 4001    4    0    1
 5001    5    0    1
 2101    2    1    1
 3101    3    1    1
 4101    4    1    1
 2102    2    1    2
 3102    3    1    2
 4102    4    1    2
 2103    2    1    3
 3103    3    1    3
 4103    4    1    3
 3201    3    2    1
 4201    4    2    1
 3202    3    2    2
 4202    4    2    2
 3203    3    2    3
 4203    4    2    3
 3204    3    2    4
 4204    4    2    4
 3205    3    2    5
 4205    4    2    5
 4301    4    3    1
 4302    4    3    2
 4303    4    3    3
 4304    4    3    4
 4305    4    3    5
 4306    4    3    6
 4307    4    3    7
 1001    1    0    1
 2001    2    0    1
 3001    3    0    1
 4001    4    0    1
 5001    5    0    1
 2101    2    1    1
 3101    3    1    1
 4101    4    1    1
 2102    2    1    2
 3102    3    1    2
 4102    4    1    2
 2103    2    1    3
 3103    3    1    3
 4103    4    1    3
 3201    3    2    1
 4201    4    2    1
 3202    3    2    2
 4202    4    2    2
 3203    3    2    3
 4203    4    2    3
 3204    3    2    4
 4204    4    2    4
 3205    3    2    5
 4205    4    2    5
 4301    4    3    1
 4302    4    3    2
 4303    4    3    3
 4304    4    3    4
 4305    4    3    5
 4306    4    3    6
 4307    4    3    7
 1001    1    0    1
 2001    2    0    1
 3001    3    0    1
 4001    4    0    1
 5001    5    0    1
 2101    2    1    1
 3101    3    1    1
 4101    4    1    1
 2102    2    1    2
 3102    3    1    2
 4102    4    1    2
 2103    2    1    3
 3103    3    1    3
 4103    4    1    3
 3201    3    2    1
 4201    4    2    1
 3202    3    2    2
 4202    4    2    2
 3203    3    2    3
 4203    4    2    3
 3204    3    2    4
 4204    4    2    4
 3205    3    2    5
 4205    4    2    5
 4301    4    3    1
 4302    4    3    2
 4303    4    3    3
 4304    4    3    4
 4305    4    3    5
 4306    4    3    6
 4307    4    3    7
 1001    1    0    1
 2001    2    0    1
 3001    3    0    1
 4001    4    0    1
 5001    5    0    1
 2101    2    1    1
 3101    3    1    1
 4101    4    1    1
 2102    2    1    2
 3102    3    1    2
 4102    4    1    2
 2103    2    1    3
 3103    3    1    3
 4103    4    1    3
 3201    3    2    1
 4201    4    2    1
 3202    3    2    2
 4202    4    2    2
 3203    3    2    3
 4203    4    2    3
 3204    3    2    4
 4204    4    2    4
 3205    3    2    5
 4205    4    2    5
 4301    4    3    1
 4302    4    3    2
 4303    4    3    3
 4304    4    3    4
 4305    4    3    5
 4306    4    3    6
 4307    4    3    7
 1001    1    0    1
 2001    2    0    1
 3001    3    0    1
 4001    4    0    1
 5001    5    0    1
 2101    2    1    1
 3101    3    1    1
 4101    4    1    1
 2102    2    1    2
 3102    3    1    2
 4102    4    1    2
 2103    2    1    3
 3103    3    1    3
 4103    4    1    3
 3201    3    2    1
 4201    4    2    1
 3202    3    2    2
 4202    4    2    2
 3203    3    2    3
 4203    4    2    3
 3204    3    2    4
 4204    4    2    4
 3205    3    2    5
 4205    4    2    5
 4301    4    3    1
 4302    4    3    2
 4303    4    3    3
 4304    4    3    4
 4305    4    3    5
 4306    4    3    6
 4307    4    3    7
 1001    1    0    1
 2001    2    0    1
 3001    3    0    1
 4001    4    0    1
 5001    5    0    1
 2101    2    1    1
 3101    3    1    1
 4101    4    1    1
 2102    2    1    2
 3102    3    1    2
 4102    4    1    2
 2103    2    1    3
 3103    3    1    3
 4103    4    1    3
 3201    3    2    1
 4201    4    2    1
 3202    3    2    2
 4202    4    2    2
 3203    3    2    3
 4203    4    2    3
 3204    3    2    4
 4204    4    2    4
 3205    3    2    5
 4205    4    2    5
 4301    4    3    1
 4302    4    3    2
 4303    4    3    3
 4304    4    3    4
 4305    4    3    5
 4306    4    3    6
 4307    4    3    7
 1001    1    0    1
 2001    2    0    1
 3001    3    0    1
 2101    2    1    1
 2102    2    1    2
 2103    2    1    3
 1001    1    0    1
 2001    2    0    1
 3001    3    0    1
 2101    2    1    1
 2102    2    1    2
 2103    2    1    3
 1001    1    0    1
 2001    2    0    1
 3001    3    0    1
 2101    2    1    1
 2102    2    1    2
 2103    2    1    3
 1001    1    0    1
 2001    2    0    1
 3001    3    0    1
 2101    2    1    1
 2102    2    1    2
 2103    2    1    3
 1001    1    0    1
 2001    2    0    1
 3001    3    0    1
 2101    2    1    1
 2102    2    1    2
 2103    2    1    3
 1001    1    0    1
 2001    2    0    1
 3001    3    0    1
 2101    2    1    1
 2102    2    1    2
 2103    2    1    3
 1001    1    0    1
 2001    2    0    1
 3001    3    0    1
 2101    2    1    1
 2102    2    1    2
 2103    2    1    3
 1001    1    0    1
 2001    2    0    1
 3001    3    0    1
 2101    2    1    1
 2102    2    1    2
 2103    2    1    3
 1001    1    0    1
 2001    2    0    1
 3001    3    0    1
 2101    2    1    1
 2102    2    1    2
 2103    2    1    3
 1001    1    0    1
 2001    2    0    1
 3001    3    0    1
 2101    2    1    1
 2102    2    1    2
 2103    2    1    3
 1001    1    0    1
 2001    2    0    1
 3001    3    0    1
 2101    2    1    1
 2102    2    1    2
 2103    2    1    3
 1001    1    0    1
 2001    2    0    1
 3001    3    0    1
 2101    2    1    1
 2102    2    1    2
 2103    2    1    3

 Total number of basis functions:     864     864

  Irrep :     A
  Norb  :    864
|--------------------------------------------------|

Total number of shells:      124
 
Number of atoms:      37
Number of basis functions:     864
 
 
 ++++++++  DATA CHECK +++++++++++++++++++++++++++++++++
  CHECKDATA:COMPASS:C(1)    
  CHECKDATA:COMPASS:NATOM :       37
  CHECKDATA:COMPASS:NBAS  :      864
 ++++++++++ END DATA CHECK ++++++++++++++++++++++++++++
 
|******************************************************************************|
 
    Total cpu     time:          0.06  S
    Total system  time:          0.03  S
    Total wall    time:          0.43  S
 
    Current time   2026-01-06  16:39:21
    End running module compass
|******************************************************************************|
 
$xuanyuan
heff
21
nuclear
1
$end
('tmpstdin ', True)
('npro is ', 1)
('\n BDF command: ', '/apps/users/xlwang/bdf-final/bdf-pkg/build/bdf-pkg-full/bin/xuanyuan.x /scratch/cup-nacme-roks-2t1-2dd2-awf2_385/cup-nacme-roks-2t1-2dd2-awf2XX1.xuanyuan.inp')
  BDF process        0 of        1 on Serial  
 
|******************************************************************************|
 
    Start running module xuanyuan
    Current time   2026-01-06  16:39:21
 
|******************************************************************************|
 $xuanyuan                                                                      
                                          
 heff                                                                           
                                          
 nuclear                                                                        
                                          
 $end                                                                           
                                          
  Mass polarization term:  F
 Total nuclear charge :        189.00
 Nuclear repulsion energy :    2576.8741336245 a.u.

 Total number of primitive  basis sets :         1295
 Total number of prim-cart  basis sets :         1425
 Total number of contracted basis sets :          864

  Estimate memory for calculating 2e integrals...
 Minium memory to calculate ERIs:       71.285 M

[aoint_1e]
  Calculating one electron integrals ...
  S T and V integrals ....
 
 =========================================================
  [scalso1e]: one-electron scalar relativstic Hamiltonian 
 =========================================================
 
 No. of pGTOs and cGTOs:    1295     864
 heff :21
  sf-X2C Hamiltonian (with derivatives)
 

 Nuclear charge radii (fm)
 -------------------------------------------------------------------------------
        No.   Za       RMS        No.   Za       RMS        No.   Za       RMS
 -------------------------------------------------------------------------------
          1   29   3.18147          2    7   2.11054          3    7   2.11054
          4    7   2.11054          5    7   2.11054          6    6   2.02815
          7    6   2.02815          8    6   2.02815          9    6   2.02815
         10    6   2.02815         11    6   2.02815         12    6   2.02815
         13    6   2.02815         14    6   2.02815         15    6   2.02815
         16    6   2.02815         17    6   2.02815         18    6   2.02815
         19    6   2.02815         20    6   2.02815         21    6   2.02815
         22    6   2.02815         23    6   2.02815         24    6   2.02815
         25    6   2.02815         26    1   1.14799         27    1   1.14799
         28    1   1.14799         29    1   1.14799         30    1   1.14799
         31    1   1.14799         32    1   1.14799         33    1   1.14799
         34    1   1.14799         35    1   1.14799         36    1   1.14799
         37    1   1.14799
 -------------------------------------------------------------------------------

 
 ===============================================================================
 Enter [scalrel_drv3]

   Relativstic Hamiltonian         :         one-electron scalar X2C (1e-sf-X2C)
   Nuclear model                   :                                    Gaussian
   # primitive basis function      :                        1295
   Light velocity in vacuum        :                         137.0359895000 a.u.
   The lowest solution of electron :                        -451.8252483957 a.u.

 Successfully return from [scalrel_drv3]
 ===============================================================================
 
 
 Final Test Effects of Cntr:  -451.746232496925     
 
  Dipole and Quadupole integrals ....
  Finish calculating one electron integrals ...
 
 ---------------------------------------------------------------
  Timing to calculate 1-electronic integrals                                      
 
  CPU TIME(S)      SYSTEM TIME(S)     WALL TIME(S)
        170.140            1.960             115.680
 ---------------------------------------------------------------
 
 Finish calculating 1e integral ...
 Direct SCF required. Skip 2e integral!
 Set significant shell pairs!

 Number of significant pairs:     6550
 Timing caluclate K2 integrals.
 CPU:       6.85 SYS:       0.40 WALL:       0.21
 lenk2                183552                    10
|******************************************************************************|
 
    Total cpu     time:        177.34  S
    Total system  time:          2.20  S
    Total wall    time:        116.16  S
 
    Current time   2026-01-06  16:41:18
    End running module xuanyuan
|******************************************************************************|
 
$scf
roks
dft
pbe0
spin
2
molden
$end
('tmpstdin ', True)
('npro is ', 1)
('\n BDF command: ', '/apps/users/xlwang/bdf-final/bdf-pkg/build/bdf-pkg-full/bin/scf.x /scratch/cup-nacme-roks-2t1-2dd2-awf2_385/cup-nacme-roks-2t1-2dd2-awf2XX2.scf.inp')
  BDF process        0 of        1 on Serial  
 
|******************************************************************************|
 
    Start running module scf
    Current time   2026-01-06  16:41:18
 
|******************************************************************************|

|-------------------------------------------------------------------------------------------|

 Atom           Cartcoord(Bohr)                 Charge Basis Auxbas Uatom Nstab Alink  Mass
  Cu       0.000000     0.000000     0.000000    29.00    1     0     1     1   E     62.9298
  N       -3.857502     0.000000     0.000000     7.00    2     0     1     1   E     14.0031
  N        3.857502     0.000000     0.000000     7.00    2     0     1     1   E     14.0031
  N        0.000000     3.816907     0.000000     7.00    2     0     1     1   E     14.0031
  N        0.000000    -3.816907     0.000000     7.00    2     0     1     1   E     14.0031
  C       -5.410592    -2.063718     0.000000     6.00    3     0     1     1   E     11.9967
  C       -5.410592     2.063718     0.000000     6.00    3     0     1     1   E     11.9967
  C        5.410592    -2.063718     0.000000     6.00    3     0     1     1   E     11.9967
  C        5.410592     2.063718     0.000000     6.00    3     0     1     1   E     11.9967
  C       -2.059646    -5.379426     0.000000     6.00    3     0     1     1   E     11.9967
  C        2.059646    -5.379426     0.000000     6.00    3     0     1     1   E     11.9967
  C       -2.059646     5.379426     0.000000     6.00    3     0     1     1   E     11.9967
  C        2.059646     5.379426     0.000000     6.00    3     0     1     1   E     11.9967
  C       -8.025986    -1.284091     0.000000     6.00    3     0     1     1   E     11.9967
  C       -8.025986     1.284091     0.000000     6.00    3     0     1     1   E     11.9967
  C        8.025986    -1.284091     0.000000     6.00    3     0     1     1   E     11.9967
  C        8.025986     1.284091     0.000000     6.00    3     0     1     1   E     11.9967
  C       -1.311998    -7.946460     0.000000     6.00    3     0     1     1   E     11.9967
  C        1.311998    -7.946460     0.000000     6.00    3     0     1     1   E     11.9967
  C       -1.311998     7.946460     0.000000     6.00    3     0     1     1   E     11.9967
  C        1.311998     7.946460     0.000000     6.00    3     0     1     1   E     11.9967
  C       -4.603490    -4.553988     0.000000     6.00    3     0     1     1   E     11.9967
  C       -4.603490     4.553988     0.000000     6.00    3     0     1     1   E     11.9967
  C        4.603490    -4.553988     0.000000     6.00    3     0     1     1   E     11.9967
  C        4.603490     4.553988     0.000000     6.00    3     0     1     1   E     11.9967
  H       -9.633876    -2.567664     0.000000     1.00    4     0     1     1   E      1.0073
  H       -9.633876     2.567664     0.000000     1.00    4     0     1     1   E      1.0073
  H        9.633876    -2.567664     0.000000     1.00    4     0     1     1   E      1.0073
  H        9.633876     2.567664     0.000000     1.00    4     0     1     1   E      1.0073
  H       -2.589642    -9.558492     0.000000     1.00    4     0     1     1   E      1.0073
  H        2.589642    -9.558492     0.000000     1.00    4     0     1     1   E      1.0073
  H       -2.589642     9.558492     0.000000     1.00    4     0     1     1   E      1.0073
  H        2.589642     9.558492     0.000000     1.00    4     0     1     1   E      1.0073
  H       -6.056835    -6.017477     0.000000     1.00    4     0     1     1   E      1.0073
  H        6.056835    -6.017477     0.000000     1.00    4     0     1     1   E      1.0073
  H        6.056835     6.017477     0.000000     1.00    4     0     1     1   E      1.0073
  H       -6.056835     6.017477     0.000000     1.00    4     0     1     1   E      1.0073
 
|--------------------------------------------------------------------------------------------|

  [ SCF control ] 
 $scf
 roks
 dft
 Exchange and Correlation functional(ALL): PBE0      
 spin
 molden
 $end
 Finegrid                     3                     0
 
  --- PRINT: Information about SCF Calculation --- 
 ICTRL_FRAGSCF=  0
 IPRT  =  3
 IPRTMO=  1
 MAXITER=  100
 THRENE= 0.10E-07 THRDEN= 0.50E-05
 DAMP= 0.00 VSHIFT= 0.00
 IsXiisEnabled = T
 XiisId = 7
 MinXiis =  2    MaxXiis =  8
 XiisMode = 0
 IsOrthogonalizeDiisErrorMatrix = T
 IsSmhEnabled = T
 SmhVersion = 1
 SmhEnablingThreshold = 1.00E-03
 iCHECK=  0
 iAUFBAU=  1
 INIGUESS=  0
 IfMPEC= F
 IfCOSX= F
 Occupation number:
  Without occupation number in input.

 Wave function information ...
 Total Nuclear charge    :     189
 Total electrons         :     189
 ECP-core electrons      :       0
 Spin multiplicity(2S+1) :       2
 Num. of alpha electrons :      95
 Num. of beta  electrons :      94
 

 Threshold in dft prescreening ...
 Thresh_shellvalue_dft :  0.10000E-09
 ThreshRho     :  0.10000E-11

  DFT options:
 upden=  1
 fullvxc=  0
 Romega= 0.120E+31  F  0.000000   1.000000
 
  RO-FOCK parameters:
 irofock=  0
 fca=   0.500 foa=   0.500 fva=   0.500
 Scalar relativistic effect have been added into Hcore.
  --- END:  Information about SCF Calculation  --- 
 
 Warning: SMH cannot be used in this calculation. Turning off SMH...
 Numerical grid implemented by Yong Zhang 
 Finish scf input!

 DirectHF  T
 Number of significient shell pairs :     6550
 Estimate memory for direct ERI calculations:          74.215 M

 IF USE_LIBCINT :    F

 Nuclear repulsion energy =  2576.87413362
 
 iniguess                     0                     0
 [ATOM SCF control]
  heff=                      3
 After initial atom grid ...
 Finish atom    1  Cu          -1654.4889987936
 After initial atom grid ...
 Finish atom    2  N             -54.3511531883
 After initial atom grid ...
 Finish atom    3  C             -37.6945595074
 After initial atom grid ...
 Finish atom    4  H              -0.7251083172
 
 
 Superposition of atomic densities as initial guess.
 [dft_init]  T
 Libxc version: 7.0.0
 xcfun_xc_libxc is    406 xcfun_ex_libxc is      0
 The functional 'PBEH (PBE0)' is an exchange-correlation functional, it belongs to the 'Hybrid GGA. Coeff of Exx=  0.2500' family and is defined in the reference(s):
 [1] C. Adamo and V. Barone.,  J. Chem. Phys. 110, 6158 (1999)
 [2] M. Ernzerhof and G. E. Scuseria.,  J. Chem. Phys. 110, 5029 (1999)
 
  Switch to Medium grid ...

 Intialize DFT grid written by Y. Zhang

   1  Cu    Second Kind Chebyshev (112)  Lebedev ( -590)         
   2  N     Second Kind Chebyshev ( 75)  Lebedev ( -302)         
   3  C     Second Kind Chebyshev ( 75)  Lebedev ( -302)         
   4  H     Second Kind Chebyshev ( 75)  Lebedev ( -302)         
  Partition Function:  SSF   Partitioning with Scalar=  0.64.
  Gtol, Npblock, Icoulpot, Iop_adaptive :  0.10E-05    128      0          0
  Numerical Grid Generated SUCCESSFULLY! 
 Total and symmetry independent Grid Number:    303420    303420
  Using OCTREE to redorder grids ...
 Gridinfo: Npoints/Nmax/NpointsU =    303616   303420   303420
 Saving Gridinfo to HARDISK record = Gridinfo
 
  --- PRINT: Information about DFT Calculation --- 
 No. of ATOMS =         37
 No. of Shells =         0
 No. of Batches =        0
 No. of Grids =          0
 No. of Basis Functions =      864
 No. of Records for [basval] =               0
 Estimated DiskSpace for storage [basval] =           0.000M
 
 Max No. of Rad point per atom =     0
 Max No. of Ang point per atom =     0
 Max No. of Grids per batch =          0
 Max No. of Basis per shell =          0
 Max No. of Records in one batch =               0
 Estimated Mem for [basval] =      0.000M
 Estimated Mem for [func] in R-DFT =      0.000M
 Estimated Mem for [func] in U-DFT =      0.000M
 DirectGrid:        T
 LogicOctree:       T
  --- END : Information about DFT Calculation --- 
 
 Zhang Yong numint ...
 
  Initializing informations for ZY-Numerical Integration...
  Number of atoms     =      37
  Total Prim and Cont =    1295    864
  Timing for ZY-NI-INIT:       0.800 S      0.030 S      0.040 S

 Time to calculate dft grid and perform basis seiving ...
 CPU:       7.910 S    Sys:       0.290 S    Wall:        0.450 S

 Check basis set linear dependence! Tolerance =   1.000000E-05
 Warning! Basis set linear dependence observed!
 Removed orbital for each irreps
        1
        1
Total number of the removed orbitals        1
 No. of occupied and virtual orbitals:       95      769
 Initial guess energy =  -2634.4861015014
 
 [scf_cycle_init_ecdenpot]
Memory for coulpotential         0.03  G

 Start SCF iteration......


Iter.   idiis  vshift       SCF Energy            DeltaE          RMSDeltaD          MaxDeltaD      Damping    Times(S) 
   1      0    0.000   -2649.8756747737     -15.3895732723       0.0020689547       0.3435144943    0.0000      7.59
   2      1    0.000   -2640.4517695544       9.4239052193       0.0144915917       8.8158128972    0.0000     78.20
   3      2    0.000   -2632.2011252362       8.2506443182       0.0136069546       8.3468028908    0.0000     79.49
   4      3    0.000   -2642.1660809401      -9.9649557038       0.0009495262       0.1478328179    0.0000     80.08
   5      4    0.000   -2641.7999343649       0.3661465751       0.0005063852       0.2939371571    0.0000     76.45
   6      5    0.000   -2642.5920267927      -0.7920924277       0.0001162123       0.0512123132    0.0000     73.70
   7      6    0.000   -2642.6007462634      -0.0087194707       0.0000563030       0.0280373907    0.0000     71.59
   8      7    0.000   -2642.6049244897      -0.0041782263       0.0000217535       0.0113006939    0.0000     75.13
   9      8    0.000   -2642.6059614544      -0.0010369647       0.0000236245       0.0126340867    0.0000     72.28
  Turn on incremental Fock calculation ...
  10      2    0.000   -2642.6065178464      -0.0005563920       0.0000150741       0.0075326963    0.0000     71.23
  11      3    0.000   -2642.6063991794       0.0001186670       0.0000075031       0.0020149532    0.0000     71.29
  12      4    0.000   -2642.6066019152      -0.0002027358       0.0000010904       0.0004958437    0.0000     69.71
  Turn off incremental Fock calculation ...
  13      5    0.000   -2642.6066034204      -0.0000015052       0.0000005042       0.0000862157    0.0000     79.98
  14      6    0.000   -2642.6066035904      -0.0000001700       0.0000003043       0.0000505506    0.0000     74.76
  15      7    0.000   -2642.6066036167      -0.0000000264       0.0000000671       0.0000103708    0.0000     73.19
  16      8    0.000   -2642.6066036183      -0.0000000016       0.0000000170       0.0000073614    0.0000     68.91
 diis/vshift is closed at iter =  16
  17      1    0.000   -2642.6066036099       0.0000000084       0.0000002557       0.0000358097    0.0000     82.70

  Label              CPU Time        SYS Time        Wall Time
 SCF iteration time:     21647.690 S       17.770 S     1212.200 S

 Final DeltaE =  8.400093065574765E-009
 Final DeltaD =  2.557337822183857E-007  5.000000000000000E-005
 
 Final scf result
   E_tot =             -2642.60660361
   E_ele =             -5219.48073723
   E_nn  =              2576.87413362
   E_1e  =             -8771.50058947
   E_ne  =            -11489.66467119
   E_kin =              2718.16408172
   E_ee  =              3709.32983367
   E_xc  =              -157.30998143
   Virial Ratio            1.972203
 

 [Final occupation pattern: ]
 
 Irreps:        A   
 
 detailed occupation for iden/irep:      1   1
    1.00 1.00 1.00 1.00 1.00 1.00 1.00 1.00 1.00 1.00
    1.00 1.00 1.00 1.00 1.00 1.00 1.00 1.00 1.00 1.00
    1.00 1.00 1.00 1.00 1.00 1.00 1.00 1.00 1.00 1.00
    1.00 1.00 1.00 1.00 1.00 1.00 1.00 1.00 1.00 1.00
    1.00 1.00 1.00 1.00 1.00 1.00 1.00 1.00 1.00 1.00
    1.00 1.00 1.00 1.00 1.00 1.00 1.00 1.00 1.00 1.00
    1.00 1.00 1.00 1.00 1.00 1.00 1.00 1.00 1.00 1.00
    1.00 1.00 1.00 1.00 1.00 1.00 1.00 1.00 1.00 1.00
    1.00 1.00 1.00 1.00 1.00 1.00 1.00 1.00 1.00 1.00
    1.00 1.00 1.00 1.00 1.00 0.00 0.00 0.00 0.00 0.00
    0.00 0.00 0.00 0.00 0.00 0.00 0.00 0.00 0.00 0.00
    0.00 0.00 0.00 0.00 0.00 0.00 0.00 0.00 0.00 0.00
    0.00 0.00 0.00 0.00 0.00 0.00 0.00 0.00 0.00 0.00
    0.00 0.00 0.00 0.00 0.00 0.00 0.00 0.00 0.00 0.00
    0.00 0.00 0.00 0.00 0.00 0.00 0.00 0.00 0.00 0.00
    0.00 0.00 0.00 0.00 0.00 0.00 0.00 0.00 0.00 0.00
    0.00 0.00 0.00 0.00 0.00 0.00 0.00 0.00 0.00 0.00
    0.00 0.00 0.00 0.00 0.00 0.00 0.00 0.00 0.00 0.00
    0.00 0.00 0.00 0.00 0.00 0.00 0.00 0.00 0.00 0.00
    0.00 0.00 0.00 0.00 0.00 0.00 0.00 0.00 0.00 0.00
    0.00 0.00 0.00 0.00 0.00 0.00 0.00 0.00 0.00 0.00
    0.00 0.00 0.00 0.00 0.00 0.00 0.00 0.00 0.00 0.00
    0.00 0.00 0.00 0.00 0.00 0.00 0.00 0.00 0.00 0.00
    0.00 0.00 0.00 0.00 0.00 0.00 0.00 0.00 0.00 0.00
    0.00 0.00 0.00 0.00 0.00 0.00 0.00 0.00 0.00 0.00
    0.00 0.00 0.00 0.00 0.00 0.00 0.00 0.00 0.00 0.00
    0.00 0.00 0.00 0.00 0.00 0.00 0.00 0.00 0.00 0.00
    0.00 0.00 0.00 0.00 0.00 0.00 0.00 0.00 0.00 0.00
    0.00 0.00 0.00 0.00 0.00 0.00 0.00 0.00 0.00 0.00
    0.00 0.00 0.00 0.00 0.00 0.00 0.00 0.00 0.00 0.00
    0.00 0.00 0.00 0.00 0.00 0.00 0.00 0.00 0.00 0.00
    0.00 0.00 0.00 0.00 0.00 0.00 0.00 0.00 0.00 0.00
    0.00 0.00 0.00 0.00 0.00 0.00 0.00 0.00 0.00 0.00
    0.00 0.00 0.00 0.00 0.00 0.00 0.00 0.00 0.00 0.00
    0.00 0.00 0.00 0.00 0.00 0.00 0.00 0.00 0.00 0.00
    0.00 0.00 0.00 0.00 0.00 0.00 0.00 0.00 0.00 0.00
    0.00 0.00 0.00 0.00 0.00 0.00 0.00 0.00 0.00 0.00
    0.00 0.00 0.00 0.00 0.00 0.00 0.00 0.00 0.00 0.00
    0.00 0.00 0.00 0.00 0.00 0.00 0.00 0.00 0.00 0.00
    0.00 0.00 0.00 0.00 0.00 0.00 0.00 0.00 0.00 0.00
    0.00 0.00 0.00 0.00 0.00 0.00 0.00 0.00 0.00 0.00
    0.00 0.00 0.00 0.00 0.00 0.00 0.00 0.00 0.00 0.00
    0.00 0.00 0.00 0.00 0.00 0.00 0.00 0.00 0.00 0.00
    0.00 0.00 0.00 0.00 0.00 0.00 0.00 0.00 0.00 0.00
    0.00 0.00 0.00 0.00 0.00 0.00 0.00 0.00 0.00 0.00
    0.00 0.00 0.00 0.00 0.00 0.00 0.00 0.00 0.00 0.00
    0.00 0.00 0.00 0.00 0.00 0.00 0.00 0.00 0.00 0.00
    0.00 0.00 0.00 0.00 0.00 0.00 0.00 0.00 0.00 0.00
    0.00 0.00 0.00 0.00 0.00 0.00 0.00 0.00 0.00 0.00
    0.00 0.00 0.00 0.00 0.00 0.00 0.00 0.00 0.00 0.00
    0.00 0.00 0.00 0.00 0.00 0.00 0.00 0.00 0.00 0.00
    0.00 0.00 0.00 0.00 0.00 0.00 0.00 0.00 0.00 0.00
    0.00 0.00 0.00 0.00 0.00 0.00 0.00 0.00 0.00 0.00
    0.00 0.00 0.00 0.00 0.00 0.00 0.00 0.00 0.00 0.00
    0.00 0.00 0.00 0.00 0.00 0.00 0.00 0.00 0.00 0.00
    0.00 0.00 0.00 0.00 0.00 0.00 0.00 0.00 0.00 0.00
    0.00 0.00 0.00 0.00 0.00 0.00 0.00 0.00 0.00 0.00
    0.00 0.00 0.00 0.00 0.00 0.00 0.00 0.00 0.00 0.00
    0.00 0.00 0.00 0.00 0.00 0.00 0.00 0.00 0.00 0.00
    0.00 0.00 0.00 0.00 0.00 0.00 0.00 0.00 0.00 0.00
    0.00 0.00 0.00 0.00 0.00 0.00 0.00 0.00 0.00 0.00
    0.00 0.00 0.00 0.00 0.00 0.00 0.00 0.00 0.00 0.00
    0.00 0.00 0.00 0.00 0.00 0.00 0.00 0.00 0.00 0.00
    0.00 0.00 0.00 0.00 0.00 0.00 0.00 0.00 0.00 0.00
    0.00 0.00 0.00 0.00 0.00 0.00 0.00 0.00 0.00 0.00
    0.00 0.00 0.00 0.00 0.00 0.00 0.00 0.00 0.00 0.00
    0.00 0.00 0.00 0.00 0.00 0.00 0.00 0.00 0.00 0.00
    0.00 0.00 0.00 0.00 0.00 0.00 0.00 0.00 0.00 0.00
    0.00 0.00 0.00 0.00 0.00 0.00 0.00 0.00 0.00 0.00
    0.00 0.00 0.00 0.00 0.00 0.00 0.00 0.00 0.00 0.00
    0.00 0.00 0.00 0.00 0.00 0.00 0.00 0.00 0.00 0.00
    0.00 0.00 0.00 0.00 0.00 0.00 0.00 0.00 0.00 0.00
    0.00 0.00 0.00 0.00 0.00 0.00 0.00 0.00 0.00 0.00
    0.00 0.00 0.00 0.00 0.00 0.00 0.00 0.00 0.00 0.00
    0.00 0.00 0.00 0.00 0.00 0.00 0.00 0.00 0.00 0.00
    0.00 0.00 0.00 0.00 0.00 0.00 0.00 0.00 0.00 0.00
    0.00 0.00 0.00 0.00 0.00 0.00 0.00 0.00 0.00 0.00
    0.00 0.00 0.00 0.00 0.00 0.00 0.00 0.00 0.00 0.00
    0.00 0.00 0.00 0.00 0.00 0.00 0.00 0.00 0.00 0.00
    0.00 0.00 0.00 0.00 0.00 0.00 0.00 0.00 0.00 0.00
    0.00 0.00 0.00 0.00 0.00 0.00 0.00 0.00 0.00 0.00
    0.00 0.00 0.00 0.00 0.00 0.00 0.00 0.00 0.00 0.00
    0.00 0.00 0.00 0.00 0.00 0.00 0.00 0.00 0.00 0.00
    0.00 0.00 0.00 0.00 0.00 0.00 0.00 0.00 0.00 0.00
    0.00 0.00 0.00 0.00 0.00 0.00 0.00 0.00 0.00 0.00
    0.00 0.00 0.00 0.00 0.00 0.00 0.00 0.00 0.00 0.00
    0.00 0.00 0.00 0.00
 Alpha      95.00
 
 detailed occupation for iden/irep:      2   1
    1.00 1.00 1.00 1.00 1.00 1.00 1.00 1.00 1.00 1.00
    1.00 1.00 1.00 1.00 1.00 1.00 1.00 1.00 1.00 1.00
    1.00 1.00 1.00 1.00 1.00 1.00 1.00 1.00 1.00 1.00
    1.00 1.00 1.00 1.00 1.00 1.00 1.00 1.00 1.00 1.00
    1.00 1.00 1.00 1.00 1.00 1.00 1.00 1.00 1.00 1.00
    1.00 1.00 1.00 1.00 1.00 1.00 1.00 1.00 1.00 1.00
    1.00 1.00 1.00 1.00 1.00 1.00 1.00 1.00 1.00 1.00
    1.00 1.00 1.00 1.00 1.00 1.00 1.00 1.00 1.00 1.00
    1.00 1.00 1.00 1.00 1.00 1.00 1.00 1.00 1.00 1.00
    1.00 1.00 1.00 1.00 0.00 0.00 0.00 0.00 0.00 0.00
    0.00 0.00 0.00 0.00 0.00 0.00 0.00 0.00 0.00 0.00
    0.00 0.00 0.00 0.00 0.00 0.00 0.00 0.00 0.00 0.00
    0.00 0.00 0.00 0.00 0.00 0.00 0.00 0.00 0.00 0.00
    0.00 0.00 0.00 0.00 0.00 0.00 0.00 0.00 0.00 0.00
    0.00 0.00 0.00 0.00 0.00 0.00 0.00 0.00 0.00 0.00
    0.00 0.00 0.00 0.00 0.00 0.00 0.00 0.00 0.00 0.00
    0.00 0.00 0.00 0.00 0.00 0.00 0.00 0.00 0.00 0.00
    0.00 0.00 0.00 0.00 0.00 0.00 0.00 0.00 0.00 0.00
    0.00 0.00 0.00 0.00 0.00 0.00 0.00 0.00 0.00 0.00
    0.00 0.00 0.00 0.00 0.00 0.00 0.00 0.00 0.00 0.00
    0.00 0.00 0.00 0.00 0.00 0.00 0.00 0.00 0.00 0.00
    0.00 0.00 0.00 0.00 0.00 0.00 0.00 0.00 0.00 0.00
    0.00 0.00 0.00 0.00 0.00 0.00 0.00 0.00 0.00 0.00
    0.00 0.00 0.00 0.00 0.00 0.00 0.00 0.00 0.00 0.00
    0.00 0.00 0.00 0.00 0.00 0.00 0.00 0.00 0.00 0.00
    0.00 0.00 0.00 0.00 0.00 0.00 0.00 0.00 0.00 0.00
    0.00 0.00 0.00 0.00 0.00 0.00 0.00 0.00 0.00 0.00
    0.00 0.00 0.00 0.00 0.00 0.00 0.00 0.00 0.00 0.00
    0.00 0.00 0.00 0.00 0.00 0.00 0.00 0.00 0.00 0.00
    0.00 0.00 0.00 0.00 0.00 0.00 0.00 0.00 0.00 0.00
    0.00 0.00 0.00 0.00 0.00 0.00 0.00 0.00 0.00 0.00
    0.00 0.00 0.00 0.00 0.00 0.00 0.00 0.00 0.00 0.00
    0.00 0.00 0.00 0.00 0.00 0.00 0.00 0.00 0.00 0.00
    0.00 0.00 0.00 0.00 0.00 0.00 0.00 0.00 0.00 0.00
    0.00 0.00 0.00 0.00 0.00 0.00 0.00 0.00 0.00 0.00
    0.00 0.00 0.00 0.00 0.00 0.00 0.00 0.00 0.00 0.00
    0.00 0.00 0.00 0.00 0.00 0.00 0.00 0.00 0.00 0.00
    0.00 0.00 0.00 0.00 0.00 0.00 0.00 0.00 0.00 0.00
    0.00 0.00 0.00 0.00 0.00 0.00 0.00 0.00 0.00 0.00
    0.00 0.00 0.00 0.00 0.00 0.00 0.00 0.00 0.00 0.00
    0.00 0.00 0.00 0.00 0.00 0.00 0.00 0.00 0.00 0.00
    0.00 0.00 0.00 0.00 0.00 0.00 0.00 0.00 0.00 0.00
    0.00 0.00 0.00 0.00 0.00 0.00 0.00 0.00 0.00 0.00
    0.00 0.00 0.00 0.00 0.00 0.00 0.00 0.00 0.00 0.00
    0.00 0.00 0.00 0.00 0.00 0.00 0.00 0.00 0.00 0.00
    0.00 0.00 0.00 0.00 0.00 0.00 0.00 0.00 0.00 0.00
    0.00 0.00 0.00 0.00 0.00 0.00 0.00 0.00 0.00 0.00
    0.00 0.00 0.00 0.00 0.00 0.00 0.00 0.00 0.00 0.00
    0.00 0.00 0.00 0.00 0.00 0.00 0.00 0.00 0.00 0.00
    0.00 0.00 0.00 0.00 0.00 0.00 0.00 0.00 0.00 0.00
    0.00 0.00 0.00 0.00 0.00 0.00 0.00 0.00 0.00 0.00
    0.00 0.00 0.00 0.00 0.00 0.00 0.00 0.00 0.00 0.00
    0.00 0.00 0.00 0.00 0.00 0.00 0.00 0.00 0.00 0.00
    0.00 0.00 0.00 0.00 0.00 0.00 0.00 0.00 0.00 0.00
    0.00 0.00 0.00 0.00 0.00 0.00 0.00 0.00 0.00 0.00
    0.00 0.00 0.00 0.00 0.00 0.00 0.00 0.00 0.00 0.00
    0.00 0.00 0.00 0.00 0.00 0.00 0.00 0.00 0.00 0.00
    0.00 0.00 0.00 0.00 0.00 0.00 0.00 0.00 0.00 0.00
    0.00 0.00 0.00 0.00 0.00 0.00 0.00 0.00 0.00 0.00
    0.00 0.00 0.00 0.00 0.00 0.00 0.00 0.00 0.00 0.00
    0.00 0.00 0.00 0.00 0.00 0.00 0.00 0.00 0.00 0.00
    0.00 0.00 0.00 0.00 0.00 0.00 0.00 0.00 0.00 0.00
    0.00 0.00 0.00 0.00 0.00 0.00 0.00 0.00 0.00 0.00
    0.00 0.00 0.00 0.00 0.00 0.00 0.00 0.00 0.00 0.00
    0.00 0.00 0.00 0.00 0.00 0.00 0.00 0.00 0.00 0.00
    0.00 0.00 0.00 0.00 0.00 0.00 0.00 0.00 0.00 0.00
    0.00 0.00 0.00 0.00 0.00 0.00 0.00 0.00 0.00 0.00
    0.00 0.00 0.00 0.00 0.00 0.00 0.00 0.00 0.00 0.00
    0.00 0.00 0.00 0.00 0.00 0.00 0.00 0.00 0.00 0.00
    0.00 0.00 0.00 0.00 0.00 0.00 0.00 0.00 0.00 0.00
    0.00 0.00 0.00 0.00 0.00 0.00 0.00 0.00 0.00 0.00
    0.00 0.00 0.00 0.00 0.00 0.00 0.00 0.00 0.00 0.00
    0.00 0.00 0.00 0.00 0.00 0.00 0.00 0.00 0.00 0.00
    0.00 0.00 0.00 0.00 0.00 0.00 0.00 0.00 0.00 0.00
    0.00 0.00 0.00 0.00 0.00 0.00 0.00 0.00 0.00 0.00
    0.00 0.00 0.00 0.00 0.00 0.00 0.00 0.00 0.00 0.00
    0.00 0.00 0.00 0.00 0.00 0.00 0.00 0.00 0.00 0.00
    0.00 0.00 0.00 0.00 0.00 0.00 0.00 0.00 0.00 0.00
    0.00 0.00 0.00 0.00 0.00 0.00 0.00 0.00 0.00 0.00
    0.00 0.00 0.00 0.00 0.00 0.00 0.00 0.00 0.00 0.00
    0.00 0.00 0.00 0.00 0.00 0.00 0.00 0.00 0.00 0.00
    0.00 0.00 0.00 0.00 0.00 0.00 0.00 0.00 0.00 0.00
    0.00 0.00 0.00 0.00 0.00 0.00 0.00 0.00 0.00 0.00
    0.00 0.00 0.00 0.00 0.00 0.00 0.00 0.00 0.00 0.00
    0.00 0.00 0.00 0.00 0.00 0.00 0.00 0.00 0.00 0.00
    0.00 0.00 0.00 0.00 0.00 0.00 0.00 0.00 0.00 0.00
    0.00 0.00 0.00 0.00
 Beta       94.00
 

 [Orbital energies:]

 Energy of occ-orbsA:    A            95
           -326.99380       -39.836310       -34.370598       -34.370307       -34.354784    
           -14.401035       -14.401034       -14.399127       -14.399125       -10.267913    
           -10.267911       -10.267881       -10.267880       -10.266964       -10.266962    
           -10.266933       -10.266932       -10.243980       -10.243975       -10.243974    
           -10.243968       -10.236488       -10.236488       -10.235709       -10.235707    
           -10.234207       -10.234207       -10.233572       -10.233570       -4.5798999    
           -2.9623563       -2.9619753       -2.9376936      -0.99980952      -0.99108926    
          -0.99060663      -0.98157986      -0.84335992      -0.81762643      -0.81480618    
          -0.80080031      -0.79618255      -0.79189896      -0.79002547      -0.76403538    
          -0.74346309      -0.68316934      -0.67381988      -0.61993315      -0.59633671    
          -0.59398401      -0.59391498      -0.59115926      -0.56966713      -0.56513831    
          -0.54397360      -0.54293972      -0.53414766      -0.51447493      -0.51232233    
          -0.46468615      -0.45146501      -0.44989403      -0.44135685      -0.43876150    
          -0.43818324      -0.43786437      -0.43591909      -0.42696114      -0.41359051    
          -0.41316967      -0.40911569      -0.40805358      -0.40794507      -0.40252355    
          -0.39357277      -0.38698725      -0.38259526      -0.37026275      -0.36605897    
          -0.36418339      -0.36378506      -0.34170706      -0.34043748      -0.33875322    
          -0.33873682      -0.29890417      -0.29725527      -0.27848173      -0.26374372    
          -0.26248130      -0.25827025      -0.21214068      -0.20859485      -0.18202484    
 Energy of vir-orbsA:    A           769
          -0.94799109E-01  -0.84520907E-01  -0.29312621E-01   0.34783722E-01   0.44323593E-01
           0.56538670E-01   0.57045812E-01   0.59920326E-01   0.61858074E-01   0.64279413E-01
           0.65358837E-01   0.71352018E-01   0.71456678E-01   0.85207550E-01   0.89540720E-01
           0.90090116E-01   0.92310486E-01   0.10102616       0.10131987       0.11275667    
           0.11353640       0.11525146       0.11553196       0.12723081       0.12849681    
           0.13726911       0.14485902       0.14783075       0.15170733       0.16920120    
           0.17527982       0.17599257       0.17649500       0.19734401       0.19899181    
           0.19914117       0.20009743       0.21005511       0.21167928       0.21251474    
           0.21445966       0.22467080       0.22766571       0.23375045       0.23386718    
           0.23808136       0.25123412       0.25509009       0.25583989       0.25786480    
           0.25946825       0.26376773       0.26837541       0.27886023       0.28528021    
           0.28536900       0.28643411       0.29095072       0.29191106       0.30367779    
           0.30593772       0.31002159       0.31295450       0.31506173       0.31544030    
           0.34039261       0.34148796       0.34524932       0.34655544       0.34696073    
           0.35198867       0.36418144       0.36459745       0.36517764       0.36741190    
           0.37037104       0.37243523       0.37334679       0.37367248       0.37416740    
           0.37721362       0.38385769       0.39155021       0.39599204       0.39602551    
           0.39709344       0.39951161       0.40341523       0.40451901       0.40893698    
           0.41138030       0.41464109       0.43008716       0.43260130       0.44446327    
           0.44786736       0.45048176       0.45917768       0.46006882       0.46056064    
           0.46101737       0.46856832       0.47577999       0.47595596       0.48295591    
           0.49021667       0.49469639       0.49910284       0.50953145       0.51120703    
           0.51557246       0.52788386       0.52916351       0.53154361       0.53398153    
           0.55631626       0.56103235       0.56491190       0.56715488       0.56911201    
           0.57079726       0.59260458       0.60037315       0.60396872       0.60401395    
           0.60579315       0.61992824       0.62057594       0.62326510       0.62737522    
           0.63235822       0.64020714       0.64140907       0.65663800       0.65980429    
           0.66081440       0.66128571       0.66547631       0.66832725       0.66952231    
           0.67090075       0.67114704       0.67135880       0.67339916       0.67824237    
           0.68514382       0.69375904       0.69872935       0.71029008       0.72319942    
           0.72413467       0.72419954       0.72434173       0.72673212       0.73349180    
           0.73421519       0.73779805       0.74045408       0.74301049       0.75729146    
           0.75987420       0.76176996       0.76654564       0.78404993       0.78633897    
           0.78757290       0.78857496       0.79814703       0.80303474       0.80410464    
           0.83272836       0.83316939       0.83652646       0.84286804       0.84382693    
           0.84792335       0.86894767       0.87272099       0.87536188       0.87794574    
           0.88289511       0.88674920       0.88851902       0.89826381       0.90209427    
           0.90209643       0.91111551       0.92331438       0.93743686       0.93924083    
           0.94191435       0.94430264       0.96795523       0.96845315       0.97189534    
           0.97937753       0.98224665        1.0034290        1.0043697        1.0055924    
            1.0064980        1.0077148        1.0093127        1.0291479        1.0318890    
            1.0510797        1.0568810        1.0605124        1.0768244        1.0820902    
            1.0921075        1.0973488        1.1016039        1.1083211        1.1113765    
            1.1445538        1.1495242        1.1501841        1.1502347        1.1535263    
            1.1604721        1.1624668        1.1759309        1.1787615        1.1917591    
            1.1924855        1.1936544        1.1976076        1.2094548        1.2242789    
            1.2259675        1.2304794        1.2403775        1.2431181        1.2442020    
            1.2464160        1.2481234        1.2490900        1.2602267        1.2630478    
            1.2980789        1.3341445        1.3349603        1.3431027        1.3434470    
            1.3468146        1.3535328        1.3547197        1.3597719        1.3619257    
            1.3860753        1.3891629        1.4012753        1.4030228        1.4115684    
            1.4125831        1.4256381        1.4265769        1.4472256        1.4527589    
            1.4617576        1.4671067        1.4690105        1.4799488        1.4800185    
            1.4839740        1.4882049        1.4891348        1.4901492        1.4945150    
            1.4947346        1.4989104        1.5081879        1.5244754        1.5296652    
            1.5309369        1.5337414        1.5376970        1.5429107        1.5596426    
            1.5605878        1.5644535        1.5658124        1.5737709        1.5864280    
            1.5884035        1.5884061        1.5907873        1.6027272        1.6028985    
            1.6119809        1.6144774        1.6150458        1.6216030        1.6259520    
            1.6479261        1.6617797        1.6628474        1.6767586        1.6967216    
            1.6978652        1.6994797        1.7321561        1.7462243        1.7468365    
            1.7492213        1.7661331        1.7688741        1.7751299        1.7792830    
            1.7862717        1.7923782        1.7945652        1.7947748        1.8087428    
            1.8163559        1.8428995        1.8442892        1.8449024        1.8653653    
            1.8710028        1.8914629        1.8956441        1.8965248        1.9063966    
            1.9122802        1.9170672        1.9173117        1.9314922        1.9344983    
            1.9557629        1.9627559        1.9645241        1.9746140        1.9762042    
            1.9803215        1.9854877        2.0207373        2.0231747        2.0266211    
            2.0579599        2.0580410        2.0609639        2.0742178        2.0919152    
            2.1213719        2.1224984        2.1289672        2.1391593        2.1457498    
            2.1521184        2.1746699        2.1761195        2.1785452        2.1790606    
            2.1807066        2.1870423        2.1966941        2.2019573        2.2035245    
            2.2044740        2.2211681        2.2268818        2.2405270        2.2517689    
            2.2545156        2.2655687        2.2912005        2.2969018        2.3033988    
            2.3040349        2.3069176        2.3118620        2.3264386        2.3568177    
            2.3879036        2.4248408        2.4280514        2.4302393        2.4319183    
            2.4327115        2.4443040        2.4468542        2.4475284        2.4686939    
            2.4735943        2.4919042        2.4919434        2.5129049        2.5180196    
            2.5185748        2.5259633        2.5267859        2.5359153        2.5645921    
            2.5684899        2.5692288        2.5769271        2.6034050        2.6091646    
            2.6109661        2.6180221        2.6224966        2.6244187        2.6254617    
            2.6270470        2.6499540        2.6572510        2.6585521        2.6600318    
            2.6611757        2.6777892        2.6939948        2.6955143        2.6964124    
            2.7002649        2.7042024        2.7052897        2.7067785        2.7177314    
            2.7395034        2.7541324        2.7574590        2.7588507        2.7717676    
            2.7753051        2.7804622        2.7851466        2.7876672        2.8029394    
            2.8053753        2.8089630        2.8097176        2.8114747        2.8413270    
            2.8498529        2.8518552        2.8654001        2.8661568        2.8710078    
            2.8805625        2.8855496        2.9003054        2.9028564        2.9034497    
            2.9110919        2.9122399        2.9130058        2.9338166        2.9598927    
            2.9609636        2.9630432        2.9711206        2.9750676        2.9800256    
            2.9824595        2.9908492        2.9919977        2.9997627        3.0003124    
            3.0046341        3.0117990        3.0122393        3.0124276        3.0136534    
            3.0170791        3.0270594        3.0270792        3.0308236        3.0321360    
            3.0338713        3.0386370        3.0515575        3.0583624        3.0638569    
            3.0696789        3.0730215        3.0894233        3.0935529        3.1096730    
            3.1144835        3.1348225        3.1376985        3.1457097        3.1476904    
            3.1506941        3.1611616        3.1665216        3.1698278        3.1715503    
            3.1725032        3.1813858        3.1893528        3.1896722        3.1908255    
            3.2042282        3.2071925        3.2084447        3.2086871        3.2117813    
            3.2213570        3.2251418        3.2430220        3.2474499        3.2506328    
            3.2508035        3.2578836        3.2588418        3.2612867        3.2753625    
            3.2834888        3.2869667        3.2882132        3.3072778        3.3094467    
            3.3120566        3.3190485        3.3191692        3.3438787        3.3510416    
            3.3540218        3.3549555        3.3552318        3.3583355        3.3600613    
            3.3655247        3.3767237        3.3815921        3.3935478        3.3949924    
            3.4005126        3.4029855        3.4056078        3.4397639        3.4438590    
            3.4485739        3.4513488        3.4526936        3.4546456        3.4605764    
            3.4629785        3.4752229        3.4764799        3.4772625        3.4910644    
            3.5033030        3.5055275        3.5149789        3.5306457        3.5449274    
            3.5535767        3.5546431        3.5933461        3.6057385        3.6077424    
            3.6118564        3.6155046        3.6182375        3.6236798        3.6260201    
            3.6323270        3.6332196        3.6470169        3.6490269        3.6565407    
            3.6617184        3.6702151        3.6734207        3.6771920        3.6853988    
            3.7141551        3.7151472        3.7192291        3.7310656        3.7329286    
            3.7394652        3.7510961        3.7923764        3.8031107        3.8072980    
            3.8139066        3.8144854        3.8188817        3.8316851        3.8342113    
            3.8439070        3.8630127        3.8680253        3.8985172        3.9209454    
            3.9212927        3.9243561        3.9254302        3.9269156        3.9430045    
            3.9618526        3.9829942        3.9832565        3.9912714        4.0219491    
            4.0223650        4.0497274        4.0519785        4.0619006        4.0784629    
            4.0787003        4.0794217        4.0813016        4.1056982        4.1195629    
            4.1328761        4.1607821        4.1645837        4.1696946        4.1705771    
            4.1754022        4.1873777        4.1951290        4.2023472        4.2128583    
            4.2146358        4.2248987        4.2313846        4.2413714        4.2526131    
            4.2566608        4.2863683        4.2923343        4.3288000        4.3383577    
            4.3532185        4.3557827        4.3672834        4.3753007        4.3968373    
            4.4054237        4.4129235        4.4158213        4.4291536        4.4577047    
            4.4671079        4.4973207        4.4997939        4.5100253        4.5132228    
            4.5154409        4.5173182        4.5241958        4.5312451        4.5327196    
            4.5443086        4.5654667        4.6184972        4.6249159        4.6260662    
            4.6304681        4.6340899        4.6591976        4.6661598        4.6741224    
            4.6929419        4.7071172        4.7466651        4.7553776        4.7645956    
            4.7768310        4.8117738        4.8422338        4.8517427        4.8575087    
            4.8691965        4.8736800        4.8771555        4.8811263        4.8887278    
            4.8989031        4.9026090        4.9176239        4.9296938        4.9302163    
            4.9439184        4.9513832        4.9558265        4.9588101        5.0039736    
            5.0039992        5.0409876        5.0525495        5.0981971        5.1286395    
            5.1369204        5.1458426        5.1535670        5.1620030        5.1678143    
            5.1681759        5.1820842        5.2082706        5.2415991        5.2489922    
            5.2505142        5.2949266        5.3000063        5.3131303        5.3367677    
            5.3374917        5.3531006        5.3567413        5.4292654        5.4303239    
            5.4303578        5.4396946        5.4624305        5.4960828        5.5052810    
            5.5135914        5.5603801        5.5636682        5.6375428        5.6417413    
            5.6490569        5.6770268        5.6922598        5.7158369        5.7219701    
            5.7305948        5.7343961        5.7359112        5.7607879        5.7657482    
            5.8190436        5.8282022        5.8313239        5.8637972        5.9408962    
            5.9420178        5.9882925        5.9883313        6.0803217        6.1618840    
            6.1691772        6.1859728        6.2592231        6.2643342        6.2691398    
            22.411615        22.462586        22.493312        22.536410        22.695514    
            22.706094        22.714031        22.733495        22.784242        22.836071    
            22.841484        22.899651        22.920252        22.947047        23.002081    
            23.006728        23.356312        23.511970        23.525208        23.673460    
            32.713411        32.715189        32.715351        32.805773    
 

 Energy of occ-orbsB:    A            94
           -326.99380       -39.836310       -34.370598       -34.370307       -34.354784    
           -14.401035       -14.401034       -14.399127       -14.399125       -10.267913    
           -10.267911       -10.267881       -10.267880       -10.266964       -10.266962    
           -10.266933       -10.266932       -10.243980       -10.243975       -10.243974    
           -10.243968       -10.236488       -10.236488       -10.235709       -10.235707    
           -10.234207       -10.234207       -10.233572       -10.233570       -4.5798999    
           -2.9623563       -2.9619753       -2.9376936      -0.99980952      -0.99108926    
          -0.99060663      -0.98157986      -0.84335992      -0.81762643      -0.81480618    
          -0.80080031      -0.79618255      -0.79189896      -0.79002547      -0.76403538    
          -0.74346309      -0.68316934      -0.67381988      -0.61993315      -0.59633671    
          -0.59398401      -0.59391498      -0.59115926      -0.56966713      -0.56513831    
          -0.54397360      -0.54293972      -0.53414766      -0.51447493      -0.51232233    
          -0.46468615      -0.45146501      -0.44989403      -0.44135685      -0.43876150    
          -0.43818324      -0.43786437      -0.43591909      -0.42696114      -0.41359051    
          -0.41316967      -0.40911569      -0.40805358      -0.40794507      -0.40252355    
          -0.39357277      -0.38698725      -0.38259526      -0.37026275      -0.36605897    
          -0.36418339      -0.36378506      -0.34170706      -0.34043748      -0.33875322    
          -0.33873682      -0.29890417      -0.29725527      -0.27848173      -0.26374372    
          -0.26248130      -0.25827025      -0.21214068      -0.20859485    
 Energy of vir-orbsB:    A           770
          -0.18202484      -0.94799109E-01  -0.84520907E-01  -0.29312621E-01   0.34783722E-01
           0.44323593E-01   0.56538670E-01   0.57045812E-01   0.59920326E-01   0.61858074E-01
           0.64279413E-01   0.65358837E-01   0.71352018E-01   0.71456678E-01   0.85207550E-01
           0.89540720E-01   0.90090116E-01   0.92310486E-01   0.10102616       0.10131987    
           0.11275667       0.11353640       0.11525146       0.11553196       0.12723081    
           0.12849681       0.13726911       0.14485902       0.14783075       0.15170733    
           0.16920120       0.17527982       0.17599257       0.17649500       0.19734401    
           0.19899181       0.19914117       0.20009743       0.21005511       0.21167928    
           0.21251474       0.21445966       0.22467080       0.22766571       0.23375045    
           0.23386718       0.23808136       0.25123412       0.25509009       0.25583989    
           0.25786480       0.25946825       0.26376773       0.26837541       0.27886023    
           0.28528021       0.28536900       0.28643411       0.29095072       0.29191106    
           0.30367779       0.30593772       0.31002159       0.31295450       0.31506173    
           0.31544030       0.34039261       0.34148796       0.34524932       0.34655544    
           0.34696073       0.35198867       0.36418144       0.36459745       0.36517764    
           0.36741190       0.37037104       0.37243523       0.37334679       0.37367248    
           0.37416740       0.37721362       0.38385769       0.39155021       0.39599204    
           0.39602551       0.39709344       0.39951161       0.40341523       0.40451901    
           0.40893698       0.41138030       0.41464109       0.43008716       0.43260130    
           0.44446327       0.44786736       0.45048176       0.45917768       0.46006882    
           0.46056064       0.46101737       0.46856832       0.47577999       0.47595596    
           0.48295591       0.49021667       0.49469639       0.49910284       0.50953145    
           0.51120703       0.51557246       0.52788386       0.52916351       0.53154361    
           0.53398153       0.55631626       0.56103235       0.56491190       0.56715488    
           0.56911201       0.57079726       0.59260458       0.60037315       0.60396872    
           0.60401395       0.60579315       0.61992824       0.62057594       0.62326510    
           0.62737522       0.63235822       0.64020714       0.64140907       0.65663800    
           0.65980429       0.66081440       0.66128571       0.66547631       0.66832725    
           0.66952231       0.67090075       0.67114704       0.67135880       0.67339916    
           0.67824237       0.68514382       0.69375904       0.69872935       0.71029008    
           0.72319942       0.72413467       0.72419954       0.72434173       0.72673212    
           0.73349180       0.73421519       0.73779805       0.74045408       0.74301049    
           0.75729146       0.75987420       0.76176996       0.76654564       0.78404993    
           0.78633897       0.78757290       0.78857496       0.79814703       0.80303474    
           0.80410464       0.83272836       0.83316939       0.83652646       0.84286804    
           0.84382693       0.84792335       0.86894767       0.87272099       0.87536188    
           0.87794574       0.88289511       0.88674920       0.88851902       0.89826381    
           0.90209427       0.90209643       0.91111551       0.92331438       0.93743686    
           0.93924083       0.94191435       0.94430264       0.96795523       0.96845315    
           0.97189534       0.97937753       0.98224665        1.0034290        1.0043697    
            1.0055924        1.0064980        1.0077148        1.0093127        1.0291479    
            1.0318890        1.0510797        1.0568810        1.0605124        1.0768244    
            1.0820902        1.0921075        1.0973488        1.1016039        1.1083211    
            1.1113765        1.1445538        1.1495242        1.1501841        1.1502347    
            1.1535263        1.1604721        1.1624668        1.1759309        1.1787615    
            1.1917591        1.1924855        1.1936544        1.1976076        1.2094548    
            1.2242789        1.2259675        1.2304794        1.2403775        1.2431181    
            1.2442020        1.2464160        1.2481234        1.2490900        1.2602267    
            1.2630478        1.2980789        1.3341445        1.3349603        1.3431027    
            1.3434470        1.3468146        1.3535328        1.3547197        1.3597719    
            1.3619257        1.3860753        1.3891629        1.4012753        1.4030228    
            1.4115684        1.4125831        1.4256381        1.4265769        1.4472256    
            1.4527589        1.4617576        1.4671067        1.4690105        1.4799488    
            1.4800185        1.4839740        1.4882049        1.4891348        1.4901492    
            1.4945150        1.4947346        1.4989104        1.5081879        1.5244754    
            1.5296652        1.5309369        1.5337414        1.5376970        1.5429107    
            1.5596426        1.5605878        1.5644535        1.5658124        1.5737709    
            1.5864280        1.5884035        1.5884061        1.5907873        1.6027272    
            1.6028985        1.6119809        1.6144774        1.6150458        1.6216030    
            1.6259520        1.6479261        1.6617797        1.6628474        1.6767586    
            1.6967216        1.6978652        1.6994797        1.7321561        1.7462243    
            1.7468365        1.7492213        1.7661331        1.7688741        1.7751299    
            1.7792830        1.7862717        1.7923782        1.7945652        1.7947748    
            1.8087428        1.8163559        1.8428995        1.8442892        1.8449024    
            1.8653653        1.8710028        1.8914629        1.8956441        1.8965248    
            1.9063966        1.9122802        1.9170672        1.9173117        1.9314922    
            1.9344983        1.9557629        1.9627559        1.9645241        1.9746140    
            1.9762042        1.9803215        1.9854877        2.0207373        2.0231747    
            2.0266211        2.0579599        2.0580410        2.0609639        2.0742178    
            2.0919152        2.1213719        2.1224984        2.1289672        2.1391593    
            2.1457498        2.1521184        2.1746699        2.1761195        2.1785452    
            2.1790606        2.1807066        2.1870423        2.1966941        2.2019573    
            2.2035245        2.2044740        2.2211681        2.2268818        2.2405270    
            2.2517689        2.2545156        2.2655687        2.2912005        2.2969018    
            2.3033988        2.3040349        2.3069176        2.3118620        2.3264386    
            2.3568177        2.3879036        2.4248408        2.4280514        2.4302393    
            2.4319183        2.4327115        2.4443040        2.4468542        2.4475284    
            2.4686939        2.4735943        2.4919042        2.4919434        2.5129049    
            2.5180196        2.5185748        2.5259633        2.5267859        2.5359153    
            2.5645921        2.5684899        2.5692288        2.5769271        2.6034050    
            2.6091646        2.6109661        2.6180221        2.6224966        2.6244187    
            2.6254617        2.6270470        2.6499540        2.6572510        2.6585521    
            2.6600318        2.6611757        2.6777892        2.6939948        2.6955143    
            2.6964124        2.7002649        2.7042024        2.7052897        2.7067785    
            2.7177314        2.7395034        2.7541324        2.7574590        2.7588507    
            2.7717676        2.7753051        2.7804622        2.7851466        2.7876672    
            2.8029394        2.8053753        2.8089630        2.8097176        2.8114747    
            2.8413270        2.8498529        2.8518552        2.8654001        2.8661568    
            2.8710078        2.8805625        2.8855496        2.9003054        2.9028564    
            2.9034497        2.9110919        2.9122399        2.9130058        2.9338166    
            2.9598927        2.9609636        2.9630432        2.9711206        2.9750676    
            2.9800256        2.9824595        2.9908492        2.9919977        2.9997627    
            3.0003124        3.0046341        3.0117990        3.0122393        3.0124276    
            3.0136534        3.0170791        3.0270594        3.0270792        3.0308236    
            3.0321360        3.0338713        3.0386370        3.0515575        3.0583624    
            3.0638569        3.0696789        3.0730215        3.0894233        3.0935529    
            3.1096730        3.1144835        3.1348225        3.1376985        3.1457097    
            3.1476904        3.1506941        3.1611616        3.1665216        3.1698278    
            3.1715503        3.1725032        3.1813858        3.1893528        3.1896722    
            3.1908255        3.2042282        3.2071925        3.2084447        3.2086871    
            3.2117813        3.2213570        3.2251418        3.2430220        3.2474499    
            3.2506328        3.2508035        3.2578836        3.2588418        3.2612867    
            3.2753625        3.2834888        3.2869667        3.2882132        3.3072778    
            3.3094467        3.3120566        3.3190485        3.3191692        3.3438787    
            3.3510416        3.3540218        3.3549555        3.3552318        3.3583355    
            3.3600613        3.3655247        3.3767237        3.3815921        3.3935478    
            3.3949924        3.4005126        3.4029855        3.4056078        3.4397639    
            3.4438590        3.4485739        3.4513488        3.4526936        3.4546456    
            3.4605764        3.4629785        3.4752229        3.4764799        3.4772625    
            3.4910644        3.5033030        3.5055275        3.5149789        3.5306457    
            3.5449274        3.5535767        3.5546431        3.5933461        3.6057385    
            3.6077424        3.6118564        3.6155046        3.6182375        3.6236798    
            3.6260201        3.6323270        3.6332196        3.6470169        3.6490269    
            3.6565407        3.6617184        3.6702151        3.6734207        3.6771920    
            3.6853988        3.7141551        3.7151472        3.7192291        3.7310656    
            3.7329286        3.7394652        3.7510961        3.7923764        3.8031107    
            3.8072980        3.8139066        3.8144854        3.8188817        3.8316851    
            3.8342113        3.8439070        3.8630127        3.8680253        3.8985172    
            3.9209454        3.9212927        3.9243561        3.9254302        3.9269156    
            3.9430045        3.9618526        3.9829942        3.9832565        3.9912714    
            4.0219491        4.0223650        4.0497274        4.0519785        4.0619006    
            4.0784629        4.0787003        4.0794217        4.0813016        4.1056982    
            4.1195629        4.1328761        4.1607821        4.1645837        4.1696946    
            4.1705771        4.1754022        4.1873777        4.1951290        4.2023472    
            4.2128583        4.2146358        4.2248987        4.2313846        4.2413714    
            4.2526131        4.2566608        4.2863683        4.2923343        4.3288000    
            4.3383577        4.3532185        4.3557827        4.3672834        4.3753007    
            4.3968373        4.4054237        4.4129235        4.4158213        4.4291536    
            4.4577047        4.4671079        4.4973207        4.4997939        4.5100253    
            4.5132228        4.5154409        4.5173182        4.5241958        4.5312451    
            4.5327196        4.5443086        4.5654667        4.6184972        4.6249159    
            4.6260662        4.6304681        4.6340899        4.6591976        4.6661598    
            4.6741224        4.6929419        4.7071172        4.7466651        4.7553776    
            4.7645956        4.7768310        4.8117738        4.8422338        4.8517427    
            4.8575087        4.8691965        4.8736800        4.8771555        4.8811263    
            4.8887278        4.8989031        4.9026090        4.9176239        4.9296938    
            4.9302163        4.9439184        4.9513832        4.9558265        4.9588101    
            5.0039736        5.0039992        5.0409876        5.0525495        5.0981971    
            5.1286395        5.1369204        5.1458426        5.1535670        5.1620030    
            5.1678143        5.1681759        5.1820842        5.2082706        5.2415991    
            5.2489922        5.2505142        5.2949266        5.3000063        5.3131303    
            5.3367677        5.3374917        5.3531006        5.3567413        5.4292654    
            5.4303239        5.4303578        5.4396946        5.4624305        5.4960828    
            5.5052810        5.5135914        5.5603801        5.5636682        5.6375428    
            5.6417413        5.6490569        5.6770268        5.6922598        5.7158369    
            5.7219701        5.7305948        5.7343961        5.7359112        5.7607879    
            5.7657482        5.8190436        5.8282022        5.8313239        5.8637972    
            5.9408962        5.9420178        5.9882925        5.9883313        6.0803217    
            6.1618840        6.1691772        6.1859728        6.2592231        6.2643342    
            6.2691398        22.411615        22.462586        22.493312        22.536410    
            22.695514        22.706094        22.714031        22.733495        22.784242    
            22.836071        22.841484        22.899651        22.920252        22.947047    
            23.002081        23.006728        23.356312        23.511970        23.525208    
            23.673460        32.713411        32.715189        32.715351        32.805773    
 
 Alpha   HOMO energy:      -0.18202484 au      -4.95314998 eV  Irrep: A       
 Alpha   LUMO energy:      -0.09479911 au      -2.57961610 eV  Irrep: A       
 Beta    HOMO energy:      -0.20859485 au      -5.67615714 eV  Irrep: A       
 Beta    LUMO energy:      -0.18202484 au      -4.95314998 eV  Irrep: A       
 HOMO-LUMO gap:       0.00000000 au       0.00000000 eV
 
 [Alpha MOs]
 Frontier orbitals of each irrep:
 
  Symmetry   1 A       
 
         Orbital                90             91             92             93             94             95
         Energy             -0.26374       -0.26248       -0.25827       -0.21214       -0.20859       -0.18202
         Occ No.             1.00000        1.00000        1.00000        1.00000        1.00000        1.00000
      1 1Cu|1S0             -0.00000       -0.00000        0.00000       -0.00000       -0.00000        0.00052
      2 1Cu|2S0              0.00000        0.00000       -0.00000        0.00000        0.00000       -0.00154
      3 1Cu|3S0             -0.00000       -0.00000        0.00000       -0.00000       -0.00000        0.00400
      4 1Cu|4S0             -0.00000        0.00000       -0.00000       -0.00000       -0.00000        0.00384
      5 1Cu|5S0             -0.00000       -0.00000       -0.00000       -0.00000        0.00000       -0.01833
      6 1Cu|6S0             -0.00000       -0.00000        0.00000       -0.00000        0.00000       -0.00405
      7 1Cu|2P-1            -0.00000       -0.00000        0.00000        0.00000       -0.00000       -0.00000
      8 1Cu|3P-1            -0.00000        0.00000       -0.00000       -0.00000        0.00000        0.00000
      9 1Cu|4P-1             0.00000        0.00000       -0.00000        0.00000        0.00000       -0.00000
     10 1Cu|5P-1            -0.00000       -0.00000        0.00000       -0.00000       -0.00000        0.00000
     11 1Cu|6P-1            -0.00000        0.00000        0.00000        0.00000       -0.00000       -0.00000
     12 1Cu|2P0             -0.00000        0.00340        0.00000       -0.00000        0.01231       -0.00000
     13 1Cu|3P0              0.00000       -0.00925       -0.00000        0.00000       -0.03364        0.00000
     14 1Cu|4P0              0.00000       -0.00230       -0.00000        0.00000       -0.00797       -0.00000
     15 1Cu|5P0             -0.00000        0.00825        0.00000       -0.00000        0.02942       -0.00000
     16 1Cu|6P0             -0.00000        0.01443        0.00000       -0.00000        0.06253       -0.00000
     17 1Cu|2P1             -0.00000       -0.00000       -0.00000        0.00000       -0.00000       -0.00000
     18 1Cu|3P1              0.00000        0.00000        0.00000       -0.00000        0.00000        0.00000
     19 1Cu|4P1             -0.00000        0.00000        0.00000       -0.00000       -0.00000        0.00000
     20 1Cu|5P1              0.00000       -0.00000       -0.00000        0.00000        0.00000       -0.00000
     21 1Cu|6P1              0.00000       -0.00000        0.00000        0.00000        0.00000        0.00000
     22 1Cu|3D-2            -0.00000       -0.00000        0.00000       -0.00000       -0.00000       -0.00000
     23 1Cu|4D-2            -0.00000       -0.00000        0.00000       -0.00000       -0.00000        0.00000
     24 1Cu|5D-2            -0.00000       -0.00000        0.00000       -0.00000        0.00000       -0.00000
     25 1Cu|6D-2            -0.00000        0.00000       -0.00000        0.00000       -0.00000       -0.00000
     26 1Cu|3D-1            -0.00000        0.00000       -0.16370        0.00000       -0.00000       -0.00000
     27 1Cu|4D-1            -0.00000        0.00000       -0.09530        0.00000       -0.00000       -0.00000
     28 1Cu|5D-1            -0.00000        0.00000       -0.03920        0.00000        0.00000       -0.00000
     29 1Cu|6D-1             0.00000       -0.00000        0.00753       -0.00000       -0.00000       -0.00000
     30 1Cu|3D0              0.00000       -0.00000       -0.00000        0.00000        0.00000       -0.00329
     31 1Cu|4D0              0.00000       -0.00000       -0.00000        0.00000        0.00000       -0.00192
     32 1Cu|5D0              0.00000        0.00000       -0.00000        0.00000       -0.00000        0.00005
     33 1Cu|6D0              0.00000        0.00000        0.00000        0.00000       -0.00000        0.00195
     34 1Cu|3D1             -0.16029       -0.00000        0.00000        0.00000        0.00000        0.00000
     35 1Cu|4D1             -0.09348       -0.00000        0.00000        0.00000        0.00000        0.00000
     36 1Cu|5D1             -0.03896       -0.00000        0.00000        0.00000        0.00000        0.00000
     37 1Cu|6D1              0.00585        0.00000       -0.00000       -0.00000        0.00000       -0.00000
     38 1Cu|3D2              0.00000       -0.00000        0.00000       -0.00000        0.00000       -0.61154
     39 1Cu|4D2              0.00000       -0.00000        0.00000       -0.00000        0.00000       -0.34556
     40 1Cu|5D2             -0.00000        0.00000       -0.00000        0.00000       -0.00000       -0.14367
     41 1Cu|6D2              0.00000       -0.00000       -0.00000        0.00000       -0.00000       -0.03177
     42 1Cu|4F-3             0.00000        0.00000       -0.00000       -0.00000        0.00000        0.00000
     43 1Cu|4F-2             0.00000       -0.00000       -0.00000        0.00001        0.00000        0.00000
     44 1Cu|4F-1            -0.00000        0.00000       -0.00000        0.00000       -0.00000        0.00000
     45 1Cu|4F0              0.00000       -0.00021       -0.00000        0.00000       -0.00070        0.00000
     46 1Cu|4F1             -0.00000        0.00000        0.00000       -0.00000       -0.00000        0.00000
     47 1Cu|4F2              0.00000       -0.00123       -0.00000       -0.00000        0.00006       -0.00000
     48 1Cu|4F3             -0.00000       -0.00000       -0.00000        0.00000        0.00000       -0.00000
     49 2N|1S0              -0.00000       -0.00000       -0.00000        0.00000        0.00000        0.01608
     50 2N|2S0               0.00000        0.00000       -0.00000        0.00000        0.00000        0.03707
     51 2N|3S0               0.00000       -0.00000        0.00000        0.00000        0.00000        0.05750
     52 2N|4S0              -0.00000        0.00000       -0.00000       -0.00000       -0.00000        0.11023
     53 2N|5S0              -0.00000       -0.00000        0.00000       -0.00000       -0.00000        0.07904
     54 2N|2P-1             -0.00000        0.00000        0.00000        0.00000       -0.00000        0.00000
     55 2N|3P-1             -0.00000       -0.00000       -0.00000        0.00000        0.00000       -0.00000
     56 2N|4P-1             -0.00000       -0.00000        0.00000        0.00000        0.00000       -0.00000
     57 2N|2P0              -0.19803       -0.10977       -0.00000        0.00000        0.11996        0.00000
     58 2N|3P0              -0.18115       -0.09931       -0.00000        0.00000        0.10880       -0.00000
     59 2N|4P0              -0.11878       -0.07445       -0.00000        0.00000        0.08807        0.00000
     60 2N|2P1               0.00000        0.00000       -0.00000       -0.00000       -0.00000        0.11731
     61 2N|3P1              -0.00000       -0.00000        0.00000        0.00000        0.00000        0.09968
     62 2N|4P1               0.00000       -0.00000        0.00000        0.00000        0.00000        0.11926
     63 2N|3D-2             -0.00000       -0.00000       -0.00000        0.00000        0.00000       -0.00000
     64 2N|4D-2              0.00000        0.00000       -0.00000       -0.00000       -0.00000        0.00000
     65 2N|3D-1              0.00000        0.00000       -0.00106        0.00430       -0.00000       -0.00000
     66 2N|4D-1              0.00000        0.00000       -0.00276        0.01265       -0.00000       -0.00000
     67 2N|3D0              -0.00000        0.00000        0.00000       -0.00000       -0.00000        0.00225
     68 2N|4D0               0.00000       -0.00000        0.00000        0.00000        0.00000        0.00501
     69 2N|3D1               0.00342        0.00207        0.00000       -0.00000       -0.00139       -0.00000
     70 2N|4D1               0.00532        0.00225        0.00000       -0.00000        0.00102        0.00000
     71 2N|3D2              -0.00000        0.00000       -0.00000        0.00000       -0.00000       -0.00124
     72 2N|4D2               0.00000       -0.00000        0.00000        0.00000        0.00000       -0.01132
     73 2N|4F-3             -0.00000       -0.00000        0.00000        0.00000        0.00000       -0.00000
     74 2N|4F-2             -0.00000       -0.00000        0.00060       -0.00224        0.00000       -0.00000
     75 2N|4F-1              0.00000        0.00000       -0.00000       -0.00000       -0.00000        0.00000
     76 2N|4F0               0.00227        0.00135        0.00000       -0.00000       -0.00110        0.00000
     77 2N|4F1              -0.00000        0.00000       -0.00000       -0.00000       -0.00000        0.00023
     78 2N|4F2               0.00078        0.00031        0.00000        0.00000        0.00063       -0.00000
     79 2N|4F3              -0.00000        0.00000       -0.00000       -0.00000       -0.00000       -0.00127
     80 3N|1S0              -0.00000        0.00000       -0.00000       -0.00000        0.00000        0.01608
     81 3N|2S0              -0.00000        0.00000       -0.00000       -0.00000        0.00000        0.03707
     82 3N|3S0               0.00000       -0.00000        0.00000       -0.00000        0.00000        0.05750
     83 3N|4S0              -0.00000        0.00000       -0.00000        0.00000       -0.00000        0.11023
     84 3N|5S0              -0.00000        0.00000       -0.00000        0.00000       -0.00000        0.07904
     85 3N|2P-1             -0.00000        0.00000       -0.00000       -0.00000       -0.00000        0.00000
     86 3N|3P-1              0.00000        0.00000       -0.00000       -0.00000        0.00000        0.00000
     87 3N|4P-1              0.00000        0.00000       -0.00000        0.00000       -0.00000       -0.00000
     88 3N|2P0               0.19803       -0.10976       -0.00000       -0.00000        0.11996        0.00000
     89 3N|3P0               0.18115       -0.09930       -0.00000       -0.00000        0.10880       -0.00000
     90 3N|4P0               0.11878       -0.07444       -0.00000       -0.00000        0.08807       -0.00000
     91 3N|2P1               0.00000       -0.00000        0.00000       -0.00000       -0.00000       -0.11731
     92 3N|3P1              -0.00000        0.00000       -0.00000        0.00000       -0.00000       -0.09968
     93 3N|4P1               0.00000        0.00000       -0.00000        0.00000       -0.00000       -0.11926
     94 3N|3D-2             -0.00000       -0.00000        0.00000       -0.00000       -0.00000        0.00000
     95 3N|4D-2              0.00000        0.00000       -0.00000       -0.00000        0.00000       -0.00000
     96 3N|3D-1             -0.00000        0.00000       -0.00106       -0.00430       -0.00000        0.00000
     97 3N|4D-1             -0.00000        0.00000       -0.00276       -0.01265       -0.00000        0.00000
     98 3N|3D0               0.00000       -0.00000        0.00000       -0.00000        0.00000        0.00225
     99 3N|4D0               0.00000       -0.00000        0.00000       -0.00000        0.00000        0.00501
    100 3N|3D1               0.00342       -0.00207       -0.00000       -0.00000        0.00139        0.00000
    101 3N|4D1               0.00533       -0.00225       -0.00000       -0.00000       -0.00102       -0.00000
    102 3N|3D2              -0.00000        0.00000       -0.00000        0.00000       -0.00000       -0.00124
    103 3N|4D2               0.00000       -0.00000        0.00000       -0.00000        0.00000       -0.01132
    104 3N|4F-3             -0.00000        0.00000       -0.00000       -0.00000       -0.00000       -0.00000
    105 3N|4F-2             -0.00000        0.00000       -0.00060       -0.00224       -0.00000       -0.00000
    106 3N|4F-1              0.00000       -0.00000        0.00000        0.00000        0.00000       -0.00000
    107 3N|4F0              -0.00227        0.00135        0.00000        0.00000       -0.00110        0.00000
    108 3N|4F1               0.00000       -0.00000        0.00000       -0.00000        0.00000       -0.00023
    109 3N|4F2              -0.00078        0.00031        0.00000       -0.00000        0.00063       -0.00000
    110 3N|4F3               0.00000       -0.00000        0.00000       -0.00000        0.00000        0.00127
    111 4N|1S0              -0.00000       -0.00000        0.00000       -0.00000        0.00000       -0.01597
    112 4N|2S0               0.00000       -0.00000        0.00000       -0.00000       -0.00000       -0.03682
    113 4N|3S0               0.00000        0.00000       -0.00000        0.00000       -0.00000       -0.05739
    114 4N|4S0              -0.00000       -0.00000        0.00000       -0.00000        0.00000       -0.10911
    115 4N|5S0              -0.00000       -0.00000       -0.00000       -0.00000        0.00000       -0.07683
    116 4N|2P-1              0.00000        0.00000       -0.00000        0.00000       -0.00000        0.11597
    117 4N|3P-1             -0.00000       -0.00000        0.00000       -0.00000        0.00000        0.09883
    118 4N|4P-1             -0.00000       -0.00000        0.00000       -0.00000        0.00000        0.11141
    119 4N|2P0              -0.00001        0.16552        0.19968       -0.00000        0.10222        0.00000
    120 4N|3P0              -0.00000        0.15021        0.18287       -0.00000        0.09292        0.00000
    121 4N|4P0              -0.00000        0.11114        0.12123       -0.00000        0.07349        0.00000
    122 4N|2P1               0.00000        0.00000        0.00000        0.00000       -0.00000       -0.00000
    123 4N|3P1              -0.00000       -0.00000       -0.00000       -0.00000        0.00000        0.00000
    124 4N|4P1              -0.00000       -0.00000        0.00000        0.00000       -0.00000        0.00000
    125 4N|3D-2              0.00000        0.00000        0.00000        0.00000       -0.00000       -0.00000
    126 4N|4D-2             -0.00000       -0.00000       -0.00000        0.00000        0.00000        0.00000
    127 4N|3D-1             -0.00000        0.00262        0.00329       -0.00000        0.00114       -0.00000
    128 4N|4D-1             -0.00000        0.00106        0.00484       -0.00000       -0.00129        0.00000
    129 4N|3D0              -0.00000        0.00000        0.00000       -0.00000        0.00000       -0.00224
    130 4N|4D0               0.00000        0.00000       -0.00000        0.00000       -0.00000       -0.00539
    131 4N|3D1              -0.00153       -0.00000        0.00000        0.00442        0.00000       -0.00000
    132 4N|4D1              -0.00425       -0.00000        0.00000        0.01308        0.00000        0.00000
    133 4N|3D2               0.00000        0.00000       -0.00000        0.00000       -0.00000       -0.00123
    134 4N|4D2              -0.00000       -0.00000        0.00000       -0.00000        0.00000       -0.01137
    135 4N|4F-3             -0.00000       -0.00000        0.00000       -0.00000        0.00000        0.00140
    136 4N|4F-2             -0.00082       -0.00000        0.00000        0.00234        0.00000        0.00000
    137 4N|4F-1              0.00000        0.00000       -0.00000        0.00000       -0.00000        0.00032
    138 4N|4F0               0.00000       -0.00203       -0.00226        0.00000       -0.00096       -0.00000
    139 4N|4F1               0.00000        0.00000        0.00000       -0.00000       -0.00000       -0.00000
    140 4N|4F2              -0.00000        0.00039        0.00082        0.00000       -0.00066       -0.00000
    141 4N|4F3               0.00000        0.00000        0.00000       -0.00000       -0.00000       -0.00000
    142 5N|1S0              -0.00000       -0.00000        0.00000       -0.00000       -0.00000       -0.01597
    143 5N|2S0              -0.00000        0.00000       -0.00000       -0.00000       -0.00000       -0.03682
    144 5N|3S0              -0.00000       -0.00000        0.00000        0.00000       -0.00000       -0.05739
    145 5N|4S0               0.00000       -0.00000       -0.00000       -0.00000        0.00000       -0.10911
    146 5N|5S0              -0.00000       -0.00000        0.00000        0.00000        0.00000       -0.07683
    147 5N|2P-1              0.00000        0.00000       -0.00000        0.00000        0.00000       -0.11597
    148 5N|3P-1             -0.00000        0.00000        0.00000        0.00000       -0.00000       -0.09883
    149 5N|4P-1             -0.00000        0.00000       -0.00000       -0.00000       -0.00000       -0.11141
    150 5N|2P0              -0.00001        0.16553       -0.19967        0.00000        0.10222        0.00000
    151 5N|3P0              -0.00000        0.15022       -0.18287        0.00000        0.09292       -0.00000
    152 5N|4P0              -0.00000        0.11114       -0.12123        0.00000        0.07349       -0.00000
    153 5N|2P1               0.00000       -0.00000       -0.00000       -0.00000        0.00000        0.00000
    154 5N|3P1              -0.00000        0.00000        0.00000       -0.00000       -0.00000       -0.00000
    155 5N|4P1              -0.00000        0.00000        0.00000       -0.00000        0.00000       -0.00000
    156 5N|3D-2             -0.00000        0.00000        0.00000       -0.00000       -0.00000       -0.00000
    157 5N|4D-2              0.00000       -0.00000       -0.00000        0.00000        0.00000        0.00000
    158 5N|3D-1              0.00000       -0.00262        0.00329       -0.00000       -0.00114       -0.00000
    159 5N|4D-1              0.00000       -0.00106        0.00483       -0.00000        0.00129       -0.00000
    160 5N|3D0              -0.00000        0.00000        0.00000       -0.00000        0.00000       -0.00224
    161 5N|4D0              -0.00000        0.00000        0.00000        0.00000       -0.00000       -0.00539
    162 5N|3D1              -0.00153       -0.00000       -0.00000       -0.00442        0.00000       -0.00000
    163 5N|4D1              -0.00425       -0.00000       -0.00000       -0.01308        0.00000       -0.00000
    164 5N|3D2              -0.00000       -0.00000        0.00000       -0.00000       -0.00000       -0.00123
    165 5N|4D2               0.00000       -0.00000       -0.00000       -0.00000        0.00000       -0.01137
    166 5N|4F-3             -0.00000        0.00000        0.00000        0.00000       -0.00000       -0.00140
    167 5N|4F-2              0.00082        0.00000        0.00000        0.00234       -0.00000       -0.00000
    168 5N|4F-1              0.00000       -0.00000       -0.00000       -0.00000        0.00000       -0.00032
    169 5N|4F0               0.00000       -0.00203        0.00226       -0.00000       -0.00096       -0.00000
    170 5N|4F1               0.00000       -0.00000       -0.00000        0.00000        0.00000        0.00000
    171 5N|4F2              -0.00000        0.00039       -0.00082       -0.00000       -0.00066        0.00000
    172 5N|4F3               0.00000       -0.00000       -0.00000        0.00000        0.00000        0.00000
    173 6C|1S0               0.00000       -0.00000        0.00000        0.00000       -0.00000       -0.00534
    174 6C|2S0               0.00000       -0.00000        0.00000       -0.00000       -0.00000       -0.01180
    175 6C|3S0               0.00000        0.00000       -0.00000       -0.00000       -0.00000       -0.02180
    176 6C|4S0              -0.00000       -0.00000        0.00000        0.00000        0.00000       -0.01634
    177 6C|5S0               0.00000       -0.00000       -0.00000       -0.00000        0.00000       -0.03887
    178 6C|2P-1             -0.00000        0.00000       -0.00000       -0.00000       -0.00000       -0.01735
    179 6C|3P-1              0.00000       -0.00000       -0.00000       -0.00000        0.00000       -0.02013
    180 6C|4P-1              0.00000        0.00000       -0.00000       -0.00000       -0.00000        0.04202
    181 6C|2P0              -0.03180       -0.02160        0.03695       -0.13547       -0.03140        0.00000
    182 6C|3P0              -0.02665       -0.01830        0.03502       -0.12571       -0.03129        0.00000
    183 6C|4P0              -0.03764       -0.01266        0.00702       -0.08233        0.00371        0.00000
    184 6C|2P1              -0.00000       -0.00000        0.00000        0.00000       -0.00000       -0.02408
    185 6C|3P1              -0.00000       -0.00000        0.00000        0.00000        0.00000       -0.02532
    186 6C|4P1              -0.00000        0.00000        0.00000        0.00000        0.00000       -0.00595
    187 6C|3D-2             -0.00000       -0.00000       -0.00000        0.00000        0.00000       -0.00013
    188 6C|4D-2              0.00000       -0.00000       -0.00000       -0.00000        0.00000       -0.00403
    189 6C|3D-1             -0.00525       -0.00220       -0.00068        0.00040        0.01013       -0.00000
    190 6C|4D-1             -0.01090       -0.00459       -0.00099       -0.00106        0.02336       -0.00000
    191 6C|3D0               0.00000        0.00000       -0.00000       -0.00000       -0.00000        0.00020
    192 6C|4D0               0.00000        0.00000       -0.00000       -0.00000       -0.00000       -0.00065
    193 6C|3D1              -0.00836       -0.00521       -0.00037        0.00200       -0.00031       -0.00000
    194 6C|4D1              -0.01860       -0.01031       -0.00099        0.00488       -0.00182        0.00000
    195 6C|3D2              -0.00000        0.00000        0.00000        0.00000        0.00000        0.00525
    196 6C|4D2               0.00000        0.00000       -0.00000       -0.00000       -0.00000        0.00516
    197 6C|4F-3             -0.00000       -0.00000        0.00000        0.00000       -0.00000        0.00137
    198 6C|4F-2             -0.00390       -0.00228       -0.00004        0.00017        0.00255       -0.00000
    199 6C|4F-1             -0.00000        0.00000        0.00000       -0.00000       -0.00000        0.00079
    200 6C|4F0               0.00094        0.00053       -0.00060        0.00205       -0.00000       -0.00000
    201 6C|4F1               0.00000        0.00000       -0.00000       -0.00000       -0.00000        0.00046
    202 6C|4F2               0.00190        0.00135       -0.00010       -0.00054        0.00131       -0.00000
    203 6C|4F3               0.00000        0.00000       -0.00000       -0.00000       -0.00000        0.00068
    204 7C|1S0              -0.00000       -0.00000       -0.00000        0.00000       -0.00000       -0.00534
    205 7C|2S0              -0.00000       -0.00000        0.00000        0.00000       -0.00000       -0.01180
    206 7C|3S0              -0.00000       -0.00000        0.00000        0.00000        0.00000       -0.02180
    207 7C|4S0               0.00000        0.00000       -0.00000       -0.00000       -0.00000       -0.01634
    208 7C|5S0               0.00000       -0.00000        0.00000        0.00000       -0.00000       -0.03886
    209 7C|2P-1              0.00000        0.00000        0.00000        0.00000       -0.00000        0.01735
    210 7C|3P-1              0.00000        0.00000       -0.00000       -0.00000       -0.00000        0.02012
    211 7C|4P-1             -0.00000        0.00000       -0.00000       -0.00000       -0.00000       -0.04202
    212 7C|2P0              -0.03180       -0.02160       -0.03695        0.13547       -0.03140       -0.00000
    213 7C|3P0              -0.02665       -0.01830       -0.03502        0.12571       -0.03129       -0.00000
    214 7C|4P0              -0.03764       -0.01266       -0.00702        0.08233        0.00371        0.00000
    215 7C|2P1              -0.00000        0.00000        0.00000        0.00000        0.00000       -0.02408
    216 7C|3P1               0.00000       -0.00000       -0.00000       -0.00000       -0.00000       -0.02532
    217 7C|4P1              -0.00000        0.00000       -0.00000       -0.00000       -0.00000       -0.00595
    218 7C|3D-2             -0.00000        0.00000        0.00000        0.00000        0.00000        0.00013
    219 7C|4D-2              0.00000        0.00000       -0.00000       -0.00000        0.00000        0.00403
    220 7C|3D-1              0.00525        0.00220       -0.00068        0.00040       -0.01013       -0.00000
    221 7C|4D-1              0.01090        0.00459       -0.00099       -0.00106       -0.02336       -0.00000
    222 7C|3D0              -0.00000       -0.00000        0.00000        0.00000        0.00000        0.00020
    223 7C|4D0              -0.00000       -0.00000        0.00000        0.00000        0.00000       -0.00065
    224 7C|3D1              -0.00836       -0.00521        0.00037       -0.00200       -0.00031       -0.00000
    225 7C|4D1              -0.01860       -0.01031        0.00099       -0.00488       -0.00182        0.00000
    226 7C|3D2               0.00000        0.00000        0.00000       -0.00000        0.00000        0.00525
    227 7C|4D2              -0.00000       -0.00000        0.00000        0.00000        0.00000        0.00516
    228 7C|4F-3             -0.00000       -0.00000        0.00000        0.00000       -0.00000       -0.00137
    229 7C|4F-2              0.00390        0.00228       -0.00004        0.00017       -0.00255        0.00000
    230 7C|4F-1             -0.00000        0.00000        0.00000        0.00000        0.00000       -0.00079
    231 7C|4F0               0.00094        0.00053        0.00060       -0.00205       -0.00000        0.00000
    232 7C|4F1              -0.00000        0.00000        0.00000        0.00000        0.00000        0.00046
    233 7C|4F2               0.00190        0.00135        0.00010        0.00054        0.00131        0.00000
    234 7C|4F3              -0.00000       -0.00000        0.00000        0.00000        0.00000        0.00068
    235 8C|1S0              -0.00000        0.00000        0.00000        0.00000       -0.00000       -0.00534
    236 8C|2S0              -0.00000       -0.00000        0.00000       -0.00000       -0.00000       -0.01180
    237 8C|3S0              -0.00000       -0.00000        0.00000       -0.00000        0.00000       -0.02180
    238 8C|4S0              -0.00000        0.00000       -0.00000        0.00000       -0.00000       -0.01634
    239 8C|5S0              -0.00000       -0.00000       -0.00000        0.00000       -0.00000       -0.03886
    240 8C|2P-1             -0.00000        0.00000       -0.00000        0.00000       -0.00000       -0.01735
    241 8C|3P-1              0.00000       -0.00000        0.00000       -0.00000        0.00000       -0.02012
    242 8C|4P-1              0.00000       -0.00000        0.00000       -0.00000        0.00000        0.04203
    243 8C|2P0               0.03181       -0.02160        0.03695        0.13547       -0.03140        0.00000
    244 8C|3P0               0.02665       -0.01830        0.03502        0.12571       -0.03129        0.00000
    245 8C|4P0               0.03764       -0.01265        0.00702        0.08233        0.00371        0.00000
    246 8C|2P1              -0.00000        0.00000       -0.00000        0.00000        0.00000        0.02408
    247 8C|3P1               0.00000       -0.00000        0.00000        0.00000        0.00000        0.02532
    248 8C|4P1              -0.00000       -0.00000        0.00000       -0.00000       -0.00000        0.00595
    249 8C|3D-2              0.00000       -0.00000        0.00000       -0.00000        0.00000        0.00013
    250 8C|4D-2             -0.00000        0.00000       -0.00000        0.00000       -0.00000        0.00403
    251 8C|3D-1              0.00525       -0.00220       -0.00068       -0.00040        0.01013        0.00000
    252 8C|4D-1              0.01090       -0.00459       -0.00099        0.00106        0.02336        0.00000
    253 8C|3D0               0.00000       -0.00000        0.00000        0.00000       -0.00000        0.00020
    254 8C|4D0              -0.00000       -0.00000        0.00000       -0.00000        0.00000       -0.00065
    255 8C|3D1              -0.00836        0.00521        0.00037        0.00200        0.00031       -0.00000
    256 8C|4D1              -0.01860        0.01031        0.00099        0.00488        0.00182       -0.00000
    257 8C|3D2              -0.00000        0.00000       -0.00000       -0.00000        0.00000        0.00525
    258 8C|4D2               0.00000       -0.00000        0.00000       -0.00000        0.00000        0.00516
    259 8C|4F-3             -0.00000        0.00000       -0.00000        0.00000       -0.00000        0.00137
    260 8C|4F-2             -0.00390        0.00228        0.00004        0.00017       -0.00255       -0.00000
    261 8C|4F-1             -0.00000        0.00000       -0.00000        0.00000       -0.00000        0.00079
    262 8C|4F0              -0.00094        0.00053       -0.00060       -0.00205       -0.00000       -0.00000
    263 8C|4F1               0.00000       -0.00000       -0.00000       -0.00000        0.00000       -0.00046
    264 8C|4F2              -0.00190        0.00135       -0.00010        0.00054        0.00131       -0.00000
    265 8C|4F3               0.00000        0.00000       -0.00000       -0.00000       -0.00000       -0.00068
    266 9C|1S0              -0.00000       -0.00000       -0.00000       -0.00000       -0.00000       -0.00534
    267 9C|2S0              -0.00000        0.00000       -0.00000       -0.00000       -0.00000       -0.01180
    268 9C|3S0              -0.00000        0.00000       -0.00000       -0.00000       -0.00000       -0.02180
    269 9C|4S0               0.00000       -0.00000        0.00000        0.00000       -0.00000       -0.01634
    270 9C|5S0              -0.00000        0.00000       -0.00000       -0.00000        0.00000       -0.03888
    271 9C|2P-1              0.00000       -0.00000       -0.00000       -0.00000        0.00000        0.01735
    272 9C|3P-1              0.00000        0.00000        0.00000        0.00000       -0.00000        0.02012
    273 9C|4P-1             -0.00000        0.00000       -0.00000       -0.00000        0.00000       -0.04202
    274 9C|2P0               0.03181       -0.02160       -0.03695       -0.13547       -0.03140        0.00000
    275 9C|3P0               0.02665       -0.01830       -0.03503       -0.12571       -0.03129       -0.00000
    276 9C|4P0               0.03764       -0.01265       -0.00702       -0.08233        0.00371        0.00000
    277 9C|2P1               0.00000       -0.00000        0.00000        0.00000        0.00000        0.02408
    278 9C|3P1               0.00000        0.00000       -0.00000       -0.00000        0.00000        0.02532
    279 9C|4P1               0.00000        0.00000       -0.00000        0.00000        0.00000        0.00594
    280 9C|3D-2             -0.00000        0.00000        0.00000       -0.00000       -0.00000       -0.00013
    281 9C|4D-2             -0.00000       -0.00000       -0.00000       -0.00000        0.00000       -0.00403
    282 9C|3D-1             -0.00525        0.00220       -0.00068       -0.00040       -0.01013        0.00000
    283 9C|4D-1             -0.01090        0.00459       -0.00099        0.00106       -0.02336        0.00000
    284 9C|3D0              -0.00000        0.00000       -0.00000       -0.00000        0.00000        0.00020
    285 9C|4D0              -0.00000        0.00000       -0.00000       -0.00000       -0.00000       -0.00065
    286 9C|3D1              -0.00836        0.00521       -0.00037       -0.00200        0.00031        0.00000
    287 9C|4D1              -0.01860        0.01031       -0.00099       -0.00488        0.00182       -0.00000
    288 9C|3D2               0.00000       -0.00000        0.00000       -0.00000        0.00000        0.00525
    289 9C|4D2              -0.00000        0.00000       -0.00000       -0.00000        0.00000        0.00516
    290 9C|4F-3             -0.00000        0.00000       -0.00000       -0.00000        0.00000       -0.00137
    291 9C|4F-2              0.00390       -0.00228        0.00004        0.00017        0.00255       -0.00000
    292 9C|4F-1             -0.00000       -0.00000       -0.00000       -0.00000        0.00000       -0.00079
    293 9C|4F0              -0.00094        0.00053        0.00060        0.00205       -0.00000       -0.00000
    294 9C|4F1              -0.00000       -0.00000        0.00000        0.00000       -0.00000       -0.00046
    295 9C|4F2              -0.00190        0.00135        0.00010       -0.00054        0.00131       -0.00000
    296 9C|4F3               0.00000       -0.00000        0.00000        0.00000       -0.00000       -0.00068
    297 10C|1S0             -0.00000        0.00000       -0.00000       -0.00000        0.00000        0.00520
    298 10C|2S0              0.00000        0.00000       -0.00000        0.00000       -0.00000        0.01149
    299 10C|3S0              0.00000        0.00000       -0.00000       -0.00000       -0.00000        0.02136
    300 10C|4S0             -0.00000       -0.00000        0.00000       -0.00000        0.00000        0.01525
    301 10C|5S0             -0.00000        0.00000       -0.00000        0.00000       -0.00000        0.02967
    302 10C|2P-1            -0.00000        0.00000       -0.00000        0.00000        0.00000        0.02506
    303 10C|3P-1             0.00000        0.00000        0.00000       -0.00000       -0.00000        0.02639
    304 10C|4P-1             0.00000       -0.00000        0.00000       -0.00000        0.00000        0.00403
    305 10C|2P0              0.05229        0.02076       -0.02810        0.14075       -0.02909       -0.00000
    306 10C|3P0              0.04901        0.01675       -0.02369        0.13056       -0.02942       -0.00000
    307 10C|4P0              0.01425        0.02045       -0.03635        0.08464        0.00400       -0.00000
    308 10C|2P1              0.00000        0.00000       -0.00000       -0.00000        0.00000        0.01724
    309 10C|3P1             -0.00000        0.00000       -0.00000        0.00000       -0.00000        0.01960
    310 10C|4P1             -0.00000        0.00000       -0.00000        0.00000       -0.00000       -0.03506
    311 10C|3D-2            -0.00000       -0.00000        0.00000        0.00000       -0.00000        0.00015
    312 10C|4D-2            -0.00000        0.00000        0.00000       -0.00000       -0.00000        0.00421
    313 10C|3D-1            -0.00059        0.00805       -0.00904       -0.00260       -0.00085       -0.00000
    314 10C|4D-1            -0.00108        0.01693       -0.02005       -0.00569       -0.00305       -0.00000
    315 10C|3D0              0.00000        0.00000       -0.00000        0.00000       -0.00000       -0.00020
    316 10C|4D0              0.00000        0.00000       -0.00000       -0.00000       -0.00000        0.00097
    317 10C|3D1             -0.00086        0.00346       -0.00482        0.00002        0.00928        0.00000
    318 10C|4D1             -0.00150        0.00671       -0.00986        0.00146        0.02193       -0.00000
    319 10C|3D2              0.00000       -0.00000        0.00000       -0.00000       -0.00000        0.00513
    320 10C|4D2              0.00000        0.00000        0.00000       -0.00000       -0.00000        0.00535
    321 10C|4F-3            -0.00000       -0.00000        0.00000       -0.00000       -0.00000        0.00065
    322 10C|4F-2            -0.00014        0.00342       -0.00391       -0.00019        0.00223       -0.00000
    323 10C|4F-1            -0.00000       -0.00000       -0.00000        0.00000        0.00000       -0.00044
    324 10C|4F0             -0.00089       -0.00073        0.00090       -0.00213        0.00007        0.00000
    325 10C|4F1              0.00000       -0.00000        0.00000       -0.00000        0.00000       -0.00076
    326 10C|4F2              0.00007        0.00187       -0.00199       -0.00077       -0.00142       -0.00000
    327 10C|4F3              0.00000        0.00000       -0.00000        0.00000       -0.00000        0.00135
    328 11C|1S0              0.00000       -0.00000        0.00000        0.00000       -0.00000        0.00520
    329 11C|2S0             -0.00000       -0.00000        0.00000       -0.00000       -0.00000        0.01149
    330 11C|3S0             -0.00000        0.00000        0.00000       -0.00000        0.00000        0.02136
    331 11C|4S0              0.00000       -0.00000        0.00000        0.00000       -0.00000        0.01525
    332 11C|5S0              0.00000       -0.00000        0.00000       -0.00000        0.00000        0.02966
    333 11C|2P-1             0.00000       -0.00000        0.00000        0.00000       -0.00000        0.02506
    334 11C|3P-1            -0.00000       -0.00000       -0.00000       -0.00000        0.00000        0.02639
    335 11C|4P-1            -0.00000        0.00000       -0.00000        0.00000       -0.00000        0.00403
    336 11C|2P0             -0.05229        0.02076       -0.02810       -0.14075       -0.02909       -0.00000
    337 11C|3P0             -0.04901        0.01674       -0.02369       -0.13056       -0.02942       -0.00000
    338 11C|4P0             -0.01425        0.02045       -0.03635       -0.08464        0.00400       -0.00000
    339 11C|2P1             -0.00000        0.00000       -0.00000        0.00000       -0.00000       -0.01724
    340 11C|3P1              0.00000       -0.00000        0.00000       -0.00000        0.00000       -0.01960
    341 11C|4P1             -0.00000        0.00000       -0.00000        0.00000       -0.00000        0.03506
    342 11C|3D-2            -0.00000        0.00000       -0.00000       -0.00000        0.00000       -0.00015
    343 11C|4D-2             0.00000       -0.00000        0.00000       -0.00000        0.00000       -0.00421
    344 11C|3D-1             0.00059        0.00805       -0.00904        0.00260       -0.00085       -0.00000
    345 11C|4D-1             0.00108        0.01693       -0.02005        0.00569       -0.00305       -0.00000
    346 11C|3D0             -0.00000        0.00000       -0.00000       -0.00000        0.00000       -0.00020
    347 11C|4D0             -0.00000        0.00000       -0.00000       -0.00000        0.00000        0.00097
    348 11C|3D1             -0.00086       -0.00346        0.00482        0.00002       -0.00928        0.00000
    349 11C|4D1             -0.00150       -0.00671        0.00986        0.00146       -0.02193        0.00000
    350 11C|3D2             -0.00000       -0.00000       -0.00000       -0.00000        0.00000        0.00513
    351 11C|4D2              0.00000       -0.00000       -0.00000       -0.00000        0.00000        0.00535
    352 11C|4F-3             0.00000       -0.00000       -0.00000        0.00000       -0.00000        0.00065
    353 11C|4F-2            -0.00014       -0.00342        0.00391       -0.00019       -0.00223        0.00000
    354 11C|4F-1             0.00000       -0.00000        0.00000       -0.00000        0.00000       -0.00044
    355 11C|4F0              0.00089       -0.00073        0.00090        0.00213        0.00007        0.00000
    356 11C|4F1             -0.00000        0.00000       -0.00000        0.00000       -0.00000        0.00076
    357 11C|4F2             -0.00007        0.00187       -0.00199        0.00077       -0.00142        0.00000
    358 11C|4F3              0.00000       -0.00000        0.00000        0.00000       -0.00000       -0.00135
    359 12C|1S0              0.00000        0.00000       -0.00000        0.00000       -0.00000        0.00520
    360 12C|2S0              0.00000        0.00000       -0.00000       -0.00000       -0.00000        0.01149
    361 12C|3S0              0.00000       -0.00000        0.00000       -0.00000        0.00000        0.02136
    362 12C|4S0             -0.00000        0.00000        0.00000        0.00000       -0.00000        0.01526
    363 12C|5S0             -0.00000        0.00000       -0.00000       -0.00000        0.00000        0.02966
    364 12C|2P-1             0.00000       -0.00000       -0.00000       -0.00000        0.00000       -0.02506
    365 12C|3P-1             0.00000        0.00000        0.00000        0.00000       -0.00000       -0.02639
    366 12C|4P-1            -0.00000        0.00000       -0.00000       -0.00000        0.00000       -0.00404
    367 12C|2P0              0.05229        0.02076        0.02810       -0.14075       -0.02909       -0.00000
    368 12C|3P0              0.04901        0.01675        0.02369       -0.13056       -0.02942        0.00000
    369 12C|4P0              0.01425        0.02045        0.03635       -0.08464        0.00400       -0.00000
    370 12C|2P1             -0.00000       -0.00000        0.00000        0.00000        0.00000        0.01724
    371 12C|3P1              0.00000        0.00000       -0.00000       -0.00000       -0.00000        0.01960
    372 12C|4P1             -0.00000        0.00000        0.00000        0.00000        0.00000       -0.03507
    373 12C|3D-2             0.00000        0.00000        0.00000        0.00000        0.00000       -0.00015
    374 12C|4D-2            -0.00000       -0.00000        0.00000        0.00000       -0.00000       -0.00421
    375 12C|3D-1             0.00059       -0.00805       -0.00904       -0.00260        0.00085       -0.00000
    376 12C|4D-1             0.00108       -0.01693       -0.02005       -0.00569        0.00305       -0.00000
    377 12C|3D0              0.00000       -0.00000        0.00000       -0.00000       -0.00000       -0.00020
    378 12C|4D0              0.00000       -0.00000        0.00000       -0.00000        0.00000        0.00097
    379 12C|3D1             -0.00086        0.00346        0.00482       -0.00002        0.00928       -0.00000
    380 12C|4D1             -0.00150        0.00671        0.00986       -0.00146        0.02193       -0.00000
    381 12C|3D2              0.00000       -0.00000       -0.00000        0.00000        0.00000        0.00513
    382 12C|4D2             -0.00000       -0.00000        0.00000        0.00000        0.00000        0.00535
    383 12C|4F-3             0.00000       -0.00000        0.00000       -0.00000        0.00000       -0.00065
    384 12C|4F-2             0.00014       -0.00342       -0.00391       -0.00019       -0.00223        0.00000
    385 12C|4F-1             0.00000       -0.00000       -0.00000       -0.00000       -0.00000        0.00044
    386 12C|4F0             -0.00089       -0.00073       -0.00090        0.00213        0.00007       -0.00000
    387 12C|4F1             -0.00000       -0.00000        0.00000        0.00000        0.00000       -0.00076
    388 12C|4F2              0.00007        0.00187        0.00199        0.00077       -0.00142        0.00000
    389 12C|4F3              0.00000       -0.00000       -0.00000       -0.00000        0.00000        0.00135
    390 13C|1S0              0.00000       -0.00000       -0.00000       -0.00000       -0.00000        0.00520
    391 13C|2S0             -0.00000        0.00000       -0.00000        0.00000       -0.00000        0.01149
    392 13C|3S0             -0.00000        0.00000       -0.00000        0.00000       -0.00000        0.02136
    393 13C|4S0              0.00000       -0.00000       -0.00000       -0.00000        0.00000        0.01525
    394 13C|5S0              0.00000       -0.00000        0.00000        0.00000       -0.00000        0.02967
    395 13C|2P-1            -0.00000        0.00000       -0.00000        0.00000       -0.00000       -0.02506
    396 13C|3P-1             0.00000       -0.00000        0.00000       -0.00000        0.00000       -0.02639
    397 13C|4P-1             0.00000       -0.00000       -0.00000        0.00000       -0.00000       -0.00403
    398 13C|2P0             -0.05229        0.02076        0.02810        0.14075       -0.02909       -0.00000
    399 13C|3P0             -0.04901        0.01674        0.02369        0.13056       -0.02942       -0.00000
    400 13C|4P0             -0.01425        0.02044        0.03635        0.08464        0.00400       -0.00000
    401 13C|2P1              0.00000        0.00000       -0.00000       -0.00000       -0.00000       -0.01724
    402 13C|3P1             -0.00000       -0.00000       -0.00000       -0.00000        0.00000       -0.01960
    403 13C|4P1             -0.00000        0.00000        0.00000       -0.00000        0.00000        0.03506
    404 13C|3D-2             0.00000       -0.00000       -0.00000       -0.00000       -0.00000        0.00015
    405 13C|4D-2             0.00000        0.00000        0.00000        0.00000       -0.00000        0.00421
    406 13C|3D-1            -0.00059       -0.00805       -0.00904        0.00260        0.00085        0.00000
    407 13C|4D-1            -0.00108       -0.01693       -0.02005        0.00569        0.00305       -0.00000
    408 13C|3D0             -0.00000       -0.00000        0.00000        0.00000        0.00000       -0.00020
    409 13C|4D0             -0.00000        0.00000        0.00000        0.00000       -0.00000        0.00097
    410 13C|3D1             -0.00086       -0.00346       -0.00482       -0.00002       -0.00928       -0.00000
    411 13C|4D1             -0.00150       -0.00671       -0.00986       -0.00146       -0.02193        0.00000
    412 13C|3D2             -0.00000        0.00000        0.00000        0.00000       -0.00000        0.00513
    413 13C|4D2             -0.00000        0.00000       -0.00000        0.00000        0.00000        0.00535
    414 13C|4F-3            -0.00000        0.00000       -0.00000        0.00000        0.00000       -0.00065
    415 13C|4F-2             0.00014        0.00342        0.00391       -0.00019        0.00223        0.00000
    416 13C|4F-1            -0.00000        0.00000       -0.00000        0.00000       -0.00000        0.00044
    417 13C|4F0              0.00089       -0.00073       -0.00090       -0.00213        0.00007        0.00000
    418 13C|4F1              0.00000        0.00000       -0.00000        0.00000       -0.00000        0.00076
    419 13C|4F2             -0.00007        0.00187        0.00199       -0.00077       -0.00142        0.00000
    420 13C|4F3              0.00000       -0.00000       -0.00000       -0.00000        0.00000       -0.00135
    421 14C|1S0             -0.00000       -0.00000       -0.00000        0.00000       -0.00000        0.00401
    422 14C|2S0              0.00000        0.00000       -0.00000       -0.00000        0.00000        0.00879
    423 14C|3S0             -0.00000       -0.00000       -0.00000        0.00000       -0.00000        0.01542
    424 14C|4S0              0.00000        0.00000        0.00000       -0.00000        0.00000        0.01740
    425 14C|5S0             -0.00000       -0.00000        0.00000        0.00000       -0.00000        0.02242
    426 14C|2P-1            -0.00000        0.00000       -0.00000       -0.00000       -0.00000       -0.00607
    427 14C|3P-1             0.00000        0.00000       -0.00000        0.00000       -0.00000       -0.00646
    428 14C|4P-1             0.00000       -0.00000        0.00000        0.00000        0.00000       -0.01729
    429 14C|2P0              0.14587        0.09290        0.01614       -0.07136        0.04104        0.00000
    430 14C|3P0              0.13449        0.08586        0.01493       -0.06405        0.03720        0.00000
    431 14C|4P0              0.09050        0.05488        0.01519       -0.06249        0.02153        0.00000
    432 14C|2P1              0.00000        0.00000       -0.00000        0.00000        0.00000        0.02408
    433 14C|3P1             -0.00000        0.00000        0.00000       -0.00000        0.00000        0.01580
    434 14C|4P1             -0.00000       -0.00000        0.00000        0.00000       -0.00000        0.00761
    435 14C|3D-2             0.00000       -0.00000       -0.00000        0.00000       -0.00000       -0.00077
    436 14C|4D-2             0.00000        0.00000       -0.00000       -0.00000        0.00000       -0.00101
    437 14C|3D-1             0.00555        0.00363       -0.00094        0.00392        0.00254        0.00000
    438 14C|4D-1             0.00741        0.00499       -0.00290        0.01277        0.00615        0.00000
    439 14C|3D0             -0.00000        0.00000        0.00000        0.00000       -0.00000        0.00031
    440 14C|4D0             -0.00000       -0.00000       -0.00000        0.00000        0.00000        0.00155
    441 14C|3D1             -0.00079       -0.00040        0.00094       -0.00379       -0.00018       -0.00000
    442 14C|4D1             -0.00373       -0.00269        0.00218       -0.00683       -0.00345        0.00000
    443 14C|3D2             -0.00000       -0.00000       -0.00000       -0.00000       -0.00000       -0.00101
    444 14C|4D2             -0.00000        0.00000        0.00000       -0.00000        0.00000       -0.00480
    445 14C|4F-3            -0.00000       -0.00000       -0.00000        0.00000        0.00000       -0.00064
    446 14C|4F-2             0.00055        0.00041       -0.00027        0.00097        0.00090       -0.00000
    447 14C|4F-1            -0.00000       -0.00000       -0.00000       -0.00000       -0.00000        0.00015
    448 14C|4F0             -0.00276       -0.00180       -0.00034        0.00119       -0.00064       -0.00000
    449 14C|4F1              0.00000       -0.00000       -0.00000        0.00000       -0.00000        0.00002
    450 14C|4F2             -0.00204       -0.00123        0.00050       -0.00221       -0.00029        0.00000
    451 14C|4F3              0.00000       -0.00000       -0.00000       -0.00000       -0.00000       -0.00084
    452 15C|1S0              0.00000        0.00000       -0.00000        0.00000        0.00000        0.00401
    453 15C|2S0             -0.00000       -0.00000        0.00000       -0.00000       -0.00000        0.00879
    454 15C|3S0             -0.00000        0.00000        0.00000       -0.00000        0.00000        0.01542
    455 15C|4S0             -0.00000       -0.00000       -0.00000        0.00000       -0.00000        0.01740
    456 15C|5S0             -0.00000        0.00000       -0.00000       -0.00000       -0.00000        0.02241
    457 15C|2P-1            -0.00000       -0.00000        0.00000        0.00000        0.00000        0.00607
    458 15C|3P-1             0.00000        0.00000       -0.00000       -0.00000       -0.00000        0.00646
    459 15C|4P-1             0.00000       -0.00000        0.00000        0.00000        0.00000        0.01729
    460 15C|2P0              0.14587        0.09290       -0.01614        0.07136        0.04104       -0.00000
    461 15C|3P0              0.13449        0.08586       -0.01493        0.06405        0.03720       -0.00000
    462 15C|4P0              0.09050        0.05488       -0.01519        0.06249        0.02153       -0.00000
    463 15C|2P1             -0.00000        0.00000        0.00000        0.00000        0.00000        0.02408
    464 15C|3P1              0.00000       -0.00000       -0.00000       -0.00000       -0.00000        0.01580
    465 15C|4P1             -0.00000        0.00000       -0.00000       -0.00000       -0.00000        0.00760
    466 15C|3D-2             0.00000       -0.00000       -0.00000       -0.00000       -0.00000        0.00077
    467 15C|4D-2             0.00000        0.00000       -0.00000       -0.00000       -0.00000        0.00101
    468 15C|3D-1            -0.00555       -0.00363       -0.00094        0.00392       -0.00254       -0.00000
    469 15C|4D-1            -0.00741       -0.00499       -0.00290        0.01277       -0.00615        0.00000
    470 15C|3D0              0.00000        0.00000       -0.00000       -0.00000        0.00000        0.00031
    471 15C|4D0              0.00000        0.00000        0.00000       -0.00000        0.00000        0.00155
    472 15C|3D1             -0.00079       -0.00040       -0.00094        0.00379       -0.00018       -0.00000
    473 15C|4D1             -0.00373       -0.00269       -0.00218        0.00683       -0.00345       -0.00000
    474 15C|3D2              0.00000        0.00000        0.00000        0.00000        0.00000       -0.00101
    475 15C|4D2              0.00000       -0.00000       -0.00000        0.00000       -0.00000       -0.00480
    476 15C|4F-3             0.00000       -0.00000       -0.00000       -0.00000       -0.00000        0.00064
    477 15C|4F-2            -0.00055       -0.00041       -0.00027        0.00097       -0.00090        0.00000
    478 15C|4F-1            -0.00000        0.00000       -0.00000       -0.00000        0.00000       -0.00015
    479 15C|4F0             -0.00276       -0.00180        0.00034       -0.00119       -0.00064        0.00000
    480 15C|4F1             -0.00000        0.00000        0.00000        0.00000        0.00000        0.00002
    481 15C|4F2             -0.00204       -0.00123       -0.00050        0.00221       -0.00029       -0.00000
    482 15C|4F3              0.00000       -0.00000        0.00000        0.00000       -0.00000       -0.00084
    483 16C|1S0              0.00000       -0.00000       -0.00000       -0.00000       -0.00000        0.00401
    484 16C|2S0             -0.00000        0.00000       -0.00000        0.00000        0.00000        0.00879
    485 16C|3S0             -0.00000        0.00000       -0.00000        0.00000       -0.00000        0.01542
    486 16C|4S0              0.00000       -0.00000        0.00000       -0.00000        0.00000        0.01740
    487 16C|5S0              0.00000        0.00000       -0.00000       -0.00000        0.00000        0.02240
    488 16C|2P-1            -0.00000        0.00000       -0.00000        0.00000       -0.00000       -0.00607
    489 16C|3P-1             0.00000       -0.00000        0.00000       -0.00000        0.00000       -0.00646
    490 16C|4P-1             0.00000        0.00000       -0.00000        0.00000        0.00000       -0.01729
    491 16C|2P0             -0.14587        0.09289        0.01614        0.07136        0.04104       -0.00000
    492 16C|3P0             -0.13450        0.08585        0.01493        0.06405        0.03720       -0.00000
    493 16C|4P0             -0.09051        0.05487        0.01519        0.06249        0.02153        0.00000
    494 16C|2P1              0.00000       -0.00000        0.00000       -0.00000       -0.00000       -0.02408
    495 16C|3P1             -0.00000        0.00000        0.00000        0.00000       -0.00000       -0.01580
    496 16C|4P1             -0.00000       -0.00000        0.00000        0.00000       -0.00000       -0.00760
    497 16C|3D-2            -0.00000       -0.00000       -0.00000       -0.00000        0.00000        0.00077
    498 16C|4D-2            -0.00000        0.00000       -0.00000        0.00000       -0.00000        0.00101
    499 16C|3D-1            -0.00555        0.00363       -0.00094       -0.00392        0.00254       -0.00000
    500 16C|4D-1            -0.00741        0.00499       -0.00290       -0.01277        0.00615       -0.00000
    501 16C|3D0             -0.00000        0.00000       -0.00000        0.00000       -0.00000        0.00031
    502 16C|4D0             -0.00000        0.00000       -0.00000        0.00000       -0.00000        0.00155
    503 16C|3D1             -0.00079        0.00040       -0.00094       -0.00379        0.00018       -0.00000
    504 16C|4D1             -0.00373        0.00269       -0.00218       -0.00683        0.00345       -0.00000
    505 16C|3D2             -0.00000        0.00000        0.00000        0.00000       -0.00000       -0.00101
    506 16C|4D2             -0.00000        0.00000       -0.00000        0.00000       -0.00000       -0.00480
    507 16C|4F-3            -0.00000        0.00000        0.00000        0.00000       -0.00000       -0.00064
    508 16C|4F-2             0.00055       -0.00041        0.00027        0.00097       -0.00090        0.00000
    509 16C|4F-1            -0.00000        0.00000       -0.00000        0.00000       -0.00000        0.00015
    510 16C|4F0              0.00276       -0.00180       -0.00034       -0.00119       -0.00064       -0.00000
    511 16C|4F1              0.00000       -0.00000       -0.00000       -0.00000        0.00000       -0.00002
    512 16C|4F2              0.00204       -0.00123        0.00050        0.00221       -0.00029        0.00000
    513 16C|4F3             -0.00000        0.00000       -0.00000        0.00000       -0.00000        0.00084
    514 17C|1S0              0.00000       -0.00000        0.00000        0.00000        0.00000        0.00401
    515 17C|2S0              0.00000        0.00000       -0.00000        0.00000        0.00000        0.00879
    516 17C|3S0              0.00000       -0.00000        0.00000       -0.00000        0.00000        0.01542
    517 17C|4S0             -0.00000        0.00000       -0.00000        0.00000       -0.00000        0.01740
    518 17C|5S0             -0.00000       -0.00000        0.00000        0.00000       -0.00000        0.02243
    519 17C|2P-1             0.00000       -0.00000       -0.00000       -0.00000       -0.00000        0.00607
    520 17C|3P-1             0.00000       -0.00000        0.00000       -0.00000        0.00000        0.00646
    521 17C|4P-1             0.00000        0.00000       -0.00000        0.00000        0.00000        0.01728
    522 17C|2P0             -0.14587        0.09289       -0.01614       -0.07136        0.04104       -0.00000
    523 17C|3P0             -0.13450        0.08585       -0.01493       -0.06405        0.03720       -0.00000
    524 17C|4P0             -0.09051        0.05487       -0.01519       -0.06249        0.02153       -0.00000
    525 17C|2P1             -0.00000        0.00000        0.00000        0.00000       -0.00000       -0.02408
    526 17C|3P1              0.00000       -0.00000       -0.00000        0.00000        0.00000       -0.01580
    527 17C|4P1              0.00000        0.00000       -0.00000       -0.00000        0.00000       -0.00761
    528 17C|3D-2             0.00000        0.00000       -0.00000       -0.00000        0.00000       -0.00077
    529 17C|4D-2            -0.00000        0.00000       -0.00000       -0.00000        0.00000       -0.00101
    530 17C|3D-1             0.00555       -0.00363       -0.00094       -0.00392       -0.00254       -0.00000
    531 17C|4D-1             0.00741       -0.00499       -0.00290       -0.01277       -0.00615        0.00000
    532 17C|3D0              0.00000       -0.00000        0.00000       -0.00000        0.00000        0.00031
    533 17C|4D0              0.00000       -0.00000        0.00000       -0.00000        0.00000        0.00155
    534 17C|3D1             -0.00079        0.00040        0.00094        0.00379        0.00018       -0.00000
    535 17C|4D1             -0.00373        0.00269        0.00218        0.00683        0.00345       -0.00000
    536 17C|3D2              0.00000       -0.00000       -0.00000       -0.00000        0.00000       -0.00101
    537 17C|4D2              0.00000       -0.00000        0.00000       -0.00000        0.00000       -0.00480
    538 17C|4F-3            -0.00000        0.00000        0.00000        0.00000       -0.00000        0.00064
    539 17C|4F-2            -0.00055        0.00041        0.00027        0.00097        0.00090        0.00000
    540 17C|4F-1            -0.00000        0.00000        0.00000        0.00000       -0.00000       -0.00015
    541 17C|4F0              0.00276       -0.00180        0.00034        0.00119       -0.00064       -0.00000
    542 17C|4F1             -0.00000        0.00000        0.00000       -0.00000       -0.00000       -0.00002
    543 17C|4F2              0.00204       -0.00123       -0.00050       -0.00221       -0.00029        0.00000
    544 17C|4F3              0.00000        0.00000        0.00000        0.00000       -0.00000        0.00084
    545 18C|1S0              0.00000       -0.00000        0.00000        0.00000       -0.00000       -0.00399
    546 18C|2S0             -0.00000        0.00000       -0.00000       -0.00000       -0.00000       -0.00875
    547 18C|3S0             -0.00000       -0.00000       -0.00000        0.00000        0.00000       -0.01563
    548 18C|4S0              0.00000        0.00000        0.00000       -0.00000       -0.00000       -0.01561
    549 18C|5S0              0.00000       -0.00000        0.00000       -0.00000        0.00000       -0.02173
    550 18C|2P-1            -0.00000       -0.00000        0.00000        0.00000        0.00000       -0.02307
    551 18C|3P-1             0.00000        0.00000        0.00000       -0.00000       -0.00000       -0.01377
    552 18C|4P-1             0.00000       -0.00000        0.00000       -0.00000        0.00000       -0.00731
    553 18C|2P0              0.02423       -0.13716        0.15149        0.08094        0.04670        0.00000
    554 18C|3P0              0.02209       -0.12697        0.14034        0.07229        0.04268        0.00000
    555 18C|4P0              0.02045       -0.08356        0.09625        0.06848        0.02567        0.00000
    556 18C|2P1              0.00000       -0.00000        0.00000       -0.00000       -0.00000        0.00491
    557 18C|3P1              0.00000       -0.00000        0.00000       -0.00000        0.00000        0.00512
    558 18C|4P1              0.00000       -0.00000        0.00000       -0.00000        0.00000        0.01497
    559 18C|3D-2            -0.00000       -0.00000       -0.00000        0.00000        0.00000        0.00097
    560 18C|4D-2            -0.00000       -0.00000       -0.00000        0.00000       -0.00000        0.00110
    561 18C|3D-1             0.00146        0.00028       -0.00060        0.00430       -0.00015       -0.00000
    562 18C|4D-1             0.00306        0.00304       -0.00370        0.00711       -0.00363       -0.00000
    563 18C|3D0             -0.00000       -0.00000       -0.00000       -0.00000        0.00000       -0.00028
    564 18C|4D0             -0.00000       -0.00000        0.00000        0.00000        0.00000       -0.00177
    565 18C|3D1             -0.00135       -0.00486        0.00535       -0.00421        0.00265        0.00000
    566 18C|4D1             -0.00416       -0.00706        0.00759       -0.01353        0.00629        0.00000
    567 18C|3D2             -0.00000       -0.00000        0.00000        0.00000        0.00000       -0.00104
    568 18C|4D2              0.00000       -0.00000        0.00000       -0.00000        0.00000       -0.00490
    569 18C|4F-3            -0.00000       -0.00000        0.00000        0.00000        0.00000       -0.00081
    570 18C|4F-2            -0.00039       -0.00058        0.00058       -0.00097        0.00092        0.00000
    571 18C|4F-1            -0.00000       -0.00000       -0.00000        0.00000        0.00000       -0.00005
    572 18C|4F0             -0.00050        0.00273       -0.00292       -0.00130       -0.00076        0.00000
    573 18C|4F1             -0.00000        0.00000       -0.00000        0.00000       -0.00000       -0.00014
    574 18C|4F2             -0.00075       -0.00172        0.00202       -0.00243        0.00035        0.00000
    575 18C|4F3              0.00000        0.00000       -0.00000       -0.00000       -0.00000       -0.00063
    576 19C|1S0             -0.00000        0.00000        0.00000       -0.00000       -0.00000       -0.00399
    577 19C|2S0              0.00000       -0.00000        0.00000       -0.00000       -0.00000       -0.00875
    578 19C|3S0              0.00000       -0.00000        0.00000       -0.00000       -0.00000       -0.01563
    579 19C|4S0             -0.00000        0.00000       -0.00000        0.00000        0.00000       -0.01561
    580 19C|5S0             -0.00000        0.00000       -0.00000        0.00000       -0.00000       -0.02173
    581 19C|2P-1             0.00000        0.00000        0.00000       -0.00000       -0.00000       -0.02307
    582 19C|3P-1            -0.00000        0.00000       -0.00000       -0.00000        0.00000       -0.01377
    583 19C|4P-1            -0.00000        0.00000       -0.00000        0.00000       -0.00000       -0.00731
    584 19C|2P0             -0.02423       -0.13716        0.15149       -0.08094        0.04670        0.00000
    585 19C|3P0             -0.02209       -0.12697        0.14034       -0.07229        0.04268        0.00000
    586 19C|4P0             -0.02045       -0.08356        0.09625       -0.06848        0.02567        0.00000
    587 19C|2P1             -0.00000        0.00000       -0.00000        0.00000        0.00000       -0.00491
    588 19C|3P1              0.00000       -0.00000       -0.00000       -0.00000        0.00000       -0.00512
    589 19C|4P1              0.00000       -0.00000        0.00000       -0.00000        0.00000       -0.01496
    590 19C|3D-2            -0.00000        0.00000       -0.00000        0.00000        0.00000       -0.00097
    591 19C|4D-2            -0.00000        0.00000       -0.00000       -0.00000       -0.00000       -0.00110
    592 19C|3D-1            -0.00146        0.00028       -0.00060       -0.00430       -0.00015       -0.00000
    593 19C|4D-1            -0.00306        0.00304       -0.00370       -0.00711       -0.00363       -0.00000
    594 19C|3D0              0.00000        0.00000       -0.00000        0.00000       -0.00000       -0.00028
    595 19C|4D0              0.00000       -0.00000        0.00000       -0.00000       -0.00000       -0.00177
    596 19C|3D1             -0.00135        0.00486       -0.00535       -0.00421       -0.00265       -0.00000
    597 19C|4D1             -0.00416        0.00706       -0.00759       -0.01353       -0.00629       -0.00000
    598 19C|3D2              0.00000       -0.00000        0.00000        0.00000       -0.00000       -0.00104
    599 19C|4D2              0.00000        0.00000        0.00000        0.00000       -0.00000       -0.00490
    600 19C|4F-3             0.00000       -0.00000        0.00000        0.00000       -0.00000       -0.00081
    601 19C|4F-2            -0.00039        0.00058       -0.00058       -0.00097       -0.00092        0.00000
    602 19C|4F-1             0.00000       -0.00000        0.00000        0.00000       -0.00000       -0.00005
    603 19C|4F0              0.00050        0.00273       -0.00292        0.00130       -0.00076        0.00000
    604 19C|4F1             -0.00000       -0.00000        0.00000        0.00000       -0.00000        0.00014
    605 19C|4F2              0.00075       -0.00172        0.00202        0.00243        0.00035        0.00000
    606 19C|4F3              0.00000       -0.00000        0.00000        0.00000       -0.00000        0.00063
    607 20C|1S0              0.00000       -0.00000        0.00000       -0.00000       -0.00000       -0.00399
    608 20C|2S0             -0.00000        0.00000        0.00000        0.00000       -0.00000       -0.00875
    609 20C|3S0             -0.00000        0.00000        0.00000        0.00000        0.00000       -0.01563
    610 20C|4S0              0.00000       -0.00000       -0.00000       -0.00000       -0.00000       -0.01561
    611 20C|5S0              0.00000       -0.00000        0.00000        0.00000       -0.00000       -0.02172
    612 20C|2P-1             0.00000       -0.00000       -0.00000       -0.00000        0.00000        0.02307
    613 20C|3P-1            -0.00000        0.00000        0.00000        0.00000       -0.00000        0.01377
    614 20C|4P-1            -0.00000        0.00000       -0.00000       -0.00000        0.00000        0.00731
    615 20C|2P0              0.02423       -0.13716       -0.15150       -0.08094        0.04670       -0.00000
    616 20C|3P0              0.02209       -0.12696       -0.14034       -0.07229        0.04268        0.00000
    617 20C|4P0              0.02045       -0.08356       -0.09625       -0.06848        0.02567        0.00000
    618 20C|2P1              0.00000       -0.00000       -0.00000       -0.00000        0.00000        0.00491
    619 20C|3P1             -0.00000        0.00000       -0.00000        0.00000       -0.00000        0.00512
    620 20C|4P1              0.00000       -0.00000        0.00000        0.00000       -0.00000        0.01497
    621 20C|3D-2             0.00000       -0.00000       -0.00000       -0.00000        0.00000       -0.00097
    622 20C|4D-2            -0.00000       -0.00000        0.00000        0.00000       -0.00000       -0.00110
    623 20C|3D-1            -0.00146       -0.00028       -0.00060        0.00430        0.00015        0.00000
    624 20C|4D-1            -0.00306       -0.00304       -0.00370        0.00711        0.00363       -0.00000
    625 20C|3D0             -0.00000        0.00000        0.00000        0.00000       -0.00000       -0.00028
    626 20C|4D0             -0.00000        0.00000       -0.00000        0.00000        0.00000       -0.00177
    627 20C|3D1             -0.00135       -0.00486       -0.00535        0.00421        0.00265       -0.00000
    628 20C|4D1             -0.00416       -0.00706       -0.00759        0.01353        0.00629        0.00000
    629 20C|3D2             -0.00000        0.00000       -0.00000        0.00000       -0.00000       -0.00104
    630 20C|4D2             -0.00000        0.00000        0.00000        0.00000       -0.00000       -0.00490
    631 20C|4F-3             0.00000        0.00000       -0.00000       -0.00000        0.00000        0.00081
    632 20C|4F-2             0.00039        0.00058        0.00058       -0.00097       -0.00092        0.00000
    633 20C|4F-1             0.00000       -0.00000        0.00000       -0.00000        0.00000        0.00005
    634 20C|4F0             -0.00050        0.00273        0.00292        0.00130       -0.00076       -0.00000
    635 20C|4F1              0.00000        0.00000        0.00000       -0.00000        0.00000       -0.00014
    636 20C|4F2             -0.00075       -0.00172       -0.00202        0.00243        0.00035       -0.00000
    637 20C|4F3             -0.00000        0.00000        0.00000        0.00000       -0.00000       -0.00063
    638 21C|1S0             -0.00000       -0.00000        0.00000        0.00000       -0.00000       -0.00399
    639 21C|2S0              0.00000       -0.00000       -0.00000        0.00000       -0.00000       -0.00875
    640 21C|3S0              0.00000       -0.00000       -0.00000       -0.00000       -0.00000       -0.01563
    641 21C|4S0             -0.00000        0.00000        0.00000        0.00000        0.00000       -0.01561
    642 21C|5S0             -0.00000        0.00000       -0.00000       -0.00000        0.00000       -0.02174
    643 21C|2P-1            -0.00000        0.00000       -0.00000        0.00000       -0.00000        0.02307
    644 21C|3P-1             0.00000       -0.00000        0.00000       -0.00000        0.00000        0.01377
    645 21C|4P-1             0.00000       -0.00000        0.00000        0.00000       -0.00000        0.00731
    646 21C|2P0             -0.02423       -0.13716       -0.15150        0.08094        0.04670       -0.00000
    647 21C|3P0             -0.02209       -0.12696       -0.14034        0.07229        0.04268        0.00000
    648 21C|4P0             -0.02045       -0.08356       -0.09625        0.06848        0.02567        0.00000
    649 21C|2P1              0.00000        0.00000        0.00000       -0.00000        0.00000       -0.00491
    650 21C|3P1             -0.00000        0.00000       -0.00000        0.00000       -0.00000       -0.00512
    651 21C|4P1              0.00000       -0.00000        0.00000        0.00000       -0.00000       -0.01496
    652 21C|3D-2             0.00000       -0.00000        0.00000        0.00000       -0.00000        0.00097
    653 21C|4D-2             0.00000       -0.00000        0.00000       -0.00000       -0.00000        0.00110
    654 21C|3D-1             0.00146       -0.00028       -0.00060       -0.00430        0.00015        0.00000
    655 21C|4D-1             0.00306       -0.00304       -0.00370       -0.00711        0.00363       -0.00000
    656 21C|3D0              0.00000       -0.00000        0.00000       -0.00000       -0.00000       -0.00028
    657 21C|4D0              0.00000       -0.00000       -0.00000       -0.00000        0.00000       -0.00177
    658 21C|3D1             -0.00135        0.00486        0.00535        0.00421       -0.00265        0.00000
    659 21C|4D1             -0.00416        0.00706        0.00759        0.01353       -0.00629        0.00000
    660 21C|3D2              0.00000       -0.00000        0.00000       -0.00000        0.00000       -0.00104
    661 21C|4D2              0.00000       -0.00000        0.00000       -0.00000        0.00000       -0.00490
    662 21C|4F-3            -0.00000        0.00000        0.00000        0.00000       -0.00000        0.00081
    663 21C|4F-2             0.00039       -0.00057       -0.00058       -0.00097        0.00092       -0.00000
    664 21C|4F-1            -0.00000        0.00000       -0.00000        0.00000       -0.00000        0.00005
    665 21C|4F0              0.00050        0.00273        0.00292       -0.00130       -0.00076       -0.00000
    666 21C|4F1              0.00000       -0.00000        0.00000       -0.00000        0.00000        0.00014
    667 21C|4F2              0.00075       -0.00172       -0.00202       -0.00243        0.00035       -0.00000
    668 21C|4F3              0.00000       -0.00000       -0.00000       -0.00000       -0.00000        0.00063
    669 22C|1S0             -0.00000       -0.00000        0.00000       -0.00000       -0.00000       -0.00004
    670 22C|2S0             -0.00000       -0.00000        0.00000        0.00000        0.00000       -0.00010
    671 22C|3S0             -0.00000       -0.00000        0.00000        0.00000        0.00000       -0.00047
    672 22C|4S0              0.00000        0.00000       -0.00000       -0.00000       -0.00000        0.00020
    673 22C|5S0             -0.00000        0.00000       -0.00000       -0.00000       -0.00000        0.01204
    674 22C|2P-1            -0.00000       -0.00000        0.00000        0.00000       -0.00000       -0.01179
    675 22C|3P-1             0.00000        0.00000       -0.00000       -0.00000        0.00000       -0.01488
    676 22C|4P-1            -0.00000        0.00000       -0.00000        0.00000       -0.00000        0.02393
    677 22C|2P0              0.03084       -0.00334        0.02220       -0.00415       -0.17046       -0.00000
    678 22C|3P0              0.02821       -0.00320        0.02003       -0.00350       -0.15672       -0.00000
    679 22C|4P0              0.03400       -0.00493        0.02865       -0.00181       -0.14233        0.00000
    680 22C|2P1              0.00000       -0.00000        0.00000       -0.00000        0.00000        0.01193
    681 22C|3P1             -0.00000        0.00000       -0.00000        0.00000       -0.00000        0.01550
    682 22C|4P1              0.00000        0.00000       -0.00000       -0.00000       -0.00000       -0.02046
    683 22C|3D-2             0.00000       -0.00000        0.00000        0.00000        0.00000        0.00001
    684 22C|4D-2            -0.00000        0.00000        0.00000        0.00000        0.00000        0.00003
    685 22C|3D-1            -0.00171       -0.00049        0.00084       -0.00598       -0.00119       -0.00000
    686 22C|4D-1            -0.00368       -0.00032        0.00133       -0.01564        0.00298        0.00000
    687 22C|3D0              0.00000       -0.00000        0.00000       -0.00000        0.00000        0.00000
    688 22C|4D0             -0.00000       -0.00000        0.00000        0.00000        0.00000       -0.00018
    689 22C|3D1              0.00123        0.00065       -0.00147        0.00586       -0.00081       -0.00000
    690 22C|4D1              0.00243        0.00087       -0.00277        0.01578        0.00318       -0.00000
    691 22C|3D2              0.00000        0.00000       -0.00000        0.00000        0.00000        0.00150
    692 22C|4D2             -0.00000        0.00000        0.00000        0.00000       -0.00000        0.00505
    693 22C|4F-3            -0.00000       -0.00000        0.00000        0.00000       -0.00000       -0.00016
    694 22C|4F-2            -0.00077        0.00017       -0.00067       -0.00003        0.00078        0.00000
    695 22C|4F-1            -0.00000        0.00000        0.00000        0.00000        0.00000        0.00015
    696 22C|4F0             -0.00069        0.00008       -0.00048        0.00002        0.00272        0.00000
    697 22C|4F1              0.00000       -0.00000       -0.00000       -0.00000        0.00000       -0.00020
    698 22C|4F2              0.00106        0.00104       -0.00091        0.00223       -0.00001       -0.00000
    699 22C|4F3              0.00000        0.00000       -0.00000       -0.00000        0.00000       -0.00012
    700 23C|1S0             -0.00000        0.00000       -0.00000        0.00000        0.00000       -0.00004
    701 23C|2S0             -0.00000        0.00000       -0.00000       -0.00000       -0.00000       -0.00010
    702 23C|3S0             -0.00000        0.00000       -0.00000       -0.00000       -0.00000       -0.00047
    703 23C|4S0             -0.00000       -0.00000        0.00000        0.00000        0.00000        0.00020
    704 23C|5S0             -0.00000        0.00000        0.00000        0.00000        0.00000        0.01203
    705 23C|2P-1            -0.00000       -0.00000        0.00000        0.00000        0.00000        0.01179
    706 23C|3P-1             0.00000        0.00000       -0.00000       -0.00000       -0.00000        0.01488
    707 23C|4P-1             0.00000       -0.00000       -0.00000       -0.00000       -0.00000       -0.02392
    708 23C|2P0              0.03084       -0.00334       -0.02220        0.00415       -0.17046        0.00000
    709 23C|3P0              0.02821       -0.00320       -0.02003        0.00350       -0.15672        0.00000
    710 23C|4P0              0.03400       -0.00493       -0.02865        0.00181       -0.14233        0.00000
    711 23C|2P1             -0.00000       -0.00000        0.00000        0.00000       -0.00000        0.01193
    712 23C|3P1              0.00000        0.00000       -0.00000       -0.00000       -0.00000        0.01550
    713 23C|4P1              0.00000        0.00000        0.00000        0.00000        0.00000       -0.02046
    714 23C|3D-2             0.00000        0.00000        0.00000        0.00000        0.00000       -0.00001
    715 23C|4D-2            -0.00000       -0.00000        0.00000        0.00000        0.00000       -0.00003
    716 23C|3D-1             0.00171        0.00049        0.00084       -0.00598        0.00119        0.00000
    717 23C|4D-1             0.00368        0.00032        0.00133       -0.01564       -0.00298       -0.00000
    718 23C|3D0             -0.00000       -0.00000       -0.00000       -0.00000        0.00000        0.00000
    719 23C|4D0              0.00000        0.00000       -0.00000       -0.00000       -0.00000       -0.00018
    720 23C|3D1              0.00123        0.00065        0.00147       -0.00586       -0.00081       -0.00000
    721 23C|4D1              0.00243        0.00087        0.00277       -0.01578        0.00318       -0.00000
    722 23C|3D2              0.00000       -0.00000       -0.00000       -0.00000        0.00000        0.00150
    723 23C|4D2              0.00000        0.00000       -0.00000       -0.00000       -0.00000        0.00505
    724 23C|4F-3             0.00000        0.00000        0.00000        0.00000        0.00000        0.00016
    725 23C|4F-2             0.00077       -0.00017       -0.00067       -0.00003       -0.00078        0.00000
    726 23C|4F-1            -0.00000       -0.00000        0.00000        0.00000        0.00000       -0.00015
    727 23C|4F0             -0.00069        0.00008        0.00048       -0.00002        0.00272       -0.00000
    728 23C|4F1             -0.00000       -0.00000        0.00000        0.00000        0.00000       -0.00020
    729 23C|4F2              0.00106        0.00104        0.00091       -0.00223       -0.00001       -0.00000
    730 23C|4F3             -0.00000       -0.00000        0.00000        0.00000        0.00000       -0.00012
    731 24C|1S0              0.00000       -0.00000        0.00000       -0.00000        0.00000       -0.00004
    732 24C|2S0              0.00000       -0.00000       -0.00000        0.00000        0.00000       -0.00010
    733 24C|3S0              0.00000        0.00000       -0.00000        0.00000       -0.00000       -0.00047
    734 24C|4S0             -0.00000       -0.00000        0.00000       -0.00000        0.00000        0.00020
    735 24C|5S0              0.00000       -0.00000        0.00000       -0.00000        0.00000        0.01205
    736 24C|2P-1            -0.00000        0.00000       -0.00000        0.00000       -0.00000       -0.01179
    737 24C|3P-1             0.00000       -0.00000        0.00000       -0.00000        0.00000       -0.01488
    738 24C|4P-1             0.00000       -0.00000        0.00000       -0.00000        0.00000        0.02393
    739 24C|2P0             -0.03084       -0.00334        0.02220        0.00415       -0.17046        0.00000
    740 24C|3P0             -0.02821       -0.00321        0.02003        0.00350       -0.15672        0.00000
    741 24C|4P0             -0.03400       -0.00494        0.02865        0.00181       -0.14233        0.00000
    742 24C|2P1             -0.00000        0.00000       -0.00000       -0.00000       -0.00000       -0.01193
    743 24C|3P1              0.00000       -0.00000        0.00000       -0.00000        0.00000       -0.01550
    744 24C|4P1             -0.00000        0.00000       -0.00000        0.00000        0.00000        0.02046
    745 24C|3D-2            -0.00000       -0.00000        0.00000       -0.00000        0.00000       -0.00001
    746 24C|4D-2            -0.00000       -0.00000        0.00000       -0.00000        0.00000       -0.00003
    747 24C|3D-1             0.00171       -0.00049        0.00084        0.00598       -0.00119        0.00000
    748 24C|4D-1             0.00368       -0.00032        0.00133        0.01564        0.00298        0.00000
    749 24C|3D0              0.00000        0.00000       -0.00000       -0.00000       -0.00000        0.00000
    750 24C|4D0              0.00000        0.00000       -0.00000        0.00000       -0.00000       -0.00018
    751 24C|3D1              0.00123       -0.00065        0.00147        0.00586        0.00081        0.00000
    752 24C|4D1              0.00243       -0.00087        0.00277        0.01578       -0.00318        0.00000
    753 24C|3D2             -0.00000        0.00000       -0.00000        0.00000        0.00000        0.00150
    754 24C|4D2             -0.00000        0.00000       -0.00000        0.00000       -0.00000        0.00505
    755 24C|4F-3             0.00000       -0.00000       -0.00000        0.00000       -0.00000       -0.00016
    756 24C|4F-2            -0.00077       -0.00017        0.00067       -0.00003       -0.00078       -0.00000
    757 24C|4F-1            -0.00000        0.00000       -0.00000        0.00000       -0.00000        0.00015
    758 24C|4F0              0.00069        0.00008       -0.00048       -0.00002        0.00272       -0.00000
    759 24C|4F1             -0.00000        0.00000       -0.00000       -0.00000       -0.00000        0.00020
    760 24C|4F2             -0.00106        0.00104       -0.00091       -0.00223       -0.00001       -0.00000
    761 24C|4F3              0.00000        0.00000       -0.00000        0.00000       -0.00000        0.00012
    762 25C|1S0              0.00000        0.00000        0.00000        0.00000        0.00000       -0.00004
    763 25C|2S0             -0.00000       -0.00000       -0.00000       -0.00000       -0.00000       -0.00010
    764 25C|3S0              0.00000       -0.00000        0.00000        0.00000        0.00000       -0.00047
    765 25C|4S0             -0.00000        0.00000       -0.00000       -0.00000       -0.00000        0.00020
    766 25C|5S0              0.00000       -0.00000       -0.00000        0.00000       -0.00000        0.01204
    767 25C|2P-1            -0.00000        0.00000       -0.00000       -0.00000        0.00000        0.01179
    768 25C|3P-1             0.00000        0.00000        0.00000        0.00000       -0.00000        0.01488
    769 25C|4P-1            -0.00000        0.00000       -0.00000       -0.00000        0.00000       -0.02393
    770 25C|2P0             -0.03084       -0.00334       -0.02220       -0.00415       -0.17046        0.00000
    771 25C|3P0             -0.02821       -0.00321       -0.02003       -0.00350       -0.15672       -0.00000
    772 25C|4P0             -0.03400       -0.00493       -0.02865       -0.00181       -0.14233        0.00000
    773 25C|2P1             -0.00000        0.00000        0.00000        0.00000       -0.00000       -0.01193
    774 25C|3P1              0.00000       -0.00000       -0.00000       -0.00000        0.00000       -0.01550
    775 25C|4P1             -0.00000       -0.00000        0.00000       -0.00000        0.00000        0.02046
    776 25C|3D-2             0.00000       -0.00000        0.00000        0.00000       -0.00000        0.00001
    777 25C|4D-2             0.00000       -0.00000        0.00000        0.00000        0.00000        0.00003
    778 25C|3D-1            -0.00171        0.00049        0.00084        0.00598        0.00119        0.00000
    779 25C|4D-1            -0.00368        0.00032        0.00133        0.01564       -0.00298        0.00000
    780 25C|3D0              0.00000       -0.00000        0.00000        0.00000        0.00000        0.00000
    781 25C|4D0              0.00000       -0.00000        0.00000        0.00000        0.00000       -0.00018
    782 25C|3D1              0.00123       -0.00065       -0.00147       -0.00586        0.00081        0.00000
    783 25C|4D1              0.00243       -0.00086       -0.00277       -0.01578       -0.00318        0.00000
    784 25C|3D2             -0.00000        0.00000        0.00000        0.00000       -0.00000        0.00150
    785 25C|4D2              0.00000        0.00000        0.00000        0.00000       -0.00000        0.00505
    786 25C|4F-3            -0.00000        0.00000       -0.00000       -0.00000       -0.00000        0.00016
    787 25C|4F-2             0.00077        0.00017        0.00067       -0.00003        0.00078        0.00000
    788 25C|4F-1            -0.00000       -0.00000       -0.00000       -0.00000        0.00000       -0.00015
    789 25C|4F0              0.00069        0.00008        0.00048        0.00002        0.00272        0.00000
    790 25C|4F1             -0.00000        0.00000        0.00000        0.00000       -0.00000        0.00020
    791 25C|4F2             -0.00106        0.00104        0.00091        0.00223       -0.00001       -0.00000
    792 25C|4F3              0.00000       -0.00000        0.00000        0.00000        0.00000        0.00012
    793 26H|1S0              0.00000       -0.00000       -0.00000       -0.00000        0.00000       -0.00596
    794 26H|2S0             -0.00000       -0.00000        0.00000        0.00000        0.00000       -0.01072
    795 26H|3S0              0.00000       -0.00000        0.00000        0.00000        0.00000       -0.02146
    796 26H|2P-1            -0.00000       -0.00000        0.00000        0.00000       -0.00000       -0.00098
    797 26H|2P0              0.00682        0.00426        0.00078       -0.00352        0.00149        0.00000
    798 26H|2P1             -0.00000       -0.00000        0.00000        0.00000        0.00000        0.00065
    799 27H|1S0              0.00000       -0.00000        0.00000        0.00000        0.00000       -0.00596
    800 27H|2S0             -0.00000        0.00000       -0.00000       -0.00000       -0.00000       -0.01072
    801 27H|3S0             -0.00000        0.00000       -0.00000       -0.00000       -0.00000       -0.02146
    802 27H|2P-1             0.00000       -0.00000        0.00000        0.00000       -0.00000        0.00098
    803 27H|2P0              0.00682        0.00426       -0.00078        0.00352        0.00149       -0.00000
    804 27H|2P1              0.00000        0.00000       -0.00000       -0.00000        0.00000        0.00065
    805 28H|1S0             -0.00000        0.00000        0.00000        0.00000       -0.00000       -0.00596
    806 28H|2S0             -0.00000        0.00000       -0.00000        0.00000        0.00000       -0.01072
    807 28H|3S0             -0.00000        0.00000       -0.00000       -0.00000        0.00000       -0.02146
    808 28H|2P-1            -0.00000        0.00000       -0.00000        0.00000        0.00000       -0.00098
    809 28H|2P0             -0.00682        0.00426        0.00078        0.00352        0.00149        0.00000
    810 28H|2P1              0.00000       -0.00000        0.00000       -0.00000       -0.00000       -0.00065
    811 29H|1S0             -0.00000        0.00000       -0.00000       -0.00000        0.00000       -0.00596
    812 29H|2S0             -0.00000       -0.00000        0.00000        0.00000       -0.00000       -0.01072
    813 29H|3S0             -0.00000       -0.00000        0.00000        0.00000       -0.00000       -0.02146
    814 29H|2P-1             0.00000        0.00000       -0.00000       -0.00000        0.00000        0.00098
    815 29H|2P0             -0.00682        0.00426       -0.00078       -0.00352        0.00149       -0.00000
    816 29H|2P1             -0.00000        0.00000       -0.00000        0.00000        0.00000       -0.00065
    817 30H|1S0             -0.00000        0.00000       -0.00000        0.00000       -0.00000        0.00629
    818 30H|2S0              0.00000       -0.00000        0.00000       -0.00000        0.00000        0.01113
    819 30H|3S0              0.00000       -0.00000        0.00000       -0.00000        0.00000        0.02151
    820 30H|2P-1            -0.00000        0.00000        0.00000       -0.00000        0.00000       -0.00057
    821 30H|2P0              0.00115       -0.00637        0.00715        0.00391        0.00175        0.00000
    822 30H|2P1              0.00000       -0.00000        0.00000       -0.00000        0.00000        0.00090
    823 31H|1S0              0.00000       -0.00000        0.00000       -0.00000        0.00000        0.00629
    824 31H|2S0             -0.00000        0.00000       -0.00000        0.00000       -0.00000        0.01113
    825 31H|3S0             -0.00000        0.00000       -0.00000        0.00000       -0.00000        0.02151
    826 31H|2P-1            -0.00000        0.00000       -0.00000        0.00000       -0.00000       -0.00057
    827 31H|2P0             -0.00115       -0.00637        0.00715       -0.00391        0.00175        0.00000
    828 31H|2P1             -0.00000       -0.00000        0.00000       -0.00000        0.00000       -0.00090
    829 32H|1S0             -0.00000       -0.00000       -0.00000        0.00000        0.00000        0.00629
    830 32H|2S0             -0.00000       -0.00000       -0.00000        0.00000       -0.00000        0.01113
    831 32H|3S0              0.00000       -0.00000        0.00000       -0.00000       -0.00000        0.02151
    832 32H|2P-1             0.00000        0.00000        0.00000        0.00000        0.00000        0.00057
    833 32H|2P0              0.00115       -0.00637       -0.00715       -0.00391        0.00175        0.00000
    834 32H|2P1             -0.00000       -0.00000       -0.00000        0.00000       -0.00000        0.00090
    835 33H|1S0              0.00000       -0.00000       -0.00000        0.00000       -0.00000        0.00629
    836 33H|2S0             -0.00000        0.00000       -0.00000       -0.00000        0.00000        0.01113
    837 33H|3S0             -0.00000        0.00000       -0.00000       -0.00000        0.00000        0.02151
    838 33H|2P-1             0.00000       -0.00000        0.00000       -0.00000        0.00000        0.00057
    839 33H|2P0             -0.00115       -0.00637       -0.00715        0.00391        0.00175        0.00000
    840 33H|2P1             -0.00000        0.00000        0.00000        0.00000       -0.00000       -0.00090
    841 34H|1S0              0.00000        0.00000       -0.00000        0.00000        0.00000       -0.00012
    842 34H|2S0             -0.00000       -0.00000        0.00000        0.00000       -0.00000       -0.00018
    843 34H|3S0             -0.00000        0.00000       -0.00000       -0.00000       -0.00000       -0.00004
    844 34H|2P-1             0.00000       -0.00000        0.00000        0.00000       -0.00000       -0.00028
    845 34H|2P0              0.00202       -0.00028        0.00159       -0.00015       -0.00834        0.00000
    846 34H|2P1             -0.00000       -0.00000        0.00000        0.00000       -0.00000        0.00028
    847 35H|1S0             -0.00000       -0.00000        0.00000        0.00000       -0.00000       -0.00012
    848 35H|2S0              0.00000       -0.00000        0.00000       -0.00000       -0.00000       -0.00018
    849 35H|3S0              0.00000       -0.00000        0.00000       -0.00000        0.00000       -0.00004
    850 35H|2P-1             0.00000       -0.00000        0.00000       -0.00000       -0.00000       -0.00028
    851 35H|2P0             -0.00202       -0.00028        0.00159        0.00015       -0.00834        0.00000
    852 35H|2P1             -0.00000        0.00000       -0.00000        0.00000        0.00000       -0.00028
    853 36H|1S0             -0.00000        0.00000       -0.00000       -0.00000       -0.00000       -0.00012
    854 36H|2S0              0.00000       -0.00000       -0.00000        0.00000       -0.00000       -0.00018
    855 36H|3S0              0.00000       -0.00000       -0.00000        0.00000       -0.00000       -0.00004
    856 36H|2P-1             0.00000        0.00000        0.00000        0.00000       -0.00000        0.00028
    857 36H|2P0             -0.00202       -0.00028       -0.00159       -0.00015       -0.00834        0.00000
    858 36H|2P1             -0.00000       -0.00000        0.00000       -0.00000        0.00000       -0.00028
    859 37H|1S0             -0.00000       -0.00000        0.00000       -0.00000       -0.00000       -0.00012
    860 37H|2S0             -0.00000        0.00000        0.00000        0.00000        0.00000       -0.00018
    861 37H|3S0             -0.00000        0.00000       -0.00000        0.00000        0.00000       -0.00004
    862 37H|2P-1             0.00000       -0.00000       -0.00000       -0.00000       -0.00000        0.00028
    863 37H|2P0              0.00202       -0.00028       -0.00159        0.00015       -0.00834        0.00000
    864 37H|2P1              0.00000        0.00000       -0.00000       -0.00000       -0.00000        0.00028
 
         Orbital                96             97             98             99            100            101
         Energy             -0.09480       -0.08452       -0.02931        0.03478        0.04432        0.05654
         Occ No.             0.00000        0.00000        0.00000        0.00000        0.00000        0.00000
      1 1Cu|1S0             -0.00000        0.00000       -0.00000       -0.00687        0.00000        0.00000
      2 1Cu|2S0             -0.00000       -0.00000        0.00000        0.02175       -0.00000       -0.00000
      3 1Cu|3S0             -0.00000        0.00000       -0.00000       -0.05100        0.00000        0.00000
      4 1Cu|4S0              0.00000        0.00000       -0.00000       -0.06362        0.00000        0.00000
      5 1Cu|5S0             -0.00000       -0.00000        0.00000       -0.50459       -0.00000       -0.00000
      6 1Cu|6S0             -0.00000       -0.00000       -0.00000        3.87380       -0.00000       -0.00000
      7 1Cu|2P-1            -0.00000        0.00000       -0.00000       -0.00000       -0.00000        0.00000
      8 1Cu|3P-1             0.00000       -0.00000       -0.00000        0.00000        0.00000       -0.00000
      9 1Cu|4P-1             0.00000       -0.00000        0.00000        0.00000        0.00000       -0.00000
     10 1Cu|5P-1             0.00000        0.00000        0.00000        0.00000       -0.00000        0.00000
     11 1Cu|6P-1             0.00000       -0.00000       -0.00000       -0.00000        0.00000        0.00000
     12 1Cu|2P0              0.00000        0.00000        0.00000       -0.00000        0.00050       -0.00000
     13 1Cu|3P0             -0.00000       -0.00000       -0.00000        0.00000       -0.00139        0.00000
     14 1Cu|4P0             -0.00000       -0.00000       -0.00000        0.00000       -0.00029        0.00000
     15 1Cu|5P0              0.00000        0.00000        0.00000       -0.00000        0.00142       -0.00000
     16 1Cu|6P0              0.00000        0.00000        0.00000       -0.00000        0.00147       -0.00000
     17 1Cu|2P1              0.00000       -0.00000        0.00000        0.00000       -0.00000        0.00000
     18 1Cu|3P1             -0.00000       -0.00000       -0.00000       -0.00000        0.00000       -0.00000
     19 1Cu|4P1              0.00000        0.00000        0.00000       -0.00000       -0.00000       -0.00000
     20 1Cu|5P1             -0.00000       -0.00000       -0.00000        0.00000        0.00000        0.00000
     21 1Cu|6P1             -0.00000        0.00000        0.00000        0.00000        0.00000       -0.00000
     22 1Cu|3D-2             0.00000        0.00000       -0.00000       -0.00000        0.00000        0.00000
     23 1Cu|4D-2            -0.00000        0.00000       -0.00000       -0.00000        0.00000        0.00000
     24 1Cu|5D-2             0.00000       -0.00000        0.00000        0.00000       -0.00000       -0.00000
     25 1Cu|6D-2            -0.00000        0.00000       -0.00000        0.00000        0.00000        0.00000
     26 1Cu|3D-1             0.00000       -0.04975       -0.00000       -0.00000        0.00000       -0.05175
     27 1Cu|4D-1             0.00000       -0.02768       -0.00000       -0.00000        0.00000       -0.02760
     28 1Cu|5D-1             0.00000       -0.00935       -0.00000       -0.00000        0.00000       -0.00714
     29 1Cu|6D-1            -0.00000        0.02089        0.00000        0.00000       -0.00000        0.09579
     30 1Cu|3D0              0.00000       -0.00000        0.00000       -0.09752        0.00000        0.00000
     31 1Cu|4D0              0.00000       -0.00000        0.00000       -0.05955        0.00000        0.00000
     32 1Cu|5D0              0.00000        0.00000       -0.00000        0.02147        0.00000       -0.00000
     33 1Cu|6D0              0.00000        0.00000       -0.00000       -0.69856        0.00000        0.00000
     34 1Cu|3D1              0.05275        0.00000        0.00000       -0.00000        0.00000       -0.00000
     35 1Cu|4D1              0.02950        0.00000        0.00000       -0.00000        0.00000       -0.00000
     36 1Cu|5D1              0.01002        0.00000        0.00000       -0.00000        0.00000       -0.00000
     37 1Cu|6D1             -0.02093       -0.00000       -0.00000        0.00000       -0.00000        0.00000
     38 1Cu|3D2              0.00000       -0.00000       -0.00000       -0.00251        0.00000       -0.00000
     39 1Cu|4D2              0.00000       -0.00000       -0.00000       -0.00134        0.00000       -0.00000
     40 1Cu|5D2             -0.00000       -0.00000       -0.00000       -0.00071        0.00000       -0.00000
     41 1Cu|6D2              0.00000       -0.00000        0.00000       -0.03274       -0.00000       -0.00000
     42 1Cu|4F-3            -0.00000       -0.00000        0.00000       -0.00000        0.00000       -0.00000
     43 1Cu|4F-2            -0.00000       -0.00000        0.00003       -0.00000       -0.00000        0.00000
     44 1Cu|4F-1             0.00000       -0.00000       -0.00000       -0.00000        0.00000        0.00000
     45 1Cu|4F0             -0.00000       -0.00000       -0.00000        0.00000       -0.00003       -0.00000
     46 1Cu|4F1              0.00000        0.00000        0.00000        0.00000       -0.00000       -0.00000
     47 1Cu|4F2             -0.00000        0.00000       -0.00000       -0.00000       -0.00198       -0.00000
     48 1Cu|4F3              0.00000       -0.00000        0.00000       -0.00000        0.00000       -0.00000
     49 2N|1S0               0.00000        0.00000        0.00000       -0.01595        0.00000        0.00000
     50 2N|2S0              -0.00000        0.00000        0.00000       -0.03743        0.00000        0.00000
     51 2N|3S0              -0.00000        0.00000       -0.00000       -0.07332        0.00000        0.00000
     52 2N|4S0               0.00000       -0.00000        0.00000       -0.04008       -0.00000       -0.00000
     53 2N|5S0              -0.00000       -0.00000        0.00000        0.14575       -0.00000       -0.00000
     54 2N|2P-1             -0.00000        0.00000        0.00000        0.00000        0.00000        0.00000
     55 2N|3P-1              0.00000        0.00000        0.00000        0.00000        0.00000       -0.00000
     56 2N|4P-1             -0.00000       -0.00000       -0.00000        0.00000       -0.00000       -0.00000
     57 2N|2P0               0.12009        0.00000        0.00000       -0.00000       -0.15040       -0.00000
     58 2N|3P0               0.10893        0.00000        0.00000       -0.00000       -0.13183       -0.00000
     59 2N|4P0               0.10926        0.00000        0.00000       -0.00000       -0.25628       -0.00000
     60 2N|2P1               0.00000       -0.00000        0.00000       -0.03513       -0.00000       -0.00000
     61 2N|3P1              -0.00000        0.00000       -0.00000       -0.06132        0.00000        0.00000
     62 2N|4P1               0.00000        0.00000       -0.00000       -0.23995        0.00000        0.00000
     63 2N|3D-2             -0.00000       -0.00000       -0.00000       -0.00000        0.00000       -0.00000
     64 2N|4D-2             -0.00000       -0.00000       -0.00000       -0.00000       -0.00000        0.00000
     65 2N|3D-1             -0.00000        0.00352        0.00141        0.00000       -0.00000        0.00510
     66 2N|4D-1             -0.00000        0.01107        0.00400        0.00000       -0.00000        0.01757
     67 2N|3D0              -0.00000       -0.00000        0.00000       -0.00036       -0.00000        0.00000
     68 2N|4D0              -0.00000        0.00000       -0.00000        0.00123        0.00000        0.00000
     69 2N|3D1              -0.00074       -0.00000        0.00000       -0.00000       -0.00153       -0.00000
     70 2N|4D1               0.00093        0.00000        0.00000       -0.00000       -0.00905       -0.00000
     71 2N|3D2              -0.00000        0.00000        0.00000        0.00074        0.00000       -0.00000
     72 2N|4D2              -0.00000        0.00000       -0.00000        0.00855       -0.00000        0.00000
     73 2N|4F-3              0.00000        0.00000        0.00000        0.00000        0.00000       -0.00000
     74 2N|4F-2              0.00000       -0.00205       -0.00114        0.00000        0.00000       -0.00196
     75 2N|4F-1             -0.00000       -0.00000       -0.00000       -0.00000       -0.00000        0.00000
     76 2N|4F0              -0.00057       -0.00000       -0.00000       -0.00000        0.00004       -0.00000
     77 2N|4F1               0.00000       -0.00000        0.00000        0.00054       -0.00000       -0.00000
     78 2N|4F2               0.00051        0.00000        0.00000       -0.00000       -0.00046       -0.00000
     79 2N|4F3               0.00000       -0.00000        0.00000        0.00028       -0.00000       -0.00000
     80 3N|1S0              -0.00000        0.00000       -0.00000       -0.01595        0.00000        0.00000
     81 3N|2S0               0.00000        0.00000       -0.00000       -0.03743        0.00000        0.00000
     82 3N|3S0               0.00000        0.00000        0.00000       -0.07332        0.00000        0.00000
     83 3N|4S0              -0.00000       -0.00000       -0.00000       -0.04008       -0.00000       -0.00000
     84 3N|5S0              -0.00000       -0.00000       -0.00000        0.14575       -0.00000       -0.00000
     85 3N|2P-1              0.00000        0.00000       -0.00000        0.00000       -0.00000        0.00000
     86 3N|3P-1             -0.00000        0.00000       -0.00000        0.00000        0.00000       -0.00000
     87 3N|4P-1              0.00000       -0.00000       -0.00000        0.00000        0.00000       -0.00000
     88 3N|2P0              -0.12009        0.00000       -0.00000       -0.00000       -0.15040       -0.00000
     89 3N|3P0              -0.10893        0.00000       -0.00000       -0.00000       -0.13183        0.00000
     90 3N|4P0              -0.10926        0.00000       -0.00000       -0.00000       -0.25628       -0.00000
     91 3N|2P1               0.00000        0.00000       -0.00000        0.03513       -0.00000       -0.00000
     92 3N|3P1              -0.00000       -0.00000       -0.00000        0.06132       -0.00000       -0.00000
     93 3N|4P1              -0.00000       -0.00000       -0.00000        0.23995       -0.00000       -0.00000
     94 3N|3D-2              0.00000        0.00000        0.00000        0.00000       -0.00000        0.00000
     95 3N|4D-2              0.00000        0.00000       -0.00000        0.00000        0.00000       -0.00000
     96 3N|3D-1              0.00000        0.00352       -0.00141        0.00000       -0.00000        0.00510
     97 3N|4D-1              0.00000        0.01107       -0.00400       -0.00000       -0.00000        0.01757
     98 3N|3D0              -0.00000        0.00000        0.00000       -0.00036       -0.00000        0.00000
     99 3N|4D0               0.00000        0.00000        0.00000        0.00123        0.00000        0.00000
    100 3N|3D1              -0.00074       -0.00000        0.00000        0.00000        0.00153        0.00000
    101 3N|4D1               0.00093       -0.00000        0.00000        0.00000        0.00905        0.00000
    102 3N|3D2              -0.00000       -0.00000        0.00000        0.00074        0.00000        0.00000
    103 3N|4D2               0.00000        0.00000        0.00000        0.00855       -0.00000        0.00000
    104 3N|4F-3              0.00000       -0.00000       -0.00000        0.00000        0.00000       -0.00000
    105 3N|4F-2              0.00000        0.00205       -0.00114        0.00000       -0.00000        0.00196
    106 3N|4F-1             -0.00000       -0.00000        0.00000       -0.00000       -0.00000        0.00000
    107 3N|4F0               0.00057        0.00000       -0.00000       -0.00000        0.00004       -0.00000
    108 3N|4F1               0.00000        0.00000        0.00000       -0.00054       -0.00000        0.00000
    109 3N|4F2              -0.00051        0.00000       -0.00000        0.00000       -0.00046       -0.00000
    110 3N|4F3               0.00000        0.00000        0.00000       -0.00028        0.00000        0.00000
    111 4N|1S0              -0.00000        0.00000       -0.00000       -0.01599        0.00000       -0.00000
    112 4N|2S0              -0.00000       -0.00000       -0.00000       -0.03752        0.00000       -0.00000
    113 4N|3S0              -0.00000       -0.00000        0.00000       -0.07350        0.00000       -0.00000
    114 4N|4S0               0.00000        0.00000       -0.00000       -0.04239       -0.00000        0.00000
    115 4N|5S0              -0.00000       -0.00000       -0.00000        0.18284       -0.00000       -0.00000
    116 4N|2P-1             -0.00000       -0.00000        0.00000        0.03591       -0.00000       -0.00000
    117 4N|3P-1              0.00000       -0.00000       -0.00000        0.06227       -0.00000        0.00000
    118 4N|4P-1             -0.00000        0.00000       -0.00000        0.26655       -0.00000        0.00000
    119 4N|2P0              -0.00000        0.11267        0.00000        0.00000        0.15110        0.09130
    120 4N|3P0              -0.00000        0.10210        0.00000        0.00000        0.13244        0.08546
    121 4N|4P0               0.00000        0.10566        0.00000        0.00000        0.25686        0.11378
    122 4N|2P1              -0.00000       -0.00000       -0.00000       -0.00000        0.00000       -0.00000
    123 4N|3P1               0.00000        0.00000        0.00000       -0.00000       -0.00000        0.00000
    124 4N|4P1               0.00000        0.00000        0.00000       -0.00000       -0.00000        0.00000
    125 4N|3D-2             -0.00000       -0.00000       -0.00000       -0.00000        0.00000       -0.00000
    126 4N|4D-2              0.00000        0.00000        0.00000       -0.00000       -0.00000        0.00000
    127 4N|3D-1             -0.00000        0.00060       -0.00000       -0.00000       -0.00148       -0.00192
    128 4N|4D-1             -0.00000       -0.00125       -0.00000       -0.00000       -0.00934       -0.01088
    129 4N|3D0               0.00000       -0.00000       -0.00000       -0.00029        0.00000        0.00000
    130 4N|4D0              -0.00000        0.00000        0.00000        0.00034        0.00000       -0.00000
    131 4N|3D1              -0.00344        0.00000       -0.00110        0.00000       -0.00000        0.00000
    132 4N|4D1              -0.01080        0.00000       -0.00302       -0.00000       -0.00000        0.00000
    133 4N|3D2               0.00000       -0.00000       -0.00000       -0.00082        0.00000       -0.00000
    134 4N|4D2               0.00000        0.00000        0.00000       -0.00938       -0.00000        0.00000
    135 4N|4F-3              0.00000       -0.00000       -0.00000        0.00026       -0.00000        0.00000
    136 4N|4F-2             -0.00201        0.00000       -0.00097       -0.00000       -0.00000        0.00000
    137 4N|4F-1             -0.00000        0.00000        0.00000       -0.00061        0.00000       -0.00000
    138 4N|4F0               0.00000       -0.00051        0.00000        0.00000       -0.00008        0.00042
    139 4N|4F1              -0.00000       -0.00000       -0.00000        0.00000        0.00000       -0.00000
    140 4N|4F2              -0.00000       -0.00054       -0.00000       -0.00000       -0.00056       -0.00018
    141 4N|4F3              -0.00000       -0.00000        0.00000        0.00000        0.00000       -0.00000
    142 5N|1S0              -0.00000        0.00000       -0.00000       -0.01599        0.00000        0.00000
    143 5N|2S0               0.00000        0.00000       -0.00000       -0.03752        0.00000        0.00000
    144 5N|3S0               0.00000        0.00000       -0.00000       -0.07350        0.00000        0.00000
    145 5N|4S0              -0.00000       -0.00000        0.00000       -0.04239       -0.00000       -0.00000
    146 5N|5S0              -0.00000       -0.00000       -0.00000        0.18284       -0.00000        0.00000
    147 5N|2P-1             -0.00000       -0.00000       -0.00000       -0.03591        0.00000       -0.00000
    148 5N|3P-1              0.00000        0.00000       -0.00000       -0.06227        0.00000       -0.00000
    149 5N|4P-1              0.00000        0.00000       -0.00000       -0.26655        0.00000        0.00000
    150 5N|2P0               0.00000       -0.11267       -0.00000        0.00000        0.15110       -0.09130
    151 5N|3P0               0.00000       -0.10210       -0.00000        0.00000        0.13244       -0.08546
    152 5N|4P0               0.00000       -0.10566       -0.00000        0.00000        0.25686       -0.11378
    153 5N|2P1              -0.00000       -0.00000        0.00000       -0.00000        0.00000       -0.00000
    154 5N|3P1               0.00000       -0.00000        0.00000       -0.00000        0.00000       -0.00000
    155 5N|4P1               0.00000        0.00000        0.00000       -0.00000       -0.00000       -0.00000
    156 5N|3D-2              0.00000       -0.00000        0.00000        0.00000        0.00000       -0.00000
    157 5N|4D-2             -0.00000        0.00000       -0.00000        0.00000       -0.00000        0.00000
    158 5N|3D-1             -0.00000        0.00060       -0.00000        0.00000        0.00148       -0.00192
    159 5N|4D-1              0.00000       -0.00125       -0.00000        0.00000        0.00934       -0.01088
    160 5N|3D0              -0.00000        0.00000        0.00000       -0.00029       -0.00000        0.00000
    161 5N|4D0               0.00000        0.00000       -0.00000        0.00034        0.00000        0.00000
    162 5N|3D1              -0.00344       -0.00000        0.00110       -0.00000       -0.00000        0.00000
    163 5N|4D1              -0.01080       -0.00000        0.00302        0.00000       -0.00000        0.00000
    164 5N|3D2               0.00000        0.00000       -0.00000       -0.00082       -0.00000        0.00000
    165 5N|4D2              -0.00000       -0.00000       -0.00000       -0.00938       -0.00000       -0.00000
    166 5N|4F-3              0.00000        0.00000        0.00000       -0.00026        0.00000        0.00000
    167 5N|4F-2              0.00201        0.00000       -0.00097       -0.00000        0.00000       -0.00000
    168 5N|4F-1             -0.00000       -0.00000        0.00000        0.00061       -0.00000       -0.00000
    169 5N|4F0              -0.00000        0.00051        0.00000       -0.00000       -0.00008       -0.00042
    170 5N|4F1              -0.00000        0.00000       -0.00000        0.00000       -0.00000        0.00000
    171 5N|4F2              -0.00000        0.00054        0.00000        0.00000       -0.00056        0.00018
    172 5N|4F3              -0.00000        0.00000       -0.00000        0.00000       -0.00000        0.00000
    173 6C|1S0               0.00000        0.00000        0.00000       -0.00125       -0.00000        0.00000
    174 6C|2S0              -0.00000       -0.00000       -0.00000       -0.00266       -0.00000        0.00000
    175 6C|3S0              -0.00000       -0.00000        0.00000       -0.00947       -0.00000        0.00000
    176 6C|4S0               0.00000        0.00000       -0.00000        0.03845        0.00000       -0.00000
    177 6C|5S0               0.00000       -0.00000        0.00000       -1.58732       -0.00000       -0.00000
    178 6C|2P-1              0.00000       -0.00000       -0.00000        0.02302       -0.00000       -0.00000
    179 6C|3P-1             -0.00000        0.00000       -0.00000       -0.03156       -0.00000        0.00000
    180 6C|4P-1              0.00000        0.00000       -0.00000        0.35928        0.00000        0.00000
    181 6C|2P0              -0.06027       -0.10652       -0.04988        0.00000        0.13241       -0.10421
    182 6C|3P0              -0.05716       -0.10053       -0.05190        0.00000        0.13282       -0.09777
    183 6C|4P0              -0.03657       -0.11145       -0.03262        0.00000        0.23881       -0.28994
    184 6C|2P1               0.00000        0.00000        0.00000        0.01154       -0.00000       -0.00000
    185 6C|3P1              -0.00000        0.00000        0.00000       -0.01566        0.00000       -0.00000
    186 6C|4P1              -0.00000       -0.00000       -0.00000       -0.80349        0.00000       -0.00000
    187 6C|3D-2             -0.00000       -0.00000        0.00000       -0.00312        0.00000       -0.00000
    188 6C|4D-2             -0.00000        0.00000       -0.00000       -0.03380        0.00000        0.00000
    189 6C|3D-1              0.00944       -0.00473       -0.00568       -0.00000       -0.00605        0.00152
    190 6C|4D-1              0.02233       -0.01341       -0.01500       -0.00000       -0.00836        0.00611
    191 6C|3D0              -0.00000       -0.00000        0.00000        0.00213       -0.00000        0.00000
    192 6C|4D0              -0.00000       -0.00000       -0.00000        0.01202       -0.00000        0.00000
    193 6C|3D1               0.00034        0.00520        0.00635       -0.00000       -0.00307       -0.00795
    194 6C|4D1               0.00022        0.01430        0.01711       -0.00000       -0.00650       -0.01945
    195 6C|3D2              -0.00000        0.00000        0.00000       -0.00249        0.00000       -0.00000
    196 6C|4D2               0.00000       -0.00000       -0.00000        0.03681       -0.00000        0.00000
    197 6C|4F-3              0.00000        0.00000        0.00000       -0.00016        0.00000       -0.00000
    198 6C|4F-2              0.00220       -0.00056       -0.00050       -0.00000       -0.00152       -0.00064
    199 6C|4F-1              0.00000       -0.00000        0.00000        0.00090       -0.00000       -0.00000
    200 6C|4F0               0.00006        0.00090        0.00041        0.00000        0.00100       -0.00054
    201 6C|4F1               0.00000       -0.00000       -0.00000        0.00231       -0.00000        0.00000
    202 6C|4F2               0.00142       -0.00275       -0.00307       -0.00000       -0.00074        0.00230
    203 6C|4F3              -0.00000       -0.00000       -0.00000        0.00012       -0.00000        0.00000
    204 7C|1S0              -0.00000       -0.00000       -0.00000       -0.00125       -0.00000       -0.00000
    205 7C|2S0              -0.00000       -0.00000        0.00000       -0.00266       -0.00000       -0.00000
    206 7C|3S0              -0.00000        0.00000        0.00000       -0.00947       -0.00000       -0.00000
    207 7C|4S0               0.00000       -0.00000       -0.00000        0.03845        0.00000        0.00000
    208 7C|5S0              -0.00000        0.00000        0.00000       -1.58732       -0.00000        0.00000
    209 7C|2P-1             -0.00000        0.00000       -0.00000       -0.02302        0.00000        0.00000
    210 7C|3P-1              0.00000       -0.00000        0.00000        0.03156        0.00000        0.00000
    211 7C|4P-1             -0.00000        0.00000        0.00000       -0.35927       -0.00000        0.00000
    212 7C|2P0              -0.06027        0.10652        0.04988        0.00000        0.13241        0.10422
    213 7C|3P0              -0.05716        0.10053        0.05190        0.00000        0.13282        0.09778
    214 7C|4P0              -0.03657        0.11145        0.03262        0.00000        0.23880        0.28994
    215 7C|2P1              -0.00000       -0.00000       -0.00000        0.01154       -0.00000       -0.00000
    216 7C|3P1               0.00000       -0.00000        0.00000       -0.01566        0.00000        0.00000
    217 7C|4P1               0.00000        0.00000        0.00000       -0.80349        0.00000        0.00000
    218 7C|3D-2              0.00000        0.00000       -0.00000        0.00312       -0.00000       -0.00000
    219 7C|4D-2              0.00000       -0.00000        0.00000        0.03380        0.00000        0.00000
    220 7C|3D-1             -0.00944       -0.00473       -0.00568        0.00000        0.00605        0.00152
    221 7C|4D-1             -0.02233       -0.01341       -0.01500        0.00000        0.00836        0.00611
    222 7C|3D0              -0.00000       -0.00000       -0.00000        0.00213       -0.00000       -0.00000
    223 7C|4D0              -0.00000        0.00000        0.00000        0.01202       -0.00000       -0.00000
    224 7C|3D1               0.00034       -0.00520       -0.00635        0.00000       -0.00307        0.00795
    225 7C|4D1               0.00022       -0.01430       -0.01711       -0.00000       -0.00650        0.01945
    226 7C|3D2              -0.00000       -0.00000       -0.00000       -0.00249       -0.00000        0.00000
    227 7C|4D2              -0.00000        0.00000        0.00000        0.03681       -0.00000       -0.00000
    228 7C|4F-3             -0.00000        0.00000        0.00000        0.00016       -0.00000       -0.00000
    229 7C|4F-2             -0.00220       -0.00056       -0.00050        0.00000        0.00152       -0.00064
    230 7C|4F-1             -0.00000        0.00000       -0.00000       -0.00090       -0.00000       -0.00000
    231 7C|4F0               0.00006       -0.00090       -0.00041        0.00000        0.00100        0.00054
    232 7C|4F1              -0.00000       -0.00000       -0.00000        0.00231       -0.00000       -0.00000
    233 7C|4F2               0.00142        0.00275        0.00307       -0.00000       -0.00074       -0.00230
    234 7C|4F3              -0.00000        0.00000        0.00000        0.00012       -0.00000       -0.00000
    235 8C|1S0               0.00000       -0.00000        0.00000       -0.00125        0.00000        0.00000
    236 8C|2S0              -0.00000        0.00000       -0.00000       -0.00266        0.00000        0.00000
    237 8C|3S0              -0.00000        0.00000       -0.00000       -0.00947        0.00000       -0.00000
    238 8C|4S0               0.00000        0.00000       -0.00000        0.03845       -0.00000        0.00000
    239 8C|5S0              -0.00000       -0.00000       -0.00000       -1.58732        0.00000        0.00000
    240 8C|2P-1             -0.00000       -0.00000        0.00000        0.02302       -0.00000       -0.00000
    241 8C|3P-1             -0.00000       -0.00000        0.00000       -0.03156        0.00000        0.00000
    242 8C|4P-1              0.00000        0.00000        0.00000        0.35928        0.00000       -0.00000
    243 8C|2P0               0.06027       -0.10652        0.04988        0.00000        0.13241       -0.10422
    244 8C|3P0               0.05716       -0.10053        0.05190        0.00000        0.13282       -0.09777
    245 8C|4P0               0.03657       -0.11145        0.03262        0.00000        0.23881       -0.28994
    246 8C|2P1               0.00000       -0.00000        0.00000       -0.01154        0.00000        0.00000
    247 8C|3P1              -0.00000       -0.00000        0.00000        0.01566       -0.00000        0.00000
    248 8C|4P1              -0.00000        0.00000        0.00000        0.80350       -0.00000       -0.00000
    249 8C|3D-2             -0.00000        0.00000        0.00000        0.00312       -0.00000       -0.00000
    250 8C|4D-2             -0.00000       -0.00000        0.00000        0.03380       -0.00000       -0.00000
    251 8C|3D-1             -0.00944       -0.00473        0.00568       -0.00000       -0.00605        0.00152
    252 8C|4D-1             -0.02233       -0.01341        0.01500       -0.00000       -0.00836        0.00611
    253 8C|3D0               0.00000       -0.00000        0.00000        0.00213        0.00000       -0.00000
    254 8C|4D0               0.00000       -0.00000       -0.00000        0.01202        0.00000       -0.00000
    255 8C|3D1               0.00034       -0.00520        0.00635        0.00000        0.00307        0.00795
    256 8C|4D1               0.00022       -0.01430        0.01711        0.00000        0.00650        0.01945
    257 8C|3D2               0.00000       -0.00000        0.00000       -0.00249       -0.00000        0.00000
    258 8C|4D2              -0.00000       -0.00000        0.00000        0.03681       -0.00000        0.00000
    259 8C|4F-3             -0.00000        0.00000        0.00000       -0.00016       -0.00000        0.00000
    260 8C|4F-2              0.00220        0.00056       -0.00050        0.00000        0.00152        0.00064
    261 8C|4F-1             -0.00000        0.00000       -0.00000        0.00090       -0.00000       -0.00000
    262 8C|4F0              -0.00006        0.00090       -0.00041       -0.00000        0.00100       -0.00054
    263 8C|4F1               0.00000        0.00000       -0.00000       -0.00231        0.00000       -0.00000
    264 8C|4F2              -0.00142       -0.00275        0.00307        0.00000       -0.00074        0.00230
    265 8C|4F3              -0.00000        0.00000       -0.00000       -0.00012       -0.00000        0.00000
    266 9C|1S0               0.00000       -0.00000        0.00000       -0.00125        0.00000       -0.00000
    267 9C|2S0               0.00000       -0.00000        0.00000       -0.00266        0.00000       -0.00000
    268 9C|3S0               0.00000       -0.00000       -0.00000       -0.00947       -0.00000       -0.00000
    269 9C|4S0              -0.00000        0.00000        0.00000        0.03845        0.00000        0.00000
    270 9C|5S0               0.00000       -0.00000       -0.00000       -1.58732       -0.00000        0.00000
    271 9C|2P-1              0.00000       -0.00000        0.00000       -0.02302        0.00000        0.00000
    272 9C|3P-1             -0.00000       -0.00000       -0.00000        0.03156        0.00000        0.00000
    273 9C|4P-1             -0.00000       -0.00000        0.00000       -0.35928       -0.00000        0.00000
    274 9C|2P0               0.06027        0.10652       -0.04988        0.00000        0.13241        0.10422
    275 9C|3P0               0.05716        0.10053       -0.05190        0.00000        0.13282        0.09777
    276 9C|4P0               0.03657        0.11145       -0.03262        0.00000        0.23880        0.28994
    277 9C|2P1              -0.00000        0.00000        0.00000       -0.01154        0.00000        0.00000
    278 9C|3P1               0.00000       -0.00000       -0.00000        0.01566       -0.00000       -0.00000
    279 9C|4P1               0.00000       -0.00000       -0.00000        0.80349       -0.00000       -0.00000
    280 9C|3D-2             -0.00000       -0.00000       -0.00000       -0.00312        0.00000        0.00000
    281 9C|4D-2              0.00000        0.00000        0.00000       -0.03380       -0.00000        0.00000
    282 9C|3D-1              0.00944       -0.00473        0.00568        0.00000        0.00605        0.00152
    283 9C|4D-1              0.02233       -0.01341        0.01500        0.00000        0.00836        0.00611
    284 9C|3D0              -0.00000       -0.00000       -0.00000        0.00213       -0.00000       -0.00000
    285 9C|4D0               0.00000        0.00000       -0.00000        0.01202       -0.00000       -0.00000
    286 9C|3D1               0.00034        0.00520       -0.00635        0.00000        0.00307       -0.00795
    287 9C|4D1               0.00022        0.01430       -0.01711        0.00000        0.00650       -0.01945
    288 9C|3D2              -0.00000        0.00000       -0.00000       -0.00249        0.00000       -0.00000
    289 9C|4D2               0.00000       -0.00000       -0.00000        0.03681       -0.00000       -0.00000
    290 9C|4F-3              0.00000       -0.00000       -0.00000        0.00016       -0.00000        0.00000
    291 9C|4F-2             -0.00220        0.00056       -0.00050       -0.00000       -0.00152        0.00064
    292 9C|4F-1              0.00000        0.00000        0.00000       -0.00090       -0.00000       -0.00000
    293 9C|4F0              -0.00006       -0.00090        0.00041       -0.00000        0.00100        0.00054
    294 9C|4F1               0.00000        0.00000        0.00000       -0.00231        0.00000        0.00000
    295 9C|4F2              -0.00142        0.00275       -0.00307       -0.00000       -0.00074       -0.00230
    296 9C|4F3              -0.00000       -0.00000        0.00000       -0.00012        0.00000        0.00000
    297 10C|1S0             -0.00000       -0.00000        0.00000       -0.00137        0.00000       -0.00000
    298 10C|2S0             -0.00000       -0.00000       -0.00000       -0.00298        0.00000       -0.00000
    299 10C|3S0             -0.00000        0.00000       -0.00000       -0.01043        0.00000        0.00000
    300 10C|4S0              0.00000       -0.00000        0.00000        0.03959       -0.00000       -0.00000
    301 10C|5S0             -0.00000       -0.00000       -0.00000       -1.52024        0.00000        0.00000
    302 10C|2P-1            -0.00000       -0.00000        0.00000        0.01085       -0.00000       -0.00000
    303 10C|3P-1             0.00000       -0.00000        0.00000       -0.02811        0.00000       -0.00000
    304 10C|4P-1             0.00000        0.00000        0.00000       -0.82888       -0.00000       -0.00000
    305 10C|2P0              0.10578        0.06014       -0.04227       -0.00000       -0.13313        0.10507
    306 10C|3P0              0.09897        0.05746       -0.04381       -0.00000       -0.13337        0.10615
    307 10C|4P0              0.10621        0.04092       -0.02283       -0.00000       -0.24005        0.13009
    308 10C|2P1             -0.00000       -0.00000       -0.00000        0.02391       -0.00000       -0.00000
    309 10C|3P1              0.00000        0.00000        0.00000       -0.02276        0.00000        0.00000
    310 10C|4P1             -0.00000        0.00000       -0.00000        0.31106        0.00000        0.00000
    311 10C|3D-2             0.00000       -0.00000       -0.00000       -0.00305       -0.00000        0.00000
    312 10C|4D-2             0.00000       -0.00000        0.00000       -0.03277        0.00000        0.00000
    313 10C|3D-1            -0.00527       -0.00013        0.00630        0.00000        0.00279       -0.00168
    314 10C|4D-1            -0.01391        0.00053        0.01662       -0.00000        0.00507       -0.00970
    315 10C|3D0             -0.00000       -0.00000       -0.00000        0.00203       -0.00000        0.00000
    316 10C|4D0             -0.00000        0.00000        0.00000        0.01291        0.00000        0.00000
    317 10C|3D1              0.00458       -0.00896       -0.00548        0.00000        0.00633       -0.00328
    318 10C|4D1              0.01268       -0.02180       -0.01454        0.00000        0.00997       -0.00451
    319 10C|3D2             -0.00000        0.00000        0.00000        0.00262        0.00000        0.00000
    320 10C|4D2              0.00000       -0.00000       -0.00000       -0.04221        0.00000       -0.00000
    321 10C|4F-3             0.00000       -0.00000        0.00000       -0.00018        0.00000       -0.00000
    322 10C|4F-2             0.00052       -0.00206       -0.00050        0.00000        0.00156       -0.00076
    323 10C|4F-1            -0.00000        0.00000       -0.00000        0.00248       -0.00000        0.00000
    324 10C|4F0             -0.00093       -0.00007        0.00033       -0.00000       -0.00100        0.00066
    325 10C|4F1             -0.00000       -0.00000       -0.00000        0.00078       -0.00000       -0.00000
    326 10C|4F2             -0.00273        0.00147        0.00301       -0.00000       -0.00083        0.00121
    327 10C|4F3             -0.00000        0.00000        0.00000        0.00025        0.00000        0.00000
    328 11C|1S0              0.00000       -0.00000       -0.00000       -0.00137        0.00000       -0.00000
    329 11C|2S0             -0.00000        0.00000       -0.00000       -0.00298        0.00000       -0.00000
    330 11C|3S0              0.00000       -0.00000        0.00000       -0.01043       -0.00000       -0.00000
    331 11C|4S0             -0.00000        0.00000       -0.00000        0.03959        0.00000        0.00000
    332 11C|5S0              0.00000        0.00000        0.00000       -1.52025       -0.00000       -0.00000
    333 11C|2P-1             0.00000       -0.00000        0.00000        0.01085       -0.00000       -0.00000
    334 11C|3P-1            -0.00000        0.00000       -0.00000       -0.02811       -0.00000        0.00000
    335 11C|4P-1            -0.00000       -0.00000       -0.00000       -0.82888        0.00000        0.00000
    336 11C|2P0             -0.10578        0.06014        0.04227       -0.00000       -0.13313        0.10507
    337 11C|3P0             -0.09897        0.05746        0.04381       -0.00000       -0.13337        0.10616
    338 11C|4P0             -0.10621        0.04092        0.02283       -0.00000       -0.24006        0.13010
    339 11C|2P1              0.00000        0.00000       -0.00000       -0.02391        0.00000        0.00000
    340 11C|3P1             -0.00000        0.00000       -0.00000        0.02276       -0.00000       -0.00000
    341 11C|4P1             -0.00000       -0.00000       -0.00000       -0.31106        0.00000        0.00000
    342 11C|3D-2             0.00000       -0.00000        0.00000        0.00305       -0.00000       -0.00000
    343 11C|4D-2            -0.00000       -0.00000        0.00000        0.03277        0.00000       -0.00000
    344 11C|3D-1             0.00527       -0.00013       -0.00630        0.00000        0.00279       -0.00168
    345 11C|4D-1             0.01391        0.00053       -0.01662        0.00000        0.00507       -0.00970
    346 11C|3D0             -0.00000        0.00000        0.00000        0.00203       -0.00000       -0.00000
    347 11C|4D0             -0.00000       -0.00000        0.00000        0.01291       -0.00000        0.00000
    348 11C|3D1              0.00458        0.00896       -0.00548       -0.00000       -0.00633        0.00328
    349 11C|4D1              0.01268        0.02180       -0.01454       -0.00000       -0.00997        0.00451
    350 11C|3D2              0.00000        0.00000        0.00000        0.00262       -0.00000       -0.00000
    351 11C|4D2             -0.00000        0.00000       -0.00000       -0.04221        0.00000        0.00000
    352 11C|4F-3             0.00000        0.00000       -0.00000       -0.00018        0.00000        0.00000
    353 11C|4F-2             0.00052        0.00206       -0.00050       -0.00000       -0.00156        0.00076
    354 11C|4F-1             0.00000       -0.00000        0.00000        0.00248        0.00000       -0.00000
    355 11C|4F0              0.00093       -0.00007       -0.00033       -0.00000       -0.00100        0.00066
    356 11C|4F1              0.00000        0.00000        0.00000       -0.00078       -0.00000        0.00000
    357 11C|4F2              0.00273        0.00147       -0.00301        0.00000       -0.00083        0.00121
    358 11C|4F3              0.00000        0.00000       -0.00000       -0.00025        0.00000       -0.00000
    359 12C|1S0             -0.00000        0.00000       -0.00000       -0.00137        0.00000        0.00000
    360 12C|2S0             -0.00000       -0.00000       -0.00000       -0.00298        0.00000        0.00000
    361 12C|3S0              0.00000       -0.00000       -0.00000       -0.01043        0.00000       -0.00000
    362 12C|4S0             -0.00000        0.00000        0.00000        0.03959       -0.00000        0.00000
    363 12C|5S0              0.00000        0.00000       -0.00000       -1.52025        0.00000       -0.00000
    364 12C|2P-1             0.00000       -0.00000        0.00000       -0.01085        0.00000       -0.00000
    365 12C|3P-1             0.00000        0.00000        0.00000        0.02811       -0.00000       -0.00000
    366 12C|4P-1             0.00000       -0.00000       -0.00000        0.82888        0.00000       -0.00000
    367 12C|2P0              0.10578       -0.06014        0.04227       -0.00000       -0.13312       -0.10507
    368 12C|3P0              0.09897       -0.05746        0.04381       -0.00000       -0.13337       -0.10616
    369 12C|4P0              0.10621       -0.04092        0.02283       -0.00000       -0.24005       -0.13010
    370 12C|2P1             -0.00000        0.00000        0.00000        0.02391       -0.00000        0.00000
    371 12C|3P1              0.00000       -0.00000        0.00000       -0.02276        0.00000       -0.00000
    372 12C|4P1              0.00000       -0.00000       -0.00000        0.31105        0.00000       -0.00000
    373 12C|3D-2             0.00000       -0.00000        0.00000        0.00305        0.00000       -0.00000
    374 12C|4D-2            -0.00000        0.00000       -0.00000        0.03277       -0.00000        0.00000
    375 12C|3D-1             0.00527       -0.00013        0.00630       -0.00000       -0.00279       -0.00168
    376 12C|4D-1             0.01391        0.00053        0.01662        0.00000       -0.00507       -0.00970
    377 12C|3D0              0.00000       -0.00000       -0.00000        0.00203       -0.00000       -0.00000
    378 12C|4D0              0.00000       -0.00000        0.00000        0.01291        0.00000       -0.00000
    379 12C|3D1              0.00458        0.00896        0.00548        0.00000        0.00633        0.00328
    380 12C|4D1              0.01268        0.02180        0.01454        0.00000        0.00997        0.00451
    381 12C|3D2              0.00000       -0.00000       -0.00000        0.00262       -0.00000        0.00000
    382 12C|4D2             -0.00000        0.00000       -0.00000       -0.04221       -0.00000        0.00000
    383 12C|4F-3             0.00000       -0.00000       -0.00000        0.00018        0.00000       -0.00000
    384 12C|4F-2            -0.00052       -0.00206       -0.00050       -0.00000       -0.00156       -0.00076
    385 12C|4F-1             0.00000       -0.00000       -0.00000       -0.00248        0.00000        0.00000
    386 12C|4F0             -0.00093        0.00007       -0.00033       -0.00000       -0.00100       -0.00066
    387 12C|4F1             -0.00000       -0.00000       -0.00000        0.00078       -0.00000        0.00000
    388 12C|4F2             -0.00273       -0.00147       -0.00301       -0.00000       -0.00083       -0.00121
    389 12C|4F3              0.00000       -0.00000       -0.00000        0.00025        0.00000       -0.00000
    390 13C|1S0              0.00000        0.00000        0.00000       -0.00137        0.00000        0.00000
    391 13C|2S0             -0.00000       -0.00000       -0.00000       -0.00298        0.00000       -0.00000
    392 13C|3S0              0.00000        0.00000       -0.00000       -0.01043        0.00000       -0.00000
    393 13C|4S0              0.00000       -0.00000        0.00000        0.03959       -0.00000        0.00000
    394 13C|5S0             -0.00000       -0.00000        0.00000       -1.52024        0.00000        0.00000
    395 13C|2P-1            -0.00000       -0.00000        0.00000       -0.01085        0.00000       -0.00000
    396 13C|3P-1            -0.00000        0.00000       -0.00000        0.02811       -0.00000        0.00000
    397 13C|4P-1            -0.00000        0.00000        0.00000        0.82888        0.00000       -0.00000
    398 13C|2P0             -0.10578       -0.06014       -0.04227       -0.00000       -0.13312       -0.10507
    399 13C|3P0             -0.09897       -0.05746       -0.04381       -0.00000       -0.13337       -0.10615
    400 13C|4P0             -0.10621       -0.04092       -0.02283       -0.00000       -0.24005       -0.13009
    401 13C|2P1             -0.00000       -0.00000       -0.00000       -0.02391        0.00000       -0.00000
    402 13C|3P1              0.00000       -0.00000        0.00000        0.02276       -0.00000        0.00000
    403 13C|4P1             -0.00000       -0.00000       -0.00000       -0.31106       -0.00000       -0.00000
    404 13C|3D-2            -0.00000       -0.00000       -0.00000       -0.00305        0.00000        0.00000
    405 13C|4D-2            -0.00000        0.00000       -0.00000       -0.03278        0.00000       -0.00000
    406 13C|3D-1            -0.00527       -0.00013       -0.00630       -0.00000       -0.00279       -0.00168
    407 13C|4D-1            -0.01391        0.00053       -0.01662       -0.00000       -0.00507       -0.00970
    408 13C|3D0              0.00000        0.00000        0.00000        0.00203       -0.00000        0.00000
    409 13C|4D0              0.00000        0.00000       -0.00000        0.01291        0.00000       -0.00000
    410 13C|3D1              0.00458       -0.00896        0.00548       -0.00000       -0.00633       -0.00328
    411 13C|4D1              0.01268       -0.02180        0.01454       -0.00000       -0.00997       -0.00451
    412 13C|3D2             -0.00000       -0.00000       -0.00000        0.00262       -0.00000       -0.00000
    413 13C|4D2              0.00000       -0.00000        0.00000       -0.04221        0.00000       -0.00000
    414 13C|4F-3             0.00000        0.00000       -0.00000        0.00018       -0.00000       -0.00000
    415 13C|4F-2            -0.00052        0.00206       -0.00050        0.00000        0.00156        0.00076
    416 13C|4F-1             0.00000       -0.00000        0.00000       -0.00248        0.00000       -0.00000
    417 13C|4F0              0.00093        0.00007        0.00033       -0.00000       -0.00100       -0.00066
    418 13C|4F1             -0.00000        0.00000       -0.00000       -0.00078        0.00000       -0.00000
    419 13C|4F2              0.00273       -0.00147        0.00301       -0.00000       -0.00083       -0.00121
    420 13C|4F3             -0.00000       -0.00000        0.00000       -0.00025       -0.00000        0.00000
    421 14C|1S0             -0.00000        0.00000        0.00000       -0.00597        0.00000       -0.00000
    422 14C|2S0              0.00000       -0.00000       -0.00000       -0.01216        0.00000       -0.00000
    423 14C|3S0              0.00000       -0.00000        0.00000       -0.00176        0.00000       -0.00000
    424 14C|4S0             -0.00000        0.00000        0.00000       -0.21584        0.00000        0.00000
    425 14C|5S0             -0.00000       -0.00000       -0.00000       -0.34075        0.00000        0.00000
    426 14C|2P-1            -0.00000        0.00000        0.00000        0.01162       -0.00000       -0.00000
    427 14C|3P-1             0.00000        0.00000       -0.00000        0.01407       -0.00000        0.00000
    428 14C|4P-1            -0.00000       -0.00000       -0.00000        0.08104       -0.00000       -0.00000
    429 14C|2P0              0.04114       -0.11752       -0.13195       -0.00000       -0.05288        0.16431
    430 14C|3P0              0.03775       -0.10775       -0.12388       -0.00000       -0.04487        0.14518
    431 14C|4P0              0.03478       -0.13881       -0.20747       -0.00000       -0.11498        0.49348
    432 14C|2P1              0.00000       -0.00000       -0.00000        0.00947       -0.00000       -0.00000
    433 14C|3P1             -0.00000       -0.00000        0.00000       -0.06210        0.00000       -0.00000
    434 14C|4P1             -0.00000       -0.00000       -0.00000        0.01675       -0.00000        0.00000
    435 14C|3D-2             0.00000        0.00000       -0.00000        0.00258       -0.00000       -0.00000
    436 14C|4D-2             0.00000        0.00000       -0.00000        0.02374       -0.00000        0.00000
    437 14C|3D-1             0.00287        0.00562        0.00596       -0.00000       -0.00425       -0.00707
    438 14C|4D-1             0.00858        0.01846        0.01852       -0.00000       -0.01122       -0.02122
    439 14C|3D0              0.00000       -0.00000       -0.00000        0.00230       -0.00000       -0.00000
    440 14C|4D0              0.00000       -0.00000        0.00000       -0.00277        0.00000       -0.00000
    441 14C|3D1             -0.00146       -0.00369       -0.00216        0.00000        0.00557       -0.00313
    442 14C|4D1             -0.00636       -0.00278        0.00117        0.00000        0.01876       -0.01199
    443 14C|3D2             -0.00000       -0.00000        0.00000        0.00064        0.00000       -0.00000
    444 14C|4D2             -0.00000       -0.00000        0.00000       -0.00809        0.00000       -0.00000
    445 14C|4F-3             0.00000       -0.00000       -0.00000        0.00070       -0.00000       -0.00000
    446 14C|4F-2             0.00106        0.00042       -0.00022       -0.00000       -0.00116        0.00159
    447 14C|4F-1            -0.00000       -0.00000        0.00000        0.00001        0.00000       -0.00000
    448 14C|4F0             -0.00025        0.00094        0.00051       -0.00000       -0.00024        0.00078
    449 14C|4F1              0.00000        0.00000       -0.00000        0.00098       -0.00000       -0.00000
    450 14C|4F2             -0.00060       -0.00293       -0.00255        0.00000        0.00175        0.00141
    451 14C|4F3             -0.00000        0.00000        0.00000        0.00034        0.00000        0.00000
    452 15C|1S0              0.00000        0.00000       -0.00000       -0.00597        0.00000        0.00000
    453 15C|2S0             -0.00000       -0.00000       -0.00000       -0.01216        0.00000        0.00000
    454 15C|3S0             -0.00000       -0.00000       -0.00000       -0.00176       -0.00000        0.00000
    455 15C|4S0             -0.00000       -0.00000        0.00000       -0.21584        0.00000       -0.00000
    456 15C|5S0              0.00000        0.00000        0.00000       -0.34075        0.00000        0.00000
    457 15C|2P-1            -0.00000        0.00000        0.00000       -0.01162        0.00000        0.00000
    458 15C|3P-1             0.00000        0.00000       -0.00000       -0.01407       -0.00000        0.00000
    459 15C|4P-1            -0.00000       -0.00000       -0.00000       -0.08104        0.00000       -0.00000
    460 15C|2P0              0.04114        0.11752        0.13195       -0.00000       -0.05288       -0.16431
    461 15C|3P0              0.03775        0.10775        0.12388       -0.00000       -0.04486       -0.14519
    462 15C|4P0              0.03478        0.13881        0.20747       -0.00000       -0.11498       -0.49349
    463 15C|2P1             -0.00000        0.00000        0.00000        0.00947       -0.00000       -0.00000
    464 15C|3P1              0.00000        0.00000        0.00000       -0.06210        0.00000        0.00000
    465 15C|4P1              0.00000        0.00000        0.00000        0.01675        0.00000       -0.00000
    466 15C|3D-2            -0.00000       -0.00000        0.00000       -0.00258       -0.00000        0.00000
    467 15C|4D-2             0.00000        0.00000        0.00000       -0.02374        0.00000        0.00000
    468 15C|3D-1            -0.00287        0.00562        0.00596        0.00000        0.00425       -0.00707
    469 15C|4D-1            -0.00858        0.01846        0.01852        0.00000        0.01122       -0.02122
    470 15C|3D0              0.00000        0.00000        0.00000        0.00230       -0.00000       -0.00000
    471 15C|4D0             -0.00000        0.00000       -0.00000       -0.00277       -0.00000        0.00000
    472 15C|3D1             -0.00146        0.00369        0.00216        0.00000        0.00557        0.00313
    473 15C|4D1             -0.00636        0.00278       -0.00117        0.00000        0.01876        0.01199
    474 15C|3D2              0.00000        0.00000        0.00000        0.00064       -0.00000       -0.00000
    475 15C|4D2              0.00000        0.00000        0.00000       -0.00809       -0.00000        0.00000
    476 15C|4F-3            -0.00000       -0.00000        0.00000       -0.00070        0.00000       -0.00000
    477 15C|4F-2            -0.00106        0.00042       -0.00022        0.00000        0.00116        0.00159
    478 15C|4F-1            -0.00000       -0.00000        0.00000       -0.00001        0.00000       -0.00000
    479 15C|4F0             -0.00025       -0.00094       -0.00051        0.00000       -0.00024       -0.00078
    480 15C|4F1             -0.00000       -0.00000       -0.00000        0.00098       -0.00000       -0.00000
    481 15C|4F2             -0.00060        0.00293        0.00255        0.00000        0.00175       -0.00141
    482 15C|4F3             -0.00000        0.00000        0.00000        0.00034       -0.00000       -0.00000
    483 16C|1S0              0.00000        0.00000       -0.00000       -0.00597        0.00000       -0.00000
    484 16C|2S0             -0.00000       -0.00000        0.00000       -0.01216        0.00000       -0.00000
    485 16C|3S0             -0.00000       -0.00000        0.00000       -0.00176       -0.00000        0.00000
    486 16C|4S0              0.00000        0.00000       -0.00000       -0.21584        0.00000       -0.00000
    487 16C|5S0              0.00000       -0.00000       -0.00000       -0.34076       -0.00000        0.00000
    488 16C|2P-1             0.00000       -0.00000        0.00000        0.01162       -0.00000        0.00000
    489 16C|3P-1            -0.00000        0.00000       -0.00000        0.01407        0.00000       -0.00000
    490 16C|4P-1            -0.00000       -0.00000       -0.00000        0.08104       -0.00000        0.00000
    491 16C|2P0             -0.04114       -0.11752        0.13195       -0.00000       -0.05288        0.16431
    492 16C|3P0             -0.03775       -0.10775        0.12388       -0.00000       -0.04487        0.14519
    493 16C|4P0             -0.03478       -0.13881        0.20747       -0.00000       -0.11498        0.49349
    494 16C|2P1              0.00000        0.00000       -0.00000       -0.00947        0.00000       -0.00000
    495 16C|3P1             -0.00000       -0.00000        0.00000        0.06210       -0.00000        0.00000
    496 16C|4P1             -0.00000        0.00000        0.00000       -0.01675        0.00000       -0.00000
    497 16C|3D-2            -0.00000        0.00000       -0.00000       -0.00258        0.00000        0.00000
    498 16C|4D-2             0.00000       -0.00000        0.00000       -0.02374        0.00000       -0.00000
    499 16C|3D-1            -0.00287        0.00562       -0.00596       -0.00000       -0.00425       -0.00707
    500 16C|4D-1            -0.00858        0.01846       -0.01852       -0.00000       -0.01122       -0.02122
    501 16C|3D0             -0.00000       -0.00000        0.00000        0.00230       -0.00000       -0.00000
    502 16C|4D0             -0.00000       -0.00000        0.00000       -0.00277       -0.00000        0.00000
    503 16C|3D1             -0.00146        0.00369       -0.00216       -0.00000       -0.00557        0.00313
    504 16C|4D1             -0.00636        0.00278        0.00117       -0.00000       -0.01876        0.01199
    505 16C|3D2              0.00000       -0.00000        0.00000        0.00064       -0.00000        0.00000
    506 16C|4D2              0.00000       -0.00000        0.00000       -0.00809        0.00000       -0.00000
    507 16C|4F-3            -0.00000       -0.00000        0.00000        0.00070       -0.00000        0.00000
    508 16C|4F-2             0.00106       -0.00042       -0.00022       -0.00000        0.00116       -0.00159
    509 16C|4F-1             0.00000       -0.00000        0.00000        0.00001       -0.00000        0.00000
    510 16C|4F0              0.00025        0.00094       -0.00051        0.00000       -0.00024        0.00078
    511 16C|4F1              0.00000        0.00000       -0.00000       -0.00098        0.00000       -0.00000
    512 16C|4F2              0.00060       -0.00293        0.00255        0.00000        0.00175        0.00141
    513 16C|4F3             -0.00000       -0.00000        0.00000       -0.00034       -0.00000        0.00000
    514 17C|1S0              0.00000       -0.00000        0.00000       -0.00597        0.00000        0.00000
    515 17C|2S0             -0.00000        0.00000       -0.00000       -0.01216        0.00000        0.00000
    516 17C|3S0             -0.00000        0.00000       -0.00000       -0.00176        0.00000       -0.00000
    517 17C|4S0              0.00000       -0.00000        0.00000       -0.21584       -0.00000        0.00000
    518 17C|5S0             -0.00000        0.00000        0.00000       -0.34074        0.00000       -0.00000
    519 17C|2P-1             0.00000        0.00000       -0.00000       -0.01162        0.00000       -0.00000
    520 17C|3P-1            -0.00000        0.00000       -0.00000       -0.01407        0.00000       -0.00000
    521 17C|4P-1             0.00000        0.00000       -0.00000       -0.08104       -0.00000        0.00000
    522 17C|2P0             -0.04114        0.11752       -0.13195       -0.00000       -0.05288       -0.16431
    523 17C|3P0             -0.03775        0.10775       -0.12388       -0.00000       -0.04486       -0.14519
    524 17C|4P0             -0.03478        0.13881       -0.20747       -0.00000       -0.11498       -0.49349
    525 17C|2P1              0.00000       -0.00000        0.00000       -0.00947        0.00000        0.00000
    526 17C|3P1              0.00000        0.00000       -0.00000        0.06210       -0.00000       -0.00000
    527 17C|4P1              0.00000       -0.00000       -0.00000       -0.01676       -0.00000        0.00000
    528 17C|3D-2             0.00000        0.00000       -0.00000        0.00258       -0.00000       -0.00000
    529 17C|4D-2             0.00000       -0.00000        0.00000        0.02374       -0.00000        0.00000
    530 17C|3D-1             0.00287        0.00562       -0.00596        0.00000        0.00425       -0.00707
    531 17C|4D-1             0.00858        0.01846       -0.01852       -0.00000        0.01122       -0.02122
    532 17C|3D0             -0.00000        0.00000       -0.00000        0.00230        0.00000       -0.00000
    533 17C|4D0             -0.00000        0.00000       -0.00000       -0.00277        0.00000       -0.00000
    534 17C|3D1             -0.00146       -0.00369        0.00216       -0.00000       -0.00557       -0.00313
    535 17C|4D1             -0.00636       -0.00278       -0.00117       -0.00000       -0.01876       -0.01199
    536 17C|3D2              0.00000        0.00000       -0.00000        0.00064        0.00000       -0.00000
    537 17C|4D2             -0.00000        0.00000       -0.00000       -0.00809        0.00000       -0.00000
    538 17C|4F-3             0.00000       -0.00000        0.00000       -0.00070       -0.00000        0.00000
    539 17C|4F-2            -0.00106       -0.00042       -0.00022       -0.00000       -0.00116       -0.00159
    540 17C|4F-1            -0.00000       -0.00000        0.00000       -0.00001       -0.00000        0.00000
    541 17C|4F0              0.00025       -0.00094        0.00051       -0.00000       -0.00024       -0.00078
    542 17C|4F1              0.00000       -0.00000        0.00000       -0.00098        0.00000        0.00000
    543 17C|4F2              0.00060        0.00293       -0.00255       -0.00000        0.00175       -0.00141
    544 17C|4F3             -0.00000       -0.00000        0.00000       -0.00034        0.00000       -0.00000
    545 18C|1S0              0.00000        0.00000       -0.00000       -0.00607        0.00000        0.00000
    546 18C|2S0             -0.00000        0.00000        0.00000       -0.01244        0.00000        0.00000
    547 18C|3S0              0.00000       -0.00000       -0.00000       -0.00222       -0.00000       -0.00000
    548 18C|4S0             -0.00000        0.00000        0.00000       -0.22996        0.00000        0.00000
    549 18C|5S0              0.00000        0.00000        0.00000       -0.36917       -0.00000       -0.00000
    550 18C|2P-1             0.00000        0.00000       -0.00000        0.00961       -0.00000       -0.00000
    551 18C|3P-1             0.00000       -0.00000        0.00000       -0.06903        0.00000       -0.00000
    552 18C|4P-1             0.00000        0.00000        0.00000        0.02167       -0.00000       -0.00000
    553 18C|2P0              0.11567       -0.04334       -0.12585        0.00000        0.05572       -0.04327
    554 18C|3P0              0.10526       -0.04014       -0.11793        0.00000        0.04766       -0.03803
    555 18C|4P0              0.12680       -0.03954       -0.19114        0.00000        0.12464       -0.08525
    556 18C|2P1              0.00000       -0.00000       -0.00000        0.01109       -0.00000       -0.00000
    557 18C|3P1             -0.00000        0.00000        0.00000        0.01535       -0.00000        0.00000
    558 18C|4P1              0.00000        0.00000        0.00000        0.09051       -0.00000       -0.00000
    559 18C|3D-2             0.00000        0.00000       -0.00000        0.00274       -0.00000       -0.00000
    560 18C|4D-2            -0.00000       -0.00000        0.00000        0.02608        0.00000        0.00000
    561 18C|3D-1             0.00391        0.00160       -0.00206       -0.00000       -0.00581        0.00433
    562 18C|4D-1             0.00282        0.00683        0.00168       -0.00000       -0.01919        0.01779
    563 18C|3D0              0.00000        0.00000        0.00000        0.00243       -0.00000       -0.00000
    564 18C|4D0              0.00000       -0.00000       -0.00000       -0.00260       -0.00000       -0.00000
    565 18C|3D1             -0.00527       -0.00293        0.00533        0.00000        0.00439       -0.00348
    566 18C|4D1             -0.01724       -0.00891        0.01657        0.00000        0.01176       -0.00799
    567 18C|3D2             -0.00000        0.00000        0.00000       -0.00062       -0.00000        0.00000
    568 18C|4D2             -0.00000        0.00000        0.00000        0.00922       -0.00000        0.00000
    569 18C|4F-3            -0.00000       -0.00000        0.00000       -0.00038       -0.00000        0.00000
    570 18C|4F-2            -0.00038       -0.00111       -0.00031        0.00000        0.00125       -0.00080
    571 18C|4F-1            -0.00000        0.00000        0.00000        0.00103       -0.00000       -0.00000
    572 18C|4F0             -0.00098        0.00026        0.00046        0.00000        0.00024       -0.00006
    573 18C|4F1             -0.00000       -0.00000       -0.00000       -0.00008        0.00000       -0.00000
    574 18C|4F2             -0.00288       -0.00063        0.00238        0.00000        0.00181       -0.00143
    575 18C|4F3             -0.00000        0.00000        0.00000       -0.00082        0.00000        0.00000
    576 19C|1S0              0.00000        0.00000       -0.00000       -0.00607        0.00000        0.00000
    577 19C|2S0             -0.00000        0.00000        0.00000       -0.01244        0.00000        0.00000
    578 19C|3S0             -0.00000        0.00000        0.00000       -0.00222        0.00000        0.00000
    579 19C|4S0              0.00000       -0.00000       -0.00000       -0.22996       -0.00000        0.00000
    580 19C|5S0             -0.00000       -0.00000       -0.00000       -0.36916        0.00000        0.00000
    581 19C|2P-1            -0.00000       -0.00000        0.00000        0.00961        0.00000       -0.00000
    582 19C|3P-1            -0.00000        0.00000       -0.00000       -0.06903       -0.00000        0.00000
    583 19C|4P-1            -0.00000       -0.00000       -0.00000        0.02168        0.00000        0.00000
    584 19C|2P0             -0.11567       -0.04334        0.12585        0.00000        0.05572       -0.04327
    585 19C|3P0             -0.10526       -0.04014        0.11793        0.00000        0.04767       -0.03803
    586 19C|4P0             -0.12680       -0.03954        0.19114        0.00000        0.12465       -0.08526
    587 19C|2P1              0.00000       -0.00000       -0.00000       -0.01109        0.00000        0.00000
    588 19C|3P1             -0.00000        0.00000        0.00000       -0.01535       -0.00000        0.00000
    589 19C|4P1              0.00000        0.00000        0.00000       -0.09051       -0.00000       -0.00000
    590 19C|3D-2            -0.00000        0.00000       -0.00000       -0.00274       -0.00000        0.00000
    591 19C|4D-2            -0.00000        0.00000       -0.00000       -0.02608        0.00000        0.00000
    592 19C|3D-1            -0.00391        0.00160        0.00206       -0.00000       -0.00581        0.00433
    593 19C|4D-1            -0.00282        0.00683       -0.00168       -0.00000       -0.01919        0.01779
    594 19C|3D0             -0.00000        0.00000       -0.00000        0.00243        0.00000        0.00000
    595 19C|4D0              0.00000        0.00000        0.00000       -0.00260        0.00000       -0.00000
    596 19C|3D1             -0.00527        0.00293        0.00533       -0.00000       -0.00439        0.00348
    597 19C|4D1             -0.01724        0.00891        0.01657       -0.00000       -0.01176        0.00799
    598 19C|3D2              0.00000       -0.00000       -0.00000       -0.00062        0.00000       -0.00000
    599 19C|4D2              0.00000       -0.00000       -0.00000        0.00922        0.00000       -0.00000
    600 19C|4F-3             0.00000        0.00000       -0.00000       -0.00038        0.00000       -0.00000
    601 19C|4F-2            -0.00038        0.00111       -0.00031       -0.00000       -0.00125        0.00080
    602 19C|4F-1             0.00000       -0.00000        0.00000        0.00103        0.00000       -0.00000
    603 19C|4F0              0.00098        0.00026       -0.00046       -0.00000        0.00024       -0.00006
    604 19C|4F1              0.00000       -0.00000       -0.00000        0.00008        0.00000       -0.00000
    605 19C|4F2              0.00288       -0.00063       -0.00238        0.00000        0.00181       -0.00143
    606 19C|4F3             -0.00000        0.00000        0.00000        0.00082        0.00000        0.00000
    607 20C|1S0              0.00000       -0.00000       -0.00000       -0.00607        0.00000       -0.00000
    608 20C|2S0             -0.00000       -0.00000       -0.00000       -0.01244        0.00000       -0.00000
    609 20C|3S0             -0.00000        0.00000       -0.00000       -0.00222       -0.00000       -0.00000
    610 20C|4S0             -0.00000       -0.00000       -0.00000       -0.22996        0.00000       -0.00000
    611 20C|5S0             -0.00000       -0.00000        0.00000       -0.36916       -0.00000        0.00000
    612 20C|2P-1            -0.00000       -0.00000       -0.00000       -0.00961        0.00000        0.00000
    613 20C|3P-1            -0.00000        0.00000        0.00000        0.06903       -0.00000       -0.00000
    614 20C|4P-1             0.00000        0.00000       -0.00000       -0.02168        0.00000       -0.00000
    615 20C|2P0              0.11567        0.04334        0.12585        0.00000        0.05572        0.04327
    616 20C|3P0              0.10526        0.04014        0.11793        0.00000        0.04766        0.03803
    617 20C|4P0              0.12680        0.03954        0.19114        0.00000        0.12464        0.08526
    618 20C|2P1             -0.00000        0.00000       -0.00000        0.01109       -0.00000        0.00000
    619 20C|3P1             -0.00000       -0.00000        0.00000        0.01535        0.00000       -0.00000
    620 20C|4P1             -0.00000       -0.00000        0.00000        0.09051       -0.00000        0.00000
    621 20C|3D-2            -0.00000       -0.00000       -0.00000       -0.00274        0.00000       -0.00000
    622 20C|4D-2            -0.00000       -0.00000        0.00000       -0.02608        0.00000        0.00000
    623 20C|3D-1            -0.00391        0.00160       -0.00206        0.00000        0.00581        0.00433
    624 20C|4D-1            -0.00282        0.00683        0.00168        0.00000        0.01919        0.01779
    625 20C|3D0             -0.00000        0.00000       -0.00000        0.00243       -0.00000        0.00000
    626 20C|4D0              0.00000        0.00000        0.00000       -0.00260       -0.00000        0.00000
    627 20C|3D1             -0.00527        0.00293       -0.00533        0.00000        0.00439        0.00348
    628 20C|4D1             -0.01724        0.00891       -0.01657        0.00000        0.01176        0.00799
    629 20C|3D2             -0.00000        0.00000       -0.00000       -0.00062       -0.00000        0.00000
    630 20C|4D2             -0.00000        0.00000        0.00000        0.00922        0.00000       -0.00000
    631 20C|4F-3             0.00000       -0.00000       -0.00000        0.00038        0.00000       -0.00000
    632 20C|4F-2             0.00038       -0.00111       -0.00031       -0.00000       -0.00125       -0.00080
    633 20C|4F-1            -0.00000       -0.00000       -0.00000       -0.00103        0.00000       -0.00000
    634 20C|4F0             -0.00098       -0.00026       -0.00046        0.00000        0.00024        0.00006
    635 20C|4F1              0.00000        0.00000       -0.00000       -0.00008       -0.00000       -0.00000
    636 20C|4F2             -0.00288        0.00063       -0.00238        0.00000        0.00181        0.00143
    637 20C|4F3             -0.00000       -0.00000       -0.00000       -0.00082        0.00000       -0.00000
    638 21C|1S0             -0.00000       -0.00000        0.00000       -0.00607        0.00000       -0.00000
    639 21C|2S0             -0.00000       -0.00000        0.00000       -0.01244        0.00000       -0.00000
    640 21C|3S0             -0.00000       -0.00000       -0.00000       -0.00222       -0.00000        0.00000
    641 21C|4S0              0.00000        0.00000        0.00000       -0.22996        0.00000       -0.00000
    642 21C|5S0              0.00000        0.00000       -0.00000       -0.36917       -0.00000       -0.00000
    643 21C|2P-1             0.00000       -0.00000        0.00000       -0.00961        0.00000        0.00000
    644 21C|3P-1            -0.00000        0.00000       -0.00000        0.06904       -0.00000        0.00000
    645 21C|4P-1            -0.00000       -0.00000        0.00000       -0.02167        0.00000        0.00000
    646 21C|2P0             -0.11567        0.04334       -0.12585        0.00000        0.05572        0.04327
    647 21C|3P0             -0.10526        0.04014       -0.11793        0.00000        0.04766        0.03803
    648 21C|4P0             -0.12680        0.03954       -0.19114        0.00000        0.12464        0.08526
    649 21C|2P1             -0.00000        0.00000       -0.00000       -0.01109        0.00000        0.00000
    650 21C|3P1             -0.00000       -0.00000        0.00000       -0.01535        0.00000       -0.00000
    651 21C|4P1             -0.00000       -0.00000        0.00000       -0.09051        0.00000        0.00000
    652 21C|3D-2            -0.00000        0.00000       -0.00000        0.00274       -0.00000        0.00000
    653 21C|4D-2            -0.00000        0.00000       -0.00000        0.02608       -0.00000        0.00000
    654 21C|3D-1             0.00391        0.00160        0.00206        0.00000        0.00581        0.00433
    655 21C|4D-1             0.00282        0.00683       -0.00168        0.00000        0.01919        0.01779
    656 21C|3D0             -0.00000       -0.00000       -0.00000        0.00243       -0.00000        0.00000
    657 21C|4D0             -0.00000       -0.00000        0.00000       -0.00260       -0.00000        0.00000
    658 21C|3D1             -0.00527       -0.00293       -0.00533       -0.00000       -0.00439       -0.00348
    659 21C|4D1             -0.01724       -0.00891       -0.01657       -0.00000       -0.01176       -0.00799
    660 21C|3D2             -0.00000        0.00000        0.00000       -0.00062       -0.00000        0.00000
    661 21C|4D2             -0.00000        0.00000       -0.00000        0.00922       -0.00000        0.00000
    662 21C|4F-3             0.00000        0.00000        0.00000        0.00038        0.00000       -0.00000
    663 21C|4F-2             0.00038        0.00111       -0.00031        0.00000        0.00125        0.00080
    664 21C|4F-1             0.00000       -0.00000        0.00000       -0.00103        0.00000       -0.00000
    665 21C|4F0              0.00098       -0.00026        0.00046        0.00000        0.00024        0.00006
    666 21C|4F1              0.00000        0.00000       -0.00000        0.00008       -0.00000        0.00000
    667 21C|4F2              0.00288        0.00063        0.00238        0.00000        0.00181        0.00143
    668 21C|4F3             -0.00000       -0.00000       -0.00000        0.00082       -0.00000        0.00000
    669 22C|1S0             -0.00000        0.00000        0.00000       -0.00552        0.00000        0.00000
    670 22C|2S0              0.00000       -0.00000       -0.00000       -0.01130        0.00000        0.00000
    671 22C|3S0              0.00000       -0.00000       -0.00000       -0.00285       -0.00000       -0.00000
    672 22C|4S0             -0.00000        0.00000       -0.00000       -0.13329        0.00000        0.00000
    673 22C|5S0             -0.00000        0.00000       -0.00000        1.97100        0.00000        0.00000
    674 22C|2P-1             0.00000        0.00000        0.00000        0.01593        0.00000       -0.00000
    675 22C|3P-1            -0.00000        0.00000       -0.00000       -0.01248       -0.00000        0.00000
    676 22C|4P-1            -0.00000        0.00000       -0.00000        0.79228        0.00000        0.00000
    677 22C|2P0             -0.12945        0.12770        0.13420        0.00000       -0.00241       -0.01324
    678 22C|3P0             -0.11988        0.11892        0.13145       -0.00000       -0.00241       -0.02198
    679 22C|4P0             -0.14537        0.14963        0.14512        0.00000       -0.00861        0.07960
    680 22C|2P1             -0.00000        0.00000        0.00000        0.01628       -0.00000       -0.00000
    681 22C|3P1              0.00000        0.00000        0.00000       -0.00100        0.00000        0.00000
    682 22C|4P1              0.00000        0.00000       -0.00000        0.74959        0.00000        0.00000
    683 22C|3D-2             0.00000        0.00000        0.00000        0.00291       -0.00000       -0.00000
    684 22C|4D-2             0.00000       -0.00000        0.00000        0.00338        0.00000       -0.00000
    685 22C|3D-1            -0.00398       -0.00425       -0.00035        0.00000        0.00746       -0.00667
    686 22C|4D-1            -0.00675       -0.01765       -0.00632        0.00000        0.02227       -0.01560
    687 22C|3D0              0.00000       -0.00000       -0.00000        0.00262       -0.00000       -0.00000
    688 22C|4D0              0.00000       -0.00000        0.00000        0.00930       -0.00000       -0.00000
    689 22C|3D1              0.00414        0.00390        0.00009       -0.00000       -0.00737        0.00437
    690 22C|4D1              0.01687        0.00720       -0.00457       -0.00000       -0.02207        0.00729
    691 22C|3D2              0.00000        0.00000        0.00000        0.00001        0.00000       -0.00000
    692 22C|4D2              0.00000        0.00000        0.00000        0.00272        0.00000       -0.00000
    693 22C|4F-3             0.00000        0.00000        0.00000        0.00105       -0.00000       -0.00000
    694 22C|4F-2            -0.00037        0.00047        0.00138       -0.00000       -0.00005       -0.00099
    695 22C|4F-1             0.00000       -0.00000        0.00000        0.00172        0.00000       -0.00000
    696 22C|4F0              0.00102       -0.00093       -0.00051        0.00000        0.00000       -0.00003
    697 22C|4F1             -0.00000       -0.00000       -0.00000        0.00148       -0.00000       -0.00000
    698 22C|4F2              0.00130        0.00134        0.00006       -0.00000       -0.00245        0.00269
    699 22C|4F3             -0.00000       -0.00000       -0.00000       -0.00118        0.00000        0.00000
    700 23C|1S0              0.00000        0.00000        0.00000       -0.00552        0.00000        0.00000
    701 23C|2S0             -0.00000       -0.00000        0.00000       -0.01130        0.00000        0.00000
    702 23C|3S0              0.00000        0.00000        0.00000       -0.00285       -0.00000        0.00000
    703 23C|4S0             -0.00000       -0.00000        0.00000       -0.13329        0.00000       -0.00000
    704 23C|5S0              0.00000       -0.00000       -0.00000        1.97099        0.00000       -0.00000
    705 23C|2P-1            -0.00000        0.00000       -0.00000       -0.01593       -0.00000        0.00000
    706 23C|3P-1             0.00000       -0.00000        0.00000        0.01248        0.00000        0.00000
    707 23C|4P-1            -0.00000        0.00000        0.00000       -0.79228       -0.00000        0.00000
    708 23C|2P0             -0.12945       -0.12770       -0.13420        0.00000       -0.00241        0.01323
    709 23C|3P0             -0.11988       -0.11892       -0.13145        0.00000       -0.00241        0.02198
    710 23C|4P0             -0.14537       -0.14963       -0.14512       -0.00000       -0.00862       -0.07960
    711 23C|2P1             -0.00000        0.00000        0.00000        0.01628       -0.00000       -0.00000
    712 23C|3P1              0.00000       -0.00000        0.00000       -0.00100        0.00000       -0.00000
    713 23C|4P1             -0.00000       -0.00000        0.00000        0.74959       -0.00000       -0.00000
    714 23C|3D-2            -0.00000        0.00000       -0.00000       -0.00291        0.00000       -0.00000
    715 23C|4D-2             0.00000       -0.00000        0.00000       -0.00338        0.00000       -0.00000
    716 23C|3D-1             0.00398       -0.00425       -0.00035       -0.00000       -0.00746       -0.00667
    717 23C|4D-1             0.00675       -0.01765       -0.00632       -0.00000       -0.02227       -0.01560
    718 23C|3D0              0.00000       -0.00000        0.00000        0.00262       -0.00000        0.00000
    719 23C|4D0             -0.00000        0.00000       -0.00000        0.00930       -0.00000        0.00000
    720 23C|3D1              0.00414       -0.00390       -0.00009       -0.00000       -0.00737       -0.00437
    721 23C|4D1              0.01687       -0.00720        0.00457       -0.00000       -0.02207       -0.00729
    722 23C|3D2              0.00000       -0.00000       -0.00000        0.00001        0.00000        0.00000
    723 23C|4D2              0.00000       -0.00000        0.00000        0.00272        0.00000        0.00000
    724 23C|4F-3            -0.00000       -0.00000        0.00000       -0.00105        0.00000       -0.00000
    725 23C|4F-2             0.00037        0.00047        0.00138        0.00000        0.00005       -0.00099
    726 23C|4F-1            -0.00000        0.00000       -0.00000       -0.00172       -0.00000       -0.00000
    727 23C|4F0              0.00102        0.00093        0.00051       -0.00000        0.00000        0.00003
    728 23C|4F1             -0.00000        0.00000       -0.00000        0.00148       -0.00000        0.00000
    729 23C|4F2              0.00130       -0.00134       -0.00006       -0.00000       -0.00245       -0.00269
    730 23C|4F3             -0.00000       -0.00000        0.00000       -0.00118        0.00000       -0.00000
    731 24C|1S0             -0.00000       -0.00000        0.00000       -0.00552        0.00000        0.00000
    732 24C|2S0             -0.00000       -0.00000       -0.00000       -0.01130        0.00000        0.00000
    733 24C|3S0             -0.00000        0.00000       -0.00000       -0.00285        0.00000        0.00000
    734 24C|4S0              0.00000       -0.00000        0.00000       -0.13330        0.00000        0.00000
    735 24C|5S0              0.00000        0.00000        0.00000        1.97100       -0.00000       -0.00000
    736 24C|2P-1             0.00000        0.00000       -0.00000        0.01593       -0.00000       -0.00000
    737 24C|3P-1            -0.00000       -0.00000        0.00000       -0.01248        0.00000        0.00000
    738 24C|4P-1             0.00000        0.00000        0.00000        0.79228       -0.00000       -0.00000
    739 24C|2P0              0.12945        0.12770       -0.13420        0.00000       -0.00241       -0.01323
    740 24C|3P0              0.11988        0.11892       -0.13145        0.00000       -0.00241       -0.02198
    741 24C|4P0              0.14537        0.14963       -0.14512        0.00000       -0.00862        0.07960
    742 24C|2P1              0.00000        0.00000       -0.00000       -0.01628        0.00000        0.00000
    743 24C|3P1             -0.00000        0.00000       -0.00000        0.00100        0.00000        0.00000
    744 24C|4P1             -0.00000       -0.00000       -0.00000       -0.74959        0.00000        0.00000
    745 24C|3D-2             0.00000        0.00000       -0.00000       -0.00291        0.00000        0.00000
    746 24C|4D-2             0.00000       -0.00000        0.00000       -0.00338       -0.00000        0.00000
    747 24C|3D-1             0.00398       -0.00425        0.00035        0.00000        0.00746       -0.00667
    748 24C|4D-1             0.00675       -0.01765        0.00632        0.00000        0.02227       -0.01560
    749 24C|3D0             -0.00000       -0.00000        0.00000        0.00262       -0.00000        0.00000
    750 24C|4D0             -0.00000        0.00000       -0.00000        0.00930       -0.00000       -0.00000
    751 24C|3D1              0.00414       -0.00390        0.00009        0.00000        0.00737       -0.00437
    752 24C|4D1              0.01687       -0.00720       -0.00457        0.00000        0.02207       -0.00729
    753 24C|3D2              0.00000        0.00000       -0.00000        0.00001       -0.00000       -0.00000
    754 24C|4D2              0.00000        0.00000       -0.00000        0.00272       -0.00000       -0.00000
    755 24C|4F-3            -0.00000        0.00000       -0.00000        0.00105       -0.00000       -0.00000
    756 24C|4F-2            -0.00037       -0.00047        0.00138       -0.00000        0.00005        0.00099
    757 24C|4F-1            -0.00000       -0.00000       -0.00000        0.00172       -0.00000       -0.00000
    758 24C|4F0             -0.00102       -0.00093        0.00051       -0.00000        0.00000       -0.00003
    759 24C|4F1              0.00000        0.00000        0.00000       -0.00148       -0.00000        0.00000
    760 24C|4F2             -0.00130        0.00134       -0.00006       -0.00000       -0.00245        0.00269
    761 24C|4F3              0.00000        0.00000       -0.00000        0.00118       -0.00000       -0.00000
    762 25C|1S0             -0.00000        0.00000       -0.00000       -0.00552        0.00000        0.00000
    763 25C|2S0              0.00000       -0.00000        0.00000       -0.01130        0.00000        0.00000
    764 25C|3S0             -0.00000       -0.00000        0.00000       -0.00285        0.00000        0.00000
    765 25C|4S0             -0.00000        0.00000       -0.00000       -0.13329       -0.00000       -0.00000
    766 25C|5S0              0.00000        0.00000       -0.00000        1.97099        0.00000       -0.00000
    767 25C|2P-1             0.00000       -0.00000        0.00000       -0.01593        0.00000        0.00000
    768 25C|3P-1            -0.00000        0.00000       -0.00000        0.01248        0.00000        0.00000
    769 25C|4P-1             0.00000       -0.00000       -0.00000       -0.79228       -0.00000        0.00000
    770 25C|2P0              0.12945       -0.12770        0.13420        0.00000       -0.00241        0.01323
    771 25C|3P0              0.11988       -0.11892        0.13145        0.00000       -0.00241        0.02198
    772 25C|4P0              0.14537       -0.14963        0.14512       -0.00000       -0.00862       -0.07960
    773 25C|2P1             -0.00000        0.00000       -0.00000       -0.01628        0.00000        0.00000
    774 25C|3P1              0.00000       -0.00000        0.00000        0.00100       -0.00000        0.00000
    775 25C|4P1             -0.00000       -0.00000        0.00000       -0.74959        0.00000        0.00000
    776 25C|3D-2            -0.00000        0.00000       -0.00000        0.00291       -0.00000        0.00000
    777 25C|4D-2             0.00000       -0.00000        0.00000        0.00338        0.00000        0.00000
    778 25C|3D-1            -0.00398       -0.00425        0.00035       -0.00000       -0.00746       -0.00667
    779 25C|4D-1            -0.00675       -0.01765        0.00632       -0.00000       -0.02227       -0.01560
    780 25C|3D0              0.00000        0.00000       -0.00000        0.00262        0.00000        0.00000
    781 25C|4D0             -0.00000       -0.00000        0.00000        0.00930        0.00000        0.00000
    782 25C|3D1              0.00414        0.00390       -0.00009        0.00000        0.00737        0.00437
    783 25C|4D1              0.01687        0.00720        0.00457        0.00000        0.02207        0.00729
    784 25C|3D2             -0.00000        0.00000        0.00000        0.00001        0.00000       -0.00000
    785 25C|4D2             -0.00000        0.00000       -0.00000        0.00272        0.00000       -0.00000
    786 25C|4F-3            -0.00000        0.00000       -0.00000       -0.00105       -0.00000       -0.00000
    787 25C|4F-2             0.00037       -0.00047        0.00138        0.00000       -0.00005        0.00099
    788 25C|4F-1             0.00000       -0.00000        0.00000       -0.00172       -0.00000       -0.00000
    789 25C|4F0             -0.00102        0.00093       -0.00051       -0.00000        0.00000        0.00003
    790 25C|4F1             -0.00000        0.00000       -0.00000       -0.00148        0.00000       -0.00000
    791 25C|4F2             -0.00130       -0.00134        0.00006       -0.00000       -0.00245       -0.00269
    792 25C|4F3              0.00000       -0.00000        0.00000        0.00118        0.00000        0.00000
    793 26H|1S0              0.00000       -0.00000       -0.00000        0.00547       -0.00000        0.00000
    794 26H|2S0             -0.00000       -0.00000       -0.00000       -0.03708        0.00000       -0.00000
    795 26H|3S0             -0.00000       -0.00000       -0.00000        0.24667       -0.00000       -0.00000
    796 26H|2P-1             0.00000       -0.00000       -0.00000       -0.00437        0.00000        0.00000
    797 26H|2P0              0.00190       -0.00654       -0.00828       -0.00000       -0.00439        0.01416
    798 26H|2P1             -0.00000       -0.00000       -0.00000       -0.00673        0.00000       -0.00000
    799 27H|1S0              0.00000       -0.00000        0.00000        0.00547       -0.00000       -0.00000
    800 27H|2S0              0.00000        0.00000        0.00000       -0.03708        0.00000        0.00000
    801 27H|3S0              0.00000        0.00000        0.00000        0.24667       -0.00000       -0.00000
    802 27H|2P-1            -0.00000       -0.00000       -0.00000        0.00437       -0.00000       -0.00000
    803 27H|2P0              0.00190        0.00654        0.00828       -0.00000       -0.00439       -0.01416
    804 27H|2P1              0.00000        0.00000        0.00000       -0.00673        0.00000        0.00000
    805 28H|1S0             -0.00000       -0.00000        0.00000        0.00547       -0.00000        0.00000
    806 28H|2S0             -0.00000       -0.00000       -0.00000       -0.03708        0.00000        0.00000
    807 28H|3S0             -0.00000       -0.00000       -0.00000        0.24667       -0.00000        0.00000
    808 28H|2P-1            -0.00000       -0.00000       -0.00000       -0.00437        0.00000        0.00000
    809 28H|2P0             -0.00190       -0.00654        0.00828       -0.00000       -0.00439        0.01416
    810 28H|2P1             -0.00000        0.00000        0.00000        0.00673       -0.00000       -0.00000
    811 29H|1S0              0.00000        0.00000       -0.00000        0.00547       -0.00000       -0.00000
    812 29H|2S0             -0.00000        0.00000        0.00000       -0.03708        0.00000       -0.00000
    813 29H|3S0             -0.00000        0.00000        0.00000        0.24667       -0.00000       -0.00000
    814 29H|2P-1             0.00000        0.00000       -0.00000        0.00437       -0.00000       -0.00000
    815 29H|2P0             -0.00190        0.00654       -0.00828       -0.00000       -0.00439       -0.01416
    816 29H|2P1              0.00000       -0.00000       -0.00000        0.00673       -0.00000       -0.00000
    817 30H|1S0             -0.00000       -0.00000       -0.00000        0.00570        0.00000       -0.00000
    818 30H|2S0              0.00000        0.00000        0.00000       -0.03797       -0.00000       -0.00000
    819 30H|3S0              0.00000        0.00000        0.00000        0.25825       -0.00000       -0.00000
    820 30H|2P-1             0.00000       -0.00000        0.00000       -0.00690       -0.00000       -0.00000
    821 30H|2P0              0.00621       -0.00206       -0.00774        0.00000        0.00463       -0.00334
    822 30H|2P1              0.00000        0.00000        0.00000       -0.00449       -0.00000        0.00000
    823 31H|1S0              0.00000       -0.00000        0.00000        0.00570        0.00000       -0.00000
    824 31H|2S0             -0.00000       -0.00000       -0.00000       -0.03797        0.00000        0.00000
    825 31H|3S0             -0.00000       -0.00000       -0.00000        0.25825        0.00000        0.00000
    826 31H|2P-1            -0.00000        0.00000       -0.00000       -0.00690        0.00000        0.00000
    827 31H|2P0             -0.00621       -0.00206        0.00774        0.00000        0.00463       -0.00334
    828 31H|2P1              0.00000        0.00000        0.00000        0.00449       -0.00000       -0.00000
    829 32H|1S0              0.00000        0.00000       -0.00000        0.00570        0.00000       -0.00000
    830 32H|2S0             -0.00000        0.00000        0.00000       -0.03797        0.00000        0.00000
    831 32H|3S0             -0.00000       -0.00000        0.00000        0.25825       -0.00000        0.00000
    832 32H|2P-1             0.00000       -0.00000       -0.00000        0.00690       -0.00000       -0.00000
    833 32H|2P0              0.00621        0.00206        0.00774        0.00000        0.00463        0.00334
    834 32H|2P1             -0.00000        0.00000        0.00000       -0.00449        0.00000        0.00000
    835 33H|1S0             -0.00000       -0.00000        0.00000        0.00570       -0.00000       -0.00000
    836 33H|2S0              0.00000       -0.00000       -0.00000       -0.03797        0.00000       -0.00000
    837 33H|3S0              0.00000        0.00000       -0.00000        0.25825       -0.00000       -0.00000
    838 33H|2P-1             0.00000        0.00000        0.00000        0.00690       -0.00000        0.00000
    839 33H|2P0             -0.00621        0.00206       -0.00774        0.00000        0.00463        0.00334
    840 33H|2P1             -0.00000        0.00000        0.00000        0.00449        0.00000       -0.00000
    841 34H|1S0              0.00000        0.00000        0.00000        0.00347       -0.00000       -0.00000
    842 34H|2S0             -0.00000        0.00000       -0.00000        0.00063       -0.00000        0.00000
    843 34H|3S0             -0.00000        0.00000       -0.00000        0.54733        0.00000        0.00000
    844 34H|2P-1            -0.00000        0.00000        0.00000       -0.00423       -0.00000        0.00000
    845 34H|2P0             -0.00676        0.00675        0.00678        0.00000       -0.00021        0.00124
    846 34H|2P1              0.00000        0.00000       -0.00000       -0.00400        0.00000        0.00000
    847 35H|1S0             -0.00000        0.00000       -0.00000        0.00347        0.00000       -0.00000
    848 35H|2S0              0.00000        0.00000        0.00000        0.00063       -0.00000       -0.00000
    849 35H|3S0              0.00000        0.00000        0.00000        0.54733       -0.00000       -0.00000
    850 35H|2P-1             0.00000        0.00000        0.00000       -0.00423       -0.00000        0.00000
    851 35H|2P0              0.00676        0.00675       -0.00678        0.00000       -0.00021        0.00124
    852 35H|2P1             -0.00000       -0.00000       -0.00000        0.00400        0.00000       -0.00000
    853 36H|1S0              0.00000       -0.00000        0.00000        0.00347       -0.00000       -0.00000
    854 36H|2S0             -0.00000        0.00000       -0.00000        0.00063        0.00000        0.00000
    855 36H|3S0              0.00000       -0.00000       -0.00000        0.54733       -0.00000       -0.00000
    856 36H|2P-1            -0.00000        0.00000       -0.00000        0.00423       -0.00000       -0.00000
    857 36H|2P0              0.00676       -0.00675        0.00678        0.00000       -0.00021       -0.00124
    858 36H|2P1              0.00000       -0.00000        0.00000        0.00400       -0.00000       -0.00000
    859 37H|1S0             -0.00000        0.00000        0.00000        0.00347       -0.00000       -0.00000
    860 37H|2S0              0.00000       -0.00000       -0.00000        0.00063        0.00000       -0.00000
    861 37H|3S0              0.00000       -0.00000       -0.00000        0.54733       -0.00000       -0.00000
    862 37H|2P-1             0.00000       -0.00000        0.00000        0.00423       -0.00000       -0.00000
    863 37H|2P0             -0.00676       -0.00675       -0.00678        0.00000       -0.00021       -0.00124
    864 37H|2P1              0.00000       -0.00000       -0.00000       -0.00400        0.00000        0.00000
 
 
 [Beta MOs]
 Frontier orbitals of each irrep:
 
  Symmetry   1 A       
 
         Orbital                89             90             91             92             93             94
         Energy             -0.27848       -0.26374       -0.26248       -0.25827       -0.21214       -0.20859
         Occ No.             1.00000        1.00000        1.00000        1.00000        1.00000        1.00000
      1 1Cu|1S0              0.00000       -0.00000       -0.00000        0.00000       -0.00000       -0.00000
      2 1Cu|2S0              0.00000        0.00000        0.00000       -0.00000        0.00000        0.00000
      3 1Cu|3S0              0.00000       -0.00000       -0.00000        0.00000       -0.00000       -0.00000
      4 1Cu|4S0             -0.00000       -0.00000        0.00000       -0.00000       -0.00000       -0.00000
      5 1Cu|5S0              0.00000       -0.00000       -0.00000       -0.00000       -0.00000        0.00000
      6 1Cu|6S0              0.00000       -0.00000       -0.00000        0.00000       -0.00000        0.00000
      7 1Cu|2P-1            -0.00000       -0.00000       -0.00000        0.00000        0.00000       -0.00000
      8 1Cu|3P-1             0.00000       -0.00000        0.00000       -0.00000       -0.00000        0.00000
      9 1Cu|4P-1             0.00000        0.00000        0.00000       -0.00000        0.00000        0.00000
     10 1Cu|5P-1            -0.00000       -0.00000       -0.00000        0.00000       -0.00000       -0.00000
     11 1Cu|6P-1            -0.00000       -0.00000        0.00000        0.00000        0.00000       -0.00000
     12 1Cu|2P0              0.01210       -0.00000        0.00340        0.00000       -0.00000        0.01231
     13 1Cu|3P0             -0.03281        0.00000       -0.00925       -0.00000        0.00000       -0.03364
     14 1Cu|4P0             -0.00862        0.00000       -0.00230       -0.00000        0.00000       -0.00797
     15 1Cu|5P0              0.03004       -0.00000        0.00825        0.00000       -0.00000        0.02942
     16 1Cu|6P0              0.05054       -0.00000        0.01443        0.00000       -0.00000        0.06253
     17 1Cu|2P1              0.00000       -0.00000       -0.00000       -0.00000        0.00000       -0.00000
     18 1Cu|3P1             -0.00000        0.00000        0.00000        0.00000       -0.00000        0.00000
     19 1Cu|4P1             -0.00000       -0.00000        0.00000        0.00000       -0.00000       -0.00000
     20 1Cu|5P1              0.00000        0.00000       -0.00000       -0.00000        0.00000        0.00000
     21 1Cu|6P1              0.00000        0.00000       -0.00000        0.00000        0.00000        0.00000
     22 1Cu|3D-2            -0.00000       -0.00000       -0.00000        0.00000       -0.00000       -0.00000
     23 1Cu|4D-2            -0.00000       -0.00000       -0.00000        0.00000       -0.00000       -0.00000
     24 1Cu|5D-2             0.00000       -0.00000       -0.00000        0.00000       -0.00000        0.00000
     25 1Cu|6D-2            -0.00000       -0.00000        0.00000       -0.00000        0.00000       -0.00000
     26 1Cu|3D-1             0.00000       -0.00000        0.00000       -0.16370        0.00000       -0.00000
     27 1Cu|4D-1             0.00000       -0.00000        0.00000       -0.09530        0.00000       -0.00000
     28 1Cu|5D-1             0.00000       -0.00000        0.00000       -0.03920        0.00000        0.00000
     29 1Cu|6D-1            -0.00000        0.00000       -0.00000        0.00753       -0.00000       -0.00000
     30 1Cu|3D0             -0.00000        0.00000       -0.00000       -0.00000        0.00000        0.00000
     31 1Cu|4D0              0.00000        0.00000       -0.00000       -0.00000        0.00000        0.00000
     32 1Cu|5D0             -0.00000        0.00000        0.00000       -0.00000        0.00000       -0.00000
     33 1Cu|6D0             -0.00000        0.00000        0.00000        0.00000        0.00000       -0.00000
     34 1Cu|3D1             -0.00000       -0.16029       -0.00000        0.00000        0.00000        0.00000
     35 1Cu|4D1             -0.00000       -0.09348       -0.00000        0.00000        0.00000        0.00000
     36 1Cu|5D1             -0.00000       -0.03896       -0.00000        0.00000        0.00000        0.00000
     37 1Cu|6D1              0.00000        0.00585        0.00000       -0.00000       -0.00000        0.00000
     38 1Cu|3D2             -0.00000        0.00000       -0.00000        0.00000       -0.00000        0.00000
     39 1Cu|4D2             -0.00000        0.00000       -0.00000        0.00000       -0.00000        0.00000
     40 1Cu|5D2             -0.00000       -0.00000        0.00000       -0.00000        0.00000       -0.00000
     41 1Cu|6D2             -0.00000        0.00000       -0.00000       -0.00000        0.00000       -0.00000
     42 1Cu|4F-3             0.00000        0.00000        0.00000       -0.00000       -0.00000        0.00000
     43 1Cu|4F-2            -0.00000        0.00000       -0.00000       -0.00000        0.00001        0.00000
     44 1Cu|4F-1            -0.00000       -0.00000        0.00000       -0.00000        0.00000       -0.00000
     45 1Cu|4F0             -0.00074        0.00000       -0.00021       -0.00000        0.00000       -0.00070
     46 1Cu|4F1             -0.00000       -0.00000        0.00000        0.00000       -0.00000       -0.00000
     47 1Cu|4F2              0.00020        0.00000       -0.00123       -0.00000       -0.00000        0.00006
     48 1Cu|4F3              0.00000       -0.00000       -0.00000       -0.00000        0.00000        0.00000
     49 2N|1S0               0.00000       -0.00000       -0.00000       -0.00000        0.00000        0.00000
     50 2N|2S0              -0.00000        0.00000        0.00000       -0.00000        0.00000        0.00000
     51 2N|3S0               0.00000        0.00000       -0.00000        0.00000        0.00000        0.00000
     52 2N|4S0              -0.00000       -0.00000        0.00000       -0.00000       -0.00000       -0.00000
     53 2N|5S0               0.00000       -0.00000       -0.00000        0.00000       -0.00000       -0.00000
     54 2N|2P-1              0.00000       -0.00000        0.00000        0.00000        0.00000       -0.00000
     55 2N|3P-1             -0.00000       -0.00000       -0.00000       -0.00000        0.00000        0.00000
     56 2N|4P-1              0.00000       -0.00000       -0.00000        0.00000        0.00000        0.00000
     57 2N|2P0               0.13951       -0.19803       -0.10977       -0.00000        0.00000        0.11996
     58 2N|3P0               0.12714       -0.18115       -0.09931       -0.00000        0.00000        0.10880
     59 2N|4P0               0.08863       -0.11878       -0.07445       -0.00000        0.00000        0.08807
     60 2N|2P1              -0.00000        0.00000        0.00000       -0.00000       -0.00000       -0.00000
     61 2N|3P1               0.00000       -0.00000       -0.00000        0.00000        0.00000        0.00000
     62 2N|4P1               0.00000        0.00000       -0.00000        0.00000        0.00000        0.00000
     63 2N|3D-2              0.00000       -0.00000       -0.00000       -0.00000        0.00000        0.00000
     64 2N|4D-2              0.00000        0.00000        0.00000       -0.00000       -0.00000       -0.00000
     65 2N|3D-1              0.00000        0.00000        0.00000       -0.00106        0.00430       -0.00000
     66 2N|4D-1              0.00000        0.00000        0.00000       -0.00276        0.01265       -0.00000
     67 2N|3D0              -0.00000       -0.00000        0.00000        0.00000       -0.00000       -0.00000
     68 2N|4D0               0.00000        0.00000       -0.00000        0.00000        0.00000        0.00000
     69 2N|3D1              -0.00171        0.00342        0.00207        0.00000       -0.00000       -0.00139
     70 2N|4D1               0.00078        0.00532        0.00225        0.00000       -0.00000        0.00102
     71 2N|3D2              -0.00000       -0.00000        0.00000       -0.00000        0.00000       -0.00000
     72 2N|4D2               0.00000        0.00000       -0.00000        0.00000        0.00000        0.00000
     73 2N|4F-3             -0.00000       -0.00000       -0.00000        0.00000        0.00000        0.00000
     74 2N|4F-2             -0.00000       -0.00000       -0.00000        0.00060       -0.00224        0.00000
     75 2N|4F-1              0.00000        0.00000        0.00000       -0.00000       -0.00000       -0.00000
     76 2N|4F0              -0.00171        0.00227        0.00135        0.00000       -0.00000       -0.00110
     77 2N|4F1              -0.00000       -0.00000        0.00000       -0.00000       -0.00000       -0.00000
     78 2N|4F2              -0.00048        0.00078        0.00031        0.00000        0.00000        0.00063
     79 2N|4F3               0.00000       -0.00000        0.00000       -0.00000       -0.00000       -0.00000
     80 3N|1S0               0.00000       -0.00000        0.00000       -0.00000       -0.00000        0.00000
     81 3N|2S0              -0.00000       -0.00000        0.00000       -0.00000       -0.00000        0.00000
     82 3N|3S0              -0.00000        0.00000       -0.00000        0.00000       -0.00000        0.00000
     83 3N|4S0               0.00000       -0.00000        0.00000       -0.00000        0.00000       -0.00000
     84 3N|5S0               0.00000       -0.00000        0.00000       -0.00000        0.00000       -0.00000
     85 3N|2P-1             -0.00000       -0.00000        0.00000       -0.00000       -0.00000       -0.00000
     86 3N|3P-1             -0.00000        0.00000        0.00000       -0.00000       -0.00000        0.00000
     87 3N|4P-1             -0.00000        0.00000        0.00000       -0.00000        0.00000       -0.00000
     88 3N|2P0               0.13951        0.19803       -0.10976       -0.00000       -0.00000        0.11996
     89 3N|3P0               0.12714        0.18115       -0.09930       -0.00000       -0.00000        0.10880
     90 3N|4P0               0.08863        0.11878       -0.07444       -0.00000       -0.00000        0.08807
     91 3N|2P1              -0.00000        0.00000       -0.00000        0.00000       -0.00000       -0.00000
     92 3N|3P1               0.00000       -0.00000        0.00000       -0.00000        0.00000       -0.00000
     93 3N|4P1               0.00000        0.00000        0.00000       -0.00000        0.00000       -0.00000
     94 3N|3D-2             -0.00000       -0.00000       -0.00000        0.00000       -0.00000       -0.00000
     95 3N|4D-2             -0.00000        0.00000        0.00000       -0.00000       -0.00000        0.00000
     96 3N|3D-1              0.00000       -0.00000        0.00000       -0.00106       -0.00430       -0.00000
     97 3N|4D-1              0.00000       -0.00000        0.00000       -0.00276       -0.01265       -0.00000
     98 3N|3D0               0.00000        0.00000       -0.00000        0.00000       -0.00000        0.00000
     99 3N|4D0              -0.00000        0.00000       -0.00000        0.00000       -0.00000        0.00000
    100 3N|3D1               0.00171        0.00342       -0.00207       -0.00000       -0.00000        0.00139
    101 3N|4D1              -0.00078        0.00533       -0.00225       -0.00000       -0.00000       -0.00102
    102 3N|3D2              -0.00000       -0.00000        0.00000       -0.00000        0.00000       -0.00000
    103 3N|4D2              -0.00000        0.00000       -0.00000        0.00000       -0.00000        0.00000
    104 3N|4F-3              0.00000       -0.00000        0.00000       -0.00000       -0.00000       -0.00000
    105 3N|4F-2              0.00000       -0.00000        0.00000       -0.00060       -0.00224       -0.00000
    106 3N|4F-1              0.00000        0.00000       -0.00000        0.00000        0.00000        0.00000
    107 3N|4F0              -0.00171       -0.00227        0.00135        0.00000        0.00000       -0.00110
    108 3N|4F1              -0.00000        0.00000       -0.00000        0.00000       -0.00000        0.00000
    109 3N|4F2              -0.00048       -0.00078        0.00031        0.00000       -0.00000        0.00063
    110 3N|4F3              -0.00000        0.00000       -0.00000        0.00000       -0.00000        0.00000
    111 4N|1S0               0.00000       -0.00000       -0.00000        0.00000       -0.00000        0.00000
    112 4N|2S0              -0.00000        0.00000       -0.00000        0.00000       -0.00000       -0.00000
    113 4N|3S0              -0.00000        0.00000        0.00000       -0.00000        0.00000       -0.00000
    114 4N|4S0               0.00000       -0.00000       -0.00000        0.00000       -0.00000        0.00000
    115 4N|5S0               0.00000       -0.00000       -0.00000       -0.00000       -0.00000        0.00000
    116 4N|2P-1              0.00000        0.00000        0.00000       -0.00000        0.00000       -0.00000
    117 4N|3P-1              0.00000       -0.00000       -0.00000        0.00000       -0.00000        0.00000
    118 4N|4P-1              0.00000       -0.00000       -0.00000        0.00000       -0.00000        0.00000
    119 4N|2P0               0.08698       -0.00001        0.16552        0.19968       -0.00000        0.10222
    120 4N|3P0               0.07959       -0.00000        0.15021        0.18287       -0.00000        0.09292
    121 4N|4P0               0.05451       -0.00000        0.11114        0.12123       -0.00000        0.07349
    122 4N|2P1              -0.00000        0.00000        0.00000        0.00000        0.00000       -0.00000
    123 4N|3P1               0.00000       -0.00000       -0.00000       -0.00000       -0.00000        0.00000
    124 4N|4P1               0.00000       -0.00000       -0.00000        0.00000        0.00000       -0.00000
    125 4N|3D-2             -0.00000        0.00000        0.00000        0.00000        0.00000       -0.00000
    126 4N|4D-2              0.00000       -0.00000       -0.00000       -0.00000        0.00000        0.00000
    127 4N|3D-1              0.00073       -0.00000        0.00262        0.00329       -0.00000        0.00114
    128 4N|4D-1             -0.00188       -0.00000        0.00106        0.00484       -0.00000       -0.00129
    129 4N|3D0              -0.00000       -0.00000        0.00000        0.00000       -0.00000        0.00000
    130 4N|4D0              -0.00000        0.00000        0.00000       -0.00000        0.00000       -0.00000
    131 4N|3D1              -0.00000       -0.00153       -0.00000        0.00000        0.00442        0.00000
    132 4N|4D1              -0.00000       -0.00425       -0.00000        0.00000        0.01308        0.00000
    133 4N|3D2              -0.00000        0.00000        0.00000       -0.00000        0.00000       -0.00000
    134 4N|4D2               0.00000       -0.00000       -0.00000        0.00000       -0.00000        0.00000
    135 4N|4F-3              0.00000       -0.00000       -0.00000        0.00000       -0.00000        0.00000
    136 4N|4F-2             -0.00000       -0.00082       -0.00000        0.00000        0.00234        0.00000
    137 4N|4F-1             -0.00000        0.00000        0.00000       -0.00000        0.00000       -0.00000
    138 4N|4F0              -0.00105        0.00000       -0.00203       -0.00226        0.00000       -0.00096
    139 4N|4F1              -0.00000        0.00000        0.00000        0.00000       -0.00000       -0.00000
    140 4N|4F2               0.00031       -0.00000        0.00039        0.00082        0.00000       -0.00066
    141 4N|4F3              -0.00000        0.00000        0.00000        0.00000       -0.00000       -0.00000
    142 5N|1S0              -0.00000       -0.00000       -0.00000        0.00000       -0.00000       -0.00000
    143 5N|2S0               0.00000       -0.00000        0.00000       -0.00000       -0.00000       -0.00000
    144 5N|3S0              -0.00000       -0.00000       -0.00000        0.00000        0.00000       -0.00000
    145 5N|4S0               0.00000        0.00000       -0.00000       -0.00000       -0.00000        0.00000
    146 5N|5S0               0.00000       -0.00000       -0.00000        0.00000        0.00000        0.00000
    147 5N|2P-1              0.00000        0.00000        0.00000       -0.00000        0.00000        0.00000
    148 5N|3P-1             -0.00000       -0.00000        0.00000        0.00000        0.00000       -0.00000
    149 5N|4P-1             -0.00000       -0.00000        0.00000       -0.00000       -0.00000       -0.00000
    150 5N|2P0               0.08698       -0.00001        0.16553       -0.19967        0.00000        0.10222
    151 5N|3P0               0.07959       -0.00000        0.15022       -0.18287        0.00000        0.09292
    152 5N|4P0               0.05451       -0.00000        0.11114       -0.12123        0.00000        0.07349
    153 5N|2P1               0.00000        0.00000       -0.00000       -0.00000       -0.00000        0.00000
    154 5N|3P1              -0.00000       -0.00000        0.00000        0.00000       -0.00000       -0.00000
    155 5N|4P1               0.00000       -0.00000        0.00000        0.00000       -0.00000        0.00000
    156 5N|3D-2             -0.00000       -0.00000        0.00000        0.00000       -0.00000       -0.00000
    157 5N|4D-2              0.00000        0.00000       -0.00000       -0.00000        0.00000        0.00000
    158 5N|3D-1             -0.00073        0.00000       -0.00262        0.00329       -0.00000       -0.00114
    159 5N|4D-1              0.00188        0.00000       -0.00106        0.00483       -0.00000        0.00129
    160 5N|3D0              -0.00000       -0.00000        0.00000        0.00000       -0.00000        0.00000
    161 5N|4D0              -0.00000       -0.00000        0.00000        0.00000        0.00000       -0.00000
    162 5N|3D1              -0.00000       -0.00153       -0.00000       -0.00000       -0.00442        0.00000
    163 5N|4D1              -0.00000       -0.00425       -0.00000       -0.00000       -0.01308        0.00000
    164 5N|3D2              -0.00000       -0.00000       -0.00000        0.00000       -0.00000       -0.00000
    165 5N|4D2               0.00000        0.00000       -0.00000       -0.00000       -0.00000        0.00000
    166 5N|4F-3             -0.00000       -0.00000        0.00000        0.00000        0.00000       -0.00000
    167 5N|4F-2              0.00000        0.00082        0.00000        0.00000        0.00234       -0.00000
    168 5N|4F-1              0.00000        0.00000       -0.00000       -0.00000       -0.00000        0.00000
    169 5N|4F0              -0.00105        0.00000       -0.00203        0.00226       -0.00000       -0.00096
    170 5N|4F1               0.00000        0.00000       -0.00000       -0.00000        0.00000        0.00000
    171 5N|4F2               0.00031       -0.00000        0.00039       -0.00082       -0.00000       -0.00066
    172 5N|4F3               0.00000        0.00000       -0.00000       -0.00000        0.00000        0.00000
    173 6C|1S0              -0.00000        0.00000       -0.00000        0.00000        0.00000       -0.00000
    174 6C|2S0               0.00000        0.00000       -0.00000        0.00000       -0.00000       -0.00000
    175 6C|3S0               0.00000        0.00000        0.00000       -0.00000       -0.00000       -0.00000
    176 6C|4S0              -0.00000       -0.00000       -0.00000        0.00000        0.00000        0.00000
    177 6C|5S0               0.00000        0.00000       -0.00000       -0.00000       -0.00000        0.00000
    178 6C|2P-1              0.00000       -0.00000        0.00000       -0.00000       -0.00000       -0.00000
    179 6C|3P-1              0.00000        0.00000       -0.00000       -0.00000       -0.00000        0.00000
    180 6C|4P-1             -0.00000        0.00000        0.00000       -0.00000       -0.00000       -0.00000
    181 6C|2P0               0.01395       -0.03180       -0.02160        0.03695       -0.13547       -0.03140
    182 6C|3P0               0.00994       -0.02665       -0.01830        0.03502       -0.12571       -0.03129
    183 6C|4P0               0.02272       -0.03764       -0.01266        0.00702       -0.08233        0.00371
    184 6C|2P1               0.00000       -0.00000       -0.00000        0.00000        0.00000       -0.00000
    185 6C|3P1               0.00000       -0.00000       -0.00000        0.00000        0.00000        0.00000
    186 6C|4P1              -0.00000       -0.00000        0.00000        0.00000        0.00000        0.00000
    187 6C|3D-2              0.00000       -0.00000       -0.00000       -0.00000        0.00000        0.00000
    188 6C|4D-2              0.00000        0.00000       -0.00000       -0.00000       -0.00000        0.00000
    189 6C|3D-1              0.00215       -0.00525       -0.00220       -0.00068        0.00040        0.01013
    190 6C|4D-1              0.00258       -0.01090       -0.00459       -0.00099       -0.00106        0.02336
    191 6C|3D0               0.00000        0.00000        0.00000       -0.00000       -0.00000       -0.00000
    192 6C|4D0               0.00000        0.00000        0.00000       -0.00000       -0.00000       -0.00000
    193 6C|3D1               0.00760       -0.00836       -0.00521       -0.00037        0.00200       -0.00031
    194 6C|4D1               0.01798       -0.01860       -0.01031       -0.00099        0.00488       -0.00182
    195 6C|3D2               0.00000       -0.00000        0.00000        0.00000        0.00000        0.00000
    196 6C|4D2               0.00000        0.00000        0.00000       -0.00000       -0.00000       -0.00000
    197 6C|4F-3             -0.00000       -0.00000       -0.00000        0.00000        0.00000       -0.00000
    198 6C|4F-2              0.00287       -0.00390       -0.00228       -0.00004        0.00017        0.00255
    199 6C|4F-1             -0.00000       -0.00000        0.00000        0.00000       -0.00000       -0.00000
    200 6C|4F0              -0.00059        0.00094        0.00053       -0.00060        0.00205       -0.00000
    201 6C|4F1              -0.00000        0.00000        0.00000       -0.00000       -0.00000       -0.00000
    202 6C|4F2              -0.00182        0.00190        0.00135       -0.00010       -0.00054        0.00131
    203 6C|4F3               0.00000        0.00000        0.00000       -0.00000       -0.00000       -0.00000
    204 7C|1S0               0.00000       -0.00000       -0.00000       -0.00000        0.00000       -0.00000
    205 7C|2S0              -0.00000       -0.00000       -0.00000        0.00000        0.00000       -0.00000
    206 7C|3S0              -0.00000       -0.00000       -0.00000        0.00000        0.00000        0.00000
    207 7C|4S0               0.00000        0.00000        0.00000       -0.00000       -0.00000       -0.00000
    208 7C|5S0               0.00000        0.00000       -0.00000        0.00000        0.00000       -0.00000
    209 7C|2P-1              0.00000        0.00000        0.00000        0.00000        0.00000       -0.00000
    210 7C|3P-1             -0.00000        0.00000        0.00000       -0.00000       -0.00000       -0.00000
    211 7C|4P-1              0.00000       -0.00000        0.00000       -0.00000       -0.00000       -0.00000
    212 7C|2P0               0.01395       -0.03180       -0.02160       -0.03695        0.13547       -0.03140
    213 7C|3P0               0.00994       -0.02665       -0.01830       -0.03502        0.12571       -0.03129
    214 7C|4P0               0.02272       -0.03764       -0.01266       -0.00702        0.08233        0.00371
    215 7C|2P1               0.00000       -0.00000        0.00000        0.00000        0.00000        0.00000
    216 7C|3P1              -0.00000        0.00000       -0.00000       -0.00000       -0.00000       -0.00000
    217 7C|4P1              -0.00000       -0.00000        0.00000       -0.00000       -0.00000       -0.00000
    218 7C|3D-2              0.00000       -0.00000        0.00000        0.00000        0.00000        0.00000
    219 7C|4D-2             -0.00000        0.00000        0.00000       -0.00000       -0.00000        0.00000
    220 7C|3D-1             -0.00215        0.00525        0.00220       -0.00068        0.00040       -0.01013
    221 7C|4D-1             -0.00258        0.01090        0.00459       -0.00099       -0.00106       -0.02336
    222 7C|3D0               0.00000       -0.00000       -0.00000        0.00000        0.00000        0.00000
    223 7C|4D0              -0.00000       -0.00000       -0.00000        0.00000        0.00000        0.00000
    224 7C|3D1               0.00760       -0.00836       -0.00521        0.00037       -0.00200       -0.00031
    225 7C|4D1               0.01798       -0.01860       -0.01031        0.00099       -0.00488       -0.00182
    226 7C|3D2               0.00000        0.00000        0.00000        0.00000       -0.00000        0.00000
    227 7C|4D2               0.00000       -0.00000       -0.00000        0.00000        0.00000        0.00000
    228 7C|4F-3             -0.00000       -0.00000       -0.00000        0.00000        0.00000       -0.00000
    229 7C|4F-2             -0.00287        0.00390        0.00228       -0.00004        0.00017       -0.00255
    230 7C|4F-1              0.00000       -0.00000        0.00000        0.00000        0.00000        0.00000
    231 7C|4F0              -0.00059        0.00094        0.00053        0.00060       -0.00205       -0.00000
    232 7C|4F1               0.00000       -0.00000        0.00000        0.00000        0.00000        0.00000
    233 7C|4F2              -0.00182        0.00190        0.00135        0.00010        0.00054        0.00131
    234 7C|4F3              -0.00000       -0.00000       -0.00000        0.00000        0.00000        0.00000
    235 8C|1S0              -0.00000       -0.00000        0.00000        0.00000        0.00000       -0.00000
    236 8C|2S0              -0.00000       -0.00000       -0.00000        0.00000       -0.00000       -0.00000
    237 8C|3S0              -0.00000       -0.00000       -0.00000        0.00000       -0.00000        0.00000
    238 8C|4S0               0.00000       -0.00000        0.00000       -0.00000        0.00000       -0.00000
    239 8C|5S0              -0.00000       -0.00000       -0.00000       -0.00000        0.00000       -0.00000
    240 8C|2P-1              0.00000       -0.00000        0.00000       -0.00000        0.00000       -0.00000
    241 8C|3P-1             -0.00000        0.00000       -0.00000        0.00000       -0.00000        0.00000
    242 8C|4P-1              0.00000        0.00000       -0.00000        0.00000       -0.00000        0.00000
    243 8C|2P0               0.01395        0.03181       -0.02160        0.03695        0.13547       -0.03140
    244 8C|3P0               0.00994        0.02665       -0.01830        0.03502        0.12571       -0.03129
    245 8C|4P0               0.02272        0.03764       -0.01265        0.00702        0.08233        0.00371
    246 8C|2P1              -0.00000       -0.00000        0.00000       -0.00000        0.00000        0.00000
    247 8C|3P1              -0.00000        0.00000       -0.00000        0.00000        0.00000        0.00000
    248 8C|4P1              -0.00000       -0.00000       -0.00000        0.00000       -0.00000       -0.00000
    249 8C|3D-2              0.00000        0.00000       -0.00000        0.00000       -0.00000        0.00000
    250 8C|4D-2              0.00000       -0.00000        0.00000       -0.00000        0.00000       -0.00000
    251 8C|3D-1              0.00215        0.00525       -0.00220       -0.00068       -0.00040        0.01013
    252 8C|4D-1              0.00258        0.01090       -0.00459       -0.00099        0.00106        0.02336
    253 8C|3D0               0.00000        0.00000       -0.00000        0.00000        0.00000       -0.00000
    254 8C|4D0              -0.00000       -0.00000       -0.00000        0.00000       -0.00000        0.00000
    255 8C|3D1              -0.00760       -0.00836        0.00521        0.00037        0.00200        0.00031
    256 8C|4D1              -0.01798       -0.01860        0.01031        0.00099        0.00488        0.00182
    257 8C|3D2              -0.00000       -0.00000        0.00000       -0.00000       -0.00000        0.00000
    258 8C|4D2              -0.00000        0.00000       -0.00000        0.00000       -0.00000        0.00000
    259 8C|4F-3              0.00000       -0.00000        0.00000       -0.00000        0.00000       -0.00000
    260 8C|4F-2             -0.00287       -0.00390        0.00228        0.00004        0.00017       -0.00255
    261 8C|4F-1              0.00000       -0.00000        0.00000       -0.00000        0.00000       -0.00000
    262 8C|4F0              -0.00059       -0.00094        0.00053       -0.00060       -0.00205       -0.00000
    263 8C|4F1               0.00000        0.00000       -0.00000       -0.00000       -0.00000        0.00000
    264 8C|4F2              -0.00182       -0.00190        0.00135       -0.00010        0.00054        0.00131
    265 8C|4F3               0.00000        0.00000        0.00000       -0.00000       -0.00000       -0.00000
    266 9C|1S0              -0.00000       -0.00000       -0.00000       -0.00000       -0.00000       -0.00000
    267 9C|2S0              -0.00000       -0.00000        0.00000       -0.00000       -0.00000       -0.00000
    268 9C|3S0              -0.00000       -0.00000        0.00000       -0.00000       -0.00000       -0.00000
    269 9C|4S0               0.00000        0.00000       -0.00000        0.00000        0.00000       -0.00000
    270 9C|5S0               0.00000       -0.00000        0.00000       -0.00000       -0.00000        0.00000
    271 9C|2P-1             -0.00000        0.00000       -0.00000       -0.00000       -0.00000        0.00000
    272 9C|3P-1              0.00000        0.00000        0.00000        0.00000        0.00000       -0.00000
    273 9C|4P-1             -0.00000       -0.00000        0.00000       -0.00000       -0.00000        0.00000
    274 9C|2P0               0.01395        0.03181       -0.02160       -0.03695       -0.13547       -0.03140
    275 9C|3P0               0.00994        0.02665       -0.01830       -0.03503       -0.12571       -0.03129
    276 9C|4P0               0.02272        0.03764       -0.01265       -0.00702       -0.08233        0.00371
    277 9C|2P1               0.00000        0.00000       -0.00000        0.00000        0.00000        0.00000
    278 9C|3P1              -0.00000        0.00000        0.00000       -0.00000       -0.00000        0.00000
    279 9C|4P1              -0.00000        0.00000        0.00000       -0.00000        0.00000        0.00000
    280 9C|3D-2             -0.00000       -0.00000        0.00000        0.00000       -0.00000       -0.00000
    281 9C|4D-2             -0.00000       -0.00000       -0.00000       -0.00000       -0.00000        0.00000
    282 9C|3D-1             -0.00215       -0.00525        0.00220       -0.00068       -0.00040       -0.01013
    283 9C|4D-1             -0.00258       -0.01090        0.00459       -0.00099        0.00106       -0.02336
    284 9C|3D0               0.00000       -0.00000        0.00000       -0.00000       -0.00000        0.00000
    285 9C|4D0              -0.00000       -0.00000        0.00000       -0.00000       -0.00000       -0.00000
    286 9C|3D1              -0.00760       -0.00836        0.00521       -0.00037       -0.00200        0.00031
    287 9C|4D1              -0.01798       -0.01860        0.01031       -0.00099       -0.00488        0.00182
    288 9C|3D2              -0.00000        0.00000       -0.00000        0.00000       -0.00000        0.00000
    289 9C|4D2               0.00000       -0.00000        0.00000       -0.00000       -0.00000        0.00000
    290 9C|4F-3             -0.00000       -0.00000        0.00000       -0.00000       -0.00000        0.00000
    291 9C|4F-2              0.00287        0.00390       -0.00228        0.00004        0.00017        0.00255
    292 9C|4F-1             -0.00000       -0.00000       -0.00000       -0.00000       -0.00000        0.00000
    293 9C|4F0              -0.00059       -0.00094        0.00053        0.00060        0.00205       -0.00000
    294 9C|4F1               0.00000       -0.00000       -0.00000        0.00000        0.00000       -0.00000
    295 9C|4F2              -0.00182       -0.00190        0.00135        0.00010       -0.00054        0.00131
    296 9C|4F3               0.00000        0.00000       -0.00000        0.00000        0.00000       -0.00000
    297 10C|1S0              0.00000       -0.00000        0.00000       -0.00000       -0.00000        0.00000
    298 10C|2S0             -0.00000        0.00000        0.00000       -0.00000        0.00000       -0.00000
    299 10C|3S0             -0.00000        0.00000        0.00000       -0.00000       -0.00000       -0.00000
    300 10C|4S0              0.00000       -0.00000       -0.00000        0.00000       -0.00000        0.00000
    301 10C|5S0             -0.00000       -0.00000        0.00000       -0.00000        0.00000       -0.00000
    302 10C|2P-1             0.00000       -0.00000        0.00000       -0.00000        0.00000        0.00000
    303 10C|3P-1            -0.00000        0.00000        0.00000        0.00000       -0.00000       -0.00000
    304 10C|4P-1             0.00000        0.00000       -0.00000        0.00000       -0.00000        0.00000
    305 10C|2P0              0.00194        0.05229        0.02076       -0.02810        0.14075       -0.02909
    306 10C|3P0              0.00014        0.04901        0.01675       -0.02369        0.13056       -0.02942
    307 10C|4P0              0.01506        0.01425        0.02045       -0.03635        0.08464        0.00400
    308 10C|2P1              0.00000        0.00000        0.00000       -0.00000       -0.00000        0.00000
    309 10C|3P1             -0.00000       -0.00000        0.00000       -0.00000        0.00000       -0.00000
    310 10C|4P1             -0.00000       -0.00000        0.00000       -0.00000        0.00000       -0.00000
    311 10C|3D-2             0.00000       -0.00000       -0.00000        0.00000        0.00000       -0.00000
    312 10C|4D-2            -0.00000       -0.00000        0.00000        0.00000       -0.00000       -0.00000
    313 10C|3D-1             0.00522       -0.00059        0.00805       -0.00904       -0.00260       -0.00085
    314 10C|4D-1             0.01292       -0.00108        0.01693       -0.02005       -0.00569       -0.00305
    315 10C|3D0              0.00000        0.00000        0.00000       -0.00000        0.00000       -0.00000
    316 10C|4D0             -0.00000        0.00000        0.00000       -0.00000       -0.00000       -0.00000
    317 10C|3D1              0.00105       -0.00086        0.00346       -0.00482        0.00002        0.00928
    318 10C|4D1              0.00052       -0.00150        0.00671       -0.00986        0.00146        0.02193
    319 10C|3D2             -0.00000        0.00000       -0.00000        0.00000       -0.00000       -0.00000
    320 10C|4D2             -0.00000        0.00000        0.00000        0.00000       -0.00000       -0.00000
    321 10C|4F-3            -0.00000       -0.00000       -0.00000        0.00000       -0.00000       -0.00000
    322 10C|4F-2             0.00177       -0.00014        0.00342       -0.00391       -0.00019        0.00223
    323 10C|4F-1             0.00000       -0.00000       -0.00000       -0.00000        0.00000        0.00000
    324 10C|4F0             -0.00032       -0.00089       -0.00073        0.00090       -0.00213        0.00007
    325 10C|4F1              0.00000        0.00000       -0.00000        0.00000       -0.00000        0.00000
    326 10C|4F2              0.00118        0.00007        0.00187       -0.00199       -0.00077       -0.00142
    327 10C|4F3             -0.00000        0.00000        0.00000       -0.00000        0.00000       -0.00000
    328 11C|1S0             -0.00000        0.00000       -0.00000        0.00000        0.00000       -0.00000
    329 11C|2S0             -0.00000       -0.00000       -0.00000        0.00000       -0.00000       -0.00000
    330 11C|3S0             -0.00000       -0.00000        0.00000        0.00000       -0.00000        0.00000
    331 11C|4S0              0.00000        0.00000       -0.00000        0.00000        0.00000       -0.00000
    332 11C|5S0              0.00000        0.00000       -0.00000        0.00000       -0.00000        0.00000
    333 11C|2P-1            -0.00000        0.00000       -0.00000        0.00000        0.00000       -0.00000
    334 11C|3P-1            -0.00000       -0.00000       -0.00000       -0.00000       -0.00000        0.00000
    335 11C|4P-1            -0.00000       -0.00000        0.00000       -0.00000        0.00000       -0.00000
    336 11C|2P0              0.00194       -0.05229        0.02076       -0.02810       -0.14075       -0.02909
    337 11C|3P0              0.00014       -0.04901        0.01674       -0.02369       -0.13056       -0.02942
    338 11C|4P0              0.01506       -0.01425        0.02045       -0.03635       -0.08464        0.00400
    339 11C|2P1             -0.00000       -0.00000        0.00000       -0.00000        0.00000       -0.00000
    340 11C|3P1              0.00000        0.00000       -0.00000        0.00000       -0.00000        0.00000
    341 11C|4P1             -0.00000       -0.00000        0.00000       -0.00000        0.00000       -0.00000
    342 11C|3D-2             0.00000       -0.00000        0.00000       -0.00000       -0.00000        0.00000
    343 11C|4D-2             0.00000        0.00000       -0.00000        0.00000       -0.00000        0.00000
    344 11C|3D-1             0.00522        0.00059        0.00805       -0.00904        0.00260       -0.00085
    345 11C|4D-1             0.01292        0.00108        0.01693       -0.02005        0.00569       -0.00305
    346 11C|3D0             -0.00000       -0.00000        0.00000       -0.00000       -0.00000        0.00000
    347 11C|4D0             -0.00000       -0.00000        0.00000       -0.00000       -0.00000        0.00000
    348 11C|3D1             -0.00105       -0.00086       -0.00346        0.00482        0.00002       -0.00928
    349 11C|4D1             -0.00052       -0.00150       -0.00671        0.00986        0.00146       -0.02193
    350 11C|3D2              0.00000       -0.00000       -0.00000       -0.00000       -0.00000        0.00000
    351 11C|4D2             -0.00000        0.00000       -0.00000       -0.00000       -0.00000        0.00000
    352 11C|4F-3             0.00000        0.00000       -0.00000       -0.00000        0.00000       -0.00000
    353 11C|4F-2            -0.00177       -0.00014       -0.00342        0.00391       -0.00019       -0.00223
    354 11C|4F-1             0.00000        0.00000       -0.00000        0.00000       -0.00000        0.00000
    355 11C|4F0             -0.00032        0.00089       -0.00073        0.00090        0.00213        0.00007
    356 11C|4F1             -0.00000       -0.00000        0.00000       -0.00000        0.00000       -0.00000
    357 11C|4F2              0.00118       -0.00007        0.00187       -0.00199        0.00077       -0.00142
    358 11C|4F3              0.00000        0.00000       -0.00000        0.00000        0.00000       -0.00000
    359 12C|1S0              0.00000        0.00000        0.00000       -0.00000        0.00000       -0.00000
    360 12C|2S0              0.00000        0.00000        0.00000       -0.00000       -0.00000       -0.00000
    361 12C|3S0             -0.00000        0.00000       -0.00000        0.00000       -0.00000        0.00000
    362 12C|4S0              0.00000       -0.00000        0.00000        0.00000        0.00000       -0.00000
    363 12C|5S0             -0.00000       -0.00000        0.00000       -0.00000       -0.00000        0.00000
    364 12C|2P-1            -0.00000        0.00000       -0.00000       -0.00000       -0.00000        0.00000
    365 12C|3P-1            -0.00000        0.00000        0.00000        0.00000        0.00000       -0.00000
    366 12C|4P-1            -0.00000       -0.00000        0.00000       -0.00000       -0.00000        0.00000
    367 12C|2P0              0.00194        0.05229        0.02076        0.02810       -0.14075       -0.02909
    368 12C|3P0              0.00014        0.04901        0.01675        0.02369       -0.13056       -0.02942
    369 12C|4P0              0.01506        0.01425        0.02045        0.03635       -0.08464        0.00400
    370 12C|2P1              0.00000       -0.00000       -0.00000        0.00000        0.00000        0.00000
    371 12C|3P1             -0.00000        0.00000        0.00000       -0.00000       -0.00000       -0.00000
    372 12C|4P1             -0.00000       -0.00000        0.00000        0.00000        0.00000        0.00000
    373 12C|3D-2            -0.00000        0.00000        0.00000        0.00000        0.00000        0.00000
    374 12C|4D-2             0.00000       -0.00000       -0.00000        0.00000        0.00000       -0.00000
    375 12C|3D-1            -0.00522        0.00059       -0.00805       -0.00904       -0.00260        0.00085
    376 12C|4D-1            -0.01292        0.00108       -0.01693       -0.02005       -0.00569        0.00305
    377 12C|3D0             -0.00000        0.00000       -0.00000        0.00000       -0.00000       -0.00000
    378 12C|4D0             -0.00000        0.00000       -0.00000        0.00000       -0.00000        0.00000
    379 12C|3D1              0.00105       -0.00086        0.00346        0.00482       -0.00002        0.00928
    380 12C|4D1              0.00052       -0.00150        0.00671        0.00986       -0.00146        0.02193
    381 12C|3D2              0.00000        0.00000       -0.00000       -0.00000        0.00000        0.00000
    382 12C|4D2              0.00000       -0.00000       -0.00000        0.00000        0.00000        0.00000
    383 12C|4F-3            -0.00000        0.00000       -0.00000        0.00000       -0.00000        0.00000
    384 12C|4F-2            -0.00177        0.00014       -0.00342       -0.00391       -0.00019       -0.00223
    385 12C|4F-1             0.00000        0.00000       -0.00000       -0.00000       -0.00000       -0.00000
    386 12C|4F0             -0.00032       -0.00089       -0.00073       -0.00090        0.00213        0.00007
    387 12C|4F1              0.00000       -0.00000       -0.00000        0.00000        0.00000        0.00000
    388 12C|4F2              0.00118        0.00007        0.00187        0.00199        0.00077       -0.00142
    389 12C|4F3             -0.00000        0.00000       -0.00000       -0.00000       -0.00000        0.00000
    390 13C|1S0              0.00000        0.00000       -0.00000       -0.00000       -0.00000       -0.00000
    391 13C|2S0             -0.00000       -0.00000        0.00000       -0.00000        0.00000       -0.00000
    392 13C|3S0             -0.00000       -0.00000        0.00000       -0.00000        0.00000       -0.00000
    393 13C|4S0              0.00000        0.00000       -0.00000       -0.00000       -0.00000        0.00000
    394 13C|5S0              0.00000        0.00000       -0.00000        0.00000        0.00000       -0.00000
    395 13C|2P-1            -0.00000       -0.00000        0.00000       -0.00000        0.00000       -0.00000
    396 13C|3P-1             0.00000        0.00000       -0.00000        0.00000       -0.00000        0.00000
    397 13C|4P-1             0.00000        0.00000       -0.00000       -0.00000        0.00000       -0.00000
    398 13C|2P0              0.00194       -0.05229        0.02076        0.02810        0.14075       -0.02909
    399 13C|3P0              0.00014       -0.04901        0.01674        0.02369        0.13056       -0.02942
    400 13C|4P0              0.01506       -0.01425        0.02044        0.03635        0.08464        0.00400
    401 13C|2P1             -0.00000        0.00000        0.00000       -0.00000       -0.00000       -0.00000
    402 13C|3P1              0.00000       -0.00000       -0.00000       -0.00000       -0.00000        0.00000
    403 13C|4P1             -0.00000       -0.00000        0.00000        0.00000       -0.00000        0.00000
    404 13C|3D-2            -0.00000        0.00000       -0.00000       -0.00000       -0.00000       -0.00000
    405 13C|4D-2            -0.00000        0.00000        0.00000        0.00000        0.00000       -0.00000
    406 13C|3D-1            -0.00522       -0.00059       -0.00805       -0.00904        0.00260        0.00085
    407 13C|4D-1            -0.01292       -0.00108       -0.01693       -0.02005        0.00569        0.00305
    408 13C|3D0              0.00000       -0.00000       -0.00000        0.00000        0.00000        0.00000
    409 13C|4D0             -0.00000       -0.00000        0.00000        0.00000        0.00000       -0.00000
    410 13C|3D1             -0.00105       -0.00086       -0.00346       -0.00482       -0.00002       -0.00928
    411 13C|4D1             -0.00052       -0.00150       -0.00671       -0.00986       -0.00146       -0.02193
    412 13C|3D2              0.00000       -0.00000        0.00000        0.00000        0.00000       -0.00000
    413 13C|4D2             -0.00000       -0.00000        0.00000       -0.00000        0.00000        0.00000
    414 13C|4F-3            -0.00000       -0.00000        0.00000       -0.00000        0.00000        0.00000
    415 13C|4F-2             0.00177        0.00014        0.00342        0.00391       -0.00019        0.00223
    416 13C|4F-1            -0.00000       -0.00000        0.00000       -0.00000        0.00000       -0.00000
    417 13C|4F0             -0.00032        0.00089       -0.00073       -0.00090       -0.00213        0.00007
    418 13C|4F1             -0.00000        0.00000        0.00000       -0.00000        0.00000       -0.00000
    419 13C|4F2              0.00118       -0.00007        0.00187        0.00199       -0.00077       -0.00142
    420 13C|4F3              0.00000        0.00000       -0.00000       -0.00000       -0.00000        0.00000
    421 14C|1S0              0.00000       -0.00000       -0.00000       -0.00000        0.00000       -0.00000
    422 14C|2S0             -0.00000        0.00000        0.00000       -0.00000       -0.00000        0.00000
    423 14C|3S0             -0.00000       -0.00000       -0.00000       -0.00000        0.00000       -0.00000
    424 14C|4S0              0.00000        0.00000        0.00000        0.00000       -0.00000        0.00000
    425 14C|5S0             -0.00000       -0.00000       -0.00000        0.00000        0.00000       -0.00000
    426 14C|2P-1             0.00000       -0.00000        0.00000       -0.00000       -0.00000       -0.00000
    427 14C|3P-1            -0.00000        0.00000        0.00000       -0.00000        0.00000       -0.00000
    428 14C|4P-1             0.00000        0.00000       -0.00000        0.00000        0.00000        0.00000
    429 14C|2P0             -0.14514        0.14587        0.09290        0.01614       -0.07136        0.04104
    430 14C|3P0             -0.13272        0.13449        0.08586        0.01493       -0.06405        0.03720
    431 14C|4P0             -0.08455        0.09050        0.05488        0.01519       -0.06249        0.02153
    432 14C|2P1             -0.00000        0.00000        0.00000       -0.00000        0.00000        0.00000
    433 14C|3P1              0.00000       -0.00000        0.00000        0.00000       -0.00000        0.00000
    434 14C|4P1              0.00000       -0.00000       -0.00000        0.00000        0.00000       -0.00000
    435 14C|3D-2            -0.00000        0.00000       -0.00000       -0.00000        0.00000       -0.00000
    436 14C|4D-2            -0.00000        0.00000        0.00000       -0.00000       -0.00000        0.00000
    437 14C|3D-1            -0.00552        0.00555        0.00363       -0.00094        0.00392        0.00254
    438 14C|4D-1            -0.00790        0.00741        0.00499       -0.00290        0.01277        0.00615
    439 14C|3D0             -0.00000       -0.00000        0.00000        0.00000        0.00000       -0.00000
    440 14C|4D0             -0.00000       -0.00000       -0.00000       -0.00000        0.00000        0.00000
    441 14C|3D1              0.00005       -0.00079       -0.00040        0.00094       -0.00379       -0.00018
    442 14C|4D1              0.00223       -0.00373       -0.00269        0.00218       -0.00683       -0.00345
    443 14C|3D2              0.00000       -0.00000       -0.00000       -0.00000       -0.00000       -0.00000
    444 14C|4D2              0.00000       -0.00000        0.00000        0.00000       -0.00000        0.00000
    445 14C|4F-3             0.00000       -0.00000       -0.00000       -0.00000        0.00000        0.00000
    446 14C|4F-2            -0.00070        0.00055        0.00041       -0.00027        0.00097        0.00090
    447 14C|4F-1             0.00000       -0.00000       -0.00000       -0.00000       -0.00000       -0.00000
    448 14C|4F0              0.00294       -0.00276       -0.00180       -0.00034        0.00119       -0.00064
    449 14C|4F1             -0.00000        0.00000       -0.00000       -0.00000        0.00000       -0.00000
    450 14C|4F2              0.00176       -0.00204       -0.00123        0.00050       -0.00221       -0.00029
    451 14C|4F3              0.00000        0.00000       -0.00000       -0.00000       -0.00000       -0.00000
    452 15C|1S0             -0.00000        0.00000        0.00000       -0.00000        0.00000        0.00000
    453 15C|2S0              0.00000       -0.00000       -0.00000        0.00000       -0.00000       -0.00000
    454 15C|3S0              0.00000       -0.00000        0.00000        0.00000       -0.00000        0.00000
    455 15C|4S0             -0.00000       -0.00000       -0.00000       -0.00000        0.00000       -0.00000
    456 15C|5S0             -0.00000       -0.00000        0.00000       -0.00000       -0.00000       -0.00000
    457 15C|2P-1             0.00000       -0.00000       -0.00000        0.00000        0.00000        0.00000
    458 15C|3P-1            -0.00000        0.00000        0.00000       -0.00000       -0.00000       -0.00000
    459 15C|4P-1            -0.00000        0.00000       -0.00000        0.00000        0.00000        0.00000
    460 15C|2P0             -0.14514        0.14587        0.09290       -0.01614        0.07136        0.04104
    461 15C|3P0             -0.13272        0.13449        0.08586       -0.01493        0.06405        0.03720
    462 15C|4P0             -0.08455        0.09050        0.05488       -0.01519        0.06249        0.02153
    463 15C|2P1              0.00000       -0.00000        0.00000        0.00000        0.00000        0.00000
    464 15C|3P1             -0.00000        0.00000       -0.00000       -0.00000       -0.00000       -0.00000
    465 15C|4P1             -0.00000       -0.00000        0.00000       -0.00000       -0.00000       -0.00000
    466 15C|3D-2            -0.00000        0.00000       -0.00000       -0.00000       -0.00000       -0.00000
    467 15C|4D-2            -0.00000        0.00000        0.00000       -0.00000       -0.00000       -0.00000
    468 15C|3D-1             0.00552       -0.00555       -0.00363       -0.00094        0.00392       -0.00254
    469 15C|4D-1             0.00790       -0.00741       -0.00499       -0.00290        0.01277       -0.00615
    470 15C|3D0             -0.00000        0.00000        0.00000       -0.00000       -0.00000        0.00000
    471 15C|4D0              0.00000        0.00000        0.00000        0.00000       -0.00000        0.00000
    472 15C|3D1              0.00005       -0.00079       -0.00040       -0.00094        0.00379       -0.00018
    473 15C|4D1              0.00223       -0.00373       -0.00269       -0.00218        0.00683       -0.00345
    474 15C|3D2             -0.00000        0.00000        0.00000        0.00000        0.00000        0.00000
    475 15C|4D2             -0.00000        0.00000       -0.00000       -0.00000        0.00000       -0.00000
    476 15C|4F-3            -0.00000        0.00000       -0.00000       -0.00000       -0.00000       -0.00000
    477 15C|4F-2             0.00070       -0.00055       -0.00041       -0.00027        0.00097       -0.00090
    478 15C|4F-1             0.00000       -0.00000        0.00000       -0.00000       -0.00000        0.00000
    479 15C|4F0              0.00294       -0.00276       -0.00180        0.00034       -0.00119       -0.00064
    480 15C|4F1              0.00000       -0.00000        0.00000        0.00000        0.00000        0.00000
    481 15C|4F2              0.00176       -0.00204       -0.00123       -0.00050        0.00221       -0.00029
    482 15C|4F3             -0.00000        0.00000       -0.00000        0.00000        0.00000       -0.00000
    483 16C|1S0              0.00000        0.00000       -0.00000       -0.00000       -0.00000       -0.00000
    484 16C|2S0             -0.00000       -0.00000        0.00000       -0.00000        0.00000        0.00000
    485 16C|3S0             -0.00000       -0.00000        0.00000       -0.00000        0.00000       -0.00000
    486 16C|4S0              0.00000        0.00000       -0.00000        0.00000       -0.00000        0.00000
    487 16C|5S0              0.00000        0.00000        0.00000       -0.00000       -0.00000        0.00000
    488 16C|2P-1            -0.00000       -0.00000        0.00000       -0.00000        0.00000       -0.00000
    489 16C|3P-1             0.00000        0.00000       -0.00000        0.00000       -0.00000        0.00000
    490 16C|4P-1             0.00000        0.00000        0.00000       -0.00000        0.00000        0.00000
    491 16C|2P0             -0.14514       -0.14587        0.09289        0.01614        0.07136        0.04104
    492 16C|3P0             -0.13272       -0.13450        0.08585        0.01493        0.06405        0.03720
    493 16C|4P0             -0.08455       -0.09051        0.05487        0.01519        0.06249        0.02153
    494 16C|2P1              0.00000        0.00000       -0.00000        0.00000       -0.00000       -0.00000
    495 16C|3P1             -0.00000       -0.00000        0.00000        0.00000        0.00000       -0.00000
    496 16C|4P1             -0.00000       -0.00000       -0.00000        0.00000        0.00000       -0.00000
    497 16C|3D-2            -0.00000       -0.00000       -0.00000       -0.00000       -0.00000        0.00000
    498 16C|4D-2             0.00000       -0.00000        0.00000       -0.00000        0.00000       -0.00000
    499 16C|3D-1            -0.00552       -0.00555        0.00363       -0.00094       -0.00392        0.00254
    500 16C|4D-1            -0.00790       -0.00741        0.00499       -0.00290       -0.01277        0.00615
    501 16C|3D0              0.00000       -0.00000        0.00000       -0.00000        0.00000       -0.00000
    502 16C|4D0             -0.00000       -0.00000        0.00000       -0.00000        0.00000       -0.00000
    503 16C|3D1             -0.00005       -0.00079        0.00040       -0.00094       -0.00379        0.00018
    504 16C|4D1             -0.00223       -0.00373        0.00269       -0.00218       -0.00683        0.00345
    505 16C|3D2             -0.00000       -0.00000        0.00000        0.00000        0.00000       -0.00000
    506 16C|4D2             -0.00000       -0.00000        0.00000       -0.00000        0.00000       -0.00000
    507 16C|4F-3            -0.00000       -0.00000        0.00000        0.00000        0.00000       -0.00000
    508 16C|4F-2             0.00070        0.00055       -0.00041        0.00027        0.00097       -0.00090
    509 16C|4F-1            -0.00000       -0.00000        0.00000       -0.00000        0.00000       -0.00000
    510 16C|4F0              0.00294        0.00276       -0.00180       -0.00034       -0.00119       -0.00064
    511 16C|4F1              0.00000        0.00000       -0.00000       -0.00000       -0.00000        0.00000
    512 16C|4F2              0.00176        0.00204       -0.00123        0.00050        0.00221       -0.00029
    513 16C|4F3             -0.00000       -0.00000        0.00000       -0.00000        0.00000       -0.00000
    514 17C|1S0              0.00000        0.00000       -0.00000        0.00000        0.00000        0.00000
    515 17C|2S0              0.00000        0.00000        0.00000       -0.00000        0.00000        0.00000
    516 17C|3S0              0.00000        0.00000       -0.00000        0.00000       -0.00000        0.00000
    517 17C|4S0             -0.00000       -0.00000        0.00000       -0.00000        0.00000       -0.00000
    518 17C|5S0             -0.00000       -0.00000       -0.00000        0.00000        0.00000       -0.00000
    519 17C|2P-1             0.00000        0.00000       -0.00000       -0.00000       -0.00000       -0.00000
    520 17C|3P-1             0.00000        0.00000       -0.00000        0.00000       -0.00000        0.00000
    521 17C|4P-1             0.00000        0.00000        0.00000       -0.00000        0.00000        0.00000
    522 17C|2P0             -0.14514       -0.14587        0.09289       -0.01614       -0.07136        0.04104
    523 17C|3P0             -0.13272       -0.13450        0.08585       -0.01493       -0.06405        0.03720
    524 17C|4P0             -0.08455       -0.09051        0.05487       -0.01519       -0.06249        0.02153
    525 17C|2P1             -0.00000       -0.00000        0.00000        0.00000        0.00000       -0.00000
    526 17C|3P1              0.00000        0.00000       -0.00000       -0.00000        0.00000        0.00000
    527 17C|4P1              0.00000        0.00000        0.00000       -0.00000       -0.00000        0.00000
    528 17C|3D-2             0.00000        0.00000        0.00000       -0.00000       -0.00000        0.00000
    529 17C|4D-2            -0.00000       -0.00000        0.00000       -0.00000       -0.00000        0.00000
    530 17C|3D-1             0.00552        0.00555       -0.00363       -0.00094       -0.00392       -0.00254
    531 17C|4D-1             0.00790        0.00741       -0.00499       -0.00290       -0.01277       -0.00615
    532 17C|3D0              0.00000        0.00000       -0.00000        0.00000       -0.00000        0.00000
    533 17C|4D0              0.00000        0.00000       -0.00000        0.00000       -0.00000        0.00000
    534 17C|3D1             -0.00005       -0.00079        0.00040        0.00094        0.00379        0.00018
    535 17C|4D1             -0.00223       -0.00373        0.00269        0.00218        0.00683        0.00345
    536 17C|3D2              0.00000        0.00000       -0.00000       -0.00000       -0.00000        0.00000
    537 17C|4D2              0.00000        0.00000       -0.00000        0.00000       -0.00000        0.00000
    538 17C|4F-3            -0.00000       -0.00000        0.00000        0.00000        0.00000       -0.00000
    539 17C|4F-2            -0.00070       -0.00055        0.00041        0.00027        0.00097        0.00090
    540 17C|4F-1            -0.00000       -0.00000        0.00000        0.00000        0.00000       -0.00000
    541 17C|4F0              0.00294        0.00276       -0.00180        0.00034        0.00119       -0.00064
    542 17C|4F1             -0.00000       -0.00000        0.00000        0.00000       -0.00000       -0.00000
    543 17C|4F2              0.00176        0.00204       -0.00123       -0.00050       -0.00221       -0.00029
    544 17C|4F3             -0.00000        0.00000        0.00000        0.00000        0.00000       -0.00000
    545 18C|1S0             -0.00000        0.00000       -0.00000        0.00000        0.00000       -0.00000
    546 18C|2S0              0.00000       -0.00000        0.00000       -0.00000       -0.00000       -0.00000
    547 18C|3S0              0.00000       -0.00000       -0.00000       -0.00000        0.00000        0.00000
    548 18C|4S0             -0.00000        0.00000        0.00000        0.00000       -0.00000       -0.00000
    549 18C|5S0              0.00000        0.00000       -0.00000        0.00000       -0.00000        0.00000
    550 18C|2P-1             0.00000       -0.00000       -0.00000        0.00000        0.00000        0.00000
    551 18C|3P-1            -0.00000        0.00000        0.00000        0.00000       -0.00000       -0.00000
    552 18C|4P-1             0.00000        0.00000       -0.00000        0.00000       -0.00000        0.00000
    553 18C|2P0             -0.09691        0.02423       -0.13716        0.15149        0.08094        0.04670
    554 18C|3P0             -0.08868        0.02209       -0.12697        0.14034        0.07229        0.04268
    555 18C|4P0             -0.05761        0.02045       -0.08356        0.09625        0.06848        0.02567
    556 18C|2P1              0.00000        0.00000       -0.00000        0.00000       -0.00000       -0.00000
    557 18C|3P1              0.00000        0.00000       -0.00000        0.00000       -0.00000        0.00000
    558 18C|4P1              0.00000        0.00000       -0.00000        0.00000       -0.00000        0.00000
    559 18C|3D-2             0.00000       -0.00000       -0.00000       -0.00000        0.00000        0.00000
    560 18C|4D-2            -0.00000       -0.00000       -0.00000       -0.00000        0.00000       -0.00000
    561 18C|3D-1            -0.00023        0.00146        0.00028       -0.00060        0.00430       -0.00015
    562 18C|4D-1             0.00094        0.00306        0.00304       -0.00370        0.00711       -0.00363
    563 18C|3D0              0.00000       -0.00000       -0.00000       -0.00000       -0.00000        0.00000
    564 18C|4D0              0.00000       -0.00000       -0.00000        0.00000        0.00000        0.00000
    565 18C|3D1             -0.00337       -0.00135       -0.00486        0.00535       -0.00421        0.00265
    566 18C|4D1             -0.00518       -0.00416       -0.00706        0.00759       -0.01353        0.00629
    567 18C|3D2              0.00000       -0.00000       -0.00000        0.00000        0.00000        0.00000
    568 18C|4D2              0.00000        0.00000       -0.00000        0.00000       -0.00000        0.00000
    569 18C|4F-3             0.00000       -0.00000       -0.00000        0.00000        0.00000        0.00000
    570 18C|4F-2            -0.00047       -0.00039       -0.00058        0.00058       -0.00097        0.00092
    571 18C|4F-1             0.00000       -0.00000       -0.00000       -0.00000        0.00000        0.00000
    572 18C|4F0              0.00202       -0.00050        0.00273       -0.00292       -0.00130       -0.00076
    573 18C|4F1             -0.00000       -0.00000        0.00000       -0.00000        0.00000       -0.00000
    574 18C|4F2             -0.00108       -0.00075       -0.00172        0.00202       -0.00243        0.00035
    575 18C|4F3             -0.00000        0.00000        0.00000       -0.00000       -0.00000       -0.00000
    576 19C|1S0              0.00000       -0.00000        0.00000        0.00000       -0.00000       -0.00000
    577 19C|2S0             -0.00000        0.00000       -0.00000        0.00000       -0.00000       -0.00000
    578 19C|3S0             -0.00000        0.00000       -0.00000        0.00000       -0.00000       -0.00000
    579 19C|4S0             -0.00000       -0.00000        0.00000       -0.00000        0.00000        0.00000
    580 19C|5S0             -0.00000       -0.00000        0.00000       -0.00000        0.00000       -0.00000
    581 19C|2P-1             0.00000        0.00000        0.00000        0.00000       -0.00000       -0.00000
    582 19C|3P-1            -0.00000       -0.00000        0.00000       -0.00000       -0.00000        0.00000
    583 19C|4P-1            -0.00000       -0.00000        0.00000       -0.00000        0.00000       -0.00000
    584 19C|2P0             -0.09691       -0.02423       -0.13716        0.15149       -0.08094        0.04670
    585 19C|3P0             -0.08868       -0.02209       -0.12697        0.14034       -0.07229        0.04268
    586 19C|4P0             -0.05761       -0.02045       -0.08356        0.09625       -0.06848        0.02567
    587 19C|2P1              0.00000       -0.00000        0.00000       -0.00000        0.00000        0.00000
    588 19C|3P1             -0.00000        0.00000       -0.00000       -0.00000       -0.00000        0.00000
    589 19C|4P1              0.00000        0.00000       -0.00000        0.00000       -0.00000        0.00000
    590 19C|3D-2             0.00000       -0.00000        0.00000       -0.00000        0.00000        0.00000
    591 19C|4D-2            -0.00000       -0.00000        0.00000       -0.00000       -0.00000       -0.00000
    592 19C|3D-1            -0.00023       -0.00146        0.00028       -0.00060       -0.00430       -0.00015
    593 19C|4D-1             0.00094       -0.00306        0.00304       -0.00370       -0.00711       -0.00363
    594 19C|3D0             -0.00000        0.00000        0.00000       -0.00000        0.00000       -0.00000
    595 19C|4D0              0.00000        0.00000       -0.00000        0.00000       -0.00000       -0.00000
    596 19C|3D1              0.00337       -0.00135        0.00486       -0.00535       -0.00421       -0.00265
    597 19C|4D1              0.00518       -0.00416        0.00706       -0.00759       -0.01353       -0.00629
    598 19C|3D2              0.00000        0.00000       -0.00000        0.00000        0.00000       -0.00000
    599 19C|4D2              0.00000        0.00000        0.00000        0.00000        0.00000       -0.00000
    600 19C|4F-3             0.00000        0.00000       -0.00000        0.00000        0.00000       -0.00000
    601 19C|4F-2             0.00047       -0.00039        0.00058       -0.00058       -0.00097       -0.00092
    602 19C|4F-1             0.00000        0.00000       -0.00000        0.00000        0.00000       -0.00000
    603 19C|4F0              0.00202        0.00050        0.00273       -0.00292        0.00130       -0.00076
    604 19C|4F1              0.00000       -0.00000       -0.00000        0.00000        0.00000       -0.00000
    605 19C|4F2             -0.00108        0.00075       -0.00172        0.00202        0.00243        0.00035
    606 19C|4F3              0.00000        0.00000       -0.00000        0.00000        0.00000       -0.00000
    607 20C|1S0             -0.00000        0.00000       -0.00000        0.00000       -0.00000       -0.00000
    608 20C|2S0              0.00000       -0.00000        0.00000        0.00000        0.00000       -0.00000
    609 20C|3S0              0.00000       -0.00000        0.00000        0.00000        0.00000        0.00000
    610 20C|4S0             -0.00000        0.00000       -0.00000       -0.00000       -0.00000       -0.00000
    611 20C|5S0              0.00000        0.00000       -0.00000        0.00000        0.00000       -0.00000
    612 20C|2P-1             0.00000        0.00000       -0.00000       -0.00000       -0.00000        0.00000
    613 20C|3P-1            -0.00000       -0.00000        0.00000        0.00000        0.00000       -0.00000
    614 20C|4P-1            -0.00000       -0.00000        0.00000       -0.00000       -0.00000        0.00000
    615 20C|2P0             -0.09691        0.02423       -0.13716       -0.15150       -0.08094        0.04670
    616 20C|3P0             -0.08868        0.02209       -0.12696       -0.14034       -0.07229        0.04268
    617 20C|4P0             -0.05761        0.02045       -0.08356       -0.09625       -0.06848        0.02567
    618 20C|2P1              0.00000        0.00000       -0.00000       -0.00000       -0.00000        0.00000
    619 20C|3P1             -0.00000       -0.00000        0.00000       -0.00000        0.00000       -0.00000
    620 20C|4P1              0.00000        0.00000       -0.00000        0.00000        0.00000       -0.00000
    621 20C|3D-2             0.00000        0.00000       -0.00000       -0.00000       -0.00000        0.00000
    622 20C|4D-2             0.00000       -0.00000       -0.00000        0.00000        0.00000       -0.00000
    623 20C|3D-1             0.00023       -0.00146       -0.00028       -0.00060        0.00430        0.00015
    624 20C|4D-1            -0.00094       -0.00306       -0.00304       -0.00370        0.00711        0.00363
    625 20C|3D0              0.00000       -0.00000        0.00000        0.00000        0.00000       -0.00000
    626 20C|4D0             -0.00000       -0.00000        0.00000       -0.00000        0.00000        0.00000
    627 20C|3D1             -0.00337       -0.00135       -0.00486       -0.00535        0.00421        0.00265
    628 20C|4D1             -0.00518       -0.00416       -0.00706       -0.00759        0.01353        0.00629
    629 20C|3D2              0.00000       -0.00000        0.00000       -0.00000        0.00000       -0.00000
    630 20C|4D2             -0.00000       -0.00000        0.00000        0.00000        0.00000       -0.00000
    631 20C|4F-3            -0.00000        0.00000        0.00000       -0.00000       -0.00000        0.00000
    632 20C|4F-2             0.00047        0.00039        0.00058        0.00058       -0.00097       -0.00092
    633 20C|4F-1             0.00000        0.00000       -0.00000        0.00000       -0.00000        0.00000
    634 20C|4F0              0.00202       -0.00050        0.00273        0.00292        0.00130       -0.00076
    635 20C|4F1              0.00000        0.00000        0.00000        0.00000       -0.00000        0.00000
    636 20C|4F2             -0.00108       -0.00075       -0.00172       -0.00202        0.00243        0.00035
    637 20C|4F3             -0.00000       -0.00000        0.00000        0.00000        0.00000       -0.00000
    638 21C|1S0             -0.00000       -0.00000       -0.00000        0.00000        0.00000       -0.00000
    639 21C|2S0             -0.00000        0.00000       -0.00000       -0.00000        0.00000       -0.00000
    640 21C|3S0              0.00000        0.00000       -0.00000       -0.00000       -0.00000       -0.00000
    641 21C|4S0             -0.00000       -0.00000        0.00000        0.00000        0.00000        0.00000
    642 21C|5S0             -0.00000       -0.00000        0.00000       -0.00000       -0.00000        0.00000
    643 21C|2P-1            -0.00000       -0.00000        0.00000       -0.00000        0.00000       -0.00000
    644 21C|3P-1             0.00000        0.00000       -0.00000        0.00000       -0.00000        0.00000
    645 21C|4P-1             0.00000        0.00000       -0.00000        0.00000        0.00000       -0.00000
    646 21C|2P0             -0.09691       -0.02423       -0.13716       -0.15150        0.08094        0.04670
    647 21C|3P0             -0.08868       -0.02209       -0.12696       -0.14034        0.07229        0.04268
    648 21C|4P0             -0.05761       -0.02045       -0.08356       -0.09625        0.06848        0.02567
    649 21C|2P1              0.00000        0.00000        0.00000        0.00000       -0.00000        0.00000
    650 21C|3P1             -0.00000       -0.00000        0.00000       -0.00000        0.00000       -0.00000
    651 21C|4P1              0.00000        0.00000       -0.00000        0.00000        0.00000       -0.00000
    652 21C|3D-2             0.00000        0.00000       -0.00000        0.00000        0.00000       -0.00000
    653 21C|4D-2             0.00000        0.00000       -0.00000        0.00000       -0.00000       -0.00000
    654 21C|3D-1             0.00023        0.00146       -0.00028       -0.00060       -0.00430        0.00015
    655 21C|4D-1            -0.00094        0.00306       -0.00304       -0.00370       -0.00711        0.00363
    656 21C|3D0              0.00000        0.00000       -0.00000        0.00000       -0.00000       -0.00000
    657 21C|4D0              0.00000        0.00000       -0.00000       -0.00000       -0.00000        0.00000
    658 21C|3D1              0.00337       -0.00135        0.00486        0.00535        0.00421       -0.00265
    659 21C|4D1              0.00518       -0.00416        0.00706        0.00759        0.01353       -0.00629
    660 21C|3D2              0.00000        0.00000       -0.00000        0.00000       -0.00000        0.00000
    661 21C|4D2              0.00000        0.00000       -0.00000        0.00000       -0.00000        0.00000
    662 21C|4F-3            -0.00000       -0.00000        0.00000        0.00000        0.00000       -0.00000
    663 21C|4F-2            -0.00047        0.00039       -0.00057       -0.00058       -0.00097        0.00092
    664 21C|4F-1            -0.00000       -0.00000        0.00000       -0.00000        0.00000       -0.00000
    665 21C|4F0              0.00202        0.00050        0.00273        0.00292       -0.00130       -0.00076
    666 21C|4F1              0.00000        0.00000       -0.00000        0.00000       -0.00000        0.00000
    667 21C|4F2             -0.00108        0.00075       -0.00172       -0.00202       -0.00243        0.00035
    668 21C|4F3              0.00000        0.00000       -0.00000       -0.00000       -0.00000       -0.00000
    669 22C|1S0             -0.00000       -0.00000       -0.00000        0.00000       -0.00000       -0.00000
    670 22C|2S0             -0.00000       -0.00000       -0.00000        0.00000        0.00000        0.00000
    671 22C|3S0             -0.00000       -0.00000       -0.00000        0.00000        0.00000        0.00000
    672 22C|4S0              0.00000        0.00000        0.00000       -0.00000       -0.00000       -0.00000
    673 22C|5S0             -0.00000       -0.00000        0.00000       -0.00000       -0.00000       -0.00000
    674 22C|2P-1            -0.00000       -0.00000       -0.00000        0.00000        0.00000       -0.00000
    675 22C|3P-1             0.00000        0.00000        0.00000       -0.00000       -0.00000        0.00000
    676 22C|4P-1            -0.00000       -0.00000        0.00000       -0.00000        0.00000       -0.00000
    677 22C|2P0              0.01047        0.03084       -0.00334        0.02220       -0.00415       -0.17046
    678 22C|3P0              0.00804        0.02821       -0.00320        0.02003       -0.00350       -0.15672
    679 22C|4P0             -0.00610        0.03400       -0.00493        0.02865       -0.00181       -0.14233
    680 22C|2P1             -0.00000        0.00000       -0.00000        0.00000       -0.00000        0.00000
    681 22C|3P1             -0.00000       -0.00000        0.00000       -0.00000        0.00000       -0.00000
    682 22C|4P1             -0.00000        0.00000        0.00000       -0.00000       -0.00000       -0.00000
    683 22C|3D-2             0.00000        0.00000       -0.00000        0.00000        0.00000        0.00000
    684 22C|4D-2            -0.00000       -0.00000        0.00000        0.00000        0.00000        0.00000
    685 22C|3D-1             0.00098       -0.00171       -0.00049        0.00084       -0.00598       -0.00119
    686 22C|4D-1             0.00119       -0.00368       -0.00032        0.00133       -0.01564        0.00298
    687 22C|3D0              0.00000        0.00000       -0.00000        0.00000       -0.00000        0.00000
    688 22C|4D0             -0.00000       -0.00000       -0.00000        0.00000        0.00000        0.00000
    689 22C|3D1              0.00062        0.00123        0.00065       -0.00147        0.00586       -0.00081
    690 22C|4D1              0.00065        0.00243        0.00087       -0.00277        0.01578        0.00318
    691 22C|3D2             -0.00000        0.00000        0.00000       -0.00000        0.00000        0.00000
    692 22C|4D2             -0.00000       -0.00000        0.00000        0.00000        0.00000       -0.00000
    693 22C|4F-3            -0.00000       -0.00000       -0.00000        0.00000        0.00000       -0.00000
    694 22C|4F-2             0.00074       -0.00077        0.00017       -0.00067       -0.00003        0.00078
    695 22C|4F-1            -0.00000       -0.00000        0.00000        0.00000        0.00000        0.00000
    696 22C|4F0             -0.00013       -0.00069        0.00008       -0.00048        0.00002        0.00272
    697 22C|4F1              0.00000        0.00000       -0.00000       -0.00000       -0.00000        0.00000
    698 22C|4F2             -0.00025        0.00106        0.00104       -0.00091        0.00223       -0.00001
    699 22C|4F3              0.00000        0.00000        0.00000       -0.00000       -0.00000        0.00000
    700 23C|1S0              0.00000       -0.00000        0.00000       -0.00000        0.00000        0.00000
    701 23C|2S0              0.00000       -0.00000        0.00000       -0.00000       -0.00000       -0.00000
    702 23C|3S0              0.00000       -0.00000        0.00000       -0.00000       -0.00000       -0.00000
    703 23C|4S0             -0.00000       -0.00000       -0.00000        0.00000        0.00000        0.00000
    704 23C|5S0             -0.00000       -0.00000        0.00000        0.00000        0.00000        0.00000
    705 23C|2P-1             0.00000       -0.00000       -0.00000        0.00000        0.00000        0.00000
    706 23C|3P-1            -0.00000        0.00000        0.00000       -0.00000       -0.00000       -0.00000
    707 23C|4P-1             0.00000        0.00000       -0.00000       -0.00000       -0.00000       -0.00000
    708 23C|2P0              0.01047        0.03084       -0.00334       -0.02220        0.00415       -0.17046
    709 23C|3P0              0.00804        0.02821       -0.00320       -0.02003        0.00350       -0.15672
    710 23C|4P0             -0.00610        0.03400       -0.00493       -0.02865        0.00181       -0.14233
    711 23C|2P1              0.00000       -0.00000       -0.00000        0.00000        0.00000       -0.00000
    712 23C|3P1             -0.00000        0.00000        0.00000       -0.00000       -0.00000       -0.00000
    713 23C|4P1             -0.00000        0.00000        0.00000        0.00000        0.00000        0.00000
    714 23C|3D-2            -0.00000        0.00000        0.00000        0.00000        0.00000        0.00000
    715 23C|4D-2            -0.00000       -0.00000       -0.00000        0.00000        0.00000        0.00000
    716 23C|3D-1            -0.00098        0.00171        0.00049        0.00084       -0.00598        0.00119
    717 23C|4D-1            -0.00119        0.00368        0.00032        0.00133       -0.01564       -0.00298
    718 23C|3D0              0.00000       -0.00000       -0.00000       -0.00000       -0.00000        0.00000
    719 23C|4D0              0.00000        0.00000        0.00000       -0.00000       -0.00000       -0.00000
    720 23C|3D1              0.00062        0.00123        0.00065        0.00147       -0.00586       -0.00081
    721 23C|4D1              0.00065        0.00243        0.00087        0.00277       -0.01578        0.00318
    722 23C|3D2             -0.00000        0.00000       -0.00000       -0.00000       -0.00000        0.00000
    723 23C|4D2             -0.00000        0.00000        0.00000       -0.00000       -0.00000       -0.00000
    724 23C|4F-3            -0.00000        0.00000        0.00000        0.00000        0.00000        0.00000
    725 23C|4F-2            -0.00074        0.00077       -0.00017       -0.00067       -0.00003       -0.00078
    726 23C|4F-1             0.00000       -0.00000       -0.00000        0.00000        0.00000        0.00000
    727 23C|4F0             -0.00013       -0.00069        0.00008        0.00048       -0.00002        0.00272
    728 23C|4F1              0.00000       -0.00000       -0.00000        0.00000        0.00000        0.00000
    729 23C|4F2             -0.00025        0.00106        0.00104        0.00091       -0.00223       -0.00001
    730 23C|4F3             -0.00000       -0.00000       -0.00000        0.00000        0.00000        0.00000
    731 24C|1S0             -0.00000        0.00000       -0.00000        0.00000       -0.00000        0.00000
    732 24C|2S0              0.00000        0.00000       -0.00000       -0.00000        0.00000        0.00000
    733 24C|3S0              0.00000        0.00000        0.00000       -0.00000        0.00000       -0.00000
    734 24C|4S0             -0.00000       -0.00000       -0.00000        0.00000       -0.00000        0.00000
    735 24C|5S0              0.00000        0.00000       -0.00000        0.00000       -0.00000        0.00000
    736 24C|2P-1             0.00000       -0.00000        0.00000       -0.00000        0.00000       -0.00000
    737 24C|3P-1            -0.00000        0.00000       -0.00000        0.00000       -0.00000        0.00000
    738 24C|4P-1             0.00000        0.00000       -0.00000        0.00000       -0.00000        0.00000
    739 24C|2P0              0.01047       -0.03084       -0.00334        0.02220        0.00415       -0.17046
    740 24C|3P0              0.00804       -0.02821       -0.00321        0.02003        0.00350       -0.15672
    741 24C|4P0             -0.00610       -0.03400       -0.00494        0.02865        0.00181       -0.14233
    742 24C|2P1             -0.00000       -0.00000        0.00000       -0.00000       -0.00000       -0.00000
    743 24C|3P1              0.00000        0.00000       -0.00000        0.00000       -0.00000        0.00000
    744 24C|4P1             -0.00000       -0.00000        0.00000       -0.00000        0.00000        0.00000
    745 24C|3D-2            -0.00000       -0.00000       -0.00000        0.00000       -0.00000        0.00000
    746 24C|4D-2            -0.00000       -0.00000       -0.00000        0.00000       -0.00000        0.00000
    747 24C|3D-1             0.00098        0.00171       -0.00049        0.00084        0.00598       -0.00119
    748 24C|4D-1             0.00119        0.00368       -0.00032        0.00133        0.01564        0.00298
    749 24C|3D0              0.00000        0.00000        0.00000       -0.00000       -0.00000       -0.00000
    750 24C|4D0              0.00000        0.00000        0.00000       -0.00000        0.00000       -0.00000
    751 24C|3D1             -0.00062        0.00123       -0.00065        0.00147        0.00586        0.00081
    752 24C|4D1             -0.00065        0.00243       -0.00087        0.00277        0.01578       -0.00318
    753 24C|3D2             -0.00000       -0.00000        0.00000       -0.00000        0.00000        0.00000
    754 24C|4D2              0.00000       -0.00000        0.00000       -0.00000        0.00000       -0.00000
    755 24C|4F-3             0.00000        0.00000       -0.00000       -0.00000        0.00000       -0.00000
    756 24C|4F-2            -0.00074       -0.00077       -0.00017        0.00067       -0.00003       -0.00078
    757 24C|4F-1             0.00000       -0.00000        0.00000       -0.00000        0.00000       -0.00000
    758 24C|4F0             -0.00013        0.00069        0.00008       -0.00048       -0.00002        0.00272
    759 24C|4F1             -0.00000       -0.00000        0.00000       -0.00000       -0.00000       -0.00000
    760 24C|4F2             -0.00025       -0.00106        0.00104       -0.00091       -0.00223       -0.00001
    761 24C|4F3              0.00000        0.00000        0.00000       -0.00000        0.00000       -0.00000
    762 25C|1S0             -0.00000        0.00000        0.00000        0.00000        0.00000        0.00000
    763 25C|2S0             -0.00000       -0.00000       -0.00000       -0.00000       -0.00000       -0.00000
    764 25C|3S0              0.00000        0.00000       -0.00000        0.00000        0.00000        0.00000
    765 25C|4S0             -0.00000       -0.00000        0.00000       -0.00000       -0.00000       -0.00000
    766 25C|5S0              0.00000        0.00000       -0.00000       -0.00000        0.00000       -0.00000
    767 25C|2P-1             0.00000       -0.00000        0.00000       -0.00000       -0.00000        0.00000
    768 25C|3P-1             0.00000        0.00000        0.00000        0.00000        0.00000       -0.00000
    769 25C|4P-1            -0.00000       -0.00000        0.00000       -0.00000       -0.00000        0.00000
    770 25C|2P0              0.01047       -0.03084       -0.00334       -0.02220       -0.00415       -0.17046
    771 25C|3P0              0.00804       -0.02821       -0.00321       -0.02003       -0.00350       -0.15672
    772 25C|4P0             -0.00610       -0.03400       -0.00493       -0.02865       -0.00181       -0.14233
    773 25C|2P1             -0.00000       -0.00000        0.00000        0.00000        0.00000       -0.00000
    774 25C|3P1              0.00000        0.00000       -0.00000       -0.00000       -0.00000        0.00000
    775 25C|4P1             -0.00000       -0.00000       -0.00000        0.00000       -0.00000        0.00000
    776 25C|3D-2             0.00000        0.00000       -0.00000        0.00000        0.00000       -0.00000
    777 25C|4D-2             0.00000        0.00000       -0.00000        0.00000        0.00000        0.00000
    778 25C|3D-1            -0.00098       -0.00171        0.00049        0.00084        0.00598        0.00119
    779 25C|4D-1            -0.00119       -0.00368        0.00032        0.00133        0.01564       -0.00298
    780 25C|3D0              0.00000        0.00000       -0.00000        0.00000        0.00000        0.00000
    781 25C|4D0              0.00000        0.00000       -0.00000        0.00000        0.00000        0.00000
    782 25C|3D1             -0.00062        0.00123       -0.00065       -0.00147       -0.00586        0.00081
    783 25C|4D1             -0.00065        0.00243       -0.00086       -0.00277       -0.01578       -0.00318
    784 25C|3D2             -0.00000       -0.00000        0.00000        0.00000        0.00000       -0.00000
    785 25C|4D2             -0.00000        0.00000        0.00000        0.00000        0.00000       -0.00000
    786 25C|4F-3            -0.00000       -0.00000        0.00000       -0.00000       -0.00000       -0.00000
    787 25C|4F-2             0.00074        0.00077        0.00017        0.00067       -0.00003        0.00078
    788 25C|4F-1            -0.00000       -0.00000       -0.00000       -0.00000       -0.00000        0.00000
    789 25C|4F0             -0.00013        0.00069        0.00008        0.00048        0.00002        0.00272
    790 25C|4F1             -0.00000       -0.00000        0.00000        0.00000        0.00000       -0.00000
    791 25C|4F2             -0.00025       -0.00106        0.00104        0.00091        0.00223       -0.00001
    792 25C|4F3              0.00000        0.00000       -0.00000        0.00000        0.00000        0.00000
    793 26H|1S0             -0.00000        0.00000       -0.00000       -0.00000       -0.00000        0.00000
    794 26H|2S0              0.00000       -0.00000       -0.00000        0.00000        0.00000        0.00000
    795 26H|3S0              0.00000        0.00000       -0.00000        0.00000        0.00000        0.00000
    796 26H|2P-1            -0.00000       -0.00000       -0.00000        0.00000        0.00000       -0.00000
    797 26H|2P0             -0.00654        0.00682        0.00426        0.00078       -0.00352        0.00149
    798 26H|2P1             -0.00000       -0.00000       -0.00000        0.00000        0.00000        0.00000
    799 27H|1S0              0.00000        0.00000       -0.00000        0.00000        0.00000        0.00000
    800 27H|2S0              0.00000       -0.00000        0.00000       -0.00000       -0.00000       -0.00000
    801 27H|3S0             -0.00000       -0.00000        0.00000       -0.00000       -0.00000       -0.00000
    802 27H|2P-1             0.00000        0.00000       -0.00000        0.00000        0.00000       -0.00000
    803 27H|2P0             -0.00654        0.00682        0.00426       -0.00078        0.00352        0.00149
    804 27H|2P1             -0.00000        0.00000        0.00000       -0.00000       -0.00000        0.00000
    805 28H|1S0             -0.00000       -0.00000        0.00000        0.00000        0.00000       -0.00000
    806 28H|2S0              0.00000       -0.00000        0.00000       -0.00000        0.00000        0.00000
    807 28H|3S0              0.00000       -0.00000        0.00000       -0.00000       -0.00000        0.00000
    808 28H|2P-1            -0.00000       -0.00000        0.00000       -0.00000        0.00000        0.00000
    809 28H|2P0             -0.00654       -0.00682        0.00426        0.00078        0.00352        0.00149
    810 28H|2P1              0.00000        0.00000       -0.00000        0.00000       -0.00000       -0.00000
    811 29H|1S0             -0.00000       -0.00000        0.00000       -0.00000       -0.00000        0.00000
    812 29H|2S0             -0.00000       -0.00000       -0.00000        0.00000        0.00000       -0.00000
    813 29H|3S0             -0.00000       -0.00000       -0.00000        0.00000        0.00000       -0.00000
    814 29H|2P-1             0.00000        0.00000        0.00000       -0.00000       -0.00000        0.00000
    815 29H|2P0             -0.00654       -0.00682        0.00426       -0.00078       -0.00352        0.00149
    816 29H|2P1              0.00000       -0.00000        0.00000       -0.00000        0.00000        0.00000
    817 30H|1S0             -0.00000       -0.00000        0.00000       -0.00000        0.00000       -0.00000
    818 30H|2S0              0.00000        0.00000       -0.00000        0.00000       -0.00000        0.00000
    819 30H|3S0              0.00000        0.00000       -0.00000        0.00000       -0.00000        0.00000
    820 30H|2P-1            -0.00000       -0.00000        0.00000        0.00000       -0.00000        0.00000
    821 30H|2P0             -0.00438        0.00115       -0.00637        0.00715        0.00391        0.00175
    822 30H|2P1              0.00000        0.00000       -0.00000        0.00000       -0.00000        0.00000
    823 31H|1S0             -0.00000        0.00000       -0.00000        0.00000       -0.00000        0.00000
    824 31H|2S0             -0.00000       -0.00000        0.00000       -0.00000        0.00000       -0.00000
    825 31H|3S0             -0.00000       -0.00000        0.00000       -0.00000        0.00000       -0.00000
    826 31H|2P-1            -0.00000       -0.00000        0.00000       -0.00000        0.00000       -0.00000
    827 31H|2P0             -0.00438       -0.00115       -0.00637        0.00715       -0.00391        0.00175
    828 31H|2P1              0.00000       -0.00000       -0.00000        0.00000       -0.00000        0.00000
    829 32H|1S0             -0.00000       -0.00000       -0.00000       -0.00000        0.00000        0.00000
    830 32H|2S0              0.00000       -0.00000       -0.00000       -0.00000        0.00000       -0.00000
    831 32H|3S0              0.00000        0.00000       -0.00000        0.00000       -0.00000       -0.00000
    832 32H|2P-1            -0.00000        0.00000        0.00000        0.00000        0.00000        0.00000
    833 32H|2P0             -0.00438        0.00115       -0.00637       -0.00715       -0.00391        0.00175
    834 32H|2P1             -0.00000       -0.00000       -0.00000       -0.00000        0.00000       -0.00000
    835 33H|1S0              0.00000        0.00000       -0.00000       -0.00000        0.00000       -0.00000
    836 33H|2S0             -0.00000       -0.00000        0.00000       -0.00000       -0.00000        0.00000
    837 33H|3S0             -0.00000       -0.00000        0.00000       -0.00000       -0.00000        0.00000
    838 33H|2P-1             0.00000        0.00000       -0.00000        0.00000       -0.00000        0.00000
    839 33H|2P0             -0.00438       -0.00115       -0.00637       -0.00715        0.00391        0.00175
    840 33H|2P1             -0.00000       -0.00000        0.00000        0.00000        0.00000       -0.00000
    841 34H|1S0              0.00000        0.00000        0.00000       -0.00000        0.00000        0.00000
    842 34H|2S0             -0.00000       -0.00000       -0.00000        0.00000        0.00000       -0.00000
    843 34H|3S0             -0.00000       -0.00000        0.00000       -0.00000       -0.00000       -0.00000
    844 34H|2P-1             0.00000        0.00000       -0.00000        0.00000        0.00000       -0.00000
    845 34H|2P0             -0.00023        0.00202       -0.00028        0.00159       -0.00015       -0.00834
    846 34H|2P1             -0.00000       -0.00000       -0.00000        0.00000        0.00000       -0.00000
    847 35H|1S0             -0.00000       -0.00000       -0.00000        0.00000        0.00000       -0.00000
    848 35H|2S0             -0.00000        0.00000       -0.00000        0.00000       -0.00000       -0.00000
    849 35H|3S0              0.00000        0.00000       -0.00000        0.00000       -0.00000        0.00000
    850 35H|2P-1            -0.00000        0.00000       -0.00000        0.00000       -0.00000       -0.00000
    851 35H|2P0             -0.00023       -0.00202       -0.00028        0.00159        0.00015       -0.00834
    852 35H|2P1             -0.00000       -0.00000        0.00000       -0.00000        0.00000        0.00000
    853 36H|1S0             -0.00000       -0.00000        0.00000       -0.00000       -0.00000       -0.00000
    854 36H|2S0              0.00000        0.00000       -0.00000       -0.00000        0.00000       -0.00000
    855 36H|3S0              0.00000        0.00000       -0.00000       -0.00000        0.00000       -0.00000
    856 36H|2P-1            -0.00000        0.00000        0.00000        0.00000        0.00000       -0.00000
    857 36H|2P0             -0.00023       -0.00202       -0.00028       -0.00159       -0.00015       -0.00834
    858 36H|2P1              0.00000       -0.00000       -0.00000        0.00000       -0.00000        0.00000
    859 37H|1S0              0.00000       -0.00000       -0.00000        0.00000       -0.00000       -0.00000
    860 37H|2S0             -0.00000       -0.00000        0.00000        0.00000        0.00000        0.00000
    861 37H|3S0             -0.00000       -0.00000        0.00000       -0.00000        0.00000        0.00000
    862 37H|2P-1            -0.00000        0.00000       -0.00000       -0.00000       -0.00000       -0.00000
    863 37H|2P0             -0.00023        0.00202       -0.00028       -0.00159        0.00015       -0.00834
    864 37H|2P1             -0.00000        0.00000        0.00000       -0.00000       -0.00000       -0.00000
 
         Orbital                95             96             97             98             99            100
         Energy             -0.18202       -0.09480       -0.08452       -0.02931        0.03478        0.04432
         Occ No.             0.00000        0.00000        0.00000        0.00000        0.00000        0.00000
      1 1Cu|1S0              0.00052       -0.00000        0.00000       -0.00000       -0.00687        0.00000
      2 1Cu|2S0             -0.00154       -0.00000       -0.00000        0.00000        0.02175       -0.00000
      3 1Cu|3S0              0.00400       -0.00000        0.00000       -0.00000       -0.05100        0.00000
      4 1Cu|4S0              0.00384        0.00000        0.00000       -0.00000       -0.06362        0.00000
      5 1Cu|5S0             -0.01833       -0.00000       -0.00000        0.00000       -0.50459       -0.00000
      6 1Cu|6S0             -0.00405       -0.00000       -0.00000       -0.00000        3.87380       -0.00000
      7 1Cu|2P-1            -0.00000       -0.00000        0.00000       -0.00000       -0.00000       -0.00000
      8 1Cu|3P-1             0.00000        0.00000       -0.00000       -0.00000        0.00000        0.00000
      9 1Cu|4P-1            -0.00000        0.00000       -0.00000        0.00000        0.00000        0.00000
     10 1Cu|5P-1             0.00000        0.00000        0.00000        0.00000        0.00000       -0.00000
     11 1Cu|6P-1            -0.00000        0.00000       -0.00000       -0.00000       -0.00000        0.00000
     12 1Cu|2P0             -0.00000        0.00000        0.00000        0.00000       -0.00000        0.00050
     13 1Cu|3P0              0.00000       -0.00000       -0.00000       -0.00000        0.00000       -0.00139
     14 1Cu|4P0             -0.00000       -0.00000       -0.00000       -0.00000        0.00000       -0.00029
     15 1Cu|5P0             -0.00000        0.00000        0.00000        0.00000       -0.00000        0.00142
     16 1Cu|6P0             -0.00000        0.00000        0.00000        0.00000       -0.00000        0.00147
     17 1Cu|2P1             -0.00000        0.00000       -0.00000        0.00000        0.00000       -0.00000
     18 1Cu|3P1              0.00000       -0.00000       -0.00000       -0.00000       -0.00000        0.00000
     19 1Cu|4P1              0.00000        0.00000        0.00000        0.00000       -0.00000       -0.00000
     20 1Cu|5P1             -0.00000       -0.00000       -0.00000       -0.00000        0.00000        0.00000
     21 1Cu|6P1              0.00000       -0.00000        0.00000        0.00000        0.00000        0.00000
     22 1Cu|3D-2            -0.00000        0.00000        0.00000       -0.00000       -0.00000        0.00000
     23 1Cu|4D-2             0.00000       -0.00000        0.00000       -0.00000       -0.00000        0.00000
     24 1Cu|5D-2            -0.00000        0.00000       -0.00000        0.00000        0.00000       -0.00000
     25 1Cu|6D-2            -0.00000       -0.00000        0.00000       -0.00000        0.00000        0.00000
     26 1Cu|3D-1            -0.00000        0.00000       -0.04975       -0.00000       -0.00000        0.00000
     27 1Cu|4D-1            -0.00000        0.00000       -0.02768       -0.00000       -0.00000        0.00000
     28 1Cu|5D-1            -0.00000        0.00000       -0.00935       -0.00000       -0.00000        0.00000
     29 1Cu|6D-1            -0.00000       -0.00000        0.02089        0.00000        0.00000       -0.00000
     30 1Cu|3D0             -0.00329        0.00000       -0.00000        0.00000       -0.09752        0.00000
     31 1Cu|4D0             -0.00192        0.00000       -0.00000        0.00000       -0.05955        0.00000
     32 1Cu|5D0              0.00005        0.00000        0.00000       -0.00000        0.02147        0.00000
     33 1Cu|6D0              0.00195        0.00000        0.00000       -0.00000       -0.69856        0.00000
     34 1Cu|3D1              0.00000        0.05275        0.00000        0.00000       -0.00000        0.00000
     35 1Cu|4D1              0.00000        0.02950        0.00000        0.00000       -0.00000        0.00000
     36 1Cu|5D1              0.00000        0.01002        0.00000        0.00000       -0.00000        0.00000
     37 1Cu|6D1             -0.00000       -0.02093       -0.00000       -0.00000        0.00000       -0.00000
     38 1Cu|3D2             -0.61154        0.00000       -0.00000       -0.00000       -0.00251        0.00000
     39 1Cu|4D2             -0.34556        0.00000       -0.00000       -0.00000       -0.00134        0.00000
     40 1Cu|5D2             -0.14367       -0.00000       -0.00000       -0.00000       -0.00071        0.00000
     41 1Cu|6D2             -0.03177        0.00000       -0.00000        0.00000       -0.03274       -0.00000
     42 1Cu|4F-3             0.00000       -0.00000       -0.00000        0.00000       -0.00000        0.00000
     43 1Cu|4F-2             0.00000       -0.00000       -0.00000        0.00003       -0.00000       -0.00000
     44 1Cu|4F-1             0.00000        0.00000       -0.00000       -0.00000       -0.00000        0.00000
     45 1Cu|4F0              0.00000       -0.00000       -0.00000       -0.00000        0.00000       -0.00003
     46 1Cu|4F1              0.00000        0.00000        0.00000        0.00000        0.00000       -0.00000
     47 1Cu|4F2             -0.00000       -0.00000        0.00000       -0.00000       -0.00000       -0.00198
     48 1Cu|4F3             -0.00000        0.00000       -0.00000        0.00000       -0.00000        0.00000
     49 2N|1S0               0.01608        0.00000        0.00000        0.00000       -0.01595        0.00000
     50 2N|2S0               0.03707       -0.00000        0.00000        0.00000       -0.03743        0.00000
     51 2N|3S0               0.05750       -0.00000        0.00000       -0.00000       -0.07332        0.00000
     52 2N|4S0               0.11023        0.00000       -0.00000        0.00000       -0.04008       -0.00000
     53 2N|5S0               0.07904       -0.00000       -0.00000        0.00000        0.14575       -0.00000
     54 2N|2P-1              0.00000       -0.00000        0.00000        0.00000        0.00000        0.00000
     55 2N|3P-1             -0.00000        0.00000        0.00000        0.00000        0.00000        0.00000
     56 2N|4P-1             -0.00000       -0.00000       -0.00000       -0.00000        0.00000       -0.00000
     57 2N|2P0               0.00000        0.12009        0.00000        0.00000       -0.00000       -0.15040
     58 2N|3P0              -0.00000        0.10893        0.00000        0.00000       -0.00000       -0.13183
     59 2N|4P0               0.00000        0.10926        0.00000        0.00000       -0.00000       -0.25628
     60 2N|2P1               0.11731        0.00000       -0.00000        0.00000       -0.03513       -0.00000
     61 2N|3P1               0.09968       -0.00000        0.00000       -0.00000       -0.06132        0.00000
     62 2N|4P1               0.11926        0.00000        0.00000       -0.00000       -0.23995        0.00000
     63 2N|3D-2             -0.00000       -0.00000       -0.00000       -0.00000       -0.00000        0.00000
     64 2N|4D-2              0.00000       -0.00000       -0.00000       -0.00000       -0.00000       -0.00000
     65 2N|3D-1             -0.00000       -0.00000        0.00352        0.00141        0.00000       -0.00000
     66 2N|4D-1             -0.00000       -0.00000        0.01107        0.00400        0.00000       -0.00000
     67 2N|3D0               0.00225       -0.00000       -0.00000        0.00000       -0.00036       -0.00000
     68 2N|4D0               0.00501       -0.00000        0.00000       -0.00000        0.00123        0.00000
     69 2N|3D1              -0.00000       -0.00074       -0.00000        0.00000       -0.00000       -0.00153
     70 2N|4D1               0.00000        0.00093        0.00000        0.00000       -0.00000       -0.00905
     71 2N|3D2              -0.00124       -0.00000        0.00000        0.00000        0.00074        0.00000
     72 2N|4D2              -0.01132       -0.00000        0.00000       -0.00000        0.00855       -0.00000
     73 2N|4F-3             -0.00000        0.00000        0.00000        0.00000        0.00000        0.00000
     74 2N|4F-2             -0.00000        0.00000       -0.00205       -0.00114        0.00000        0.00000
     75 2N|4F-1              0.00000       -0.00000       -0.00000       -0.00000       -0.00000       -0.00000
     76 2N|4F0               0.00000       -0.00057       -0.00000       -0.00000       -0.00000        0.00004
     77 2N|4F1               0.00023        0.00000       -0.00000        0.00000        0.00054       -0.00000
     78 2N|4F2              -0.00000        0.00051        0.00000        0.00000       -0.00000       -0.00046
     79 2N|4F3              -0.00127        0.00000       -0.00000        0.00000        0.00028       -0.00000
     80 3N|1S0               0.01608       -0.00000        0.00000       -0.00000       -0.01595        0.00000
     81 3N|2S0               0.03707        0.00000        0.00000       -0.00000       -0.03743        0.00000
     82 3N|3S0               0.05750        0.00000        0.00000        0.00000       -0.07332        0.00000
     83 3N|4S0               0.11023       -0.00000       -0.00000       -0.00000       -0.04008       -0.00000
     84 3N|5S0               0.07904       -0.00000       -0.00000       -0.00000        0.14575       -0.00000
     85 3N|2P-1              0.00000        0.00000        0.00000       -0.00000        0.00000       -0.00000
     86 3N|3P-1              0.00000       -0.00000        0.00000       -0.00000        0.00000        0.00000
     87 3N|4P-1             -0.00000        0.00000       -0.00000       -0.00000        0.00000        0.00000
     88 3N|2P0               0.00000       -0.12009        0.00000       -0.00000       -0.00000       -0.15040
     89 3N|3P0              -0.00000       -0.10893        0.00000       -0.00000       -0.00000       -0.13183
     90 3N|4P0              -0.00000       -0.10926        0.00000       -0.00000       -0.00000       -0.25628
     91 3N|2P1              -0.11731        0.00000        0.00000       -0.00000        0.03513       -0.00000
     92 3N|3P1              -0.09968       -0.00000       -0.00000       -0.00000        0.06132       -0.00000
     93 3N|4P1              -0.11926       -0.00000       -0.00000       -0.00000        0.23995       -0.00000
     94 3N|3D-2              0.00000        0.00000        0.00000        0.00000        0.00000       -0.00000
     95 3N|4D-2             -0.00000        0.00000        0.00000       -0.00000        0.00000        0.00000
     96 3N|3D-1              0.00000        0.00000        0.00352       -0.00141        0.00000       -0.00000
     97 3N|4D-1              0.00000        0.00000        0.01107       -0.00400       -0.00000       -0.00000
     98 3N|3D0               0.00225       -0.00000        0.00000        0.00000       -0.00036       -0.00000
     99 3N|4D0               0.00501        0.00000        0.00000        0.00000        0.00123        0.00000
    100 3N|3D1               0.00000       -0.00074       -0.00000        0.00000        0.00000        0.00153
    101 3N|4D1              -0.00000        0.00093       -0.00000        0.00000        0.00000        0.00905
    102 3N|3D2              -0.00124       -0.00000       -0.00000        0.00000        0.00074        0.00000
    103 3N|4D2              -0.01132        0.00000        0.00000        0.00000        0.00855       -0.00000
    104 3N|4F-3             -0.00000        0.00000       -0.00000       -0.00000        0.00000        0.00000
    105 3N|4F-2             -0.00000        0.00000        0.00205       -0.00114        0.00000       -0.00000
    106 3N|4F-1             -0.00000       -0.00000       -0.00000        0.00000       -0.00000       -0.00000
    107 3N|4F0               0.00000        0.00057        0.00000       -0.00000       -0.00000        0.00004
    108 3N|4F1              -0.00023        0.00000        0.00000        0.00000       -0.00054       -0.00000
    109 3N|4F2              -0.00000       -0.00051        0.00000       -0.00000        0.00000       -0.00046
    110 3N|4F3               0.00127        0.00000        0.00000        0.00000       -0.00028        0.00000
    111 4N|1S0              -0.01597       -0.00000        0.00000       -0.00000       -0.01599        0.00000
    112 4N|2S0              -0.03682       -0.00000       -0.00000       -0.00000       -0.03752        0.00000
    113 4N|3S0              -0.05739       -0.00000       -0.00000        0.00000       -0.07350        0.00000
    114 4N|4S0              -0.10911        0.00000        0.00000       -0.00000       -0.04239       -0.00000
    115 4N|5S0              -0.07683       -0.00000       -0.00000       -0.00000        0.18284       -0.00000
    116 4N|2P-1              0.11597       -0.00000       -0.00000        0.00000        0.03591       -0.00000
    117 4N|3P-1              0.09883        0.00000       -0.00000       -0.00000        0.06227       -0.00000
    118 4N|4P-1              0.11141       -0.00000        0.00000       -0.00000        0.26655       -0.00000
    119 4N|2P0               0.00000       -0.00000        0.11267        0.00000        0.00000        0.15110
    120 4N|3P0               0.00000       -0.00000        0.10210        0.00000        0.00000        0.13244
    121 4N|4P0               0.00000        0.00000        0.10566        0.00000        0.00000        0.25686
    122 4N|2P1              -0.00000       -0.00000       -0.00000       -0.00000       -0.00000        0.00000
    123 4N|3P1               0.00000        0.00000        0.00000        0.00000       -0.00000       -0.00000
    124 4N|4P1               0.00000        0.00000        0.00000        0.00000       -0.00000       -0.00000
    125 4N|3D-2             -0.00000       -0.00000       -0.00000       -0.00000       -0.00000        0.00000
    126 4N|4D-2              0.00000        0.00000        0.00000        0.00000       -0.00000       -0.00000
    127 4N|3D-1             -0.00000       -0.00000        0.00060       -0.00000       -0.00000       -0.00148
    128 4N|4D-1              0.00000       -0.00000       -0.00125       -0.00000       -0.00000       -0.00934
    129 4N|3D0              -0.00224        0.00000       -0.00000       -0.00000       -0.00029        0.00000
    130 4N|4D0              -0.00539       -0.00000        0.00000        0.00000        0.00034        0.00000
    131 4N|3D1              -0.00000       -0.00344        0.00000       -0.00110        0.00000       -0.00000
    132 4N|4D1               0.00000       -0.01080        0.00000       -0.00302       -0.00000       -0.00000
    133 4N|3D2              -0.00123        0.00000       -0.00000       -0.00000       -0.00082        0.00000
    134 4N|4D2              -0.01137        0.00000        0.00000        0.00000       -0.00938       -0.00000
    135 4N|4F-3              0.00140        0.00000       -0.00000       -0.00000        0.00026       -0.00000
    136 4N|4F-2              0.00000       -0.00201        0.00000       -0.00097       -0.00000       -0.00000
    137 4N|4F-1              0.00032       -0.00000        0.00000        0.00000       -0.00061        0.00000
    138 4N|4F0              -0.00000        0.00000       -0.00051        0.00000        0.00000       -0.00008
    139 4N|4F1              -0.00000       -0.00000       -0.00000       -0.00000        0.00000        0.00000
    140 4N|4F2              -0.00000       -0.00000       -0.00054       -0.00000       -0.00000       -0.00056
    141 4N|4F3              -0.00000       -0.00000       -0.00000        0.00000        0.00000        0.00000
    142 5N|1S0              -0.01597       -0.00000        0.00000       -0.00000       -0.01599        0.00000
    143 5N|2S0              -0.03682        0.00000        0.00000       -0.00000       -0.03752        0.00000
    144 5N|3S0              -0.05739        0.00000        0.00000       -0.00000       -0.07350        0.00000
    145 5N|4S0              -0.10911       -0.00000       -0.00000        0.00000       -0.04239       -0.00000
    146 5N|5S0              -0.07683       -0.00000       -0.00000       -0.00000        0.18284       -0.00000
    147 5N|2P-1             -0.11597       -0.00000       -0.00000       -0.00000       -0.03591        0.00000
    148 5N|3P-1             -0.09883        0.00000        0.00000       -0.00000       -0.06227        0.00000
    149 5N|4P-1             -0.11141        0.00000        0.00000       -0.00000       -0.26655        0.00000
    150 5N|2P0               0.00000        0.00000       -0.11267       -0.00000        0.00000        0.15110
    151 5N|3P0              -0.00000        0.00000       -0.10210       -0.00000        0.00000        0.13244
    152 5N|4P0              -0.00000        0.00000       -0.10566       -0.00000        0.00000        0.25686
    153 5N|2P1               0.00000       -0.00000       -0.00000        0.00000       -0.00000        0.00000
    154 5N|3P1              -0.00000        0.00000       -0.00000        0.00000       -0.00000        0.00000
    155 5N|4P1              -0.00000        0.00000        0.00000        0.00000       -0.00000       -0.00000
    156 5N|3D-2             -0.00000        0.00000       -0.00000        0.00000        0.00000        0.00000
    157 5N|4D-2              0.00000       -0.00000        0.00000       -0.00000        0.00000       -0.00000
    158 5N|3D-1             -0.00000       -0.00000        0.00060       -0.00000        0.00000        0.00148
    159 5N|4D-1             -0.00000        0.00000       -0.00125       -0.00000        0.00000        0.00934
    160 5N|3D0              -0.00224       -0.00000        0.00000        0.00000       -0.00029       -0.00000
    161 5N|4D0              -0.00539        0.00000        0.00000       -0.00000        0.00034        0.00000
    162 5N|3D1              -0.00000       -0.00344       -0.00000        0.00110       -0.00000       -0.00000
    163 5N|4D1              -0.00000       -0.01080       -0.00000        0.00302        0.00000       -0.00000
    164 5N|3D2              -0.00123        0.00000        0.00000       -0.00000       -0.00082       -0.00000
    165 5N|4D2              -0.01137       -0.00000       -0.00000       -0.00000       -0.00938       -0.00000
    166 5N|4F-3             -0.00140        0.00000        0.00000        0.00000       -0.00026        0.00000
    167 5N|4F-2             -0.00000        0.00201        0.00000       -0.00097       -0.00000        0.00000
    168 5N|4F-1             -0.00032       -0.00000       -0.00000        0.00000        0.00061       -0.00000
    169 5N|4F0              -0.00000       -0.00000        0.00051        0.00000       -0.00000       -0.00008
    170 5N|4F1               0.00000       -0.00000        0.00000       -0.00000        0.00000       -0.00000
    171 5N|4F2               0.00000       -0.00000        0.00054        0.00000        0.00000       -0.00056
    172 5N|4F3               0.00000       -0.00000        0.00000       -0.00000        0.00000       -0.00000
    173 6C|1S0              -0.00534        0.00000        0.00000        0.00000       -0.00125       -0.00000
    174 6C|2S0              -0.01180       -0.00000       -0.00000       -0.00000       -0.00266       -0.00000
    175 6C|3S0              -0.02180       -0.00000       -0.00000        0.00000       -0.00947       -0.00000
    176 6C|4S0              -0.01634        0.00000        0.00000       -0.00000        0.03845        0.00000
    177 6C|5S0              -0.03887        0.00000       -0.00000        0.00000       -1.58732       -0.00000
    178 6C|2P-1             -0.01735        0.00000       -0.00000       -0.00000        0.02302       -0.00000
    179 6C|3P-1             -0.02013       -0.00000        0.00000       -0.00000       -0.03156       -0.00000
    180 6C|4P-1              0.04202        0.00000        0.00000       -0.00000        0.35928        0.00000
    181 6C|2P0               0.00000       -0.06027       -0.10652       -0.04988        0.00000        0.13241
    182 6C|3P0               0.00000       -0.05716       -0.10053       -0.05190        0.00000        0.13282
    183 6C|4P0               0.00000       -0.03657       -0.11145       -0.03262        0.00000        0.23881
    184 6C|2P1              -0.02408        0.00000        0.00000        0.00000        0.01154       -0.00000
    185 6C|3P1              -0.02532       -0.00000        0.00000        0.00000       -0.01566        0.00000
    186 6C|4P1              -0.00595       -0.00000       -0.00000       -0.00000       -0.80349        0.00000
    187 6C|3D-2             -0.00013       -0.00000       -0.00000        0.00000       -0.00312        0.00000
    188 6C|4D-2             -0.00403       -0.00000        0.00000       -0.00000       -0.03380        0.00000
    189 6C|3D-1             -0.00000        0.00944       -0.00473       -0.00568       -0.00000       -0.00605
    190 6C|4D-1             -0.00000        0.02233       -0.01341       -0.01500       -0.00000       -0.00836
    191 6C|3D0               0.00020       -0.00000       -0.00000        0.00000        0.00213       -0.00000
    192 6C|4D0              -0.00065       -0.00000       -0.00000       -0.00000        0.01202       -0.00000
    193 6C|3D1              -0.00000        0.00034        0.00520        0.00635       -0.00000       -0.00307
    194 6C|4D1               0.00000        0.00022        0.01430        0.01711       -0.00000       -0.00650
    195 6C|3D2               0.00525       -0.00000        0.00000        0.00000       -0.00249        0.00000
    196 6C|4D2               0.00516        0.00000       -0.00000       -0.00000        0.03681       -0.00000
    197 6C|4F-3              0.00137        0.00000        0.00000        0.00000       -0.00016        0.00000
    198 6C|4F-2             -0.00000        0.00220       -0.00056       -0.00050       -0.00000       -0.00152
    199 6C|4F-1              0.00079        0.00000       -0.00000        0.00000        0.00090       -0.00000
    200 6C|4F0              -0.00000        0.00006        0.00090        0.00041        0.00000        0.00100
    201 6C|4F1               0.00046        0.00000       -0.00000       -0.00000        0.00231       -0.00000
    202 6C|4F2              -0.00000        0.00142       -0.00275       -0.00307       -0.00000       -0.00074
    203 6C|4F3               0.00068       -0.00000       -0.00000       -0.00000        0.00012       -0.00000
    204 7C|1S0              -0.00534       -0.00000       -0.00000       -0.00000       -0.00125       -0.00000
    205 7C|2S0              -0.01180       -0.00000       -0.00000        0.00000       -0.00266       -0.00000
    206 7C|3S0              -0.02180       -0.00000        0.00000        0.00000       -0.00947       -0.00000
    207 7C|4S0              -0.01634        0.00000       -0.00000       -0.00000        0.03845        0.00000
    208 7C|5S0              -0.03886       -0.00000        0.00000        0.00000       -1.58732       -0.00000
    209 7C|2P-1              0.01735       -0.00000        0.00000       -0.00000       -0.02302        0.00000
    210 7C|3P-1              0.02012        0.00000       -0.00000        0.00000        0.03156        0.00000
    211 7C|4P-1             -0.04202       -0.00000        0.00000        0.00000       -0.35927       -0.00000
    212 7C|2P0              -0.00000       -0.06027        0.10652        0.04988        0.00000        0.13241
    213 7C|3P0              -0.00000       -0.05716        0.10053        0.05190        0.00000        0.13282
    214 7C|4P0               0.00000       -0.03657        0.11145        0.03262        0.00000        0.23880
    215 7C|2P1              -0.02408       -0.00000       -0.00000       -0.00000        0.01154       -0.00000
    216 7C|3P1              -0.02532        0.00000       -0.00000        0.00000       -0.01566        0.00000
    217 7C|4P1              -0.00595        0.00000        0.00000        0.00000       -0.80349        0.00000
    218 7C|3D-2              0.00013        0.00000        0.00000       -0.00000        0.00312       -0.00000
    219 7C|4D-2              0.00403        0.00000       -0.00000        0.00000        0.03380        0.00000
    220 7C|3D-1             -0.00000       -0.00944       -0.00473       -0.00568        0.00000        0.00605
    221 7C|4D-1             -0.00000       -0.02233       -0.01341       -0.01500        0.00000        0.00836
    222 7C|3D0               0.00020       -0.00000       -0.00000       -0.00000        0.00213       -0.00000
    223 7C|4D0              -0.00065       -0.00000        0.00000        0.00000        0.01202       -0.00000
    224 7C|3D1              -0.00000        0.00034       -0.00520       -0.00635        0.00000       -0.00307
    225 7C|4D1               0.00000        0.00022       -0.01430       -0.01711       -0.00000       -0.00650
    226 7C|3D2               0.00525       -0.00000       -0.00000       -0.00000       -0.00249       -0.00000
    227 7C|4D2               0.00516       -0.00000        0.00000        0.00000        0.03681       -0.00000
    228 7C|4F-3             -0.00137       -0.00000        0.00000        0.00000        0.00016       -0.00000
    229 7C|4F-2              0.00000       -0.00220       -0.00056       -0.00050        0.00000        0.00152
    230 7C|4F-1             -0.00079       -0.00000        0.00000       -0.00000       -0.00090       -0.00000
    231 7C|4F0               0.00000        0.00006       -0.00090       -0.00041        0.00000        0.00100
    232 7C|4F1               0.00046       -0.00000       -0.00000       -0.00000        0.00231       -0.00000
    233 7C|4F2               0.00000        0.00142        0.00275        0.00307       -0.00000       -0.00074
    234 7C|4F3               0.00068       -0.00000        0.00000        0.00000        0.00012       -0.00000
    235 8C|1S0              -0.00534        0.00000       -0.00000        0.00000       -0.00125        0.00000
    236 8C|2S0              -0.01180       -0.00000        0.00000       -0.00000       -0.00266        0.00000
    237 8C|3S0              -0.02180       -0.00000        0.00000       -0.00000       -0.00947        0.00000
    238 8C|4S0              -0.01634        0.00000        0.00000       -0.00000        0.03845       -0.00000
    239 8C|5S0              -0.03886       -0.00000       -0.00000       -0.00000       -1.58732        0.00000
    240 8C|2P-1             -0.01735       -0.00000       -0.00000        0.00000        0.02302       -0.00000
    241 8C|3P-1             -0.02012       -0.00000       -0.00000        0.00000       -0.03156        0.00000
    242 8C|4P-1              0.04203        0.00000        0.00000        0.00000        0.35928        0.00000
    243 8C|2P0               0.00000        0.06027       -0.10652        0.04988        0.00000        0.13241
    244 8C|3P0               0.00000        0.05716       -0.10053        0.05190        0.00000        0.13282
    245 8C|4P0               0.00000        0.03657       -0.11145        0.03262        0.00000        0.23881
    246 8C|2P1               0.02408        0.00000       -0.00000        0.00000       -0.01154        0.00000
    247 8C|3P1               0.02532       -0.00000       -0.00000        0.00000        0.01566       -0.00000
    248 8C|4P1               0.00595       -0.00000        0.00000        0.00000        0.80350       -0.00000
    249 8C|3D-2              0.00013       -0.00000        0.00000        0.00000        0.00312       -0.00000
    250 8C|4D-2              0.00403       -0.00000       -0.00000        0.00000        0.03380       -0.00000
    251 8C|3D-1              0.00000       -0.00944       -0.00473        0.00568       -0.00000       -0.00605
    252 8C|4D-1              0.00000       -0.02233       -0.01341        0.01500       -0.00000       -0.00836
    253 8C|3D0               0.00020        0.00000       -0.00000        0.00000        0.00213        0.00000
    254 8C|4D0              -0.00065        0.00000       -0.00000       -0.00000        0.01202        0.00000
    255 8C|3D1              -0.00000        0.00034       -0.00520        0.00635        0.00000        0.00307
    256 8C|4D1              -0.00000        0.00022       -0.01430        0.01711        0.00000        0.00650
    257 8C|3D2               0.00525        0.00000       -0.00000        0.00000       -0.00249       -0.00000
    258 8C|4D2               0.00516       -0.00000       -0.00000        0.00000        0.03681       -0.00000
    259 8C|4F-3              0.00137       -0.00000        0.00000        0.00000       -0.00016       -0.00000
    260 8C|4F-2             -0.00000        0.00220        0.00056       -0.00050        0.00000        0.00152
    261 8C|4F-1              0.00079       -0.00000        0.00000       -0.00000        0.00090       -0.00000
    262 8C|4F0              -0.00000       -0.00006        0.00090       -0.00041       -0.00000        0.00100
    263 8C|4F1              -0.00046        0.00000        0.00000       -0.00000       -0.00231        0.00000
    264 8C|4F2              -0.00000       -0.00142       -0.00275        0.00307        0.00000       -0.00074
    265 8C|4F3              -0.00068       -0.00000        0.00000       -0.00000       -0.00012       -0.00000
    266 9C|1S0              -0.00534        0.00000       -0.00000        0.00000       -0.00125        0.00000
    267 9C|2S0              -0.01180        0.00000       -0.00000        0.00000       -0.00266        0.00000
    268 9C|3S0              -0.02180        0.00000       -0.00000       -0.00000       -0.00947       -0.00000
    269 9C|4S0              -0.01634       -0.00000        0.00000        0.00000        0.03845        0.00000
    270 9C|5S0              -0.03888        0.00000       -0.00000       -0.00000       -1.58732       -0.00000
    271 9C|2P-1              0.01735        0.00000       -0.00000        0.00000       -0.02302        0.00000
    272 9C|3P-1              0.02012       -0.00000       -0.00000       -0.00000        0.03156        0.00000
    273 9C|4P-1             -0.04202       -0.00000       -0.00000        0.00000       -0.35928       -0.00000
    274 9C|2P0               0.00000        0.06027        0.10652       -0.04988        0.00000        0.13241
    275 9C|3P0              -0.00000        0.05716        0.10053       -0.05190        0.00000        0.13282
    276 9C|4P0               0.00000        0.03657        0.11145       -0.03262        0.00000        0.23880
    277 9C|2P1               0.02408       -0.00000        0.00000        0.00000       -0.01154        0.00000
    278 9C|3P1               0.02532        0.00000       -0.00000       -0.00000        0.01566       -0.00000
    279 9C|4P1               0.00594        0.00000       -0.00000       -0.00000        0.80349       -0.00000
    280 9C|3D-2             -0.00013       -0.00000       -0.00000       -0.00000       -0.00312        0.00000
    281 9C|4D-2             -0.00403        0.00000        0.00000        0.00000       -0.03380       -0.00000
    282 9C|3D-1              0.00000        0.00944       -0.00473        0.00568        0.00000        0.00605
    283 9C|4D-1              0.00000        0.02233       -0.01341        0.01500        0.00000        0.00836
    284 9C|3D0               0.00020       -0.00000       -0.00000       -0.00000        0.00213       -0.00000
    285 9C|4D0              -0.00065        0.00000        0.00000       -0.00000        0.01202       -0.00000
    286 9C|3D1               0.00000        0.00034        0.00520       -0.00635        0.00000        0.00307
    287 9C|4D1              -0.00000        0.00022        0.01430       -0.01711        0.00000        0.00650
    288 9C|3D2               0.00525       -0.00000        0.00000       -0.00000       -0.00249        0.00000
    289 9C|4D2               0.00516        0.00000       -0.00000       -0.00000        0.03681       -0.00000
    290 9C|4F-3             -0.00137        0.00000       -0.00000       -0.00000        0.00016       -0.00000
    291 9C|4F-2             -0.00000       -0.00220        0.00056       -0.00050       -0.00000       -0.00152
    292 9C|4F-1             -0.00079        0.00000        0.00000        0.00000       -0.00090       -0.00000
    293 9C|4F0              -0.00000       -0.00006       -0.00090        0.00041       -0.00000        0.00100
    294 9C|4F1              -0.00046        0.00000        0.00000        0.00000       -0.00231        0.00000
    295 9C|4F2              -0.00000       -0.00142        0.00275       -0.00307       -0.00000       -0.00074
    296 9C|4F3              -0.00068       -0.00000       -0.00000        0.00000       -0.00012        0.00000
    297 10C|1S0              0.00520       -0.00000       -0.00000        0.00000       -0.00137        0.00000
    298 10C|2S0              0.01149       -0.00000       -0.00000       -0.00000       -0.00298        0.00000
    299 10C|3S0              0.02136       -0.00000        0.00000       -0.00000       -0.01043        0.00000
    300 10C|4S0              0.01525        0.00000       -0.00000        0.00000        0.03959       -0.00000
    301 10C|5S0              0.02967       -0.00000       -0.00000       -0.00000       -1.52024        0.00000
    302 10C|2P-1             0.02506       -0.00000       -0.00000        0.00000        0.01085       -0.00000
    303 10C|3P-1             0.02639        0.00000       -0.00000        0.00000       -0.02811        0.00000
    304 10C|4P-1             0.00403        0.00000        0.00000        0.00000       -0.82888       -0.00000
    305 10C|2P0             -0.00000        0.10578        0.06014       -0.04227       -0.00000       -0.13313
    306 10C|3P0             -0.00000        0.09897        0.05746       -0.04381       -0.00000       -0.13337
    307 10C|4P0             -0.00000        0.10621        0.04092       -0.02283       -0.00000       -0.24005
    308 10C|2P1              0.01724       -0.00000       -0.00000       -0.00000        0.02391       -0.00000
    309 10C|3P1              0.01960        0.00000        0.00000        0.00000       -0.02276        0.00000
    310 10C|4P1             -0.03506       -0.00000        0.00000       -0.00000        0.31106        0.00000
    311 10C|3D-2             0.00015        0.00000       -0.00000       -0.00000       -0.00305       -0.00000
    312 10C|4D-2             0.00421        0.00000       -0.00000        0.00000       -0.03277        0.00000
    313 10C|3D-1            -0.00000       -0.00527       -0.00013        0.00630        0.00000        0.00279
    314 10C|4D-1            -0.00000       -0.01391        0.00053        0.01662       -0.00000        0.00507
    315 10C|3D0             -0.00020       -0.00000       -0.00000       -0.00000        0.00203       -0.00000
    316 10C|4D0              0.00097       -0.00000        0.00000        0.00000        0.01291        0.00000
    317 10C|3D1              0.00000        0.00458       -0.00896       -0.00548        0.00000        0.00633
    318 10C|4D1             -0.00000        0.01268       -0.02180       -0.01454        0.00000        0.00997
    319 10C|3D2              0.00513       -0.00000        0.00000        0.00000        0.00262        0.00000
    320 10C|4D2              0.00535        0.00000       -0.00000       -0.00000       -0.04221        0.00000
    321 10C|4F-3             0.00065        0.00000       -0.00000        0.00000       -0.00018        0.00000
    322 10C|4F-2            -0.00000        0.00052       -0.00206       -0.00050        0.00000        0.00156
    323 10C|4F-1            -0.00044       -0.00000        0.00000       -0.00000        0.00248       -0.00000
    324 10C|4F0              0.00000       -0.00093       -0.00007        0.00033       -0.00000       -0.00100
    325 10C|4F1             -0.00076       -0.00000       -0.00000       -0.00000        0.00078       -0.00000
    326 10C|4F2             -0.00000       -0.00273        0.00147        0.00301       -0.00000       -0.00083
    327 10C|4F3              0.00135       -0.00000        0.00000        0.00000        0.00025        0.00000
    328 11C|1S0              0.00520        0.00000       -0.00000       -0.00000       -0.00137        0.00000
    329 11C|2S0              0.01149       -0.00000        0.00000       -0.00000       -0.00298        0.00000
    330 11C|3S0              0.02136        0.00000       -0.00000        0.00000       -0.01043       -0.00000
    331 11C|4S0              0.01525       -0.00000        0.00000       -0.00000        0.03959        0.00000
    332 11C|5S0              0.02966        0.00000        0.00000        0.00000       -1.52025       -0.00000
    333 11C|2P-1             0.02506        0.00000       -0.00000        0.00000        0.01085       -0.00000
    334 11C|3P-1             0.02639       -0.00000        0.00000       -0.00000       -0.02811       -0.00000
    335 11C|4P-1             0.00403       -0.00000       -0.00000       -0.00000       -0.82888        0.00000
    336 11C|2P0             -0.00000       -0.10578        0.06014        0.04227       -0.00000       -0.13313
    337 11C|3P0             -0.00000       -0.09897        0.05746        0.04381       -0.00000       -0.13337
    338 11C|4P0             -0.00000       -0.10621        0.04092        0.02283       -0.00000       -0.24006
    339 11C|2P1             -0.01724        0.00000        0.00000       -0.00000       -0.02391        0.00000
    340 11C|3P1             -0.01960       -0.00000        0.00000       -0.00000        0.02276       -0.00000
    341 11C|4P1              0.03506       -0.00000       -0.00000       -0.00000       -0.31106        0.00000
    342 11C|3D-2            -0.00015        0.00000       -0.00000        0.00000        0.00305       -0.00000
    343 11C|4D-2            -0.00421       -0.00000       -0.00000        0.00000        0.03277        0.00000
    344 11C|3D-1            -0.00000        0.00527       -0.00013       -0.00630        0.00000        0.00279
    345 11C|4D-1            -0.00000        0.01391        0.00053       -0.01662        0.00000        0.00507
    346 11C|3D0             -0.00020       -0.00000        0.00000        0.00000        0.00203       -0.00000
    347 11C|4D0              0.00097       -0.00000       -0.00000        0.00000        0.01291       -0.00000
    348 11C|3D1              0.00000        0.00458        0.00896       -0.00548       -0.00000       -0.00633
    349 11C|4D1              0.00000        0.01268        0.02180       -0.01454       -0.00000       -0.00997
    350 11C|3D2              0.00513        0.00000        0.00000        0.00000        0.00262       -0.00000
    351 11C|4D2              0.00535       -0.00000        0.00000       -0.00000       -0.04221        0.00000
    352 11C|4F-3             0.00065        0.00000        0.00000       -0.00000       -0.00018        0.00000
    353 11C|4F-2             0.00000        0.00052        0.00206       -0.00050       -0.00000       -0.00156
    354 11C|4F-1            -0.00044        0.00000       -0.00000        0.00000        0.00248        0.00000
    355 11C|4F0              0.00000        0.00093       -0.00007       -0.00033       -0.00000       -0.00100
    356 11C|4F1              0.00076        0.00000        0.00000        0.00000       -0.00078       -0.00000
    357 11C|4F2              0.00000        0.00273        0.00147       -0.00301        0.00000       -0.00083
    358 11C|4F3             -0.00135        0.00000        0.00000       -0.00000       -0.00025        0.00000
    359 12C|1S0              0.00520       -0.00000        0.00000       -0.00000       -0.00137        0.00000
    360 12C|2S0              0.01149       -0.00000       -0.00000       -0.00000       -0.00298        0.00000
    361 12C|3S0              0.02136        0.00000       -0.00000       -0.00000       -0.01043        0.00000
    362 12C|4S0              0.01526       -0.00000        0.00000        0.00000        0.03959       -0.00000
    363 12C|5S0              0.02966        0.00000        0.00000       -0.00000       -1.52025        0.00000
    364 12C|2P-1            -0.02506        0.00000       -0.00000        0.00000       -0.01085        0.00000
    365 12C|3P-1            -0.02639        0.00000        0.00000        0.00000        0.02811       -0.00000
    366 12C|4P-1            -0.00404        0.00000       -0.00000       -0.00000        0.82888        0.00000
    367 12C|2P0             -0.00000        0.10578       -0.06014        0.04227       -0.00000       -0.13312
    368 12C|3P0              0.00000        0.09897       -0.05746        0.04381       -0.00000       -0.13337
    369 12C|4P0             -0.00000        0.10621       -0.04092        0.02283       -0.00000       -0.24005
    370 12C|2P1              0.01724       -0.00000        0.00000        0.00000        0.02391       -0.00000
    371 12C|3P1              0.01960        0.00000       -0.00000        0.00000       -0.02276        0.00000
    372 12C|4P1             -0.03507        0.00000       -0.00000       -0.00000        0.31105        0.00000
    373 12C|3D-2            -0.00015        0.00000       -0.00000        0.00000        0.00305        0.00000
    374 12C|4D-2            -0.00421       -0.00000        0.00000       -0.00000        0.03277       -0.00000
    375 12C|3D-1            -0.00000        0.00527       -0.00013        0.00630       -0.00000       -0.00279
    376 12C|4D-1            -0.00000        0.01391        0.00053        0.01662        0.00000       -0.00507
    377 12C|3D0             -0.00020        0.00000       -0.00000       -0.00000        0.00203       -0.00000
    378 12C|4D0              0.00097        0.00000       -0.00000        0.00000        0.01291        0.00000
    379 12C|3D1             -0.00000        0.00458        0.00896        0.00548        0.00000        0.00633
    380 12C|4D1             -0.00000        0.01268        0.02180        0.01454        0.00000        0.00997
    381 12C|3D2              0.00513        0.00000       -0.00000       -0.00000        0.00262       -0.00000
    382 12C|4D2              0.00535       -0.00000        0.00000       -0.00000       -0.04221       -0.00000
    383 12C|4F-3            -0.00065        0.00000       -0.00000       -0.00000        0.00018        0.00000
    384 12C|4F-2             0.00000       -0.00052       -0.00206       -0.00050       -0.00000       -0.00156
    385 12C|4F-1             0.00044        0.00000       -0.00000       -0.00000       -0.00248        0.00000
    386 12C|4F0             -0.00000       -0.00093        0.00007       -0.00033       -0.00000       -0.00100
    387 12C|4F1             -0.00076       -0.00000       -0.00000       -0.00000        0.00078       -0.00000
    388 12C|4F2              0.00000       -0.00273       -0.00147       -0.00301       -0.00000       -0.00083
    389 12C|4F3              0.00135        0.00000       -0.00000       -0.00000        0.00025        0.00000
    390 13C|1S0              0.00520        0.00000        0.00000        0.00000       -0.00137        0.00000
    391 13C|2S0              0.01149       -0.00000       -0.00000       -0.00000       -0.00298        0.00000
    392 13C|3S0              0.02136        0.00000        0.00000       -0.00000       -0.01043        0.00000
    393 13C|4S0              0.01525        0.00000       -0.00000        0.00000        0.03959       -0.00000
    394 13C|5S0              0.02967       -0.00000       -0.00000        0.00000       -1.52024        0.00000
    395 13C|2P-1            -0.02506       -0.00000       -0.00000        0.00000       -0.01085        0.00000
    396 13C|3P-1            -0.02639       -0.00000        0.00000       -0.00000        0.02811       -0.00000
    397 13C|4P-1            -0.00403       -0.00000        0.00000        0.00000        0.82888        0.00000
    398 13C|2P0             -0.00000       -0.10578       -0.06014       -0.04227       -0.00000       -0.13312
    399 13C|3P0             -0.00000       -0.09897       -0.05746       -0.04381       -0.00000       -0.13337
    400 13C|4P0             -0.00000       -0.10621       -0.04092       -0.02283       -0.00000       -0.24005
    401 13C|2P1             -0.01724       -0.00000       -0.00000       -0.00000       -0.02391        0.00000
    402 13C|3P1             -0.01960        0.00000       -0.00000        0.00000        0.02276       -0.00000
    403 13C|4P1              0.03506       -0.00000       -0.00000       -0.00000       -0.31106       -0.00000
    404 13C|3D-2             0.00015       -0.00000       -0.00000       -0.00000       -0.00305        0.00000
    405 13C|4D-2             0.00421       -0.00000        0.00000       -0.00000       -0.03278        0.00000
    406 13C|3D-1             0.00000       -0.00527       -0.00013       -0.00630       -0.00000       -0.00279
    407 13C|4D-1            -0.00000       -0.01391        0.00053       -0.01662       -0.00000       -0.00507
    408 13C|3D0             -0.00020        0.00000        0.00000        0.00000        0.00203       -0.00000
    409 13C|4D0              0.00097        0.00000        0.00000       -0.00000        0.01291        0.00000
    410 13C|3D1             -0.00000        0.00458       -0.00896        0.00548       -0.00000       -0.00633
    411 13C|4D1              0.00000        0.01268       -0.02180        0.01454       -0.00000       -0.00997
    412 13C|3D2              0.00513       -0.00000       -0.00000       -0.00000        0.00262       -0.00000
    413 13C|4D2              0.00535        0.00000       -0.00000        0.00000       -0.04221        0.00000
    414 13C|4F-3            -0.00065        0.00000        0.00000       -0.00000        0.00018       -0.00000
    415 13C|4F-2             0.00000       -0.00052        0.00206       -0.00050        0.00000        0.00156
    416 13C|4F-1             0.00044        0.00000       -0.00000        0.00000       -0.00248        0.00000
    417 13C|4F0              0.00000        0.00093        0.00007        0.00033       -0.00000       -0.00100
    418 13C|4F1              0.00076       -0.00000        0.00000       -0.00000       -0.00078        0.00000
    419 13C|4F2              0.00000        0.00273       -0.00147        0.00301       -0.00000       -0.00083
    420 13C|4F3             -0.00135       -0.00000       -0.00000        0.00000       -0.00025       -0.00000
    421 14C|1S0              0.00401       -0.00000        0.00000        0.00000       -0.00597        0.00000
    422 14C|2S0              0.00879        0.00000       -0.00000       -0.00000       -0.01216        0.00000
    423 14C|3S0              0.01542        0.00000       -0.00000        0.00000       -0.00176        0.00000
    424 14C|4S0              0.01740       -0.00000        0.00000        0.00000       -0.21584        0.00000
    425 14C|5S0              0.02242       -0.00000       -0.00000       -0.00000       -0.34075        0.00000
    426 14C|2P-1            -0.00607       -0.00000        0.00000        0.00000        0.01162       -0.00000
    427 14C|3P-1            -0.00646        0.00000        0.00000       -0.00000        0.01407       -0.00000
    428 14C|4P-1            -0.01729       -0.00000       -0.00000       -0.00000        0.08104       -0.00000
    429 14C|2P0              0.00000        0.04114       -0.11752       -0.13195       -0.00000       -0.05288
    430 14C|3P0              0.00000        0.03775       -0.10775       -0.12388       -0.00000       -0.04487
    431 14C|4P0              0.00000        0.03478       -0.13881       -0.20747       -0.00000       -0.11498
    432 14C|2P1              0.02408        0.00000       -0.00000       -0.00000        0.00947       -0.00000
    433 14C|3P1              0.01580       -0.00000       -0.00000        0.00000       -0.06210        0.00000
    434 14C|4P1              0.00761       -0.00000       -0.00000       -0.00000        0.01675       -0.00000
    435 14C|3D-2            -0.00077        0.00000        0.00000       -0.00000        0.00258       -0.00000
    436 14C|4D-2            -0.00101        0.00000        0.00000       -0.00000        0.02374       -0.00000
    437 14C|3D-1             0.00000        0.00287        0.00562        0.00596       -0.00000       -0.00425
    438 14C|4D-1             0.00000        0.00858        0.01846        0.01852       -0.00000       -0.01122
    439 14C|3D0              0.00031        0.00000       -0.00000       -0.00000        0.00230       -0.00000
    440 14C|4D0              0.00155        0.00000       -0.00000        0.00000       -0.00277        0.00000
    441 14C|3D1             -0.00000       -0.00146       -0.00369       -0.00216        0.00000        0.00557
    442 14C|4D1              0.00000       -0.00636       -0.00278        0.00117        0.00000        0.01876
    443 14C|3D2             -0.00101       -0.00000       -0.00000        0.00000        0.00064        0.00000
    444 14C|4D2             -0.00480       -0.00000       -0.00000        0.00000       -0.00809        0.00000
    445 14C|4F-3            -0.00064        0.00000       -0.00000       -0.00000        0.00070       -0.00000
    446 14C|4F-2            -0.00000        0.00106        0.00042       -0.00022       -0.00000       -0.00116
    447 14C|4F-1             0.00015       -0.00000       -0.00000        0.00000        0.00001        0.00000
    448 14C|4F0             -0.00000       -0.00025        0.00094        0.00051       -0.00000       -0.00024
    449 14C|4F1              0.00002        0.00000        0.00000       -0.00000        0.00098       -0.00000
    450 14C|4F2              0.00000       -0.00060       -0.00293       -0.00255        0.00000        0.00175
    451 14C|4F3             -0.00084       -0.00000        0.00000        0.00000        0.00034        0.00000
    452 15C|1S0              0.00401        0.00000        0.00000       -0.00000       -0.00597        0.00000
    453 15C|2S0              0.00879       -0.00000       -0.00000       -0.00000       -0.01216        0.00000
    454 15C|3S0              0.01542       -0.00000       -0.00000       -0.00000       -0.00176       -0.00000
    455 15C|4S0              0.01740       -0.00000       -0.00000        0.00000       -0.21584        0.00000
    456 15C|5S0              0.02241        0.00000        0.00000        0.00000       -0.34075        0.00000
    457 15C|2P-1             0.00607       -0.00000        0.00000        0.00000       -0.01162        0.00000
    458 15C|3P-1             0.00646        0.00000        0.00000       -0.00000       -0.01407       -0.00000
    459 15C|4P-1             0.01729       -0.00000       -0.00000       -0.00000       -0.08104        0.00000
    460 15C|2P0             -0.00000        0.04114        0.11752        0.13195       -0.00000       -0.05288
    461 15C|3P0             -0.00000        0.03775        0.10775        0.12388       -0.00000       -0.04486
    462 15C|4P0             -0.00000        0.03478        0.13881        0.20747       -0.00000       -0.11498
    463 15C|2P1              0.02408       -0.00000        0.00000        0.00000        0.00947       -0.00000
    464 15C|3P1              0.01580        0.00000        0.00000        0.00000       -0.06210        0.00000
    465 15C|4P1              0.00760        0.00000        0.00000        0.00000        0.01675        0.00000
    466 15C|3D-2             0.00077       -0.00000       -0.00000        0.00000       -0.00258       -0.00000
    467 15C|4D-2             0.00101        0.00000        0.00000        0.00000       -0.02374        0.00000
    468 15C|3D-1            -0.00000       -0.00287        0.00562        0.00596        0.00000        0.00425
    469 15C|4D-1             0.00000       -0.00858        0.01846        0.01852        0.00000        0.01122
    470 15C|3D0              0.00031        0.00000        0.00000        0.00000        0.00230       -0.00000
    471 15C|4D0              0.00155       -0.00000        0.00000       -0.00000       -0.00277       -0.00000
    472 15C|3D1             -0.00000       -0.00146        0.00369        0.00216        0.00000        0.00557
    473 15C|4D1             -0.00000       -0.00636        0.00278       -0.00117        0.00000        0.01876
    474 15C|3D2             -0.00101        0.00000        0.00000        0.00000        0.00064       -0.00000
    475 15C|4D2             -0.00480        0.00000        0.00000        0.00000       -0.00809       -0.00000
    476 15C|4F-3             0.00064       -0.00000       -0.00000        0.00000       -0.00070        0.00000
    477 15C|4F-2             0.00000       -0.00106        0.00042       -0.00022        0.00000        0.00116
    478 15C|4F-1            -0.00015       -0.00000       -0.00000        0.00000       -0.00001        0.00000
    479 15C|4F0              0.00000       -0.00025       -0.00094       -0.00051        0.00000       -0.00024
    480 15C|4F1              0.00002       -0.00000       -0.00000       -0.00000        0.00098       -0.00000
    481 15C|4F2             -0.00000       -0.00060        0.00293        0.00255        0.00000        0.00175
    482 15C|4F3             -0.00084       -0.00000        0.00000        0.00000        0.00034       -0.00000
    483 16C|1S0              0.00401        0.00000        0.00000       -0.00000       -0.00597        0.00000
    484 16C|2S0              0.00879       -0.00000       -0.00000        0.00000       -0.01216        0.00000
    485 16C|3S0              0.01542       -0.00000       -0.00000        0.00000       -0.00176       -0.00000
    486 16C|4S0              0.01740        0.00000        0.00000       -0.00000       -0.21584        0.00000
    487 16C|5S0              0.02240        0.00000       -0.00000       -0.00000       -0.34076       -0.00000
    488 16C|2P-1            -0.00607        0.00000       -0.00000        0.00000        0.01162       -0.00000
    489 16C|3P-1            -0.00646       -0.00000        0.00000       -0.00000        0.01407        0.00000
    490 16C|4P-1            -0.01729       -0.00000       -0.00000       -0.00000        0.08104       -0.00000
    491 16C|2P0             -0.00000       -0.04114       -0.11752        0.13195       -0.00000       -0.05288
    492 16C|3P0             -0.00000       -0.03775       -0.10775        0.12388       -0.00000       -0.04487
    493 16C|4P0              0.00000       -0.03478       -0.13881        0.20747       -0.00000       -0.11498
    494 16C|2P1             -0.02408        0.00000        0.00000       -0.00000       -0.00947        0.00000
    495 16C|3P1             -0.01580       -0.00000       -0.00000        0.00000        0.06210       -0.00000
    496 16C|4P1             -0.00760       -0.00000        0.00000        0.00000       -0.01675        0.00000
    497 16C|3D-2             0.00077       -0.00000        0.00000       -0.00000       -0.00258        0.00000
    498 16C|4D-2             0.00101        0.00000       -0.00000        0.00000       -0.02374        0.00000
    499 16C|3D-1            -0.00000       -0.00287        0.00562       -0.00596       -0.00000       -0.00425
    500 16C|4D-1            -0.00000       -0.00858        0.01846       -0.01852       -0.00000       -0.01122
    501 16C|3D0              0.00031       -0.00000       -0.00000        0.00000        0.00230       -0.00000
    502 16C|4D0              0.00155       -0.00000       -0.00000        0.00000       -0.00277       -0.00000
    503 16C|3D1             -0.00000       -0.00146        0.00369       -0.00216       -0.00000       -0.00557
    504 16C|4D1             -0.00000       -0.00636        0.00278        0.00117       -0.00000       -0.01876
    505 16C|3D2             -0.00101        0.00000       -0.00000        0.00000        0.00064       -0.00000
    506 16C|4D2             -0.00480        0.00000       -0.00000        0.00000       -0.00809        0.00000
    507 16C|4F-3            -0.00064       -0.00000       -0.00000        0.00000        0.00070       -0.00000
    508 16C|4F-2             0.00000        0.00106       -0.00042       -0.00022       -0.00000        0.00116
    509 16C|4F-1             0.00015        0.00000       -0.00000        0.00000        0.00001       -0.00000
    510 16C|4F0             -0.00000        0.00025        0.00094       -0.00051        0.00000       -0.00024
    511 16C|4F1             -0.00002        0.00000        0.00000       -0.00000       -0.00098        0.00000
    512 16C|4F2              0.00000        0.00060       -0.00293        0.00255        0.00000        0.00175
    513 16C|4F3              0.00084       -0.00000       -0.00000        0.00000       -0.00034       -0.00000
    514 17C|1S0              0.00401        0.00000       -0.00000        0.00000       -0.00597        0.00000
    515 17C|2S0              0.00879       -0.00000        0.00000       -0.00000       -0.01216        0.00000
    516 17C|3S0              0.01542       -0.00000        0.00000       -0.00000       -0.00176        0.00000
    517 17C|4S0              0.01740        0.00000       -0.00000        0.00000       -0.21584       -0.00000
    518 17C|5S0              0.02243       -0.00000        0.00000        0.00000       -0.34074        0.00000
    519 17C|2P-1             0.00607        0.00000        0.00000       -0.00000       -0.01162        0.00000
    520 17C|3P-1             0.00646       -0.00000        0.00000       -0.00000       -0.01407        0.00000
    521 17C|4P-1             0.01728        0.00000        0.00000       -0.00000       -0.08104       -0.00000
    522 17C|2P0             -0.00000       -0.04114        0.11752       -0.13195       -0.00000       -0.05288
    523 17C|3P0             -0.00000       -0.03775        0.10775       -0.12388       -0.00000       -0.04486
    524 17C|4P0             -0.00000       -0.03478        0.13881       -0.20747       -0.00000       -0.11498
    525 17C|2P1             -0.02408        0.00000       -0.00000        0.00000       -0.00947        0.00000
    526 17C|3P1             -0.01580        0.00000        0.00000       -0.00000        0.06210       -0.00000
    527 17C|4P1             -0.00761        0.00000       -0.00000       -0.00000       -0.01676       -0.00000
    528 17C|3D-2            -0.00077        0.00000        0.00000       -0.00000        0.00258       -0.00000
    529 17C|4D-2            -0.00101        0.00000       -0.00000        0.00000        0.02374       -0.00000
    530 17C|3D-1            -0.00000        0.00287        0.00562       -0.00596        0.00000        0.00425
    531 17C|4D-1             0.00000        0.00858        0.01846       -0.01852       -0.00000        0.01122
    532 17C|3D0              0.00031       -0.00000        0.00000       -0.00000        0.00230        0.00000
    533 17C|4D0              0.00155       -0.00000        0.00000       -0.00000       -0.00277        0.00000
    534 17C|3D1             -0.00000       -0.00146       -0.00369        0.00216       -0.00000       -0.00557
    535 17C|4D1             -0.00000       -0.00636       -0.00278       -0.00117       -0.00000       -0.01876
    536 17C|3D2             -0.00101        0.00000        0.00000       -0.00000        0.00064        0.00000
    537 17C|4D2             -0.00480       -0.00000        0.00000       -0.00000       -0.00809        0.00000
    538 17C|4F-3             0.00064        0.00000       -0.00000        0.00000       -0.00070       -0.00000
    539 17C|4F-2             0.00000       -0.00106       -0.00042       -0.00022       -0.00000       -0.00116
    540 17C|4F-1            -0.00015       -0.00000       -0.00000        0.00000       -0.00001       -0.00000
    541 17C|4F0             -0.00000        0.00025       -0.00094        0.00051       -0.00000       -0.00024
    542 17C|4F1             -0.00002        0.00000       -0.00000        0.00000       -0.00098        0.00000
    543 17C|4F2              0.00000        0.00060        0.00293       -0.00255       -0.00000        0.00175
    544 17C|4F3              0.00084       -0.00000       -0.00000        0.00000       -0.00034        0.00000
    545 18C|1S0             -0.00399        0.00000        0.00000       -0.00000       -0.00607        0.00000
    546 18C|2S0             -0.00875       -0.00000        0.00000        0.00000       -0.01244        0.00000
    547 18C|3S0             -0.01563        0.00000       -0.00000       -0.00000       -0.00222       -0.00000
    548 18C|4S0             -0.01561       -0.00000        0.00000        0.00000       -0.22996        0.00000
    549 18C|5S0             -0.02173        0.00000        0.00000        0.00000       -0.36917       -0.00000
    550 18C|2P-1            -0.02307        0.00000        0.00000       -0.00000        0.00961       -0.00000
    551 18C|3P-1            -0.01377        0.00000       -0.00000        0.00000       -0.06903        0.00000
    552 18C|4P-1            -0.00731        0.00000        0.00000        0.00000        0.02167       -0.00000
    553 18C|2P0              0.00000        0.11567       -0.04334       -0.12585        0.00000        0.05572
    554 18C|3P0              0.00000        0.10526       -0.04014       -0.11793        0.00000        0.04766
    555 18C|4P0              0.00000        0.12680       -0.03954       -0.19114        0.00000        0.12464
    556 18C|2P1              0.00491        0.00000       -0.00000       -0.00000        0.01109       -0.00000
    557 18C|3P1              0.00512       -0.00000        0.00000        0.00000        0.01535       -0.00000
    558 18C|4P1              0.01497        0.00000        0.00000        0.00000        0.09051       -0.00000
    559 18C|3D-2             0.00097        0.00000        0.00000       -0.00000        0.00274       -0.00000
    560 18C|4D-2             0.00110       -0.00000       -0.00000        0.00000        0.02608        0.00000
    561 18C|3D-1            -0.00000        0.00391        0.00160       -0.00206       -0.00000       -0.00581
    562 18C|4D-1            -0.00000        0.00282        0.00683        0.00168       -0.00000       -0.01919
    563 18C|3D0             -0.00028        0.00000        0.00000        0.00000        0.00243       -0.00000
    564 18C|4D0             -0.00177        0.00000       -0.00000       -0.00000       -0.00260       -0.00000
    565 18C|3D1              0.00000       -0.00527       -0.00293        0.00533        0.00000        0.00439
    566 18C|4D1              0.00000       -0.01724       -0.00891        0.01657        0.00000        0.01176
    567 18C|3D2             -0.00104       -0.00000        0.00000        0.00000       -0.00062       -0.00000
    568 18C|4D2             -0.00490       -0.00000        0.00000        0.00000        0.00922       -0.00000
    569 18C|4F-3            -0.00081       -0.00000       -0.00000        0.00000       -0.00038       -0.00000
    570 18C|4F-2             0.00000       -0.00038       -0.00111       -0.00031        0.00000        0.00125
    571 18C|4F-1            -0.00005       -0.00000        0.00000        0.00000        0.00103       -0.00000
    572 18C|4F0              0.00000       -0.00098        0.00026        0.00046        0.00000        0.00024
    573 18C|4F1             -0.00014       -0.00000       -0.00000       -0.00000       -0.00008        0.00000
    574 18C|4F2              0.00000       -0.00288       -0.00063        0.00238        0.00000        0.00181
    575 18C|4F3             -0.00063       -0.00000        0.00000        0.00000       -0.00082        0.00000
    576 19C|1S0             -0.00399        0.00000        0.00000       -0.00000       -0.00607        0.00000
    577 19C|2S0             -0.00875       -0.00000        0.00000        0.00000       -0.01244        0.00000
    578 19C|3S0             -0.01563       -0.00000        0.00000        0.00000       -0.00222        0.00000
    579 19C|4S0             -0.01561        0.00000       -0.00000       -0.00000       -0.22996       -0.00000
    580 19C|5S0             -0.02173       -0.00000       -0.00000       -0.00000       -0.36916        0.00000
    581 19C|2P-1            -0.02307       -0.00000       -0.00000        0.00000        0.00961        0.00000
    582 19C|3P-1            -0.01377       -0.00000        0.00000       -0.00000       -0.06903       -0.00000
    583 19C|4P-1            -0.00731       -0.00000       -0.00000       -0.00000        0.02168        0.00000
    584 19C|2P0              0.00000       -0.11567       -0.04334        0.12585        0.00000        0.05572
    585 19C|3P0              0.00000       -0.10526       -0.04014        0.11793        0.00000        0.04767
    586 19C|4P0              0.00000       -0.12680       -0.03954        0.19114        0.00000        0.12465
    587 19C|2P1             -0.00491        0.00000       -0.00000       -0.00000       -0.01109        0.00000
    588 19C|3P1             -0.00512       -0.00000        0.00000        0.00000       -0.01535       -0.00000
    589 19C|4P1             -0.01496        0.00000        0.00000        0.00000       -0.09051       -0.00000
    590 19C|3D-2            -0.00097       -0.00000        0.00000       -0.00000       -0.00274       -0.00000
    591 19C|4D-2            -0.00110       -0.00000        0.00000       -0.00000       -0.02608        0.00000
    592 19C|3D-1            -0.00000       -0.00391        0.00160        0.00206       -0.00000       -0.00581
    593 19C|4D-1            -0.00000       -0.00282        0.00683       -0.00168       -0.00000       -0.01919
    594 19C|3D0             -0.00028       -0.00000        0.00000       -0.00000        0.00243        0.00000
    595 19C|4D0             -0.00177        0.00000        0.00000        0.00000       -0.00260        0.00000
    596 19C|3D1             -0.00000       -0.00527        0.00293        0.00533       -0.00000       -0.00439
    597 19C|4D1             -0.00000       -0.01724        0.00891        0.01657       -0.00000       -0.01176
    598 19C|3D2             -0.00104        0.00000       -0.00000       -0.00000       -0.00062        0.00000
    599 19C|4D2             -0.00490        0.00000       -0.00000       -0.00000        0.00922        0.00000
    600 19C|4F-3            -0.00081        0.00000        0.00000       -0.00000       -0.00038        0.00000
    601 19C|4F-2             0.00000       -0.00038        0.00111       -0.00031       -0.00000       -0.00125
    602 19C|4F-1            -0.00005        0.00000       -0.00000        0.00000        0.00103        0.00000
    603 19C|4F0              0.00000        0.00098        0.00026       -0.00046       -0.00000        0.00024
    604 19C|4F1              0.00014        0.00000       -0.00000       -0.00000        0.00008        0.00000
    605 19C|4F2              0.00000        0.00288       -0.00063       -0.00238        0.00000        0.00181
    606 19C|4F3              0.00063       -0.00000        0.00000        0.00000        0.00082        0.00000
    607 20C|1S0             -0.00399        0.00000       -0.00000       -0.00000       -0.00607        0.00000
    608 20C|2S0             -0.00875       -0.00000       -0.00000       -0.00000       -0.01244        0.00000
    609 20C|3S0             -0.01563       -0.00000        0.00000       -0.00000       -0.00222       -0.00000
    610 20C|4S0             -0.01561       -0.00000       -0.00000       -0.00000       -0.22996        0.00000
    611 20C|5S0             -0.02172       -0.00000       -0.00000        0.00000       -0.36916       -0.00000
    612 20C|2P-1             0.02307       -0.00000       -0.00000       -0.00000       -0.00961        0.00000
    613 20C|3P-1             0.01377       -0.00000        0.00000        0.00000        0.06903       -0.00000
    614 20C|4P-1             0.00731        0.00000        0.00000       -0.00000       -0.02168        0.00000
    615 20C|2P0             -0.00000        0.11567        0.04334        0.12585        0.00000        0.05572
    616 20C|3P0              0.00000        0.10526        0.04014        0.11793        0.00000        0.04766
    617 20C|4P0              0.00000        0.12680        0.03954        0.19114        0.00000        0.12464
    618 20C|2P1              0.00491       -0.00000        0.00000       -0.00000        0.01109       -0.00000
    619 20C|3P1              0.00512       -0.00000       -0.00000        0.00000        0.01535        0.00000
    620 20C|4P1              0.01497       -0.00000       -0.00000        0.00000        0.09051       -0.00000
    621 20C|3D-2            -0.00097       -0.00000       -0.00000       -0.00000       -0.00274        0.00000
    622 20C|4D-2            -0.00110       -0.00000       -0.00000        0.00000       -0.02608        0.00000
    623 20C|3D-1             0.00000       -0.00391        0.00160       -0.00206        0.00000        0.00581
    624 20C|4D-1            -0.00000       -0.00282        0.00683        0.00168        0.00000        0.01919
    625 20C|3D0             -0.00028       -0.00000        0.00000       -0.00000        0.00243       -0.00000
    626 20C|4D0             -0.00177        0.00000        0.00000        0.00000       -0.00260       -0.00000
    627 20C|3D1             -0.00000       -0.00527        0.00293       -0.00533        0.00000        0.00439
    628 20C|4D1              0.00000       -0.01724        0.00891       -0.01657        0.00000        0.01176
    629 20C|3D2             -0.00104       -0.00000        0.00000       -0.00000       -0.00062       -0.00000
    630 20C|4D2             -0.00490       -0.00000        0.00000        0.00000        0.00922        0.00000
    631 20C|4F-3             0.00081        0.00000       -0.00000       -0.00000        0.00038        0.00000
    632 20C|4F-2             0.00000        0.00038       -0.00111       -0.00031       -0.00000       -0.00125
    633 20C|4F-1             0.00005       -0.00000       -0.00000       -0.00000       -0.00103        0.00000
    634 20C|4F0             -0.00000       -0.00098       -0.00026       -0.00046        0.00000        0.00024
    635 20C|4F1             -0.00014        0.00000        0.00000       -0.00000       -0.00008       -0.00000
    636 20C|4F2             -0.00000       -0.00288        0.00063       -0.00238        0.00000        0.00181
    637 20C|4F3             -0.00063       -0.00000       -0.00000       -0.00000       -0.00082        0.00000
    638 21C|1S0             -0.00399       -0.00000       -0.00000        0.00000       -0.00607        0.00000
    639 21C|2S0             -0.00875       -0.00000       -0.00000        0.00000       -0.01244        0.00000
    640 21C|3S0             -0.01563       -0.00000       -0.00000       -0.00000       -0.00222       -0.00000
    641 21C|4S0             -0.01561        0.00000        0.00000        0.00000       -0.22996        0.00000
    642 21C|5S0             -0.02174        0.00000        0.00000       -0.00000       -0.36917       -0.00000
    643 21C|2P-1             0.02307        0.00000       -0.00000        0.00000       -0.00961        0.00000
    644 21C|3P-1             0.01377       -0.00000        0.00000       -0.00000        0.06904       -0.00000
    645 21C|4P-1             0.00731       -0.00000       -0.00000        0.00000       -0.02167        0.00000
    646 21C|2P0             -0.00000       -0.11567        0.04334       -0.12585        0.00000        0.05572
    647 21C|3P0              0.00000       -0.10526        0.04014       -0.11793        0.00000        0.04766
    648 21C|4P0              0.00000       -0.12680        0.03954       -0.19114        0.00000        0.12464
    649 21C|2P1             -0.00491       -0.00000        0.00000       -0.00000       -0.01109        0.00000
    650 21C|3P1             -0.00512       -0.00000       -0.00000        0.00000       -0.01535        0.00000
    651 21C|4P1             -0.01496       -0.00000       -0.00000        0.00000       -0.09051        0.00000
    652 21C|3D-2             0.00097       -0.00000        0.00000       -0.00000        0.00274       -0.00000
    653 21C|4D-2             0.00110       -0.00000        0.00000       -0.00000        0.02608       -0.00000
    654 21C|3D-1             0.00000        0.00391        0.00160        0.00206        0.00000        0.00581
    655 21C|4D-1            -0.00000        0.00282        0.00683       -0.00168        0.00000        0.01919
    656 21C|3D0             -0.00028       -0.00000       -0.00000       -0.00000        0.00243       -0.00000
    657 21C|4D0             -0.00177       -0.00000       -0.00000        0.00000       -0.00260       -0.00000
    658 21C|3D1              0.00000       -0.00527       -0.00293       -0.00533       -0.00000       -0.00439
    659 21C|4D1              0.00000       -0.01724       -0.00891       -0.01657       -0.00000       -0.01176
    660 21C|3D2             -0.00104       -0.00000        0.00000        0.00000       -0.00062       -0.00000
    661 21C|4D2             -0.00490       -0.00000        0.00000       -0.00000        0.00922       -0.00000
    662 21C|4F-3             0.00081        0.00000        0.00000        0.00000        0.00038        0.00000
    663 21C|4F-2            -0.00000        0.00038        0.00111       -0.00031        0.00000        0.00125
    664 21C|4F-1             0.00005        0.00000       -0.00000        0.00000       -0.00103        0.00000
    665 21C|4F0             -0.00000        0.00098       -0.00026        0.00046        0.00000        0.00024
    666 21C|4F1              0.00014        0.00000        0.00000       -0.00000        0.00008       -0.00000
    667 21C|4F2             -0.00000        0.00288        0.00063        0.00238        0.00000        0.00181
    668 21C|4F3              0.00063       -0.00000       -0.00000       -0.00000        0.00082       -0.00000
    669 22C|1S0             -0.00004       -0.00000        0.00000        0.00000       -0.00552        0.00000
    670 22C|2S0             -0.00010        0.00000       -0.00000       -0.00000       -0.01130        0.00000
    671 22C|3S0             -0.00047        0.00000       -0.00000       -0.00000       -0.00285       -0.00000
    672 22C|4S0              0.00020       -0.00000        0.00000       -0.00000       -0.13329        0.00000
    673 22C|5S0              0.01204       -0.00000        0.00000       -0.00000        1.97100        0.00000
    674 22C|2P-1            -0.01179        0.00000        0.00000        0.00000        0.01593        0.00000
    675 22C|3P-1            -0.01488       -0.00000        0.00000       -0.00000       -0.01248       -0.00000
    676 22C|4P-1             0.02393       -0.00000        0.00000       -0.00000        0.79228        0.00000
    677 22C|2P0             -0.00000       -0.12945        0.12770        0.13420        0.00000       -0.00241
    678 22C|3P0             -0.00000       -0.11988        0.11892        0.13145       -0.00000       -0.00241
    679 22C|4P0              0.00000       -0.14537        0.14963        0.14512        0.00000       -0.00861
    680 22C|2P1              0.01193       -0.00000        0.00000        0.00000        0.01628       -0.00000
    681 22C|3P1              0.01550        0.00000        0.00000        0.00000       -0.00100        0.00000
    682 22C|4P1             -0.02046        0.00000        0.00000       -0.00000        0.74959        0.00000
    683 22C|3D-2             0.00001        0.00000        0.00000        0.00000        0.00291       -0.00000
    684 22C|4D-2             0.00003        0.00000       -0.00000        0.00000        0.00338        0.00000
    685 22C|3D-1            -0.00000       -0.00398       -0.00425       -0.00035        0.00000        0.00746
    686 22C|4D-1             0.00000       -0.00675       -0.01765       -0.00632        0.00000        0.02227
    687 22C|3D0              0.00000        0.00000       -0.00000       -0.00000        0.00262       -0.00000
    688 22C|4D0             -0.00018        0.00000       -0.00000        0.00000        0.00930       -0.00000
    689 22C|3D1             -0.00000        0.00414        0.00390        0.00009       -0.00000       -0.00737
    690 22C|4D1             -0.00000        0.01687        0.00720       -0.00457       -0.00000       -0.02207
    691 22C|3D2              0.00150        0.00000        0.00000        0.00000        0.00001        0.00000
    692 22C|4D2              0.00505        0.00000        0.00000        0.00000        0.00272        0.00000
    693 22C|4F-3            -0.00016        0.00000        0.00000        0.00000        0.00105       -0.00000
    694 22C|4F-2             0.00000       -0.00037        0.00047        0.00138       -0.00000       -0.00005
    695 22C|4F-1             0.00015        0.00000       -0.00000        0.00000        0.00172        0.00000
    696 22C|4F0              0.00000        0.00102       -0.00093       -0.00051        0.00000        0.00000
    697 22C|4F1             -0.00020       -0.00000       -0.00000       -0.00000        0.00148       -0.00000
    698 22C|4F2             -0.00000        0.00130        0.00134        0.00006       -0.00000       -0.00245
    699 22C|4F3             -0.00012       -0.00000       -0.00000       -0.00000       -0.00118        0.00000
    700 23C|1S0             -0.00004        0.00000        0.00000        0.00000       -0.00552        0.00000
    701 23C|2S0             -0.00010       -0.00000       -0.00000        0.00000       -0.01130        0.00000
    702 23C|3S0             -0.00047        0.00000        0.00000        0.00000       -0.00285       -0.00000
    703 23C|4S0              0.00020       -0.00000       -0.00000        0.00000       -0.13329        0.00000
    704 23C|5S0              0.01203        0.00000       -0.00000       -0.00000        1.97099        0.00000
    705 23C|2P-1             0.01179       -0.00000        0.00000       -0.00000       -0.01593       -0.00000
    706 23C|3P-1             0.01488        0.00000       -0.00000        0.00000        0.01248        0.00000
    707 23C|4P-1            -0.02392       -0.00000        0.00000        0.00000       -0.79228       -0.00000
    708 23C|2P0              0.00000       -0.12945       -0.12770       -0.13420        0.00000       -0.00241
    709 23C|3P0              0.00000       -0.11988       -0.11892       -0.13145        0.00000       -0.00241
    710 23C|4P0              0.00000       -0.14537       -0.14963       -0.14512       -0.00000       -0.00862
    711 23C|2P1              0.01193       -0.00000        0.00000        0.00000        0.01628       -0.00000
    712 23C|3P1              0.01550        0.00000       -0.00000        0.00000       -0.00100        0.00000
    713 23C|4P1             -0.02046       -0.00000       -0.00000        0.00000        0.74959       -0.00000
    714 23C|3D-2            -0.00001       -0.00000        0.00000       -0.00000       -0.00291        0.00000
    715 23C|4D-2            -0.00003        0.00000       -0.00000        0.00000       -0.00338        0.00000
    716 23C|3D-1             0.00000        0.00398       -0.00425       -0.00035       -0.00000       -0.00746
    717 23C|4D-1            -0.00000        0.00675       -0.01765       -0.00632       -0.00000       -0.02227
    718 23C|3D0              0.00000        0.00000       -0.00000        0.00000        0.00262       -0.00000
    719 23C|4D0             -0.00018       -0.00000        0.00000       -0.00000        0.00930       -0.00000
    720 23C|3D1             -0.00000        0.00414       -0.00390       -0.00009       -0.00000       -0.00737
    721 23C|4D1             -0.00000        0.01687       -0.00720        0.00457       -0.00000       -0.02207
    722 23C|3D2              0.00150        0.00000       -0.00000       -0.00000        0.00001        0.00000
    723 23C|4D2              0.00505        0.00000       -0.00000        0.00000        0.00272        0.00000
    724 23C|4F-3             0.00016       -0.00000       -0.00000        0.00000       -0.00105        0.00000
    725 23C|4F-2             0.00000        0.00037        0.00047        0.00138        0.00000        0.00005
    726 23C|4F-1            -0.00015       -0.00000        0.00000       -0.00000       -0.00172       -0.00000
    727 23C|4F0             -0.00000        0.00102        0.00093        0.00051       -0.00000        0.00000
    728 23C|4F1             -0.00020       -0.00000        0.00000       -0.00000        0.00148       -0.00000
    729 23C|4F2             -0.00000        0.00130       -0.00134       -0.00006       -0.00000       -0.00245
    730 23C|4F3             -0.00012       -0.00000       -0.00000        0.00000       -0.00118        0.00000
    731 24C|1S0             -0.00004       -0.00000       -0.00000        0.00000       -0.00552        0.00000
    732 24C|2S0             -0.00010       -0.00000       -0.00000       -0.00000       -0.01130        0.00000
    733 24C|3S0             -0.00047       -0.00000        0.00000       -0.00000       -0.00285        0.00000
    734 24C|4S0              0.00020        0.00000       -0.00000        0.00000       -0.13330        0.00000
    735 24C|5S0              0.01205        0.00000        0.00000        0.00000        1.97100       -0.00000
    736 24C|2P-1            -0.01179        0.00000        0.00000       -0.00000        0.01593       -0.00000
    737 24C|3P-1            -0.01488       -0.00000       -0.00000        0.00000       -0.01248        0.00000
    738 24C|4P-1             0.02393        0.00000        0.00000        0.00000        0.79228       -0.00000
    739 24C|2P0              0.00000        0.12945        0.12770       -0.13420        0.00000       -0.00241
    740 24C|3P0              0.00000        0.11988        0.11892       -0.13145        0.00000       -0.00241
    741 24C|4P0              0.00000        0.14537        0.14963       -0.14512        0.00000       -0.00862
    742 24C|2P1             -0.01193        0.00000        0.00000       -0.00000       -0.01628        0.00000
    743 24C|3P1             -0.01550       -0.00000        0.00000       -0.00000        0.00100        0.00000
    744 24C|4P1              0.02046       -0.00000       -0.00000       -0.00000       -0.74959        0.00000
    745 24C|3D-2            -0.00001        0.00000        0.00000       -0.00000       -0.00291        0.00000
    746 24C|4D-2            -0.00003        0.00000       -0.00000        0.00000       -0.00338       -0.00000
    747 24C|3D-1             0.00000        0.00398       -0.00425        0.00035        0.00000        0.00746
    748 24C|4D-1             0.00000        0.00675       -0.01765        0.00632        0.00000        0.02227
    749 24C|3D0              0.00000       -0.00000       -0.00000        0.00000        0.00262       -0.00000
    750 24C|4D0             -0.00018       -0.00000        0.00000       -0.00000        0.00930       -0.00000
    751 24C|3D1              0.00000        0.00414       -0.00390        0.00009        0.00000        0.00737
    752 24C|4D1              0.00000        0.01687       -0.00720       -0.00457        0.00000        0.02207
    753 24C|3D2              0.00150        0.00000        0.00000       -0.00000        0.00001       -0.00000
    754 24C|4D2              0.00505        0.00000        0.00000       -0.00000        0.00272       -0.00000
    755 24C|4F-3            -0.00016       -0.00000        0.00000       -0.00000        0.00105       -0.00000
    756 24C|4F-2            -0.00000       -0.00037       -0.00047        0.00138       -0.00000        0.00005
    757 24C|4F-1             0.00015       -0.00000       -0.00000       -0.00000        0.00172       -0.00000
    758 24C|4F0             -0.00000       -0.00102       -0.00093        0.00051       -0.00000        0.00000
    759 24C|4F1              0.00020        0.00000        0.00000        0.00000       -0.00148       -0.00000
    760 24C|4F2             -0.00000       -0.00130        0.00134       -0.00006       -0.00000       -0.00245
    761 24C|4F3              0.00012        0.00000        0.00000       -0.00000        0.00118       -0.00000
    762 25C|1S0             -0.00004       -0.00000        0.00000       -0.00000       -0.00552        0.00000
    763 25C|2S0             -0.00010        0.00000       -0.00000        0.00000       -0.01130        0.00000
    764 25C|3S0             -0.00047       -0.00000       -0.00000        0.00000       -0.00285        0.00000
    765 25C|4S0              0.00020       -0.00000        0.00000       -0.00000       -0.13329       -0.00000
    766 25C|5S0              0.01204        0.00000        0.00000       -0.00000        1.97099        0.00000
    767 25C|2P-1             0.01179        0.00000       -0.00000        0.00000       -0.01593        0.00000
    768 25C|3P-1             0.01488       -0.00000        0.00000       -0.00000        0.01248        0.00000
    769 25C|4P-1            -0.02393        0.00000       -0.00000       -0.00000       -0.79228       -0.00000
    770 25C|2P0              0.00000        0.12945       -0.12770        0.13420        0.00000       -0.00241
    771 25C|3P0             -0.00000        0.11988       -0.11892        0.13145        0.00000       -0.00241
    772 25C|4P0              0.00000        0.14537       -0.14963        0.14512       -0.00000       -0.00862
    773 25C|2P1             -0.01193       -0.00000        0.00000       -0.00000       -0.01628        0.00000
    774 25C|3P1             -0.01550        0.00000       -0.00000        0.00000        0.00100       -0.00000
    775 25C|4P1              0.02046       -0.00000       -0.00000        0.00000       -0.74959        0.00000
    776 25C|3D-2             0.00001       -0.00000        0.00000       -0.00000        0.00291       -0.00000
    777 25C|4D-2             0.00003        0.00000       -0.00000        0.00000        0.00338        0.00000
    778 25C|3D-1             0.00000       -0.00398       -0.00425        0.00035       -0.00000       -0.00746
    779 25C|4D-1             0.00000       -0.00675       -0.01765        0.00632       -0.00000       -0.02227
    780 25C|3D0              0.00000        0.00000        0.00000       -0.00000        0.00262        0.00000
    781 25C|4D0             -0.00018       -0.00000       -0.00000        0.00000        0.00930        0.00000
    782 25C|3D1              0.00000        0.00414        0.00390       -0.00009        0.00000        0.00737
    783 25C|4D1              0.00000        0.01687        0.00720        0.00457        0.00000        0.02207
    784 25C|3D2              0.00150       -0.00000        0.00000        0.00000        0.00001        0.00000
    785 25C|4D2              0.00505       -0.00000        0.00000       -0.00000        0.00272        0.00000
    786 25C|4F-3             0.00016       -0.00000        0.00000       -0.00000       -0.00105       -0.00000
    787 25C|4F-2             0.00000        0.00037       -0.00047        0.00138        0.00000       -0.00005
    788 25C|4F-1            -0.00015        0.00000       -0.00000        0.00000       -0.00172       -0.00000
    789 25C|4F0              0.00000       -0.00102        0.00093       -0.00051       -0.00000        0.00000
    790 25C|4F1              0.00020       -0.00000        0.00000       -0.00000       -0.00148        0.00000
    791 25C|4F2             -0.00000       -0.00130       -0.00134        0.00006       -0.00000       -0.00245
    792 25C|4F3              0.00012        0.00000       -0.00000        0.00000        0.00118        0.00000
    793 26H|1S0             -0.00596        0.00000       -0.00000       -0.00000        0.00547       -0.00000
    794 26H|2S0             -0.01072       -0.00000       -0.00000       -0.00000       -0.03708        0.00000
    795 26H|3S0             -0.02146       -0.00000       -0.00000       -0.00000        0.24667       -0.00000
    796 26H|2P-1            -0.00098        0.00000       -0.00000       -0.00000       -0.00437        0.00000
    797 26H|2P0              0.00000        0.00190       -0.00654       -0.00828       -0.00000       -0.00439
    798 26H|2P1              0.00065       -0.00000       -0.00000       -0.00000       -0.00673        0.00000
    799 27H|1S0             -0.00596        0.00000       -0.00000        0.00000        0.00547       -0.00000
    800 27H|2S0             -0.01072        0.00000        0.00000        0.00000       -0.03708        0.00000
    801 27H|3S0             -0.02146        0.00000        0.00000        0.00000        0.24667       -0.00000
    802 27H|2P-1             0.00098       -0.00000       -0.00000       -0.00000        0.00437       -0.00000
    803 27H|2P0             -0.00000        0.00190        0.00654        0.00828       -0.00000       -0.00439
    804 27H|2P1              0.00065        0.00000        0.00000        0.00000       -0.00673        0.00000
    805 28H|1S0             -0.00596       -0.00000       -0.00000        0.00000        0.00547       -0.00000
    806 28H|2S0             -0.01072       -0.00000       -0.00000       -0.00000       -0.03708        0.00000
    807 28H|3S0             -0.02146       -0.00000       -0.00000       -0.00000        0.24667       -0.00000
    808 28H|2P-1            -0.00098       -0.00000       -0.00000       -0.00000       -0.00437        0.00000
    809 28H|2P0              0.00000       -0.00190       -0.00654        0.00828       -0.00000       -0.00439
    810 28H|2P1             -0.00065       -0.00000        0.00000        0.00000        0.00673       -0.00000
    811 29H|1S0             -0.00596        0.00000        0.00000       -0.00000        0.00547       -0.00000
    812 29H|2S0             -0.01072       -0.00000        0.00000        0.00000       -0.03708        0.00000
    813 29H|3S0             -0.02146       -0.00000        0.00000        0.00000        0.24667       -0.00000
    814 29H|2P-1             0.00098        0.00000        0.00000       -0.00000        0.00437       -0.00000
    815 29H|2P0             -0.00000       -0.00190        0.00654       -0.00828       -0.00000       -0.00439
    816 29H|2P1             -0.00065        0.00000       -0.00000       -0.00000        0.00673       -0.00000
    817 30H|1S0              0.00629       -0.00000       -0.00000       -0.00000        0.00570        0.00000
    818 30H|2S0              0.01113        0.00000        0.00000        0.00000       -0.03797       -0.00000
    819 30H|3S0              0.02151        0.00000        0.00000        0.00000        0.25825       -0.00000
    820 30H|2P-1            -0.00057        0.00000       -0.00000        0.00000       -0.00690       -0.00000
    821 30H|2P0              0.00000        0.00621       -0.00206       -0.00774        0.00000        0.00463
    822 30H|2P1              0.00090        0.00000        0.00000        0.00000       -0.00449       -0.00000
    823 31H|1S0              0.00629        0.00000       -0.00000        0.00000        0.00570        0.00000
    824 31H|2S0              0.01113       -0.00000       -0.00000       -0.00000       -0.03797        0.00000
    825 31H|3S0              0.02151       -0.00000       -0.00000       -0.00000        0.25825        0.00000
    826 31H|2P-1            -0.00057       -0.00000        0.00000       -0.00000       -0.00690        0.00000
    827 31H|2P0              0.00000       -0.00621       -0.00206        0.00774        0.00000        0.00463
    828 31H|2P1             -0.00090        0.00000        0.00000        0.00000        0.00449       -0.00000
    829 32H|1S0              0.00629        0.00000        0.00000       -0.00000        0.00570        0.00000
    830 32H|2S0              0.01113       -0.00000        0.00000        0.00000       -0.03797        0.00000
    831 32H|3S0              0.02151       -0.00000       -0.00000        0.00000        0.25825       -0.00000
    832 32H|2P-1             0.00057        0.00000       -0.00000       -0.00000        0.00690       -0.00000
    833 32H|2P0              0.00000        0.00621        0.00206        0.00774        0.00000        0.00463
    834 32H|2P1              0.00090       -0.00000        0.00000        0.00000       -0.00449        0.00000
    835 33H|1S0              0.00629       -0.00000       -0.00000        0.00000        0.00570       -0.00000
    836 33H|2S0              0.01113        0.00000       -0.00000       -0.00000       -0.03797        0.00000
    837 33H|3S0              0.02151        0.00000        0.00000       -0.00000        0.25825       -0.00000
    838 33H|2P-1             0.00057        0.00000        0.00000        0.00000        0.00690       -0.00000
    839 33H|2P0              0.00000       -0.00621        0.00206       -0.00774        0.00000        0.00463
    840 33H|2P1             -0.00090       -0.00000        0.00000        0.00000        0.00449        0.00000
    841 34H|1S0             -0.00012        0.00000        0.00000        0.00000        0.00347       -0.00000
    842 34H|2S0             -0.00018       -0.00000        0.00000       -0.00000        0.00063       -0.00000
    843 34H|3S0             -0.00004       -0.00000        0.00000       -0.00000        0.54733        0.00000
    844 34H|2P-1            -0.00028       -0.00000        0.00000        0.00000       -0.00423       -0.00000
    845 34H|2P0              0.00000       -0.00676        0.00675        0.00678        0.00000       -0.00021
    846 34H|2P1              0.00028        0.00000        0.00000       -0.00000       -0.00400        0.00000
    847 35H|1S0             -0.00012       -0.00000        0.00000       -0.00000        0.00347        0.00000
    848 35H|2S0             -0.00018        0.00000        0.00000        0.00000        0.00063       -0.00000
    849 35H|3S0             -0.00004        0.00000        0.00000        0.00000        0.54733       -0.00000
    850 35H|2P-1            -0.00028        0.00000        0.00000        0.00000       -0.00423       -0.00000
    851 35H|2P0              0.00000        0.00676        0.00675       -0.00678        0.00000       -0.00021
    852 35H|2P1             -0.00028       -0.00000       -0.00000       -0.00000        0.00400        0.00000
    853 36H|1S0             -0.00012        0.00000       -0.00000        0.00000        0.00347       -0.00000
    854 36H|2S0             -0.00018       -0.00000        0.00000       -0.00000        0.00063        0.00000
    855 36H|3S0             -0.00004        0.00000       -0.00000       -0.00000        0.54733       -0.00000
    856 36H|2P-1             0.00028       -0.00000        0.00000       -0.00000        0.00423       -0.00000
    857 36H|2P0              0.00000        0.00676       -0.00675        0.00678        0.00000       -0.00021
    858 36H|2P1             -0.00028        0.00000       -0.00000        0.00000        0.00400       -0.00000
    859 37H|1S0             -0.00012       -0.00000        0.00000        0.00000        0.00347       -0.00000
    860 37H|2S0             -0.00018        0.00000       -0.00000       -0.00000        0.00063        0.00000
    861 37H|3S0             -0.00004        0.00000       -0.00000       -0.00000        0.54733       -0.00000
    862 37H|2P-1             0.00028        0.00000       -0.00000        0.00000        0.00423       -0.00000
    863 37H|2P0              0.00000       -0.00676       -0.00675       -0.00678        0.00000       -0.00021
    864 37H|2P1              0.00028        0.00000       -0.00000       -0.00000       -0.00400        0.00000
 
 
 [Mulliken Population Analysis]
  Atomic charges and Spin densities : 
     1Cu      0.1057    0.6904
     2N      -0.1560    0.0632
     3N      -0.1560    0.0632
     4N      -0.1461    0.0631
     5N      -0.1461    0.0631
     6C       0.3034    0.0033
     7C       0.3034    0.0033
     8C       0.3034    0.0033
     9C       0.3034    0.0033
    10C       0.3031    0.0034
    11C       0.3031    0.0034
    12C       0.3031    0.0034
    13C       0.3031    0.0034
    14C      -0.2208    0.0026
    15C      -0.2208    0.0026
    16C      -0.2208    0.0026
    17C      -0.2208    0.0026
    18C      -0.2235    0.0023
    19C      -0.2235    0.0023
    20C      -0.2235    0.0023
    21C      -0.2235    0.0023
    22C      -0.4046    0.0014
    23C      -0.4046    0.0014
    24C      -0.4046    0.0014
    25C      -0.4046    0.0014
    26H       0.1239    0.0006
    27H       0.1239    0.0006
    28H       0.1239    0.0006
    29H       0.1239    0.0006
    30H       0.1235    0.0006
    31H       0.1235    0.0006
    32H       0.1235    0.0006
    33H       0.1235    0.0006
    34H       0.1196    0.0000
    35H       0.1196    0.0000
    36H       0.1196    0.0000
    37H       0.1196    0.0000
     Sum:     0.0000    1.0000
 
 [Lowdin Population Analysis]
  Atomic charges and Spin densities : 
     1Cu      0.0699    0.7145
     2N       0.2270    0.0526
     3N       0.2270    0.0526
     4N       0.2210    0.0517
     5N       0.2210    0.0517
     6C      -0.1987    0.0063
     7C      -0.1987    0.0063
     8C      -0.1987    0.0063
     9C      -0.1987    0.0063
    10C      -0.1981    0.0062
    11C      -0.1981    0.0062
    12C      -0.1981    0.0062
    13C      -0.1981    0.0062
    14C      -0.1090    0.0026
    15C      -0.1090    0.0026
    16C      -0.1090    0.0026
    17C      -0.1090    0.0026
    18C      -0.1115    0.0024
    19C      -0.1115    0.0024
    20C      -0.1115    0.0024
    21C      -0.1115    0.0024
    22C      -0.0741    0.0010
    23C      -0.0741    0.0010
    24C      -0.0741    0.0010
    25C      -0.0741    0.0010
    26H       0.1446    0.0003
    27H       0.1446    0.0003
    28H       0.1446    0.0003
    29H       0.1446    0.0003
    30H       0.1441    0.0003
    31H       0.1441    0.0003
    32H       0.1441    0.0003
    33H       0.1441    0.0003
    34H       0.1613    0.0000
    35H       0.1613    0.0000
    36H       0.1613    0.0000
    37H       0.1613    0.0000
     Sum:     0.0000    1.0000
 
 
 [Dipole moment: Debye]
              X          Y          Z         |u|
   Elec:-.2453E-04 0.3058E-04 -.3347E-06
   Nucl:0.0000E+00 0.0000E+00 0.0000E+00
   Totl:   -0.0000     0.0000    -0.0000     0.0000
  Reorder orbital via orbital energy ...                     2
                     1

 Output to Molden format ...

 
 ++++++++  DATA CHECK +++++++++++++++++++++++++++++++++
  CHECKDATA:HF:ENERGY:  -2642.606603610
 ++++++++++ END DATA CHECK ++++++++++++++++++++++++++++
 
 
 ---------------------------------------------------------------
  Timing of SCF calculation                                                       
 
  CPU TIME(S)      SYSTEM TIME(S)     WALL TIME(S)
      21675.090           20.170            1215.820
 ---------------------------------------------------------------
 
|******************************************************************************|
 
    Total cpu     time:      21675.09  S
    Total system  time:         20.17  S
    Total wall    time:       1215.82  S
 
    Current time   2026-01-06  17:01:34
    End running module scf
|******************************************************************************|
 
$tddft
iroot
40
istore
1
crit_vec
1.d-6
crit_e
1.d-8
gridtol
1.d-7
iprt
2
$end
('tmpstdin ', True)
('npro is ', 1)
('\n BDF command: ', '/apps/users/xlwang/bdf-final/bdf-pkg/build/bdf-pkg-full/bin/tddft.x /scratch/cup-nacme-roks-2t1-2dd2-awf2_385/cup-nacme-roks-2t1-2dd2-awf2XX3.tddft.inp')
  BDF process        0 of        1 on Serial  
 
|******************************************************************************|
 
    Start running module tddft
    Current time   2026-01-06  17:01:34
 
|******************************************************************************|
 
 [postscf_readinfo]
  Ground state information: 
  KS Ground State 
  ROKS orbitals 
 
 [postscf_trsint1e]
 
 [postscf_gsorb]
  Nc=   94 No=    1 Nv=  769 Ntot=  864
  NA=   95 NB=   94
  Ground-state spin: Si= 0.500
 
 [postscf_spinsim]
  <S^2>_U= 0.7500  Deviation= 0.0000
 Number of significient shell pairs :     6550
 Estimate memory for direct ERI calculations:          74.215 M

 IF USE_LIBCINT :    F


 Binary group is used in TDDFT ...

  AO TDDFT
 
 [tddft_input]

 ROHF/ROKS calculation observed. Do spin-adapted TDDFT ...
 If you want to use U-TDDFT with ROHF/ROKS orbital,
 please set imethod=2, icorrect=0, itest=0, itrans=0

 Warning! In X-TDDFT,you may need to set itrans=1
 for spin-orbit coupling calculation or analyzing wave function.
 However, if you will calculate X-tddft gradient. You should use itrans=0.

 Threshold in dft prescreening ...
 Thresh_shellvalue_dft :  0.10000E-09
 ThreshRho     :  0.10000E-11

 Finegrid                     2                    11
  Switch to Coarse grid ...
 
    --------------------------------------------------   
    --- PRINT: Information about TDDFT calculation ---   
    --------------------------------------------------   
 ERI Maxblk=     8M
 [print level]
  iprt= 2
 [method]
  X-TD-DFT 
  isf= 0
  SC Excitations 
  RPA: (A-B)(A+B)Z=w2*Z 
 [special choice for method]
  ialda= 0
  itest= 1
  icorrect= 1
 [active space]
  Full active space 
 [algorithm]
  Target Excited State in each rep / Diag method :
  1    A      40   1
 [dvdson_parameters]
  iupdate =   3
  Nfac =  50
  Nmaxcycle=    50
  nblock   =500000
  crit_e   = 0.10E-07
  crit_vec = 0.10E-05
  crit_demo= 0.10E-07
  crit_indp= 0.10E-09
  guess    =  20
  dump     =   0
 [output eigenvector control]
  cthrd= 0.100
    -------------------------------------------------   
    --- END : Information about TDDFT calculation ---   
    -------------------------------------------------   
 [TDDFT algorithm] 
  AOTDDFT
  AOKXC
  Direct Grid
 Fragtomole calculation:  0
 
 [tddft_moval_drv]
 [dft_init]  T
 Libxc version: 7.0.0
 xcfun_xc_libxc is    406 xcfun_ex_libxc is      0
 The functional 'PBEH (PBE0)' is an exchange-correlation functional, it belongs to the 'Hybrid GGA. Coeff of Exx=  0.2500' family and is defined in the reference(s):
 [1] C. Adamo and V. Barone.,  J. Chem. Phys. 110, 6158 (1999)
 [2] M. Ernzerhof and G. E. Scuseria.,  J. Chem. Phys. 110, 5029 (1999)
 
  Switch to Coarse grid ...
 
  --- PRINT: Information about DFT Calculation --- 
 No. of ATOMS =         37
 No. of Shells =         0
 No. of Batches =        0
 No. of Grids =          0
 No. of Basis Functions =      864
 No. of Records for [basval] =               0
 Estimated DiskSpace for storage [basval] =           0.000M
 
 Max No. of Rad point per atom =     0
 Max No. of Ang point per atom =     0
 Max No. of Grids per batch =          0
 Max No. of Basis per shell =          0
 Max No. of Records in one batch =               0
 Estimated Mem for [basval] =      0.000M
 Estimated Mem for [func] in R-DFT =      0.000M
 Estimated Mem for [func] in U-DFT =      0.000M
 DirectGrid:        T
 LogicOctree:       F
  --- END : Information about DFT Calculation --- 
 

 Time to calculate dft grid and perform basis seiving ...
 CPU:       0.000 S    Sys:       0.000 S    Wall:        0.000 S

 iXCFun (if using xcfun) =    2
  ex_fun=  25 co_fun=   6
  logic_gga =   T
 
  Initializing informations for TDDFT numerical integration...
 [ATOM SCF control]
  heff=                      3
 After initial atom grid ...
 After initial atom grid ...
 After initial atom grid ...
 After initial atom grid ...
   1  Cu    Second Kind Chebyshev ( 95)  Lebedev ( -302)         
   2  N     Second Kind Chebyshev ( 50)  Lebedev ( -194)         
   3  C     Second Kind Chebyshev ( 50)  Lebedev ( -194)         
   4  H     Second Kind Chebyshev ( 50)  Lebedev ( -194)         
  Partition Function:  SSF   Partitioning with Scalar=  0.64.
  Gtol, Npblock, Icoulpot, Iop_adaptive :  0.10E-06    128      0          0
  Numerical Grid Generated SUCCESSFULLY! 
 Total and symmetry independent Grid Number:    134912    132224
 Gridinfo: Npoints/Nmax/NpointsU =    134912   134912   134912
  TDDFT EX-CO/Coul Matrix Numerical Integration Initialization done.
 
 Timing for TDDFT-ZY-NI-INIT:      57.670 S      0.910 S      3.260 S
 
 Number of frozen orbitals of each irrep:
  1    A  Occ:      0  Vir:      0
 
 [postscf_fockhf]
 
 Total number of electronic repulsion integrals   69818558040
 
 [tddft_actorb]
 
 [tddft_orbspread_analytic_int]
 
         Print [Active] Orbital List         
              ---[Alpha set]---
   idx irep (rep,ibas,type)       F_av(eV)     iact 
 ---------------------------------------------------
    1    1    A     1   2         -8897.95771    0.00
    2    1    A     2   2         -1084.00161    0.02
    3    1    A     3   2          -935.27197    0.03
    4    1    A     4   2          -935.26403    0.01
    5    1    A     5   2          -934.84164    0.01
    6    1    A     6   2          -391.87228   -0.07
    7    1    A     7   2          -391.87224   -2.25
    8    1    A     8   2          -391.82034   10.12
    9    1    A     9   2          -391.82030   10.12
   10    1    A    10   2          -279.40425    3.68
   11    1    A    11   2          -279.40421    0.81
   12    1    A    12   2          -279.40338    1.86
   13    1    A    13   2          -279.40335   -2.42
   14    1    A    14   2          -279.37842   28.97
   15    1    A    15   2          -279.37837   28.97
   16    1    A    16   2          -279.37757   28.94
   17    1    A    17   2          -279.37754   28.94
   18    1    A    18   2          -278.75301   20.67
   19    1    A    19   2          -278.75285   20.82
   20    1    A    20   2          -278.75284   20.67
   21    1    A    21   2          -278.75268   20.82
   22    1    A    22   2          -278.54914  -16.17
   23    1    A    23   2          -278.54913  -25.68
   24    1    A    24   2          -278.52792    0.73
   25    1    A    25   2          -278.52789   -2.46
   26    1    A    26   2          -278.48707   39.06
   27    1    A    27   2          -278.48706   39.06
   28    1    A    28   2          -278.46978   61.97
   29    1    A    29   2          -278.46974   61.97
   30    1    A    30   2          -124.62547    0.19
   31    1    A    31   2           -80.60985    0.40
   32    1    A    32   2           -80.59948    0.13
   33    1    A    33   2           -79.93874    0.13
   34    1    A    34   2           -27.20621   14.02
   35    1    A    35   2           -26.96892    2.19
   36    1    A    36   2           -26.95579   27.15
   37    1    A    37   2           -26.71016   15.19
   38    1    A    38   2           -22.94900   18.87
   39    1    A    39   2           -22.24876   14.60
   40    1    A    40   2           -22.17201   24.89
   41    1    A    41   2           -21.79089   16.07
   42    1    A    42   2           -21.66524    3.17
   43    1    A    43   2           -21.54868   48.68
   44    1    A    44   2           -21.49770   35.11
   45    1    A    45   2           -20.79047   20.94
   46    1    A    46   2           -20.23067   23.28
   47    1    A    47   2           -18.58999   28.02
   48    1    A    48   2           -18.33558   20.25
   49    1    A    49   2           -16.86925   28.88
   50    1    A    50   2           -16.22715   23.97
   51    1    A    51   2           -16.16313   12.28
   52    1    A    52   2           -16.16126   38.39
   53    1    A    53   2           -16.08627   19.81
   54    1    A    54   2           -15.50144   27.10
   55    1    A    55   2           -15.37820   27.84
   56    1    A    56   2           -14.80228    6.88
   57    1    A    57   2           -14.77415   53.11
   58    1    A    58   2           -14.53490   29.60
   59    1    A    59   2           -13.99958   24.30
   60    1    A    60   2           -13.94101   27.75
   61    1    A    61   2           -12.64476   25.90
   62    1    A    62   2           -12.28499   21.25
   63    1    A    63   2           -12.24224   16.55
   64    1    A    64   2           -12.00994   24.61
   65    1    A    65   2           -11.93931    4.34
   66    1    A    66   2           -11.92358   28.36
   67    1    A    67   2           -11.91490   28.29
   68    1    A    68   2           -11.86197   34.71
   69    1    A    69   2           -11.61821   36.59
   70    1    A    70   2           -11.25437   16.65
   71    1    A    71   2           -11.24292   18.86
   72    1    A    72   2           -11.13261   32.67
   73    1    A    73   2           -11.10371   23.27
   74    1    A    74   2           -11.10075   28.30
   75    1    A    75   2           -10.95323   16.72
   76    1    A    76   2           -10.70966   32.98
   77    1    A    77   2           -10.53046   24.06
   78    1    A    78   2           -10.41095   26.37
   79    1    A    79   2           -10.07537   18.75
   80    1    A    80   2            -9.96098    8.80
   81    1    A    81   2            -9.90994    5.10
   82    1    A    82   2            -9.89910    0.78
   83    1    A    83   2            -9.29833   19.80
   84    1    A    84   2            -9.26378   23.86
   85    1    A    85   2            -9.21795    1.65
   86    1    A    86   2            -9.21750    4.54
   87    1    A    87   2            -8.13360   19.30
   88    1    A    88   2            -8.08873   23.62
   89    1    A    89   2            -7.57788   16.40
   90    1    A    90   2            -7.17683    4.40
   91    1    A    91   2            -7.14248   32.32
   92    1    A    92   2            -7.02789   40.44
   93    1    A    93   2            -5.77264   23.15
   94    1    A    94   2            -5.67616   19.26
   95    1    A    95   1            -4.95315    3.19
   96    1    A    96   0            -2.57962   29.90
   97    1    A    97   0            -2.29993   16.09
   98    1    A    98   0            -0.79764   28.16
   99    1    A    99   0             0.94651   16.22
  100    1    A   100   0             1.20611   19.15
  101    1    A   101   0             1.53850   13.16
  102    1    A   102   0             1.55230   42.70
  103    1    A   103   0             1.63052    9.66
  104    1    A   104   0             1.68324   45.24
  105    1    A   105   0             1.74913   41.50
  106    1    A   106   0             1.77851   66.11
  107    1    A   107   0             1.94159   30.78
  108    1    A   108   0             1.94444   56.50
  109    1    A   109   0             2.31862   63.12
  110    1    A   110   0             2.43653   51.61
  111    1    A   111   0             2.45148   72.03
  112    1    A   112   0             2.51190   29.36
  113    1    A   113   0             2.74906   63.70
  114    1    A   114   0             2.75706   47.51
  115    1    A   115   0             3.06827   16.53
  116    1    A   116   0             3.08948   33.91
  117    1    A   117   0             3.13615   29.79
  118    1    A   118   0             3.14379   22.37
  119    1    A   119   0             3.46213   55.38
  120    1    A   120   0             3.49658   56.60
  121    1    A   121   0             3.73528   25.44
  122    1    A   122   0             3.94182   56.41
  123    1    A   123   0             4.02268   19.89
  124    1    A   124   0             4.12817   25.26
  125    1    A   125   0             4.60420   49.10
  126    1    A   126   0             4.76961   25.69
  127    1    A   127   0             4.78900   37.57
  128    1    A   128   0             4.80268   46.80
  129    1    A   129   0             5.37001   46.01
  130    1    A   130   0             5.41484    7.18
  131    1    A   131   0             5.41891   22.64
  132    1    A   132   0             5.44493   28.25
  133    1    A   133   0             5.71589   14.66
  134    1    A   134   0             5.76009   50.12
  135    1    A   135   0             5.78282   25.73
  136    1    A   136   0             5.83575   30.92
  137    1    A   137   0             6.11361   27.34
  138    1    A   138   0             6.19510   28.66
  139    1    A   139   0             6.36068   43.73
  140    1    A   140   0             6.36385   38.71
  141    1    A   141   0             6.47853   27.51
  142    1    A   142   0             6.83643    7.33
  143    1    A   143   0             6.94136   52.53
  144    1    A   144   0             6.96176   32.28
  145    1    A   145   0             7.01686   27.32
  146    1    A   146   0             7.06049   44.09
  147    1    A   147   0             7.17749   29.82
  148    1    A   148   0             7.30287   23.17
  149    1    A   149   0             7.58818   34.86
  150    1    A   150   0             7.76287   21.73
  151    1    A   151   0             7.76529   42.65
  152    1    A   152   0             7.79427   26.11
  153    1    A   153   0             7.91718   24.27
  154    1    A   154   0             7.94331   29.27
  155    1    A   155   0             8.26350   25.96
  156    1    A   156   0             8.32499   25.95
  157    1    A   157   0             8.43612   26.45
  158    1    A   158   0             8.51593   29.87
  159    1    A   159   0             8.57327   27.56
  160    1    A   160   0             8.58357   38.23
  161    1    A   161   0             9.26256   31.80
  162    1    A   162   0             9.29236   27.13
  163    1    A   163   0             9.39472   32.32
  164    1    A   164   0             9.43026   27.10
  165    1    A   165   0             9.44129   35.22
  166    1    A   166   0             9.57810   23.73
  167    1    A   167   0             9.90989   52.21
  168    1    A   168   0             9.92121   23.65
  169    1    A   169   0             9.93699   29.30
  170    1    A   170   0             9.99779   23.20
  171    1    A   171   0            10.07831   53.54
  172    1    A   172   0            10.13448   40.29
  173    1    A   173   0            10.15929   50.57
  174    1    A   174   0            10.16815   25.23
  175    1    A   175   0            10.18162   31.74
  176    1    A   176   0            10.26451   28.31
  177    1    A   177   0            10.44530   27.73
  178    1    A   178   0            10.65463   24.16
  179    1    A   179   0            10.77550   25.71
  180    1    A   180   0            10.77641   28.73
  181    1    A   181   0            10.80547   25.74
  182    1    A   182   0            10.87127   66.82
  183    1    A   183   0            10.97749   32.63
  184    1    A   184   0            11.00753   43.73
  185    1    A   185   0            11.12775   47.02
  186    1    A   186   0            11.19423   55.50
  187    1    A   187   0            11.28296   31.62
  188    1    A   188   0            11.70327   35.38
  189    1    A   189   0            11.77169   35.14
  190    1    A   190   0            12.09447   56.72
  191    1    A   191   0            12.18710   24.45
  192    1    A   192   0            12.25824   43.23
  193    1    A   193   0            12.49487   14.28
  194    1    A   194   0            12.51911   29.53
  195    1    A   195   0            12.53250   32.41
  196    1    A   196   0            12.54493   16.99
  197    1    A   197   0            12.75040   35.74
  198    1    A   198   0            12.94664   42.83
  199    1    A   199   0            12.95143   46.01
  200    1    A   200   0            13.14190   36.74
  201    1    A   201   0            13.33948   28.63
  202    1    A   202   0            13.46138   38.68
  203    1    A   203   0            13.58128   27.45
  204    1    A   204   0            13.86506   47.88
  205    1    A   205   0            13.91066   33.26
  206    1    A   206   0            14.02945   25.60
  207    1    A   207   0            14.36446   26.71
  208    1    A   208   0            14.39928   25.53
  209    1    A   209   0            14.46404   38.01
  210    1    A   210   0            14.53038   18.58
  211    1    A   211   0            15.13814   26.18
  212    1    A   212   0            15.26647   37.44
  213    1    A   213   0            15.37204   32.05
  214    1    A   214   0            15.43308   34.24
  215    1    A   215   0            15.48633   25.29
  216    1    A   216   0            15.53219   39.12
  217    1    A   217   0            16.12560    5.16
  218    1    A   218   0            16.33699   33.95
  219    1    A   219   0            16.43483   15.23
  220    1    A   220   0            16.43606   12.83
  221    1    A   221   0            16.48448   40.58
  222    1    A   222   0            16.86911   20.31
  223    1    A   223   0            16.88674   36.67
  224    1    A   224   0            16.95991   30.88
  225    1    A   225   0            17.07176   22.23
  226    1    A   226   0            17.20735   28.87
  227    1    A   227   0            17.42093   31.02
  228    1    A   228   0            17.45364   26.04
  229    1    A   229   0            17.86804   29.47
  230    1    A   230   0            17.95420   19.37
  231    1    A   231   0            17.98168   32.63
  232    1    A   232   0            17.99451   25.09
  233    1    A   233   0            18.10854   27.09
  234    1    A   234   0            18.18612   26.03
  235    1    A   235   0            18.21864   14.43
  236    1    A   236   0            18.25615   18.24
  237    1    A   237   0            18.26285   28.77
  238    1    A   238   0            18.26861   25.15
  239    1    A   239   0            18.32413   27.86
  240    1    A   240   0            18.45592   26.29
  241    1    A   241   0            18.64372   22.69
  242    1    A   242   0            18.87815   26.92
  243    1    A   243   0            19.01340   22.76
  244    1    A   244   0            19.32798   18.57
  245    1    A   245   0            19.67927   43.03
  246    1    A   246   0            19.70472   20.39
  247    1    A   247   0            19.70648   15.55
  248    1    A   248   0            19.71035   22.96
  249    1    A   249   0            19.77540   36.62
  250    1    A   250   0            19.95934   25.06
  251    1    A   251   0            19.97902   39.67
  252    1    A   252   0            20.07652   16.40
  253    1    A   253   0            20.14879   21.11
  254    1    A   254   0            20.21835   33.04
  255    1    A   255   0            20.60696   17.01
  256    1    A   256   0            20.67724    8.27
  257    1    A   257   0            20.72882   24.27
  258    1    A   258   0            20.85878   29.13
  259    1    A   259   0            21.33509   25.94
  260    1    A   260   0            21.39738   35.80
  261    1    A   261   0            21.43096   30.29
  262    1    A   262   0            21.45823   26.62
  263    1    A   263   0            21.71869   27.52
  264    1    A   264   0            21.85170   41.37
  265    1    A   265   0            21.88081   22.26
  266    1    A   266   0            22.65970   18.67
  267    1    A   267   0            22.67170   20.90
  268    1    A   268   0            22.76305   34.34
  269    1    A   269   0            22.93562   24.63
  270    1    A   270   0            22.96171   26.18
  271    1    A   271   0            23.07318   47.60
  272    1    A   272   0            23.64528   27.57
  273    1    A   273   0            23.74796   15.42
  274    1    A   274   0            23.81982   24.12
  275    1    A   275   0            23.89013   16.15
  276    1    A   276   0            24.02481   41.48
  277    1    A   277   0            24.12968   38.34
  278    1    A   278   0            24.17784   19.74
  279    1    A   279   0            24.44301   24.58
  280    1    A   280   0            24.54724   30.71
  281    1    A   281   0            24.54730   28.51
  282    1    A   282   0            24.79273   29.53
  283    1    A   283   0            25.12467   21.43
  284    1    A   284   0            25.50897   28.44
  285    1    A   285   0            25.55805   23.84
  286    1    A   286   0            25.63080   28.58
  287    1    A   287   0            25.69579   27.86
  288    1    A   288   0            26.33941   32.65
  289    1    A   289   0            26.35296   25.47
  290    1    A   290   0            26.44663   32.46
  291    1    A   291   0            26.65023   35.21
  292    1    A   292   0            26.72830   21.63
  293    1    A   293   0            27.30470   23.91
  294    1    A   294   0            27.33030   23.77
  295    1    A   295   0            27.36357   20.74
  296    1    A   296   0            27.38822   34.47
  297    1    A   297   0            27.42133   23.38
  298    1    A   298   0            27.46481   22.87
  299    1    A   299   0            28.00455   17.14
  300    1    A   300   0            28.07914   39.19
  301    1    A   301   0            28.60135   33.42
  302    1    A   302   0            28.75921   11.90
  303    1    A   303   0            28.85802   48.08
  304    1    A   304   0            29.30189   20.60
  305    1    A   305   0            29.44519   24.63
  306    1    A   306   0            29.71777   22.68
  307    1    A   307   0            29.86039   26.12
  308    1    A   308   0            29.97618   26.28
  309    1    A   309   0            30.15896   28.46
  310    1    A   310   0            30.24211   14.29
  311    1    A   311   0            31.14491   34.28
  312    1    A   312   0            31.28016   20.13
  313    1    A   313   0            31.29812   24.71
  314    1    A   314   0            31.29949   23.50
  315    1    A   315   0            31.38906   28.48
  316    1    A   316   0            31.57807   17.47
  317    1    A   317   0            31.63235   34.33
  318    1    A   318   0            31.99872   37.06
  319    1    A   319   0            32.07575   27.57
  320    1    A   320   0            32.42943   11.68
  321    1    A   321   0            32.44920   15.71
  322    1    A   322   0            32.48100   45.99
  323    1    A   323   0            32.58857   31.60
  324    1    A   324   0            32.91095   34.15
  325    1    A   325   0            33.31434   23.31
  326    1    A   326   0            33.36029   28.31
  327    1    A   327   0            33.48306   26.60
  328    1    A   328   0            33.75240   27.49
  329    1    A   329   0            33.82698   22.71
  330    1    A   330   0            33.85647   23.13
  331    1    A   331   0            33.91672   47.22
  332    1    A   332   0            33.96318   23.56
  333    1    A   333   0            33.98948   24.28
  334    1    A   334   0            34.29253   22.44
  335    1    A   335   0            34.36929   25.40
  336    1    A   336   0            35.32254   41.82
  337    1    A   337   0            36.30394   44.52
  338    1    A   338   0            36.32613   17.98
  339    1    A   339   0            36.54770   26.20
  340    1    A   340   0            36.55707   32.72
  341    1    A   341   0            36.64871   25.89
  342    1    A   342   0            36.83152   29.50
  343    1    A   343   0            36.86381   23.21
  344    1    A   344   0            37.00129   22.37
  345    1    A   345   0            37.05990   35.63
  346    1    A   346   0            37.71705   17.15
  347    1    A   347   0            37.80106   53.60
  348    1    A   348   0            38.13066   21.20
  349    1    A   349   0            38.17821   22.23
  350    1    A   350   0            38.41075   28.43
  351    1    A   351   0            38.43836   22.58
  352    1    A   352   0            38.79360   28.95
  353    1    A   353   0            38.81915   22.94
  354    1    A   354   0            39.38103   27.41
  355    1    A   355   0            39.53160   39.76
  356    1    A   356   0            39.77647   37.98
  357    1    A   357   0            39.92202   24.17
  358    1    A   358   0            39.97383   23.64
  359    1    A   359   0            40.27147   19.63
  360    1    A   360   0            40.27337   30.98
  361    1    A   361   0            40.38100    5.78
  362    1    A   362   0            40.49613   27.77
  363    1    A   363   0            40.52144   21.50
  364    1    A   364   0            40.54904   51.46
  365    1    A   365   0            40.66784   27.04
  366    1    A   366   0            40.67382   15.13
  367    1    A   367   0            40.78745   58.80
  368    1    A   368   0            41.03990   22.73
  369    1    A   369   0            41.48310   21.77
  370    1    A   370   0            41.62433   53.38
  371    1    A   371   0            41.65893   18.87
  372    1    A   372   0            41.73524   20.40
  373    1    A   373   0            41.84288   45.39
  374    1    A   374   0            41.98475   43.14
  375    1    A   375   0            42.44005   18.40
  376    1    A   376   0            42.46577   20.67
  377    1    A   377   0            42.57096   10.57
  378    1    A   378   0            42.60794   33.14
  379    1    A   379   0            42.82450   33.04
  380    1    A   380   0            43.16892   28.70
  381    1    A   381   0            43.22268   22.12
  382    1    A   382   0            43.22275   26.27
  383    1    A   383   0            43.28754   32.75
  384    1    A   384   0            43.61244   16.34
  385    1    A   385   0            43.61711   25.34
  386    1    A   386   0            43.86425   22.02
  387    1    A   387   0            43.93218   19.61
  388    1    A   388   0            43.94765   17.57
  389    1    A   389   0            44.12608   44.28
  390    1    A   390   0            44.24442   31.64
  391    1    A   391   0            44.84237   24.51
  392    1    A   392   0            45.21935   33.24
  393    1    A   393   0            45.24840   23.89
  394    1    A   394   0            45.62694   20.24
  395    1    A   395   0            46.17016   29.84
  396    1    A   396   0            46.20128   21.86
  397    1    A   397   0            46.24521   22.26
  398    1    A   398   0            47.13439   18.03
  399    1    A   399   0            47.51720   13.74
  400    1    A   400   0            47.53386   35.16
  401    1    A   401   0            47.59875   40.89
  402    1    A   402   0            48.05895   16.46
  403    1    A   403   0            48.13353   30.68
  404    1    A   404   0            48.30376   17.03
  405    1    A   405   0            48.41678   39.34
  406    1    A   406   0            48.60695   21.15
  407    1    A   407   0            48.77311   24.40
  408    1    A   408   0            48.83263   17.67
  409    1    A   409   0            48.83833   35.51
  410    1    A   410   0            49.21842   18.22
  411    1    A   411   0            49.42558   30.20
  412    1    A   412   0            50.14787   21.18
  413    1    A   413   0            50.18568   16.85
  414    1    A   414   0            50.20237   26.70
  415    1    A   415   0            50.75919   15.37
  416    1    A   416   0            50.91260   29.08
  417    1    A   417   0            51.46935   29.62
  418    1    A   418   0            51.58312   26.54
  419    1    A   419   0            51.60709   17.41
  420    1    A   420   0            51.87571   29.92
  421    1    A   421   0            52.03581   23.37
  422    1    A   422   0            52.16608   25.49
  423    1    A   423   0            52.17273   20.15
  424    1    A   424   0            52.55860   39.66
  425    1    A   425   0            52.64040   36.56
  426    1    A   426   0            53.21904   26.86
  427    1    A   427   0            53.40933   11.58
  428    1    A   428   0            53.45744   44.41
  429    1    A   429   0            53.73200   15.62
  430    1    A   430   0            53.77528   17.21
  431    1    A   431   0            53.88731   22.77
  432    1    A   432   0            54.02789   32.43
  433    1    A   433   0            54.98708   23.14
  434    1    A   434   0            55.05341   26.98
  435    1    A   435   0            55.14719   18.90
  436    1    A   436   0            55.99996   24.68
  437    1    A   437   0            56.00217   31.66
  438    1    A   438   0            56.08171   14.06
  439    1    A   439   0            56.44236   30.64
  440    1    A   440   0            56.92393   22.88
  441    1    A   441   0            57.72549   29.74
  442    1    A   442   0            57.75615   16.49
  443    1    A   443   0            57.93217   23.32
  444    1    A   444   0            58.20951   28.91
  445    1    A   445   0            58.38885   21.76
  446    1    A   446   0            58.56215   23.50
  447    1    A   447   0            59.17580   23.54
  448    1    A   448   0            59.21525   23.27
  449    1    A   449   0            59.28126   12.60
  450    1    A   450   0            59.29528   34.27
  451    1    A   451   0            59.34007   35.50
  452    1    A   452   0            59.51247   37.48
  453    1    A   453   0            59.77511   16.53
  454    1    A   454   0            59.91833   12.67
  455    1    A   455   0            59.96098   58.12
  456    1    A   456   0            59.98681   38.80
  457    1    A   457   0            60.44109   27.96
  458    1    A   458   0            60.59656   24.18
  459    1    A   459   0            60.96787   27.55
  460    1    A   460   0            61.27378   11.34
  461    1    A   461   0            61.34852   48.56
  462    1    A   462   0            61.64929   24.32
  463    1    A   463   0            62.34676   32.21
  464    1    A   464   0            62.50190   14.20
  465    1    A   465   0            62.67870   23.83
  466    1    A   466   0            62.69601   26.86
  467    1    A   467   0            62.77445   32.65
  468    1    A   468   0            62.90899   35.30
  469    1    A   469   0            63.30564   23.49
  470    1    A   470   0            64.13230   29.18
  471    1    A   471   0            64.97819   16.54
  472    1    A   472   0            65.98330   20.39
  473    1    A   473   0            66.07067   37.54
  474    1    A   474   0            66.13020   34.99
  475    1    A   475   0            66.17589   29.08
  476    1    A   476   0            66.19748    8.77
  477    1    A   477   0            66.51292   16.33
  478    1    A   478   0            66.58232   34.43
  479    1    A   479   0            66.60066   26.30
  480    1    A   480   0            67.17661   32.25
  481    1    A   481   0            67.30996   24.46
  482    1    A   482   0            67.80819   19.12
  483    1    A   483   0            67.80926   34.79
  484    1    A   484   0            68.37965   13.99
  485    1    A   485   0            68.51883   37.36
  486    1    A   486   0            68.53394   22.08
  487    1    A   487   0            68.73499   14.90
  488    1    A   488   0            68.75737   31.03
  489    1    A   489   0            69.00580   21.21
  490    1    A   490   0            69.78613   28.02
  491    1    A   491   0            69.89220   25.91
  492    1    A   492   0            69.91230   30.92
  493    1    A   493   0            70.12179   30.60
  494    1    A   494   0            70.84228   17.30
  495    1    A   495   0            70.99901   10.08
  496    1    A   496   0            71.04803   26.34
  497    1    A   497   0            71.24004   39.98
  498    1    A   498   0            71.36179   31.83
  499    1    A   499   0            71.41410   33.96
  500    1    A   500   0            71.44248   12.14
  501    1    A   501   0            71.48562   23.62
  502    1    A   502   0            72.10895   31.51
  503    1    A   503   0            72.30751   25.92
  504    1    A   504   0            72.34291   22.67
  505    1    A   505   0            72.38318   49.63
  506    1    A   506   0            72.41431    9.60
  507    1    A   507   0            72.86638   34.99
  508    1    A   508   0            73.30736   51.24
  509    1    A   509   0            73.34871   26.16
  510    1    A   510   0            73.37314   25.71
  511    1    A   511   0            73.47798   11.24
  512    1    A   512   0            73.58512   33.04
  513    1    A   513   0            73.61471   12.57
  514    1    A   514   0            73.65522   37.61
  515    1    A   515   0            73.95327   26.59
  516    1    A   516   0            74.54571   17.84
  517    1    A   517   0            74.94379   34.68
  518    1    A   518   0            75.03431   27.19
  519    1    A   519   0            75.07218   31.16
  520    1    A   520   0            75.42367   29.49
  521    1    A   521   0            75.51993   20.67
  522    1    A   522   0            75.66026   18.68
  523    1    A   523   0            75.78773   43.23
  524    1    A   524   0            75.85632   18.90
  525    1    A   525   0            76.27189   27.09
  526    1    A   526   0            76.33818   32.87
  527    1    A   527   0            76.43581   21.96
  528    1    A   528   0            76.45634   20.85
  529    1    A   529   0            76.50415   32.47
  530    1    A   530   0            77.31647   44.51
  531    1    A   531   0            77.54848   21.91
  532    1    A   532   0            77.60296   22.47
  533    1    A   533   0            77.97154   29.11
  534    1    A   534   0            77.99213   12.40
  535    1    A   535   0            78.12413   32.66
  536    1    A   536   0            78.38413   23.06
  537    1    A   537   0            78.51983   14.86
  538    1    A   538   0            78.92136   41.24
  539    1    A   539   0            78.99077   10.65
  540    1    A   540   0            79.00692   37.56
  541    1    A   541   0            79.21487   37.34
  542    1    A   542   0            79.24611    8.53
  543    1    A   543   0            79.26695   69.40
  544    1    A   544   0            79.83324   35.80
  545    1    A   545   0            80.54281   20.55
  546    1    A   546   0            80.57195   21.21
  547    1    A   547   0            80.62854   39.82
  548    1    A   548   0            80.84834   19.82
  549    1    A   549   0            80.95574   27.99
  550    1    A   550   0            81.09066   18.65
  551    1    A   551   0            81.15689   27.76
  552    1    A   552   0            81.38518   37.65
  553    1    A   553   0            81.41643   18.82
  554    1    A   554   0            81.62773   24.51
  555    1    A   555   0            81.64269    8.67
  556    1    A   556   0            81.76029   38.72
  557    1    A   557   0            81.95526   21.49
  558    1    A   558   0            81.96724   32.34
  559    1    A   559   0            81.97236   36.80
  560    1    A   560   0            82.00572   18.18
  561    1    A   561   0            82.09893   22.20
  562    1    A   562   0            82.37051   40.62
  563    1    A   563   0            82.37105   14.04
  564    1    A   564   0            82.47294    8.74
  565    1    A   565   0            82.50865   47.72
  566    1    A   566   0            82.55587   29.64
  567    1    A   567   0            82.68556   40.56
  568    1    A   568   0            83.03714   24.35
  569    1    A   569   0            83.22231   22.59
  570    1    A   570   0            83.37182   15.04
  571    1    A   571   0            83.53025   24.61
  572    1    A   572   0            83.62120   21.55
  573    1    A   573   0            84.06752   19.19
  574    1    A   574   0            84.17989   17.27
  575    1    A   575   0            84.61854   32.29
  576    1    A   576   0            84.74945   14.32
  577    1    A   577   0            85.30290   20.80
  578    1    A   578   0            85.38116   26.62
  579    1    A   579   0            85.59915   24.87
  580    1    A   580   0            85.65305   21.53
  581    1    A   581   0            85.73478   27.09
  582    1    A   582   0            86.01962   22.18
  583    1    A   583   0            86.16547   29.31
  584    1    A   584   0            86.25544   23.10
  585    1    A   585   0            86.30231   20.54
  586    1    A   586   0            86.32824   30.18
  587    1    A   587   0            86.56995   33.91
  588    1    A   588   0            86.78674   17.25
  589    1    A   589   0            86.79543   24.62
  590    1    A   590   0            86.82682   23.55
  591    1    A   591   0            87.19152   26.77
  592    1    A   592   0            87.27218   15.38
  593    1    A   593   0            87.30626   23.15
  594    1    A   594   0            87.31285   25.54
  595    1    A   595   0            87.39705   19.76
  596    1    A   596   0            87.65762   30.67
  597    1    A   597   0            87.76061   33.26
  598    1    A   598   0            88.24716   31.23
  599    1    A   599   0            88.36765   28.40
  600    1    A   600   0            88.45426   31.49
  601    1    A   601   0            88.45890   18.91
  602    1    A   602   0            88.65156   27.51
  603    1    A   603   0            88.67764   25.03
  604    1    A   604   0            88.74416   20.55
  605    1    A   605   0            89.12719   27.35
  606    1    A   606   0            89.34831   21.98
  607    1    A   607   0            89.44295   21.29
  608    1    A   608   0            89.47687   24.28
  609    1    A   609   0            89.99564   24.18
  610    1    A   610   0            90.05467   29.05
  611    1    A   611   0            90.12568   14.57
  612    1    A   612   0            90.31594   42.88
  613    1    A   613   0            90.31923   22.37
  614    1    A   614   0            90.99161   26.58
  615    1    A   615   0            91.18652   36.74
  616    1    A   616   0            91.26762   27.20
  617    1    A   617   0            91.29302   15.82
  618    1    A   618   0            91.30054   16.77
  619    1    A   619   0            91.38500   30.00
  620    1    A   620   0            91.43196   28.82
  621    1    A   621   0            91.58063   24.59
  622    1    A   622   0            91.88537   18.57
  623    1    A   623   0            92.01784   17.98
  624    1    A   624   0            92.34317   28.81
  625    1    A   625   0            92.38248   33.74
  626    1    A   626   0            92.53269   23.34
  627    1    A   627   0            92.59999   35.16
  628    1    A   628   0            92.67134   18.80
  629    1    A   629   0            93.60078   29.51
  630    1    A   630   0            93.71221   43.59
  631    1    A   631   0            93.84051   16.31
  632    1    A   632   0            93.91602   28.03
  633    1    A   633   0            93.95261   15.42
  634    1    A   634   0            94.00573   30.40
  635    1    A   635   0            94.16712   27.45
  636    1    A   636   0            94.23248   26.16
  637    1    A   637   0            94.56567   23.49
  638    1    A   638   0            94.59987   43.38
  639    1    A   639   0            94.62117    8.73
  640    1    A   640   0            94.99674   25.74
  641    1    A   641   0            95.32976   22.44
  642    1    A   642   0            95.39030   31.96
  643    1    A   643   0            95.64748   32.53
  644    1    A   644   0            96.07380   16.99
  645    1    A   645   0            96.46242   30.13
  646    1    A   646   0            96.69778   21.95
  647    1    A   647   0            96.72680   24.73
  648    1    A   648   0            97.77996   15.24
  649    1    A   649   0            98.11718   13.90
  650    1    A   650   0            98.17171   35.73
  651    1    A   651   0            98.28366   28.66
  652    1    A   652   0            98.38293   21.37
  653    1    A   653   0            98.45729   22.84
  654    1    A   654   0            98.60539   21.07
  655    1    A   655   0            98.66907   15.19
  656    1    A   656   0            98.84069   31.54
  657    1    A   657   0            98.86498   26.34
  658    1    A   658   0            99.24042   25.93
  659    1    A   659   0            99.29512   20.89
  660    1    A   660   0            99.49958   15.85
  661    1    A   661   0            99.64047   19.44
  662    1    A   662   0            99.87168   13.06
  663    1    A   663   0            99.95891   26.34
  664    1    A   664   0           100.06153   29.53
  665    1    A   665   0           100.28485   23.62
  666    1    A   666   0           101.06734   28.00
  667    1    A   667   0           101.09434   17.08
  668    1    A   668   0           101.20542   21.50
  669    1    A   669   0           101.52750   29.99
  670    1    A   670   0           101.57820   27.59
  671    1    A   671   0           101.75607   21.21
  672    1    A   672   0           102.07256   18.96
  673    1    A   673   0           103.19586   27.62
  674    1    A   674   0           103.48795   16.58
  675    1    A   675   0           103.60189   25.68
  676    1    A   676   0           103.78172   27.91
  677    1    A   677   0           103.79747    6.19
  678    1    A   678   0           103.91710    6.96
  679    1    A   679   0           104.26550   20.43
  680    1    A   680   0           104.33424   14.95
  681    1    A   681   0           104.59808   21.30
  682    1    A   682   0           105.11797   19.96
  683    1    A   683   0           105.25437   20.68
  684    1    A   684   0           106.08410   25.29
  685    1    A   685   0           106.69440   21.11
  686    1    A   686   0           106.70385   31.16
  687    1    A   687   0           106.78721   20.39
  688    1    A   688   0           106.81644   14.57
  689    1    A   689   0           106.85686   23.52
  690    1    A   690   0           107.29466   25.53
  691    1    A   691   0           107.80754   16.99
  692    1    A   692   0           108.38283   32.66
  693    1    A   693   0           108.38997   28.45
  694    1    A   694   0           108.60807   27.40
  695    1    A   695   0           109.44285   21.06
  696    1    A   696   0           109.45417   21.23
  697    1    A   697   0           110.19874   22.12
  698    1    A   698   0           110.25999   18.38
  699    1    A   699   0           110.52998   26.86
  700    1    A   700   0           110.98067   16.21
  701    1    A   701   0           110.98713   28.76
  702    1    A   702   0           111.00676   21.40
  703    1    A   703   0           111.05791   16.61
  704    1    A   704   0           111.72178   17.02
  705    1    A   705   0           112.09906   20.21
  706    1    A   706   0           112.46133   15.98
  707    1    A   707   0           113.22069   24.67
  708    1    A   708   0           113.32414   19.56
  709    1    A   709   0           113.46321   25.42
  710    1    A   710   0           113.48722   13.93
  711    1    A   711   0           113.61852   25.39
  712    1    A   712   0           113.94439   25.52
  713    1    A   713   0           114.15532   19.54
  714    1    A   714   0           114.35174   16.98
  715    1    A   715   0           114.63776   56.43
  716    1    A   716   0           114.68613   36.52
  717    1    A   717   0           114.96539   13.04
  718    1    A   718   0           115.14188    8.56
  719    1    A   719   0           115.41364   18.27
  720    1    A   720   0           115.71954   47.62
  721    1    A   721   0           115.82968   26.40
  722    1    A   722   0           116.63807   13.38
  723    1    A   723   0           116.80041   32.47
  724    1    A   724   0           117.79269   21.98
  725    1    A   725   0           118.05277   19.03
  726    1    A   726   0           118.45715   10.53
  727    1    A   727   0           118.52693   34.65
  728    1    A   728   0           118.83988    7.04
  729    1    A   729   0           119.05804   40.94
  730    1    A   730   0           119.64408   14.97
  731    1    A   731   0           119.87773   26.25
  732    1    A   732   0           120.08181   34.77
  733    1    A   733   0           120.16066   21.69
  734    1    A   734   0           120.52345   18.67
  735    1    A   735   0           121.30037   25.81
  736    1    A   736   0           121.55624   23.68
  737    1    A   737   0           122.37838   30.72
  738    1    A   738   0           122.44567   26.75
  739    1    A   739   0           122.72409   17.41
  740    1    A   740   0           122.81109   28.27
  741    1    A   741   0           122.87145   31.57
  742    1    A   742   0           122.92253   12.26
  743    1    A   743   0           123.10968   23.06
  744    1    A   744   0           123.30151   21.26
  745    1    A   745   0           123.34163   12.31
  746    1    A   746   0           123.65698   22.14
  747    1    A   747   0           124.23272   28.32
  748    1    A   748   0           125.67576   13.50
  749    1    A   749   0           125.85042   22.44
  750    1    A   750   0           125.88172   12.18
  751    1    A   751   0           126.00150   40.07
  752    1    A   752   0           126.10006   28.09
  753    1    A   753   0           126.78327   19.81
  754    1    A   754   0           126.97272   20.26
  755    1    A   755   0           127.18940   31.17
  756    1    A   756   0           127.70150   21.22
  757    1    A   757   0           128.08723   25.70
  758    1    A   758   0           129.16338   19.84
  759    1    A   759   0           129.40046    6.71
  760    1    A   760   0           129.65130   36.69
  761    1    A   761   0           129.98424   13.00
  762    1    A   762   0           130.93508   13.22
  763    1    A   763   0           131.76394   26.18
  764    1    A   764   0           132.02269   18.30
  765    1    A   765   0           132.17959   10.17
  766    1    A   766   0           132.49763   16.99
  767    1    A   767   0           132.61964    8.53
  768    1    A   768   0           132.71421   12.96
  769    1    A   769   0           132.82226   10.89
  770    1    A   770   0           133.02911   12.05
  771    1    A   771   0           133.30599   29.82
  772    1    A   772   0           133.40684   21.45
  773    1    A   773   0           133.81541    9.09
  774    1    A   774   0           134.14385   14.77
  775    1    A   775   0           134.15807   18.89
  776    1    A   776   0           134.53092   24.21
  777    1    A   777   0           134.73405   45.24
  778    1    A   778   0           134.85496   11.23
  779    1    A   779   0           134.93614    9.28
  780    1    A   780   0           136.16511   16.09
  781    1    A   781   0           136.16580   38.93
  782    1    A   782   0           137.17231   29.75
  783    1    A   783   0           137.48692   16.33
  784    1    A   784   0           138.72906   10.43
  785    1    A   785   0           139.55744   25.45
  786    1    A   786   0           139.78278    9.70
  787    1    A   787   0           140.02556   28.86
  788    1    A   788   0           140.23575   12.71
  789    1    A   789   0           140.46531   21.34
  790    1    A   790   0           140.62344    2.16
  791    1    A   791   0           140.63328   17.45
  792    1    A   792   0           141.01175   19.25
  793    1    A   793   0           141.72431   19.32
  794    1    A   794   0           142.63123   19.13
  795    1    A   795   0           142.83240   26.38
  796    1    A   796   0           142.87382   11.87
  797    1    A   797   0           144.08234   11.55
  798    1    A   798   0           144.22057   12.74
  799    1    A   799   0           144.57769   26.88
  800    1    A   800   0           145.22090    2.95
  801    1    A   801   0           145.24060   19.24
  802    1    A   802   0           145.66534   10.84
  803    1    A   803   0           145.76441   25.77
  804    1    A   804   0           147.73789    7.73
  805    1    A   805   0           147.76670   33.20
  806    1    A   806   0           147.76762   11.33
  807    1    A   807   0           148.02168   17.22
  808    1    A   808   0           148.64036   10.36
  809    1    A   809   0           149.55609   25.21
  810    1    A   810   0           149.80638    9.94
  811    1    A   811   0           150.03252   20.27
  812    1    A   812   0           151.30571   18.25
  813    1    A   813   0           151.39518   14.52
  814    1    A   814   0           153.40541   12.68
  815    1    A   815   0           153.51966   10.71
  816    1    A   816   0           153.71872   13.56
  817    1    A   817   0           154.47983    9.58
  818    1    A   818   0           154.89434   15.99
  819    1    A   819   0           155.53590   11.20
  820    1    A   820   0           155.70280    8.20
  821    1    A   821   0           155.93749    0.46
  822    1    A   822   0           156.04092   11.68
  823    1    A   823   0           156.08215   17.00
  824    1    A   824   0           156.75908    0.14
  825    1    A   825   0           156.89406    0.98
  826    1    A   826   0           158.34430    7.69
  827    1    A   827   0           158.59352   11.93
  828    1    A   828   0           158.67846   11.39
  829    1    A   829   0           159.56211   14.10
  830    1    A   830   0           161.66008    3.91
  831    1    A   831   0           161.69060   16.50
  832    1    A   832   0           162.94980   11.00
  833    1    A   833   0           162.95086   13.67
  834    1    A   834   0           165.45404   14.10
  835    1    A   835   0           167.67347   14.60
  836    1    A   836   0           167.87193    6.90
  837    1    A   837   0           168.32896   12.06
  838    1    A   838   0           170.32220   11.29
  839    1    A   839   0           170.46128   11.84
  840    1    A   840   0           170.59205   17.70
  841    1    A   841   0           609.85134   22.87
  842    1    A   842   0           611.23832    2.74
  843    1    A   843   0           612.07443   58.86
  844    1    A   844   0           613.24718   38.99
  845    1    A   845   0           617.57663   50.16
  846    1    A   846   0           617.86452   45.12
  847    1    A   847   0           618.08048   19.91
  848    1    A   848   0           618.61013    9.57
  849    1    A   849   0           619.99105   19.62
  850    1    A   850   0           621.40138   26.64
  851    1    A   851   0           621.54867   20.01
  852    1    A   852   0           623.13147   19.64
  853    1    A   853   0           623.69204   26.63
  854    1    A   854   0           624.42119   12.54
  855    1    A   855   0           625.91873   21.58
  856    1    A   856   0           626.04518   18.45
  857    1    A   857   0           635.55786   17.80
  858    1    A   858   0           639.79352   28.49
  859    1    A   859   0           640.15376    5.56
  860    1    A   860   0           644.18789   16.46
  861    1    A   861   0           890.17759   14.62
  862    1    A   862   0           890.22596    0.24
  863    1    A   863   0           890.23038    6.68
  864    1    A   864   0           892.69088    8.19
              ---[Beta  set]---
   idx irep (rep,ibas,type)       F_av(eV)     iact 
 ---------------------------------------------------
    1    1    A     1   2         -8897.95771    0.00
    2    1    A     2   2         -1084.00161    0.06
    3    1    A     3   2          -935.27197    0.05
    4    1    A     4   2          -935.26403    0.05
    5    1    A     5   2          -934.84164    0.05
    6    1    A     6   2          -391.87228   13.77
    7    1    A     7   2          -391.87224   13.77
    8    1    A     8   2          -391.82034   10.17
    9    1    A     9   2          -391.82030   10.17
   10    1    A    10   2          -279.40425   31.58
   11    1    A    11   2          -279.40421   31.58
   12    1    A    12   2          -279.40338   29.06
   13    1    A    13   2          -279.40335   29.06
   14    1    A    14   2          -279.37842   33.28
   15    1    A    15   2          -279.37837   33.28
   16    1    A    16   2          -279.37757   33.26
   17    1    A    17   2          -279.37754   33.26
   18    1    A    18   2          -278.75301   42.00
   19    1    A    19   2          -278.75285   42.00
   20    1    A    20   2          -278.75284   42.00
   21    1    A    21   2          -278.75268   42.00
   22    1    A    22   2          -278.54914   43.55
   23    1    A    23   2          -278.54913   43.55
   24    1    A    24   2          -278.52792   63.62
   25    1    A    25   2          -278.52789   63.62
   26    1    A    26   2          -278.48707   40.85
   27    1    A    27   2          -278.48706   40.85
   28    1    A    28   2          -278.46978   63.75
   29    1    A    29   2          -278.46974   63.75
   30    1    A    30   2          -124.62547    0.58
   31    1    A    31   2           -80.60985    0.66
   32    1    A    32   2           -80.59948    0.66
   33    1    A    33   2           -79.93874    0.66
   34    1    A    34   2           -27.20621   29.45
   35    1    A    35   2           -26.96892   30.24
   36    1    A    36   2           -26.95579   29.98
   37    1    A    37   2           -26.71016   30.55
   38    1    A    38   2           -22.94900   39.49
   39    1    A    39   2           -22.24876   41.16
   40    1    A    40   2           -22.17201   42.00
   41    1    A    41   2           -21.79089   53.37
   42    1    A    42   2           -21.66524   53.47
   43    1    A    43   2           -21.54868   52.11
   44    1    A    44   2           -21.49770   53.16
   45    1    A    45   2           -20.79047   43.50
   46    1    A    46   2           -20.23067   44.92
   47    1    A    47   2           -18.58999   48.82
   48    1    A    48   2           -18.33558   49.52
   49    1    A    49   2           -16.86925   61.47
   50    1    A    50   2           -16.22715   49.26
   51    1    A    51   2           -16.16313   53.30
   52    1    A    52   2           -16.16126   52.05
   53    1    A    53   2           -16.08627   41.15
   54    1    A    54   2           -15.50144   55.00
   55    1    A    55   2           -15.37820   55.47
   56    1    A    56   2           -14.80228   59.94
   57    1    A    57   2           -14.77415   60.04
   58    1    A    58   2           -14.53490   59.62
   59    1    A    59   2           -13.99958   53.20
   60    1    A    60   2           -13.94101   53.55
   61    1    A    61   2           -12.64476   54.32
   62    1    A    62   2           -12.28499   43.92
   63    1    A    63   2           -12.24224   36.39
   64    1    A    64   2           -12.00994   64.98
   65    1    A    65   2           -11.93931   35.30
   66    1    A    66   2           -11.92358   67.85
   67    1    A    67   2           -11.91490   34.62
   68    1    A    68   2           -11.86197   62.68
   69    1    A    69   2           -11.61821   69.21
   70    1    A    70   2           -11.25437   32.09
   71    1    A    71   2           -11.24292   39.02
   72    1    A    72   2           -11.13261   51.78
   73    1    A    73   2           -11.10371   52.70
   74    1    A    74   2           -11.10075   47.85
   75    1    A    75   2           -10.95323   32.12
   76    1    A    76   2           -10.70966   57.91
   77    1    A    77   2           -10.53046   59.30
   78    1    A    78   2           -10.41095   57.03
   79    1    A    79   2           -10.07537   37.96
   80    1    A    80   2            -9.96098   20.15
   81    1    A    81   2            -9.90994    6.70
   82    1    A    82   2            -9.89910    6.45
   83    1    A    83   2            -9.29833   42.47
   84    1    A    84   2            -9.26378   28.78
   85    1    A    85   2            -9.21795    4.70
   86    1    A    86   2            -9.21750   29.60
   87    1    A    87   2            -8.13360   46.44
   88    1    A    88   2            -8.08873   48.50
   89    1    A    89   2            -7.57788   53.87
   90    1    A    90   2            -7.17683   45.16
   91    1    A    91   2            -7.14248   50.10
   92    1    A    92   2            -7.02789   45.34
   93    1    A    93   2            -5.77264   46.31
   94    1    A    94   2            -5.67616   40.99
   95    1    A    95   1            -4.95315    6.76
   96    1    A    96   0            -2.57962   48.30
   97    1    A    97   0            -2.29993   49.52
   98    1    A    98   0            -0.79764   61.69
   99    1    A    99   0             0.94651   48.59
  100    1    A   100   0             1.20611   39.71
  101    1    A   101   0             1.53850   59.94
  102    1    A   102   0             1.55230   58.50
  103    1    A   103   0             1.63052   25.16
  104    1    A   104   0             1.68324   99.01
  105    1    A   105   0             1.74913  112.43
  106    1    A   106   0             1.77851  112.11
  107    1    A   107   0             1.94159   66.36
  108    1    A   108   0             1.94444  116.96
  109    1    A   109   0             2.31862  131.81
  110    1    A   110   0             2.43653  128.18
  111    1    A   111   0             2.45148  128.10
  112    1    A   112   0             2.51190   60.85
  113    1    A   113   0             2.74906  131.71
  114    1    A   114   0             2.75706   97.24
  115    1    A   115   0             3.06827   60.53
  116    1    A   116   0             3.08948   61.49
  117    1    A   117   0             3.13615   55.07
  118    1    A   118   0             3.14379   55.19
  119    1    A   119   0             3.46213  114.57
  120    1    A   120   0             3.49658  114.25
  121    1    A   121   0             3.73528   55.43
  122    1    A   122   0             3.94182  116.68
  123    1    A   123   0             4.02268   45.97
  124    1    A   124   0             4.12817   62.14
  125    1    A   125   0             4.60420   99.82
  126    1    A   126   0             4.76961   61.23
  127    1    A   127   0             4.78900   84.39
  128    1    A   128   0             4.80268   85.18
  129    1    A   129   0             5.37001   90.42
  130    1    A   130   0             5.41484   47.91
  131    1    A   131   0             5.41891   62.20
  132    1    A   132   0             5.44493   46.49
  133    1    A   133   0             5.71589   71.48
  134    1    A   134   0             5.76009   70.36
  135    1    A   135   0             5.78282   67.27
  136    1    A   136   0             5.83575   81.77
  137    1    A   137   0             6.11361   63.46
  138    1    A   138   0             6.19510   64.59
  139    1    A   139   0             6.36068   66.44
  140    1    A   140   0             6.36385   83.22
  141    1    A   141   0             6.47853   55.71
  142    1    A   142   0             6.83643   69.83
  143    1    A   143   0             6.94136   68.91
  144    1    A   144   0             6.96176   78.58
  145    1    A   145   0             7.01686   62.73
  146    1    A   146   0             7.06049   79.21
  147    1    A   147   0             7.17749   67.93
  148    1    A   148   0             7.30287   60.08
  149    1    A   149   0             7.58818   60.64
  150    1    A   150   0             7.76287   72.88
  151    1    A   151   0             7.76529   71.90
  152    1    A   152   0             7.79427   68.65
  153    1    A   153   0             7.91718   53.45
  154    1    A   154   0             7.94331   68.48
  155    1    A   155   0             8.26350   60.23
  156    1    A   156   0             8.32499   62.82
  157    1    A   157   0             8.43612   58.80
  158    1    A   158   0             8.51593   62.39
  159    1    A   159   0             8.57327   63.04
  160    1    A   160   0             8.58357   86.42
  161    1    A   161   0             9.26256   73.96
  162    1    A   162   0             9.29236   60.95
  163    1    A   163   0             9.39472   78.29
  164    1    A   164   0             9.43026   62.53
  165    1    A   165   0             9.44129   79.59
  166    1    A   166   0             9.57810   53.62
  167    1    A   167   0             9.90989   90.42
  168    1    A   168   0             9.92121   65.72
  169    1    A   169   0             9.93699   57.52
  170    1    A   170   0             9.99779   58.50
  171    1    A   171   0            10.07831   82.09
  172    1    A   172   0            10.13448   91.61
  173    1    A   173   0            10.15929  105.89
  174    1    A   174   0            10.16815   79.63
  175    1    A   175   0            10.18162   70.52
  176    1    A   176   0            10.26451   74.36
  177    1    A   177   0            10.44530   66.49
  178    1    A   178   0            10.65463   69.37
  179    1    A   179   0            10.77550   61.05
  180    1    A   180   0            10.77641   57.72
  181    1    A   181   0            10.80547   92.92
  182    1    A   182   0            10.87127   95.79
  183    1    A   183   0            10.97749   79.53
  184    1    A   184   0            11.00753   78.69
  185    1    A   185   0            11.12775   79.57
  186    1    A   186   0            11.19423   98.51
  187    1    A   187   0            11.28296   76.79
  188    1    A   188   0            11.70327   75.29
  189    1    A   189   0            11.77169   80.25
  190    1    A   190   0            12.09447   86.71
  191    1    A   191   0            12.18710   90.97
  192    1    A   192   0            12.25824   87.50
  193    1    A   193   0            12.49487   52.66
  194    1    A   194   0            12.51911   52.47
  195    1    A   195   0            12.53250   72.86
  196    1    A   196   0            12.54493   61.03
  197    1    A   197   0            12.75040   56.83
  198    1    A   198   0            12.94664   81.28
  199    1    A   199   0            12.95143   97.78
  200    1    A   200   0            13.14190   77.92
  201    1    A   201   0            13.33948   59.57
  202    1    A   202   0            13.46138   85.61
  203    1    A   203   0            13.58128   63.99
  204    1    A   204   0            13.86506   85.77
  205    1    A   205   0            13.91066   87.26
  206    1    A   206   0            14.02945   65.97
  207    1    A   207   0            14.36446   66.56
  208    1    A   208   0            14.39928   54.19
  209    1    A   209   0            14.46404   66.75
  210    1    A   210   0            14.53038   42.38
  211    1    A   211   0            15.13814   55.04
  212    1    A   212   0            15.26647   71.39
  213    1    A   213   0            15.37204   67.95
  214    1    A   214   0            15.43308   61.97
  215    1    A   215   0            15.48633   64.32
  216    1    A   216   0            15.53219   86.16
  217    1    A   217   0            16.12560   19.18
  218    1    A   218   0            16.33699   51.23
  219    1    A   219   0            16.43483   34.45
  220    1    A   220   0            16.43606   51.89
  221    1    A   221   0            16.48448   79.72
  222    1    A   222   0            16.86911   50.26
  223    1    A   223   0            16.88674   63.14
  224    1    A   224   0            16.95991   65.09
  225    1    A   225   0            17.07176   60.76
  226    1    A   226   0            17.20735   67.77
  227    1    A   227   0            17.42093   66.78
  228    1    A   228   0            17.45364   67.99
  229    1    A   229   0            17.86804   66.82
  230    1    A   230   0            17.95420   52.63
  231    1    A   231   0            17.98168   63.03
  232    1    A   232   0            17.99451   52.07
  233    1    A   233   0            18.10854   53.94
  234    1    A   234   0            18.18612   57.65
  235    1    A   235   0            18.21864   49.40
  236    1    A   236   0            18.25615   50.74
  237    1    A   237   0            18.26285   50.54
  238    1    A   238   0            18.26861   49.66
  239    1    A   239   0            18.32413   64.19
  240    1    A   240   0            18.45592   59.26
  241    1    A   241   0            18.64372   50.56
  242    1    A   242   0            18.87815   54.57
  243    1    A   243   0            19.01340   52.22
  244    1    A   244   0            19.32798   48.17
  245    1    A   245   0            19.67927   66.65
  246    1    A   246   0            19.70472   67.93
  247    1    A   247   0            19.70648   45.17
  248    1    A   248   0            19.71035   42.66
  249    1    A   249   0            19.77540   77.83
  250    1    A   250   0            19.95934   73.17
  251    1    A   251   0            19.97902   73.37
  252    1    A   252   0            20.07652   39.54
  253    1    A   253   0            20.14879   43.02
  254    1    A   254   0            20.21835   74.91
  255    1    A   255   0            20.60696   44.84
  256    1    A   256   0            20.67724   37.70
  257    1    A   257   0            20.72882   38.48
  258    1    A   258   0            20.85878   68.85
  259    1    A   259   0            21.33509   63.41
  260    1    A   260   0            21.39738   75.93
  261    1    A   261   0            21.43096   62.80
  262    1    A   262   0            21.45823   59.65
  263    1    A   263   0            21.71869   60.43
  264    1    A   264   0            21.85170   69.56
  265    1    A   265   0            21.88081   70.18
  266    1    A   266   0            22.65970   49.62
  267    1    A   267   0            22.67170   57.64
  268    1    A   268   0            22.76305   57.48
  269    1    A   269   0            22.93562   64.91
  270    1    A   270   0            22.96171   54.80
  271    1    A   271   0            23.07318   89.46
  272    1    A   272   0            23.64528   57.51
  273    1    A   273   0            23.74796   43.75
  274    1    A   274   0            23.81982   43.52
  275    1    A   275   0            23.89013   61.67
  276    1    A   276   0            24.02481   59.61
  277    1    A   277   0            24.12968   63.54
  278    1    A   278   0            24.17784   63.21
  279    1    A   279   0            24.44301   61.31
  280    1    A   280   0            24.54724   62.13
  281    1    A   281   0            24.54730   62.29
  282    1    A   282   0            24.79273   67.26
  283    1    A   283   0            25.12467   45.72
  284    1    A   284   0            25.50897   57.43
  285    1    A   285   0            25.55805   58.05
  286    1    A   286   0            25.63080   56.96
  287    1    A   287   0            25.69579   62.67
  288    1    A   288   0            26.33941   60.80
  289    1    A   289   0            26.35296   62.61
  290    1    A   290   0            26.44663   71.74
  291    1    A   291   0            26.65023   60.58
  292    1    A   292   0            26.72830   61.50
  293    1    A   293   0            27.30470   49.69
  294    1    A   294   0            27.33030   56.43
  295    1    A   295   0            27.36357   47.78
  296    1    A   296   0            27.38822   73.42
  297    1    A   297   0            27.42133   50.25
  298    1    A   298   0            27.46481   52.32
  299    1    A   299   0            28.00455   63.69
  300    1    A   300   0            28.07914   61.29
  301    1    A   301   0            28.60135   69.56
  302    1    A   302   0            28.75921   65.26
  303    1    A   303   0            28.85802   65.06
  304    1    A   304   0            29.30189   49.03
  305    1    A   305   0            29.44519   49.70
  306    1    A   306   0            29.71777   48.42
  307    1    A   307   0            29.86039   56.12
  308    1    A   308   0            29.97618   49.18
  309    1    A   309   0            30.15896   59.86
  310    1    A   310   0            30.24211   35.61
  311    1    A   311   0            31.14491   73.07
  312    1    A   312   0            31.28016   43.89
  313    1    A   313   0            31.29812   51.82
  314    1    A   314   0            31.29949   51.99
  315    1    A   315   0            31.38906   60.43
  316    1    A   316   0            31.57807   52.03
  317    1    A   317   0            31.63235   54.09
  318    1    A   318   0            31.99872   69.01
  319    1    A   319   0            32.07575   68.03
  320    1    A   320   0            32.42943   60.58
  321    1    A   321   0            32.44920   52.07
  322    1    A   322   0            32.48100   60.12
  323    1    A   323   0            32.58857   51.19
  324    1    A   324   0            32.91095   71.87
  325    1    A   325   0            33.31434   52.84
  326    1    A   326   0            33.36029   60.09
  327    1    A   327   0            33.48306   55.09
  328    1    A   328   0            33.75240   52.55
  329    1    A   329   0            33.82698   52.15
  330    1    A   330   0            33.85647   50.31
  331    1    A   331   0            33.91672   73.61
  332    1    A   332   0            33.96318   47.05
  333    1    A   333   0            33.98948   71.80
  334    1    A   334   0            34.29253   55.93
  335    1    A   335   0            34.36929   45.38
  336    1    A   336   0            35.32254   84.60
  337    1    A   337   0            36.30394   66.86
  338    1    A   338   0            36.32613   68.36
  339    1    A   339   0            36.54770   55.49
  340    1    A   340   0            36.55707   70.75
  341    1    A   341   0            36.64871   55.45
  342    1    A   342   0            36.83152   55.24
  343    1    A   343   0            36.86381   55.80
  344    1    A   344   0            37.00129   49.50
  345    1    A   345   0            37.05990   75.66
  346    1    A   346   0            37.71705   73.31
  347    1    A   347   0            37.80106   72.91
  348    1    A   348   0            38.13066   46.16
  349    1    A   349   0            38.17821   46.35
  350    1    A   350   0            38.41075   60.39
  351    1    A   351   0            38.43836   48.78
  352    1    A   352   0            38.79360   56.80
  353    1    A   353   0            38.81915   55.43
  354    1    A   354   0            39.38103   68.19
  355    1    A   355   0            39.53160   70.18
  356    1    A   356   0            39.77647   66.70
  357    1    A   357   0            39.92202   55.82
  358    1    A   358   0            39.97383   65.54
  359    1    A   359   0            40.27147   52.71
  360    1    A   360   0            40.27337   53.83
  361    1    A   361   0            40.38100   61.44
  362    1    A   362   0            40.49613   60.19
  363    1    A   363   0            40.52144   46.32
  364    1    A   364   0            40.54904   60.58
  365    1    A   365   0            40.66784   52.92
  366    1    A   366   0            40.67382   79.86
  367    1    A   367   0            40.78745   77.65
  368    1    A   368   0            41.03990   47.60
  369    1    A   369   0            41.48310   54.14
  370    1    A   370   0            41.62433   75.31
  371    1    A   371   0            41.65893   73.28
  372    1    A   372   0            41.73524   44.48
  373    1    A   373   0            41.84288   96.74
  374    1    A   374   0            41.98475   77.36
  375    1    A   375   0            42.44005   41.86
  376    1    A   376   0            42.46577   45.86
  377    1    A   377   0            42.57096   48.39
  378    1    A   378   0            42.60794   47.65
  379    1    A   379   0            42.82450   72.05
  380    1    A   380   0            43.16892   56.91
  381    1    A   381   0            43.22268   48.02
  382    1    A   382   0            43.22275   56.83
  383    1    A   383   0            43.28754   66.95
  384    1    A   384   0            43.61244   34.94
  385    1    A   385   0            43.61711   54.04
  386    1    A   386   0            43.86425   45.94
  387    1    A   387   0            43.93218   39.94
  388    1    A   388   0            43.94765   39.21
  389    1    A   389   0            44.12608   77.66
  390    1    A   390   0            44.24442   75.81
  391    1    A   391   0            44.84237   52.41
  392    1    A   392   0            45.21935   68.42
  393    1    A   393   0            45.24840   53.07
  394    1    A   394   0            45.62694   44.78
  395    1    A   395   0            46.17016   55.80
  396    1    A   396   0            46.20128   55.96
  397    1    A   397   0            46.24521   46.18
  398    1    A   398   0            47.13439   39.15
  399    1    A   399   0            47.51720   56.75
  400    1    A   400   0            47.53386   70.45
  401    1    A   401   0            47.59875   56.47
  402    1    A   402   0            48.05895   60.20
  403    1    A   403   0            48.13353   49.95
  404    1    A   404   0            48.30376   49.92
  405    1    A   405   0            48.41678   69.50
  406    1    A   406   0            48.60695   48.03
  407    1    A   407   0            48.77311   37.07
  408    1    A   408   0            48.83263   57.59
  409    1    A   409   0            48.83833   56.82
  410    1    A   410   0            49.21842   39.24
  411    1    A   411   0            49.42558   62.53
  412    1    A   412   0            50.14787   45.65
  413    1    A   413   0            50.18568   45.05
  414    1    A   414   0            50.20237   45.63
  415    1    A   415   0            50.75919   48.08
  416    1    A   416   0            50.91260   48.12
  417    1    A   417   0            51.46935   62.52
  418    1    A   418   0            51.58312   55.47
  419    1    A   419   0            51.60709   46.24
  420    1    A   420   0            51.87571   69.31
  421    1    A   421   0            52.03581   57.58
  422    1    A   422   0            52.16608   53.25
  423    1    A   423   0            52.17273   53.13
  424    1    A   424   0            52.55860   73.83
  425    1    A   425   0            52.64040   60.12
  426    1    A   426   0            53.21904   56.26
  427    1    A   427   0            53.40933   59.19
  428    1    A   428   0            53.45744   58.37
  429    1    A   429   0            53.73200   33.04
  430    1    A   430   0            53.77528   34.47
  431    1    A   431   0            53.88731   52.67
  432    1    A   432   0            54.02789   52.90
  433    1    A   433   0            54.98708   45.98
  434    1    A   434   0            55.05341   45.92
  435    1    A   435   0            55.14719   44.20
  436    1    A   436   0            55.99996   58.96
  437    1    A   437   0            56.00217   58.30
  438    1    A   438   0            56.08171   30.36
  439    1    A   439   0            56.44236   63.86
  440    1    A   440   0            56.92393   49.92
  441    1    A   441   0            57.72549   52.05
  442    1    A   442   0            57.75615   53.64
  443    1    A   443   0            57.93217   55.81
  444    1    A   444   0            58.20951   52.97
  445    1    A   445   0            58.38885   47.64
  446    1    A   446   0            58.56215   55.48
  447    1    A   447   0            59.17580   49.42
  448    1    A   448   0            59.21525   47.24
  449    1    A   449   0            59.28126   51.50
  450    1    A   450   0            59.29528   63.90
  451    1    A   451   0            59.34007   74.24
  452    1    A   452   0            59.51247   53.88
  453    1    A   453   0            59.77511   54.78
  454    1    A   454   0            59.91833   73.43
  455    1    A   455   0            59.96098   72.31
  456    1    A   456   0            59.98681   55.61
  457    1    A   457   0            60.44109   66.15
  458    1    A   458   0            60.59656   51.86
  459    1    A   459   0            60.96787   47.76
  460    1    A   460   0            61.27378   61.82
  461    1    A   461   0            61.34852   60.01
  462    1    A   462   0            61.64929   46.31
  463    1    A   463   0            62.34676   68.10
  464    1    A   464   0            62.50190   50.72
  465    1    A   465   0            62.67870   52.45
  466    1    A   466   0            62.69601   57.34
  467    1    A   467   0            62.77445   49.79
  468    1    A   468   0            62.90899   71.80
  469    1    A   469   0            63.30564   48.80
  470    1    A   470   0            64.13230   58.95
  471    1    A   471   0            64.97819   34.28
  472    1    A   472   0            65.98330   59.61
  473    1    A   473   0            66.07067   59.14
  474    1    A   474   0            66.13020   52.13
  475    1    A   475   0            66.17589   39.15
  476    1    A   476   0            66.19748   40.60
  477    1    A   477   0            66.51292   54.41
  478    1    A   478   0            66.58232   64.69
  479    1    A   479   0            66.60066   53.35
  480    1    A   480   0            67.17661   58.07
  481    1    A   481   0            67.30996   65.59
  482    1    A   482   0            67.80819   57.69
  483    1    A   483   0            67.80926   57.63
  484    1    A   484   0            68.37965   51.12
  485    1    A   485   0            68.51883   52.67
  486    1    A   486   0            68.53394   51.21
  487    1    A   487   0            68.73499   47.85
  488    1    A   488   0            68.75737   48.45
  489    1    A   489   0            69.00580   41.06
  490    1    A   490   0            69.78613   57.84
  491    1    A   491   0            69.89220   60.93
  492    1    A   492   0            69.91230   59.32
  493    1    A   493   0            70.12179   59.16
  494    1    A   494   0            70.84228   43.54
  495    1    A   495   0            70.99901   50.36
  496    1    A   496   0            71.04803   61.42
  497    1    A   497   0            71.24004   50.57
  498    1    A   498   0            71.36179   56.24
  499    1    A   499   0            71.41410   58.06
  500    1    A   500   0            71.44248   27.10
  501    1    A   501   0            71.48562   58.89
  502    1    A   502   0            72.10895   63.87
  503    1    A   503   0            72.30751   51.46
  504    1    A   504   0            72.34291   54.88
  505    1    A   505   0            72.38318   60.93
  506    1    A   506   0            72.41431   62.36
  507    1    A   507   0            72.86638   61.82
  508    1    A   508   0            73.30736   63.18
  509    1    A   509   0            73.34871   56.22
  510    1    A   510   0            73.37314   55.61
  511    1    A   511   0            73.47798   64.64
  512    1    A   512   0            73.58512   47.82
  513    1    A   513   0            73.61471   48.61
  514    1    A   514   0            73.65522   63.84
  515    1    A   515   0            73.95327   64.79
  516    1    A   516   0            74.54571   55.68
  517    1    A   517   0            74.94379   57.31
  518    1    A   518   0            75.03431   62.33
  519    1    A   519   0            75.07218   63.89
  520    1    A   520   0            75.42367   62.40
  521    1    A   521   0            75.51993   42.73
  522    1    A   522   0            75.66026   65.56
  523    1    A   523   0            75.78773   62.12
  524    1    A   524   0            75.85632   42.12
  525    1    A   525   0            76.27189   50.20
  526    1    A   526   0            76.33818   57.31
  527    1    A   527   0            76.43581   46.09
  528    1    A   528   0            76.45634   49.67
  529    1    A   529   0            76.50415   65.19
  530    1    A   530   0            77.31647   68.02
  531    1    A   531   0            77.54848   45.76
  532    1    A   532   0            77.60296   64.93
  533    1    A   533   0            77.97154   47.14
  534    1    A   534   0            77.99213   44.97
  535    1    A   535   0            78.12413   69.87
  536    1    A   536   0            78.38413   45.84
  537    1    A   537   0            78.51983   54.84
  538    1    A   538   0            78.92136   77.57
  539    1    A   539   0            78.99077   54.65
  540    1    A   540   0            79.00692   57.02
  541    1    A   541   0            79.21487   52.13
  542    1    A   542   0            79.24611   81.62
  543    1    A   543   0            79.26695   79.90
  544    1    A   544   0            79.83324   77.86
  545    1    A   545   0            80.54281   41.82
  546    1    A   546   0            80.57195   63.49
  547    1    A   547   0            80.62854   61.68
  548    1    A   548   0            80.84834   43.22
  549    1    A   549   0            80.95574   47.10
  550    1    A   550   0            81.09066   46.14
  551    1    A   551   0            81.15689   64.77
  552    1    A   552   0            81.38518   67.35
  553    1    A   553   0            81.41643   41.59
  554    1    A   554   0            81.62773   60.31
  555    1    A   555   0            81.64269   20.31
  556    1    A   556   0            81.76029   59.99
  557    1    A   557   0            81.95526   47.40
  558    1    A   558   0            81.96724   61.47
  559    1    A   559   0            81.97236   60.21
  560    1    A   560   0            82.00572   60.77
  561    1    A   561   0            82.09893   65.18
  562    1    A   562   0            82.37051   53.50
  563    1    A   563   0            82.37105   65.53
  564    1    A   564   0            82.47294   53.70
  565    1    A   565   0            82.50865   66.06
  566    1    A   566   0            82.55587   55.51
  567    1    A   567   0            82.68556   63.68
  568    1    A   568   0            83.03714   61.11
  569    1    A   569   0            83.22231   36.06
  570    1    A   570   0            83.37182   37.75
  571    1    A   571   0            83.53025   48.41
  572    1    A   572   0            83.62120   48.44
  573    1    A   573   0            84.06752   40.33
  574    1    A   574   0            84.17989   37.32
  575    1    A   575   0            84.61854   48.55
  576    1    A   576   0            84.74945   50.57
  577    1    A   577   0            85.30290   43.00
  578    1    A   578   0            85.38116   56.37
  579    1    A   579   0            85.59915   50.72
  580    1    A   580   0            85.65305   39.76
  581    1    A   581   0            85.73478   49.62
  582    1    A   582   0            86.01962   50.03
  583    1    A   583   0            86.16547   52.81
  584    1    A   584   0            86.25544   52.58
  585    1    A   585   0            86.30231   52.56
  586    1    A   586   0            86.32824   60.94
  587    1    A   587   0            86.56995   55.10
  588    1    A   588   0            86.78674   40.84
  589    1    A   589   0            86.79543   53.89
  590    1    A   590   0            86.82682   49.55
  591    1    A   591   0            87.19152   54.44
  592    1    A   592   0            87.27218   43.42
  593    1    A   593   0            87.30626   45.68
  594    1    A   594   0            87.31285   45.25
  595    1    A   595   0            87.39705   55.46
  596    1    A   596   0            87.65762   62.54
  597    1    A   597   0            87.76061   55.58
  598    1    A   598   0            88.24716   67.34
  599    1    A   599   0            88.36765   51.07
  600    1    A   600   0            88.45426   50.83
  601    1    A   601   0            88.45890   49.87
  602    1    A   602   0            88.65156   51.53
  603    1    A   603   0            88.67764   56.02
  604    1    A   604   0            88.74416   51.18
  605    1    A   605   0            89.12719   50.51
  606    1    A   606   0            89.34831   46.09
  607    1    A   607   0            89.44295   45.69
  608    1    A   608   0            89.47687   48.23
  609    1    A   609   0            89.99564   51.16
  610    1    A   610   0            90.05467   55.80
  611    1    A   611   0            90.12568   59.17
  612    1    A   612   0            90.31594   58.92
  613    1    A   613   0            90.31923   50.80
  614    1    A   614   0            90.99161   51.32
  615    1    A   615   0            91.18652   56.44
  616    1    A   616   0            91.26762   53.98
  617    1    A   617   0            91.29302   58.53
  618    1    A   618   0            91.30054   47.86
  619    1    A   619   0            91.38500   47.56
  620    1    A   620   0            91.43196   57.19
  621    1    A   621   0            91.58063   45.01
  622    1    A   622   0            91.88537   45.29
  623    1    A   623   0            92.01784   51.18
  624    1    A   624   0            92.34317   64.80
  625    1    A   625   0            92.38248   50.68
  626    1    A   626   0            92.53269   47.66
  627    1    A   627   0            92.59999   56.46
  628    1    A   628   0            92.67134   56.65
  629    1    A   629   0            93.60078   58.05
  630    1    A   630   0            93.71221   59.50
  631    1    A   631   0            93.84051   56.83
  632    1    A   632   0            93.91602   55.28
  633    1    A   633   0            93.95261   49.99
  634    1    A   634   0            94.00573   51.59
  635    1    A   635   0            94.16712   59.68
  636    1    A   636   0            94.23248   53.45
  637    1    A   637   0            94.56567   54.30
  638    1    A   638   0            94.59987   54.32
  639    1    A   639   0            94.62117   56.78
  640    1    A   640   0            94.99674   57.28
  641    1    A   641   0            95.32976   46.19
  642    1    A   642   0            95.39030   60.07
  643    1    A   643   0            95.64748   57.65
  644    1    A   644   0            96.07380   53.50
  645    1    A   645   0            96.46242   48.98
  646    1    A   646   0            96.69778   46.52
  647    1    A   647   0            96.72680   55.79
  648    1    A   648   0            97.77996   45.59
  649    1    A   649   0            98.11718   49.81
  650    1    A   650   0            98.17171   50.67
  651    1    A   651   0            98.28366   45.93
  652    1    A   652   0            98.38293   44.09
  653    1    A   653   0            98.45729   51.37
  654    1    A   654   0            98.60539   43.23
  655    1    A   655   0            98.66907   42.86
  656    1    A   656   0            98.84069   60.58
  657    1    A   657   0            98.86498   43.60
  658    1    A   658   0            99.24042   51.67
  659    1    A   659   0            99.29512   42.02
  660    1    A   660   0            99.49958   40.41
  661    1    A   661   0            99.64047   42.70
  662    1    A   662   0            99.87168   42.03
  663    1    A   663   0            99.95891   43.43
  664    1    A   664   0           100.06153   44.91
  665    1    A   665   0           100.28485   44.35
  666    1    A   666   0           101.06734   52.45
  667    1    A   667   0           101.09434   45.02
  668    1    A   668   0           101.20542   43.74
  669    1    A   669   0           101.52750   57.61
  670    1    A   670   0           101.57820   57.18
  671    1    A   671   0           101.75607   44.88
  672    1    A   672   0           102.07256   45.53
  673    1    A   673   0           103.19586   56.60
  674    1    A   674   0           103.48795   42.52
  675    1    A   675   0           103.60189   44.97
  676    1    A   676   0           103.78172   57.19
  677    1    A   677   0           103.79747   15.03
  678    1    A   678   0           103.91710   14.36
  679    1    A   679   0           104.26550   43.69
  680    1    A   680   0           104.33424   31.25
  681    1    A   681   0           104.59808   41.61
  682    1    A   682   0           105.11797   41.25
  683    1    A   683   0           105.25437   42.05
  684    1    A   684   0           106.08410   55.14
  685    1    A   685   0           106.69440   44.89
  686    1    A   686   0           106.70385   47.33
  687    1    A   687   0           106.78721   46.46
  688    1    A   688   0           106.81644   46.80
  689    1    A   689   0           106.85686   45.53
  690    1    A   690   0           107.29466   58.87
  691    1    A   691   0           107.80754   36.03
  692    1    A   692   0           108.38283   60.62
  693    1    A   693   0           108.38997   52.53
  694    1    A   694   0           108.60807   59.04
  695    1    A   695   0           109.44285   45.30
  696    1    A   696   0           109.45417   45.33
  697    1    A   697   0           110.19874   43.49
  698    1    A   698   0           110.25999   40.99
  699    1    A   699   0           110.52998   57.86
  700    1    A   700   0           110.98067   36.03
  701    1    A   701   0           110.98713   54.46
  702    1    A   702   0           111.00676   41.26
  703    1    A   703   0           111.05791   40.95
  704    1    A   704   0           111.72178   40.26
  705    1    A   705   0           112.09906   39.34
  706    1    A   706   0           112.46133   32.82
  707    1    A   707   0           113.22069   52.70
  708    1    A   708   0           113.32414   45.94
  709    1    A   709   0           113.46321   38.22
  710    1    A   710   0           113.48722   41.17
  711    1    A   711   0           113.61852   53.86
  712    1    A   712   0           113.94439   53.08
  713    1    A   713   0           114.15532   32.56
  714    1    A   714   0           114.35174   40.32
  715    1    A   715   0           114.63776   63.70
  716    1    A   716   0           114.68613   55.85
  717    1    A   717   0           114.96539   32.13
  718    1    A   718   0           115.14188   60.72
  719    1    A   719   0           115.41364   55.91
  720    1    A   720   0           115.71954   59.88
  721    1    A   721   0           115.82968   44.93
  722    1    A   722   0           116.63807   59.56
  723    1    A   723   0           116.80041   57.66
  724    1    A   724   0           117.79269   58.60
  725    1    A   725   0           118.05277   52.79
  726    1    A   726   0           118.45715   47.77
  727    1    A   727   0           118.52693   49.77
  728    1    A   728   0           118.83988   51.19
  729    1    A   729   0           119.05804   48.68
  730    1    A   730   0           119.64408   46.81
  731    1    A   731   0           119.87773   48.44
  732    1    A   732   0           120.08181   49.31
  733    1    A   733   0           120.16066   39.43
  734    1    A   734   0           120.52345   45.64
  735    1    A   735   0           121.30037   45.30
  736    1    A   736   0           121.55624   51.48
  737    1    A   737   0           122.37838   44.30
  738    1    A   738   0           122.44567   51.14
  739    1    A   739   0           122.72409   44.64
  740    1    A   740   0           122.81109   49.81
  741    1    A   741   0           122.87145   56.87
  742    1    A   742   0           122.92253   44.19
  743    1    A   743   0           123.10968   58.01
  744    1    A   744   0           123.30151   43.68
  745    1    A   745   0           123.34163   27.12
  746    1    A   746   0           123.65698   43.94
  747    1    A   747   0           124.23272   58.63
  748    1    A   748   0           125.67576   27.13
  749    1    A   749   0           125.85042   41.26
  750    1    A   750   0           125.88172   52.16
  751    1    A   751   0           126.00150   51.27
  752    1    A   752   0           126.10006   60.03
  753    1    A   753   0           126.78327   36.43
  754    1    A   754   0           126.97272   45.10
  755    1    A   755   0           127.18940   51.22
  756    1    A   756   0           127.70150   50.21
  757    1    A   757   0           128.08723   49.66
  758    1    A   758   0           129.16338   27.22
  759    1    A   759   0           129.40046   27.44
  760    1    A   760   0           129.65130   56.09
  761    1    A   761   0           129.98424   59.10
  762    1    A   762   0           130.93508   27.44
  763    1    A   763   0           131.76394   61.74
  764    1    A   764   0           132.02269   37.61
  765    1    A   765   0           132.17959   22.52
  766    1    A   766   0           132.49763   36.09
  767    1    A   767   0           132.61964   22.50
  768    1    A   768   0           132.71421   22.40
  769    1    A   769   0           132.82226   22.27
  770    1    A   770   0           133.02911   22.21
  771    1    A   771   0           133.30599   53.46
  772    1    A   772   0           133.40684   52.16
  773    1    A   773   0           133.81541   22.11
  774    1    A   774   0           134.14385   39.46
  775    1    A   775   0           134.15807   64.84
  776    1    A   776   0           134.53092   41.99
  777    1    A   777   0           134.73405   66.37
  778    1    A   778   0           134.85496   21.66
  779    1    A   779   0           134.93614   21.76
  780    1    A   780   0           136.16511   55.91
  781    1    A   781   0           136.16580   56.12
  782    1    A   782   0           137.17231   47.00
  783    1    A   783   0           137.48692   46.24
  784    1    A   784   0           138.72906   20.80
  785    1    A   785   0           139.55744   45.44
  786    1    A   786   0           139.78278   22.32
  787    1    A   787   0           140.02556   42.41
  788    1    A   788   0           140.23575   41.97
  789    1    A   789   0           140.46531   49.70
  790    1    A   790   0           140.62344   21.30
  791    1    A   791   0           140.63328   20.80
  792    1    A   792   0           141.01175   38.54
  793    1    A   793   0           141.72431   40.00
  794    1    A   794   0           142.63123   32.61
  795    1    A   795   0           142.83240   53.48
  796    1    A   796   0           142.87382   33.14
  797    1    A   797   0           144.08234   24.12
  798    1    A   798   0           144.22057   38.27
  799    1    A   799   0           144.57769   39.98
  800    1    A   800   0           145.22090   23.59
  801    1    A   801   0           145.24060   23.26
  802    1    A   802   0           145.66534   23.03
  803    1    A   803   0           145.76441   50.52
  804    1    A   804   0           147.73789   43.51
  805    1    A   805   0           147.76670   41.73
  806    1    A   806   0           147.76762   22.47
  807    1    A   807   0           148.02168   43.75
  808    1    A   808   0           148.64036   22.10
  809    1    A   809   0           149.55609   48.83
  810    1    A   810   0           149.80638   31.72
  811    1    A   811   0           150.03252   31.54
  812    1    A   812   0           151.30571   34.22
  813    1    A   813   0           151.39518   32.96
  814    1    A   814   0           153.40541   24.21
  815    1    A   815   0           153.51966   23.55
  816    1    A   816   0           153.71872   28.88
  817    1    A   817   0           154.47983   26.81
  818    1    A   818   0           154.89434   25.84
  819    1    A   819   0           155.53590   21.57
  820    1    A   820   0           155.70280   21.93
  821    1    A   821   0           155.93749    1.25
  822    1    A   822   0           156.04092   19.88
  823    1    A   823   0           156.08215   34.87
  824    1    A   824   0           156.75908    1.51
  825    1    A   825   0           156.89406    1.60
  826    1    A   826   0           158.34430   20.53
  827    1    A   827   0           158.59352   19.60
  828    1    A   828   0           158.67846   24.73
  829    1    A   829   0           159.56211   29.30
  830    1    A   830   0           161.66008   22.10
  831    1    A   831   0           161.69060   20.37
  832    1    A   832   0           162.94980   22.73
  833    1    A   833   0           162.95086   28.18
  834    1    A   834   0           165.45404   29.25
  835    1    A   835   0           167.67347   22.20
  836    1    A   836   0           167.87193   26.16
  837    1    A   837   0           168.32896   24.84
  838    1    A   838   0           170.32220   24.01
  839    1    A   839   0           170.46128   20.16
  840    1    A   840   0           170.59205   35.66
  841    1    A   841   0           609.85134   64.96
  842    1    A   842   0           611.23832   65.62
  843    1    A   843   0           612.07443   62.29
  844    1    A   844   0           613.24718   62.93
  845    1    A   845   0           617.57663   58.53
  846    1    A   846   0           617.86452   61.31
  847    1    A   847   0           618.08048   42.60
  848    1    A   848   0           618.61013   57.99
  849    1    A   849   0           619.99105   65.19
  850    1    A   850   0           621.40138   46.13
  851    1    A   851   0           621.54867   36.59
  852    1    A   852   0           623.13147   46.27
  853    1    A   853   0           623.69204   42.86
  854    1    A   854   0           624.42119   39.19
  855    1    A   855   0           625.91873   48.65
  856    1    A   856   0           626.04518   36.38
  857    1    A   857   0           635.55786   34.68
  858    1    A   858   0           639.79352   34.33
  859    1    A   859   0           640.15376   34.45
  860    1    A   860   0           644.18789   34.31
  861    1    A   861   0           890.17759   15.04
  862    1    A   862   0           890.22596   15.36
  863    1    A   863   0           890.23038   15.16
  864    1    A   864   0           892.69088   15.25
 
    ---------------------------------------------
    --- Start TD-DFT Calculations for isf = 0 ---
    ---------------------------------------------
 
 [tddft_main]
  SC parameters:  fac1=  1.0000      fac2= 0.70711    
                 cfac1=  1.7321     cfac2= 0.70711    
 
 [tddft_pairinfo_aotddft]
  idx=  145435  Npair=  145435
 
 [tddft_grimmestd_init]
 
  sTD-DFT calculation, functional = PBE0
  Approximate excitation energies (IPA): (eV)
        3.11926
        3.12628
        3.19616
        3.21945
        3.39626
        3.40634
        3.47623
        3.49644
        3.84855
        3.95180
 
 Size of active space:   1639
 Size of active space + external space:    145435
 Number of contributing MO pairs:  10201
 
 sTDA/sTD-DFT parameters:
 facex =     0.2500
 alpha =     1.7025
 beta  =     1.5825
 
  Approximate excitation energies: (eV)
        2.15255     Irrep: A
        2.25364     Irrep: A
        2.44013     Irrep: A
        2.45969     Irrep: A
        2.46670     Irrep: A
        2.54656     Irrep: A
        2.81268     Irrep: A
        3.01036     Irrep: A
        3.50164     Irrep: A
        3.60526     Irrep: A
 
 Time for constructing the sTDA/sTD-DFT Hamiltonian: (CPU/Sys/Wall)       7.65      0.22      0.48
 Time for diagonalizing the sTDA/sTD-DFT Hamiltonian: (CPU/Sys/Wall)      30.94      0.77      2.77
 Total time for tddft_grimmestd_init: (CPU/Sys/Wall)      38.59      0.99      3.25
 
 
 [tddft_select]
 [ Targeted Excited States / Diag method ] 
  TD-Nsym:    1
  1    A      40 from   145435   1
  Total No. of excited states:      40
 Estimate memory in tddft_init mem:          49.932 M
 
 ==============================================
  Jrep: 1  ExctSym:   A  (convert to td-psym)
  Irep: 1  PairSym:   A  GsSym:   A
  Nexit:      40     Nsos:  145435
 ==============================================
 Estimated memory for JK operator:        273.375 M
 Maximum memory to calculate JK operator:         512.000 M
 Allow to calculate    2 roots at one pass for RPA ...
 Allow to calculate    4 roots at one pass for TDA ...
 You can set MEMJKOP in tddft input to improve performance...
 
  Nlarge=           145435 Nlimdim=             2000 Nfac=               50
  Estimated mem for dvdson storage (RPA) =        6851.720 M          6.691 G
  Estimated mem for dvdson storage (TDA) =        4482.732 M          4.378 G
  Warning! Memory exceeds 1G ! 
 
 [dvdson_rpa_block]
 
 ------------------------------------------------------------------
  Size of blocks = 500000
  No.  of blocks =      1
  Eshift =    10000.4248970473
 ------------------------------------------------------------------
 
 ------------------------------------------------------
  iblock =      0     /      1
  ineig  =     40     / 500000
  istart =      1     /     40
  eshift =    10000.4248970473     
 ------------------------------------------------------
 
 Inital guess for dvdson iteration :  20   0   0
 [dvdson_v0_std]
     48 initial guess vectors will be generated.
  No. of initial guess Ndim/Neig/Nlimdim =     48    40  2000
 X-TDDFT leading term
     tddft JK operator time:      4730.06 S         7.83 S       264.89 S 
 
     tddft JK operator time:      4732.88 S         9.24 S       265.12 S 
 
     tddft JK operator time:      4743.44 S         8.35 S       265.71 S 
 
     tddft JK operator time:      4758.30 S         7.94 S       266.44 S 
 
     tddft JK operator time:      4742.05 S         8.72 S       265.59 S 
 
     tddft JK operator time:      4738.79 S         7.86 S       265.33 S 
 
     tddft JK operator time:      4743.21 S         8.43 S       265.67 S 
 
     tddft JK operator time:      4749.27 S         8.78 S       266.24 S 
 
     tddft JK operator time:      4759.65 S         7.65 S       266.45 S 
 
     tddft JK operator time:      4773.20 S         6.16 S       267.06 S 
 
     tddft JK operator time:      4749.51 S         7.88 S       265.91 S 
 
     tddft JK operator time:      4752.74 S         7.88 S       266.15 S 
 
 
 Iteration started !
 
 Niter=     1   Nlarge =  145435   Nmv =      48
 Ndim =    48   Nlimdim=    2000   Nres=    1952
 Approximated Eigenvalue (i,w,diff/eV,diff/a.u.):
    1        1.7764347796        1.7764347796           0.653E-01
    2        1.9419149979        1.9419149979           0.714E-01
    3        2.1395802113        2.1395802113           0.786E-01
    4        2.2951276971        2.2951276971           0.843E-01
    5        2.6168805372        2.6168805372           0.962E-01
    6        2.6268326070        2.6268326070           0.965E-01
    7        2.6443031497        2.6443031497           0.972E-01
    8        2.8786194181        2.8786194181           0.106E+00
    9        3.2313623460        3.2313623460           0.119E+00
   10        3.3321134072        3.3321134072           0.122E+00
   11        3.4841235096        3.4841235096           0.128E+00
   12        3.4900022585        3.4900022585           0.128E+00
   13        3.6067790294        3.6067790294           0.133E+00
   14        3.6133428118        3.6133428118           0.133E+00
   15        3.6611443000        3.6611443000           0.135E+00
   16        3.6678179382        3.6678179382           0.135E+00
   17        3.6935735494        3.6935735494           0.136E+00
   18        3.7582772462        3.7582772462           0.138E+00
   19        3.8056027038        3.8056027038           0.140E+00
   20        3.8967876639        3.8967876639           0.143E+00
   21        3.9438176042        3.9438176042           0.145E+00
   22        4.0647247451        4.0647247451           0.149E+00
   23        4.0890301447        4.0890301447           0.150E+00
   24        4.1126244486        4.1126244486           0.151E+00
   25        4.1160811417        4.1160811417           0.151E+00
   26        4.1273738482        4.1273738482           0.152E+00
   27        4.1412042898        4.1412042898           0.152E+00
   28        4.2633423253        4.2633423253           0.157E+00
   29        4.2783282335        4.2783282335           0.157E+00
   30        4.2813742618        4.2813742618           0.157E+00
   31        4.3624777765        4.3624777765           0.160E+00
   32        4.3645263944        4.3645263944           0.160E+00
   33        4.4509941500        4.4509941500           0.164E+00
   34        4.5057072406        4.5057072406           0.166E+00
   35        4.5131057211        4.5131057211           0.166E+00
   36        4.6329206664        4.6329206664           0.170E+00
   37        4.6498316778        4.6498316778           0.171E+00
   38        4.6536808198        4.6536808198           0.171E+00
   39        4.7503884431        4.7503884431           0.175E+00
   40        4.7560236152        4.7560236152           0.175E+00
 No. of converged eigval:     0
 Norm of Residuals:
    1        0.0003705691        0.0047100100           0.371E-03           0.471E-02
    2        0.0004173400        0.0047791590           0.417E-03           0.478E-02
    3        0.0005540000        0.0043388620           0.554E-03           0.434E-02
    4        0.0006065417        0.0042691808           0.607E-03           0.427E-02
    5        0.0075669616        0.0083759630           0.757E-02           0.838E-02
    6        0.0012229867        0.0161522341           0.122E-02           0.162E-01
    7        0.0013581525        0.0168173391           0.136E-02           0.168E-01
    8        0.0082828592        0.0084108560           0.828E-02           0.841E-02
    9        0.0012969644        0.0080625256           0.130E-02           0.806E-02
   10        0.0013287952        0.0083180989           0.133E-02           0.832E-02
   11        0.0011244579        0.0095274560           0.112E-02           0.953E-02
   12        0.0011605326        0.0080486929           0.116E-02           0.805E-02
   13        0.0113041996        0.0142117759           0.113E-01           0.142E-01
   14        0.0015054449        0.0092994768           0.151E-02           0.930E-02
   15        0.0012093148        0.0082050020           0.121E-02           0.821E-02
   16        0.0014437460        0.0091925952           0.144E-02           0.919E-02
   17        0.0021885957        0.0209859075           0.219E-02           0.210E-01
   18        0.0117664944        0.0147394740           0.118E-01           0.147E-01
   19        0.0011583002        0.0074200143           0.116E-02           0.742E-02
   20        0.0027911651        0.0264865409           0.279E-02           0.265E-01
   21        0.0013519126        0.0084216712           0.135E-02           0.842E-02
   22        0.0031161568        0.0255300743           0.312E-02           0.255E-01
   23        0.0030253687        0.0157451853           0.303E-02           0.157E-01
   24        0.0119514453        0.0138125973           0.120E-01           0.138E-01
   25        0.0070806310        0.0361746583           0.708E-02           0.362E-01
   26        0.0024322545        0.0242152126           0.243E-02           0.242E-01
   27        0.0085753934        0.0405731629           0.858E-02           0.406E-01
   28        0.0034647324        0.0280136975           0.346E-02           0.280E-01
   29        0.0048372677        0.0310938830           0.484E-02           0.311E-01
   30        0.0019712669        0.0161895364           0.197E-02           0.162E-01
   31        0.0144051575        0.0152801999           0.144E-01           0.153E-01
   32        0.0019449371        0.0183417234           0.194E-02           0.183E-01
   33        0.0011247504        0.0082795551           0.112E-02           0.828E-02
   34        0.0054727729        0.0326726342           0.547E-02           0.327E-01
   35        0.0026559978        0.0157968491           0.266E-02           0.158E-01
   36        0.0133669822        0.0145457384           0.134E-01           0.145E-01
   37        0.0011931847        0.0078709813           0.119E-02           0.787E-02
   38        0.0153435211        0.0161893512           0.153E-01           0.162E-01
   39        0.0012196657        0.0065720930           0.122E-02           0.657E-02
   40        0.0055727667        0.0353288267           0.557E-02           0.353E-01
 No. of converged eigvec:     0
 Max norm of residues   :  0.406E-01
 *** New Directions : sTDDFT-Davidson step ***
 Modified GS-Orthonormalization [Z.Li@2012.11.12]
 Left  Nindp=   40
 Modified GS-Orthonormalization [Z.Li@2012.11.12]
 Right Nindp=   40
 Total Nindp=   80
 X-TDDFT leading term
     tddft JK operator time:      4789.65 S         8.29 S       268.26 S 
 
     tddft JK operator time:      4839.42 S         8.30 S       270.96 S 
 
     tddft JK operator time:      4770.90 S         9.34 S       267.18 S 
 
     tddft JK operator time:      4791.91 S         9.15 S       268.38 S 
 
     tddft JK operator time:      4802.64 S         8.93 S       268.99 S 
 
     tddft JK operator time:      4815.85 S         9.62 S       269.77 S 
 
     tddft JK operator time:      4801.77 S         8.98 S       268.94 S 
 
     tddft JK operator time:      4823.34 S         9.32 S       270.12 S 
 
     tddft JK operator time:      4819.34 S         8.49 S       269.85 S 
 
     tddft JK operator time:      4807.18 S         9.01 S       269.25 S 
 
     tddft JK operator time:      4812.41 S         9.25 S       269.53 S 
 
     tddft JK operator time:      4813.07 S         9.23 S       269.53 S 
 
     tddft JK operator time:      4814.09 S         8.44 S       269.51 S 
 
     tddft JK operator time:      4805.33 S         9.03 S       269.15 S 
 
     tddft JK operator time:      4823.06 S         8.01 S       270.05 S 
 
     tddft JK operator time:      4821.67 S         8.92 S       270.04 S 
 
     tddft JK operator time:      4832.83 S         8.79 S       270.65 S 
 
     tddft JK operator time:      4828.62 S         8.00 S       270.35 S 
 
     tddft JK operator time:      4826.21 S         8.89 S       270.25 S 
 
     tddft JK operator time:      4812.21 S         9.12 S       269.51 S 
 
 
 Niter=     2   Nlarge =  145435   Nmv =     128
 Ndim =   128   Nlimdim=    2000   Nres=    1872
 Approximated Eigenvalue (i,w,diff/eV,diff/a.u.):
    1        1.5385999141        0.2378348655           0.874E-02
    2        1.7290469400        0.2128680579           0.782E-02
    3        2.0812869112        0.0582933001           0.214E-02
    4        2.2365283099        0.0585993872           0.215E-02
    5        2.4462317895        0.1706487477           0.627E-02
    6        2.4502709169        0.1765616900           0.649E-02
    7        2.4763277208        0.1679754289           0.617E-02
    8        2.4897452092        0.3888742089           0.143E-01
    9        2.5339166525        0.6974456935           0.256E-01
   10        2.5511053373        0.7810080699           0.287E-01
   11        2.7610918161        0.7230316935           0.266E-01
   12        3.0077853801        0.4822168784           0.177E-01
   13        3.1448405640        0.4619384654           0.170E-01
   14        3.2913964750        0.3219463368           0.118E-01
   15        3.3628263935        0.2983179065           0.110E-01
   16        3.4160475413        0.2517703968           0.925E-02
   17        3.4347747662        0.2587987832           0.951E-02
   18        3.4636499023        0.2946273438           0.108E-01
   19        3.5410533075        0.2645493964           0.972E-02
   20        3.5496700279        0.3471176360           0.128E-01
   21        3.5506485215        0.3931690827           0.144E-01
   22        3.5671378524        0.4975868927           0.183E-01
   23        3.7321525009        0.3568776438           0.131E-01
   24        3.7457132718        0.3669111768           0.135E-01
   25        3.7551096250        0.3609715167           0.133E-01
   26        3.8441257750        0.2832480732           0.104E-01
   27        3.8985134090        0.2426908807           0.892E-02
   28        3.9661243526        0.2972179727           0.109E-01
   29        3.9700632861        0.3082649474           0.113E-01
   30        3.9781907820        0.3031834798           0.111E-01
   31        4.0486226801        0.3138550964           0.115E-01
   32        4.0597786764        0.3047477180           0.112E-01
   33        4.1220487720        0.3289453780           0.121E-01
   34        4.2603605482        0.2453466924           0.902E-02
   35        4.2864543347        0.2266513863           0.833E-02
   36        4.3565452142        0.2763754522           0.102E-01
   37        4.4194765842        0.2303550936           0.847E-02
   38        4.5064586392        0.1472221806           0.541E-02
   39        4.5162257976        0.2341626455           0.861E-02
   40        4.5740340833        0.1819895319           0.669E-02
 No. of converged eigval:     0
 Norm of Residuals:
    1        0.0001670010        0.0008666267           0.167E-03           0.867E-03
    2        0.0002057913        0.0009234791           0.206E-03           0.923E-03
    3        0.0001102626        0.0005006684           0.110E-03           0.501E-03
    4        0.0001622317        0.0005785037           0.162E-03           0.579E-03
    5        0.0007290297        0.0027088363           0.729E-03           0.271E-02
    6        0.0008299722        0.0028575812           0.830E-03           0.286E-02
    7        0.0091090244        0.0112085293           0.911E-02           0.112E-01
    8        0.0005072233        0.0013776451           0.507E-03           0.138E-02
    9        0.0095509195        0.0118336499           0.955E-02           0.118E-01
   10        0.0069165538        0.0193693658           0.692E-02           0.194E-01
   11        0.0005043671        0.0007236360           0.504E-03           0.724E-03
   12        0.0006562788        0.0023507475           0.656E-03           0.235E-02
   13        0.0007549744        0.0018221467           0.755E-03           0.182E-02
   14        0.0006595001        0.0020494246           0.660E-03           0.205E-02
   15        0.0005831499        0.0028531095           0.583E-03           0.285E-02
   16        0.0007263135        0.0018738954           0.726E-03           0.187E-02
   17        0.0009817165        0.0024508991           0.982E-03           0.245E-02
   18        0.0020776311        0.0023524572           0.208E-02           0.235E-02
   19        0.0013296498        0.0032792187           0.133E-02           0.328E-02
   20        0.0050526478        0.0075543288           0.505E-02           0.755E-02
   21        0.0049934348        0.0079714283           0.499E-02           0.797E-02
   22        0.0004782771        0.0019531466           0.478E-03           0.195E-02
   23        0.0005172841        0.0015247127           0.517E-03           0.152E-02
   24        0.0025747634        0.0049646889           0.257E-02           0.496E-02
   25        0.0019597012        0.0023424244           0.196E-02           0.234E-02
   26        0.0009296407        0.0017867702           0.930E-03           0.179E-02
   27        0.0024324548        0.0052179160           0.243E-02           0.522E-02
   28        0.0014998733        0.0037527108           0.150E-02           0.375E-02
   29        0.0026209512        0.0035441639           0.262E-02           0.354E-02
   30        0.0009742448        0.0030054892           0.974E-03           0.301E-02
   31        0.0025371424        0.0059498522           0.254E-02           0.595E-02
   32        0.0013488360        0.0039595028           0.135E-02           0.396E-02
   33        0.0006669940        0.0025412024           0.667E-03           0.254E-02
   34        0.0014362994        0.0031740361           0.144E-02           0.317E-02
   35        0.0024419888        0.0044110913           0.244E-02           0.441E-02
   36        0.0007238954        0.0029858026           0.724E-03           0.299E-02
   37        0.0024276621        0.0048567376           0.243E-02           0.486E-02
   38        0.0009888279        0.0021903798           0.989E-03           0.219E-02
   39        0.0024568642        0.0048012362           0.246E-02           0.480E-02
   40        0.0007214012        0.0016515400           0.721E-03           0.165E-02
 No. of converged eigvec:     0
 Max norm of residues   :  0.194E-01
 *** New Directions : sTDDFT-Davidson step ***
 Modified GS-Orthonormalization [Z.Li@2012.11.12]
 Left  Nindp=   40
 Modified GS-Orthonormalization [Z.Li@2012.11.12]
 Right Nindp=   40
 Total Nindp=   80
 X-TDDFT leading term
     tddft JK operator time:      4811.90 S         8.45 S       269.47 S 
 
     tddft JK operator time:      4836.15 S         9.00 S       270.82 S 
 
     tddft JK operator time:      4843.23 S         8.94 S       271.22 S 
 
     tddft JK operator time:      4820.60 S         9.15 S       270.03 S 
 
     tddft JK operator time:      4818.04 S         8.78 S       269.86 S 
 
     tddft JK operator time:      4818.79 S         9.35 S       269.96 S 
 
     tddft JK operator time:      4814.72 S         8.87 S       269.64 S 
 
     tddft JK operator time:      4828.34 S         8.06 S       270.35 S 
 
     tddft JK operator time:      4815.17 S         9.89 S       269.72 S 
 
     tddft JK operator time:      4841.76 S         8.45 S       271.08 S 
 
     tddft JK operator time:      4808.05 S         8.53 S       269.28 S 
 
     tddft JK operator time:      4822.72 S         8.46 S       270.03 S 
 
     tddft JK operator time:      4803.25 S         8.12 S       269.08 S 
 
     tddft JK operator time:      4816.54 S         9.71 S       269.84 S 
 
     tddft JK operator time:      4834.79 S         8.96 S       270.75 S 
 
     tddft JK operator time:      4823.28 S         8.91 S       270.32 S 
 
     tddft JK operator time:      4823.23 S         8.81 S       270.07 S 
 
     tddft JK operator time:      4835.58 S         8.60 S       270.78 S 
 
     tddft JK operator time:      4822.76 S         8.30 S       270.07 S 
 
     tddft JK operator time:      4821.78 S         9.15 S       270.08 S 
 
 
 Niter=     3   Nlarge =  145435   Nmv =     208
 Ndim =   208   Nlimdim=    2000   Nres=    1792
 Approximated Eigenvalue (i,w,diff/eV,diff/a.u.):
    1        1.5310086668        0.0075912474           0.279E-03
    2        1.7220219619        0.0070249781           0.258E-03
    3        2.0805156191        0.0007712921           0.283E-04
    4        2.1879482084        0.0485801016           0.179E-02
    5        2.2354851473        0.2107466422           0.774E-02
    6        2.2391597903        0.2111111267           0.776E-02
    7        2.2416429949        0.2346847259           0.862E-02
    8        2.4321586887        0.0575865205           0.212E-02
    9        2.4338376284        0.1000790240           0.368E-02
   10        2.4874983639        0.0636069735           0.234E-02
   11        2.7603362947        0.0007555213           0.278E-04
   12        3.0004928695        0.0072925107           0.268E-03
   13        3.1397348372        0.0051057268           0.188E-03
   14        3.2860699549        0.0053265201           0.196E-03
   15        3.3581672742        0.0046591193           0.171E-03
   16        3.4116882003        0.0043593410           0.160E-03
   17        3.4258655415        0.0089092247           0.327E-03
   18        3.4476713913        0.0159785110           0.587E-03
   19        3.4814954163        0.0595578911           0.219E-02
   20        3.4867318165        0.0629382114           0.231E-02
   21        3.5297547996        0.0208937219           0.768E-03
   22        3.5649984003        0.0021394521           0.786E-04
   23        3.7238192512        0.0083332497           0.306E-03
   24        3.7297195251        0.0159937466           0.588E-03
   25        3.7396863231        0.0154233019           0.567E-03
   26        3.8409161274        0.0032096476           0.118E-03
   27        3.8736766786        0.0248367304           0.913E-03
   28        3.9533660229        0.0127583297           0.469E-03
   29        3.9568320834        0.0132312028           0.486E-03
   30        3.9735964895        0.0045942925           0.169E-03
   31        4.0191705698        0.0294521103           0.108E-02
   32        4.0515237211        0.0082549553           0.303E-03
   33        4.1167248987        0.0053238733           0.196E-03
   34        4.2454113006        0.0149492476           0.549E-03
   35        4.2595819330        0.0268724018           0.988E-03
   36        4.2671348631        0.0894103511           0.329E-02
   37        4.3410986616        0.0783779226           0.288E-02
   38        4.3523301719        0.1541284673           0.566E-02
   39        4.3963823482        0.1198434494           0.440E-02
   40        4.4977451033        0.0762889800           0.280E-02
 No. of converged eigval:     0
 Norm of Residuals:
    1        0.0000187800        0.0001492101           0.188E-04           0.149E-03
    2        0.0000256792        0.0001820029           0.257E-04           0.182E-03
    3        0.0000121647        0.0000899727           0.122E-04           0.900E-04
    4        0.0008051962        0.0014092804           0.805E-03           0.141E-02
    5        0.0000188709        0.0001024661           0.189E-04           0.102E-03
    6        0.0008328526        0.0014405807           0.833E-03           0.144E-02
    7        0.0006621343        0.0029121050           0.662E-03           0.291E-02
    8        0.0001475241        0.0009626737           0.148E-03           0.963E-03
    9        0.0002269916        0.0010601989           0.227E-03           0.106E-02
   10        0.0000496261        0.0002300598           0.496E-04           0.230E-03
   11        0.0000330424        0.0001924487           0.330E-04           0.192E-03
   12        0.0000917655        0.0007256561           0.918E-04           0.726E-03
   13        0.0000695211        0.0006030295           0.695E-04           0.603E-03
   14        0.0000862798        0.0005424478           0.863E-04           0.542E-03
   15        0.0001872471        0.0009350802           0.187E-03           0.935E-03
   16        0.0000744144        0.0004506542           0.744E-04           0.451E-03
   17        0.0001134131        0.0004988898           0.113E-03           0.499E-03
   18        0.0003099451        0.0007187301           0.310E-03           0.719E-03
   19        0.0007028328        0.0023091842           0.703E-03           0.231E-02
   20        0.0006212477        0.0019250779           0.621E-03           0.193E-02
   21        0.0001804434        0.0009595874           0.180E-03           0.960E-03
   22        0.0001333784        0.0005996367           0.133E-03           0.600E-03
   23        0.0003845236        0.0018667720           0.385E-03           0.187E-02
   24        0.0000907490        0.0004706883           0.907E-04           0.471E-03
   25        0.0003477588        0.0008108394           0.348E-03           0.811E-03
   26        0.0004985588        0.0006779971           0.499E-03           0.678E-03
   27        0.0005155403        0.0017477290           0.516E-03           0.175E-02
   28        0.0002334010        0.0010741407           0.233E-03           0.107E-02
   29        0.0001833443        0.0006385621           0.183E-03           0.639E-03
   30        0.0001862423        0.0011983710           0.186E-03           0.120E-02
   31        0.0006971184        0.0019987605           0.697E-03           0.200E-02
   32        0.0002739857        0.0015466134           0.274E-03           0.155E-02
   33        0.0001782598        0.0008816614           0.178E-03           0.882E-03
   34        0.0008983811        0.0013271331           0.898E-03           0.133E-02
   35        0.0051385470        0.0060568304           0.514E-02           0.606E-02
   36        0.0004172696        0.0017393845           0.417E-03           0.174E-02
   37        0.0051893477        0.0060731412           0.519E-02           0.607E-02
   38        0.0002240621        0.0010961722           0.224E-03           0.110E-02
   39        0.0006124146        0.0019530138           0.612E-03           0.195E-02
   40        0.0004347196        0.0021737944           0.435E-03           0.217E-02
 No. of converged eigvec:     0
 Max norm of residues   :  0.607E-02
 *** New Directions : sTDDFT-Davidson step ***
 Modified GS-Orthonormalization [Z.Li@2012.11.12]
 Left  Nindp=   40
 Modified GS-Orthonormalization [Z.Li@2012.11.12]
 Right Nindp=   40
 Total Nindp=   80
 X-TDDFT leading term
     tddft JK operator time:      4848.45 S         9.52 S       271.49 S 
 
     tddft JK operator time:      4844.96 S         9.21 S       271.33 S 
 
     tddft JK operator time:      4828.56 S         8.88 S       270.37 S 
 
     tddft JK operator time:      4829.39 S         8.43 S       270.43 S 
 
     tddft JK operator time:      4839.80 S         9.06 S       271.10 S 
 
     tddft JK operator time:      4824.00 S         9.44 S       270.23 S 
 
     tddft JK operator time:      4822.94 S         9.01 S       270.07 S 
 
     tddft JK operator time:      4831.78 S         8.65 S       270.55 S 
 
     tddft JK operator time:      4836.59 S         9.56 S       270.94 S 
 
     tddft JK operator time:      4831.71 S         8.93 S       270.57 S 
 
     tddft JK operator time:      4825.02 S         8.23 S       270.18 S 
 
     tddft JK operator time:      4820.62 S         8.98 S       269.96 S 
 
     tddft JK operator time:      4830.15 S         9.77 S       270.53 S 
 
     tddft JK operator time:      4836.68 S         9.45 S       270.86 S 
 
     tddft JK operator time:      4841.06 S         8.26 S       271.06 S 
 
     tddft JK operator time:      4831.60 S         9.52 S       270.65 S 
 
     tddft JK operator time:      4840.69 S         8.87 S       271.08 S 
 
     tddft JK operator time:      4848.23 S         8.02 S       271.49 S 
 
     tddft JK operator time:      4836.73 S         9.84 S       270.92 S 
 
     tddft JK operator time:      4846.73 S         9.17 S       271.42 S 
 
 
 Niter=     4   Nlarge =  145435   Nmv =     288
 Ndim =   288   Nlimdim=    2000   Nres=    1712
 Approximated Eigenvalue (i,w,diff/eV,diff/a.u.):
    1        1.5308333138        0.0001753530           0.644E-05
    2        1.7218456495        0.0001763125           0.648E-05
    3        2.0804927945        0.0000228246           0.839E-06
    4        2.1844901585        0.0034580499           0.127E-03
    5        2.2329031704        0.0025819770           0.949E-04
    6        2.2354621690        0.0036976213           0.136E-03
    7        2.2356948081        0.0059481867           0.219E-03
    8        2.4309897548        0.0011689339           0.430E-04
    9        2.4323717435        0.0014658849           0.539E-04
   10        2.4874066526        0.0000917113           0.337E-05
   11        2.7602932320        0.0000430627           0.158E-05
   12        2.9997510587        0.0007418108           0.273E-04
   13        3.1394302756        0.0003045616           0.112E-04
   14        3.2857115722        0.0003583827           0.132E-04
   15        3.3572712728        0.0008960014           0.329E-04
   16        3.4114633706        0.0002248297           0.826E-05
   17        3.4256068846        0.0002586569           0.951E-05
   18        3.4470731944        0.0005981969           0.220E-04
   19        3.4792083896        0.0022870267           0.840E-04
   20        3.4850406491        0.0016911674           0.621E-04
   21        3.5290318757        0.0007229239           0.266E-04
   22        3.5646672355        0.0003311648           0.122E-04
   23        3.7222645380        0.0015547132           0.571E-04
   24        3.7295830018        0.0001365234           0.502E-05
   25        3.7390612927        0.0006250304           0.230E-04
   26        3.8404351767        0.0004809506           0.177E-04
   27        3.8721499371        0.0015267415           0.561E-04
   28        3.9524933923        0.0008726307           0.321E-04
   29        3.9565280488        0.0003040345           0.112E-04
   30        3.9729625984        0.0006338911           0.233E-04
   31        4.0166786056        0.0024919642           0.916E-04
   32        4.0506722515        0.0008514696           0.313E-04
   33        4.1163048634        0.0004200352           0.154E-04
   34        4.2375480056        0.0078632950           0.289E-03
   35        4.2441177997        0.0154641333           0.568E-03
   36        4.2660319629        0.0011029002           0.405E-04
   37        4.3194212290        0.0216774326           0.797E-03
   38        4.3515358516        0.0007943202           0.292E-04
   39        4.3946033437        0.0017790044           0.654E-04
   40        4.4962379784        0.0015071249           0.554E-04
 No. of converged eigval:     0
 Norm of Residuals:
    1        0.0000018654        0.0000266722           0.187E-05           0.267E-04
    2        0.0000023686        0.0000327025           0.237E-05           0.327E-04
    3        0.0000017658        0.0000189100           0.177E-05           0.189E-04
    4        0.0000650592        0.0003195340           0.651E-04           0.320E-03
    5        0.0000880960        0.0005411017           0.881E-04           0.541E-03
    6        0.0000019044        0.0000200691           0.190E-05           0.201E-04
    7        0.0000682140        0.0003079258           0.682E-04           0.308E-03
    8        0.0000188191        0.0001634096           0.188E-04           0.163E-03
    9        0.0000241397        0.0001556323           0.241E-04           0.156E-03
   10        0.0000083611        0.0000287313           0.836E-05           0.287E-04
   11        0.0000064103        0.0000395676           0.641E-05           0.396E-04
   12        0.0000253015        0.0001143652           0.253E-04           0.114E-03
   13        0.0000157280        0.0001550886           0.157E-04           0.155E-03
   14        0.0000295895        0.0000939007           0.296E-04           0.939E-04
   15        0.0000461164        0.0002540760           0.461E-04           0.254E-03
   16        0.0000159292        0.0000801305           0.159E-04           0.801E-04
   17        0.0000180408        0.0001109263           0.180E-04           0.111E-03
   18        0.0000922512        0.0001616563           0.923E-04           0.162E-03
   19        0.0001013752        0.0004536681           0.101E-03           0.454E-03
   20        0.0000683031        0.0003919335           0.683E-04           0.392E-03
   21        0.0001980997        0.0002971983           0.198E-03           0.297E-03
   22        0.0000332171        0.0001628123           0.332E-04           0.163E-03
   23        0.0000546080        0.0002741240           0.546E-04           0.274E-03
   24        0.0000220476        0.0001168184           0.220E-04           0.117E-03
   25        0.0001008157        0.0001812369           0.101E-03           0.181E-03
   26        0.0000332659        0.0001538389           0.333E-04           0.154E-03
   27        0.0000983221        0.0004123146           0.983E-04           0.412E-03
   28        0.0005062622        0.0006960457           0.506E-03           0.696E-03
   29        0.0000278195        0.0001722789           0.278E-04           0.172E-03
   30        0.0001016240        0.0003099848           0.102E-03           0.310E-03
   31        0.0001544289        0.0005871468           0.154E-03           0.587E-03
   32        0.0000532384        0.0002974212           0.532E-04           0.297E-03
   33        0.0000404481        0.0001753987           0.404E-04           0.175E-03
   34        0.0005255772        0.0010188229           0.526E-03           0.102E-02
   35        0.0000880311        0.0001789516           0.880E-04           0.179E-03
   36        0.0000828289        0.0003429303           0.828E-04           0.343E-03
   37        0.0005347357        0.0009887390           0.535E-03           0.989E-03
   38        0.0003008283        0.0004349001           0.301E-03           0.435E-03
   39        0.0001205287        0.0004605414           0.121E-03           0.461E-03
   40        0.0000830656        0.0003838027           0.831E-04           0.384E-03
 No. of converged eigvec:     0
 Max norm of residues   :  0.102E-02
 *** New Directions : sTDDFT-Davidson step ***
 Modified GS-Orthonormalization [Z.Li@2012.11.12]
 Left  Nindp=   40
 Modified GS-Orthonormalization [Z.Li@2012.11.12]
 Right Nindp=   40
 Total Nindp=   80
 X-TDDFT leading term
     tddft JK operator time:      4845.84 S         9.89 S       271.48 S 
 
     tddft JK operator time:      4853.67 S         9.35 S       271.82 S 
 
     tddft JK operator time:      4850.50 S        10.41 S       271.69 S 
 
     tddft JK operator time:      4856.18 S         8.74 S       271.98 S 
 
     tddft JK operator time:      4856.50 S         8.54 S       271.97 S 
 
     tddft JK operator time:      4850.98 S         9.65 S       271.69 S 
 
     tddft JK operator time:      4837.36 S         9.87 S       271.13 S 
 
     tddft JK operator time:      4852.55 S         9.70 S       271.78 S 
 
     tddft JK operator time:      4862.67 S         9.60 S       272.36 S 
 
     tddft JK operator time:      4853.47 S         9.37 S       271.81 S 
 
     tddft JK operator time:      4835.49 S         9.71 S       270.84 S 
 
     tddft JK operator time:      4842.92 S         9.12 S       271.19 S 
 
     tddft JK operator time:      4830.65 S         8.94 S       270.46 S 
 
     tddft JK operator time:      4846.12 S         8.97 S       271.39 S 
 
     tddft JK operator time:      4844.48 S         9.83 S       271.32 S 
 
     tddft JK operator time:      4836.10 S         8.84 S       270.83 S 
 
     tddft JK operator time:      4831.77 S         9.87 S       270.60 S 
 
     tddft JK operator time:      4844.60 S         9.74 S       271.36 S 
 
     tddft JK operator time:      4845.01 S         8.19 S       271.25 S 
 
     tddft JK operator time:      4827.31 S         8.71 S       270.33 S 
 
 
 Niter=     5   Nlarge =  145435   Nmv =     368
 Ndim =   368   Nlimdim=    2000   Nres=    1632
 Approximated Eigenvalue (i,w,diff/eV,diff/a.u.):
    1        1.5308295719        0.0000037419           0.138E-06
    2        1.7218415865        0.0000040630           0.149E-06
    3        2.0804921686        0.0000006259           0.230E-07
    4        2.1843736498        0.0001165087           0.428E-05
    5        2.2325246631        0.0003785073           0.139E-04
    6        2.2354615548        0.0000006142           0.226E-07
    7        2.2355823858        0.0001124224           0.413E-05
    8        2.4309632859        0.0000264689           0.973E-06
    9        2.4323427294        0.0000290142           0.107E-05
   10        2.4816363255        0.0057703270           0.212E-03
   11        2.4874051123        0.2728881197           0.100E-01
   12        2.7602914318        0.2394596269           0.880E-02
   13        2.9997423060        0.1396879696           0.513E-02
   14        3.1394100798        0.1463014924           0.538E-02
   15        3.2857096223        0.0715616505           0.263E-02
   16        3.3572131719        0.0542501987           0.199E-02
   17        3.4114581348        0.0141487498           0.520E-03
   18        3.4255970832        0.0214761112           0.789E-03
   19        3.4470341167        0.0321742729           0.118E-02
   20        3.4791241846        0.0059164645           0.217E-03
   21        3.4849822920        0.0440495837           0.162E-02
   22        3.5291590488        0.0355081866           0.130E-02
   23        3.5646462912        0.1576182469           0.579E-02
   24        3.7222272406        0.0073557612           0.270E-03
   25        3.7295749424        0.0094863502           0.349E-03
   26        3.7390214336        0.1014137432           0.373E-02
   27        3.8404245717        0.0317253655           0.117E-02
   28        3.8720586377        0.0804347546           0.296E-02
   29        3.9528030609        0.0037249879           0.137E-03
   30        3.9565123830        0.0164502154           0.605E-03
   31        3.9729176018        0.0437610037           0.161E-02
   32        4.0165161030        0.0341561485           0.126E-02
   33        4.0506365485        0.0656683150           0.241E-02
   34        4.1162896545        0.1212583511           0.446E-02
   35        4.2369904524        0.0071273473           0.262E-03
   36        4.2441039796        0.0219279834           0.806E-03
   37        4.2659931012        0.0534281278           0.196E-02
   38        4.3188835175        0.0326523341           0.120E-02
   39        4.3515501352        0.0430532085           0.158E-02
   40        4.3945210049        0.1017169735           0.374E-02
 No. of converged eigval:     0
 Norm of Residuals:
    1        0.0000003631        0.0000051052           0.363E-06           0.511E-05
    2        0.0000004842        0.0000062279           0.484E-06           0.623E-05
    3        0.0000003769        0.0000041992           0.377E-06           0.420E-05
    4        0.0000087907        0.0000427224           0.879E-05           0.427E-04
    5        0.0000237645        0.0000929607           0.238E-04           0.930E-04
    6        0.0000004053        0.0000040248           0.405E-06           0.402E-05
    7        0.0000092747        0.0000449098           0.927E-05           0.449E-04
    8        0.0000022680        0.0000209549           0.227E-05           0.210E-04
    9        0.0000035460        0.0000221275           0.355E-05           0.221E-04
   10        0.0017845132        0.0036350595           0.178E-02           0.364E-02
   11        0.0000019584        0.0000065734           0.196E-05           0.657E-05
   12        0.0000010492        0.0000089029           0.105E-05           0.890E-05
   13        0.0000070115        0.0000247500           0.701E-05           0.248E-04
   14        0.0000033402        0.0000267085           0.334E-05           0.267E-04
   15        0.0000055828        0.0000211958           0.558E-05           0.212E-04
   16        0.0000108710        0.0000474211           0.109E-04           0.474E-04
   17        0.0000024400        0.0000159186           0.244E-05           0.159E-04
   18        0.0000034732        0.0000227927           0.347E-05           0.228E-04
   19        0.0000187704        0.0000367192           0.188E-04           0.367E-04
   20        0.0000191897        0.0000838428           0.192E-04           0.838E-04
   21        0.0000139168        0.0000690636           0.139E-04           0.691E-04
   22        0.0000260934        0.0000570639           0.261E-04           0.571E-04
   23        0.0000082020        0.0000326630           0.820E-05           0.327E-04
   24        0.0000110818        0.0000424428           0.111E-04           0.424E-04
   25        0.0000063421        0.0000227837           0.634E-05           0.228E-04
   26        0.0000213396        0.0000426510           0.213E-04           0.427E-04
   27        0.0000057131        0.0000292928           0.571E-05           0.293E-04
   28        0.0000317878        0.0001013019           0.318E-04           0.101E-03
   29        0.0000327606        0.0000762409           0.328E-04           0.762E-04
   30        0.0000074402        0.0000380185           0.744E-05           0.380E-04
   31        0.0000271040        0.0000612774           0.271E-04           0.613E-04
   32        0.0000433277        0.0001112657           0.433E-04           0.111E-03
   33        0.0000096983        0.0000567552           0.970E-05           0.568E-04
   34        0.0000063102        0.0000451185           0.631E-05           0.451E-04
   35        0.0000888941        0.0001889152           0.889E-04           0.189E-03
   36        0.0000079141        0.0000229733           0.791E-05           0.230E-04
   37        0.0000151385        0.0000639142           0.151E-04           0.639E-04
   38        0.0000923064        0.0001934916           0.923E-04           0.193E-03
   39        0.0000160959        0.0000563634           0.161E-04           0.564E-04
   40        0.0000330912        0.0000912749           0.331E-04           0.913E-04
 No. of converged eigvec:     0
 Max norm of residues   :  0.364E-02
 *** New Directions : sTDDFT-Davidson step ***
 Modified GS-Orthonormalization [Z.Li@2012.11.12]
 Left  Nindp=   36
 Modified GS-Orthonormalization [Z.Li@2012.11.12]
 Right Nindp=   40
 Total Nindp=   76
 X-TDDFT leading term
     tddft JK operator time:      4846.02 S         7.76 S       271.32 S 
 
     tddft JK operator time:      4841.17 S         9.24 S       271.14 S 
 
     tddft JK operator time:      4851.46 S         9.34 S       271.82 S 
 
     tddft JK operator time:      4845.02 S         9.24 S       271.32 S 
 
     tddft JK operator time:      4855.84 S         9.01 S       271.88 S 
 
     tddft JK operator time:      4834.05 S        10.05 S       270.78 S 
 
     tddft JK operator time:      4850.67 S         9.33 S       271.71 S 
 
     tddft JK operator time:      4860.30 S         8.66 S       272.11 S 
 
     tddft JK operator time:      4848.77 S         9.56 S       271.57 S 
 
     tddft JK operator time:      4838.21 S         9.40 S       270.99 S 
 
     tddft JK operator time:      4846.69 S         8.89 S       271.47 S 
 
     tddft JK operator time:      4834.39 S         8.55 S       270.79 S 
 
     tddft JK operator time:      4829.27 S         9.06 S       270.52 S 
 
     tddft JK operator time:      4834.74 S         9.39 S       270.82 S 
 
     tddft JK operator time:      4848.83 S         8.53 S       271.56 S 
 
     tddft JK operator time:      4841.45 S        10.10 S       271.25 S 
 
     tddft JK operator time:      4844.81 S         8.92 S       271.36 S 
 
     tddft JK operator time:      4847.17 S         9.97 S       271.50 S 
 
     tddft JK operator time:      4847.73 S         9.30 S       271.51 S 
 
 
 Niter=     6   Nlarge =  145435   Nmv =     444
 Ndim =   444   Nlimdim=    2000   Nres=    1556
 Approximated Eigenvalue (i,w,diff/eV,diff/a.u.):
    1        1.5308294631        0.0000001088           0.400E-08
    2        1.7218414612        0.0000001253           0.460E-08
    3        2.0804921480        0.0000000205           0.755E-09
    4        2.1843710368        0.0000026131           0.960E-07
    5        2.2325123147        0.0000123484           0.454E-06
    6        2.2354615334        0.0000000214           0.786E-09
    7        2.2355796005        0.0000027853           0.102E-06
    8        2.4309628777        0.0000004082           0.150E-07
    9        2.4323422922        0.0000004372           0.161E-07
   10        2.4534670366        0.0281692890           0.104E-02
   11        2.4874050368        0.0000000755           0.277E-08
   12        2.7602913492        0.0000000826           0.304E-08
   13        2.9997415498        0.0000007562           0.278E-07
   14        3.1394094548        0.0000006249           0.230E-07
   15        3.2857091927        0.0000004296           0.158E-07
   16        3.3572112176        0.0000019543           0.718E-07
   17        3.4114579490        0.0000001857           0.683E-08
   18        3.4255967168        0.0000003664           0.135E-07
   19        3.4470322145        0.0000019022           0.699E-07
   20        3.4791214979        0.0000026867           0.987E-07
   21        3.4849805986        0.0000016934           0.622E-07
   22        3.5291562242        0.0000028247           0.104E-06
   23        3.5646454924        0.0000007988           0.294E-07
   24        3.7222264086        0.0000008320           0.306E-07
   25        3.7295746516        0.0000002908           0.107E-07
   26        3.7390192479        0.0000021857           0.803E-07
   27        3.8404241246        0.0000004471           0.164E-07
   28        3.8720532042        0.0000054335           0.200E-06
   29        3.9527992270        0.0000038339           0.141E-06
   30        3.9565116392        0.0000007438           0.273E-07
   31        3.9729150200        0.0000025819           0.949E-07
   32        4.0165094326        0.0000066704           0.245E-06
   33        4.0506354490        0.0000010995           0.404E-07
   34        4.1162887877        0.0000008667           0.319E-07
   35        4.2369725567        0.0000178957           0.658E-06
   36        4.2441037016        0.0000002780           0.102E-07
   37        4.2659917190        0.0000013823           0.508E-07
   38        4.3188649175        0.0000186000           0.684E-06
   39        4.3515486301        0.0000015051           0.553E-07
   40        4.3945170177        0.0000039871           0.147E-06
 No. of converged eigval:     7
 Norm of Residuals:
    1        0.0000004012        0.0000009266           0.401E-06           0.927E-06
    2        0.0000004031        0.0000011948           0.403E-06           0.119E-05
    3        0.0000004311        0.0000006623           0.431E-06           0.662E-06
    4        0.0000011648        0.0000068634           0.116E-05           0.686E-05
    5        0.0000032391        0.0000120975           0.324E-05           0.121E-04
    6        0.0000003582        0.0000006182           0.358E-06           0.618E-06
    7        0.0000012524        0.0000073739           0.125E-05           0.737E-05
    8        0.0000003435        0.0000031799           0.344E-06           0.318E-05
    9        0.0000004576        0.0000032274           0.458E-06           0.323E-05
   10        0.0003057176        0.0004639865           0.306E-03           0.464E-03
   11        0.0000003374        0.0000011485           0.337E-06           0.115E-05
   12        0.0000002212        0.0000012972           0.221E-06           0.130E-05
   13        0.0000012807        0.0000043578           0.128E-05           0.436E-05
   14        0.0000006276        0.0000045706           0.628E-06           0.457E-05
   15        0.0000010995        0.0000030657           0.110E-05           0.307E-05
   16        0.0000017264        0.0000096877           0.173E-05           0.969E-05
   17        0.0000005368        0.0000026616           0.537E-06           0.266E-05
   18        0.0000007356        0.0000032522           0.736E-06           0.325E-05
   19        0.0000030048        0.0000080281           0.300E-05           0.803E-05
   20        0.0000034548        0.0000125170           0.345E-05           0.125E-04
   21        0.0000025126        0.0000106541           0.251E-05           0.107E-04
   22        0.0000047940        0.0000073608           0.479E-05           0.736E-05
   23        0.0000012630        0.0000063716           0.126E-05           0.637E-05
   24        0.0000018473        0.0000070820           0.185E-05           0.708E-05
   25        0.0000008203        0.0000055386           0.820E-06           0.554E-05
   26        0.0000038247        0.0000093363           0.382E-05           0.934E-05
   27        0.0000012769        0.0000046397           0.128E-05           0.464E-05
   28        0.0000055894        0.0000208732           0.559E-05           0.209E-04
   29        0.0000052427        0.0000080615           0.524E-05           0.806E-05
   30        0.0000016100        0.0000062422           0.161E-05           0.624E-05
   31        0.0000059282        0.0000111720           0.593E-05           0.112E-04
   32        0.0000082146        0.0000223001           0.821E-05           0.223E-04
   33        0.0000016584        0.0000112639           0.166E-05           0.113E-04
   34        0.0000015374        0.0000103029           0.154E-05           0.103E-04
   35        0.0000130177        0.0000297357           0.130E-04           0.297E-04
   36        0.0000016036        0.0000040962           0.160E-05           0.410E-05
   37        0.0000027154        0.0000107593           0.272E-05           0.108E-04
   38        0.0000140817        0.0000308606           0.141E-04           0.309E-04
   39        0.0000030574        0.0000090216           0.306E-05           0.902E-05
   40        0.0000057758        0.0000165173           0.578E-05           0.165E-04
 No. of converged eigvec:     3
 Max norm of residues   :  0.464E-03
 *** New Directions : sTDDFT-Davidson step ***
 Modified GS-Orthonormalization [Z.Li@2012.11.12]
 Left  Nindp=   28
 Modified GS-Orthonormalization [Z.Li@2012.11.12]
 Right Nindp=   37
 Total Nindp=   65
 X-TDDFT leading term
     tddft JK operator time:      4842.15 S         9.69 S       271.23 S 
 
     tddft JK operator time:      4854.51 S        10.62 S       271.96 S 
 
     tddft JK operator time:      4865.73 S         8.88 S       272.54 S 
 
     tddft JK operator time:      4847.76 S         8.26 S       271.46 S 
 
     tddft JK operator time:      4858.03 S         9.02 S       272.09 S 
 
     tddft JK operator time:      4847.72 S         8.72 S       271.47 S 
 
     tddft JK operator time:      4854.76 S         9.09 S       271.86 S 
 
     tddft JK operator time:      4847.80 S         8.63 S       271.47 S 
 
     tddft JK operator time:      4853.19 S         9.71 S       271.84 S 
 
     tddft JK operator time:      4862.82 S        10.09 S       272.43 S 
 
     tddft JK operator time:      4858.38 S         9.40 S       272.10 S 
 
     tddft JK operator time:      4860.69 S         9.25 S       272.33 S 
 
     tddft JK operator time:      4851.13 S        10.16 S       271.75 S 
 
     tddft JK operator time:      4855.35 S         9.17 S       271.99 S 
 
     tddft JK operator time:      4864.05 S         8.50 S       272.34 S 
 
     tddft JK operator time:      4842.82 S         9.36 S       271.25 S 
 
     tddft JK operator time:      4625.95 S         3.86 S       258.10 S 
 
 
 Niter=     7   Nlarge =  145435   Nmv =     509
 Ndim =   509   Nlimdim=    2000   Nres=    1491
 Approximated Eigenvalue (i,w,diff/eV,diff/a.u.):
    1        1.5308294612        0.0000000019           0.685E-10
    2        1.7218414565        0.0000000048           0.175E-09
    3        2.0804921476        0.0000000004           0.140E-10
    4        2.1843709595        0.0000000772           0.284E-08
    5        2.2325121232        0.0000001915           0.704E-08
    6        2.2354615331        0.0000000004           0.130E-10
    7        2.2355795163        0.0000000842           0.310E-08
    8        2.4309628690        0.0000000087           0.320E-09
    9        2.4323422827        0.0000000096           0.351E-09
   10        2.4529797327        0.0004873039           0.179E-04
   11        2.4874050346        0.0000000023           0.829E-10
   12        2.7602913470        0.0000000022           0.794E-10
   13        2.9997415291        0.0000000207           0.761E-09
   14        3.1394094405        0.0000000143           0.527E-09
   15        3.2857091830        0.0000000097           0.357E-09
   16        3.3572111490        0.0000000686           0.252E-08
   17        3.4114579434        0.0000000056           0.207E-09
   18        3.4255967078        0.0000000089           0.329E-09
   19        3.4470321494        0.0000000651           0.239E-08
   20        3.4791214378        0.0000000601           0.221E-08
   21        3.4849805555        0.0000000431           0.158E-08
   22        3.5291561724        0.0000000518           0.190E-08
   23        3.5646454651        0.0000000273           0.100E-08
   24        3.7222263875        0.0000000211           0.776E-09
   25        3.7295746370        0.0000000147           0.539E-09
   26        3.7390191665        0.0000000814           0.299E-08
   27        3.8404241125        0.0000000121           0.446E-09
   28        3.8720530042        0.0000001999           0.735E-08
   29        3.9527991663        0.0000000607           0.223E-08
   30        3.9565116201        0.0000000191           0.701E-09
   31        3.9729149298        0.0000000902           0.331E-08
   32        4.0165091797        0.0000002529           0.929E-08
   33        4.0506354133        0.0000000357           0.131E-08
   34        4.1162887355        0.0000000522           0.192E-08
   35        4.2369719607        0.0000005960           0.219E-07
   36        4.2441036928        0.0000000088           0.323E-09
   37        4.2659916805        0.0000000384           0.141E-08
   38        4.3188642874        0.0000006300           0.232E-07
   39        4.3515485883        0.0000000418           0.154E-08
   40        4.3945169065        0.0000001113           0.409E-08
 No. of converged eigval:    37
 Norm of Residuals:
    1        0.0000003588        0.0000006745           0.359E-06           0.674E-06
    2        0.0000003889        0.0000001941           0.389E-06           0.194E-06
    3        0.0000004212        0.0000004531           0.421E-06           0.453E-06
    4        0.0000003054        0.0000012909           0.305E-06           0.129E-05
    5        0.0000004230        0.0000016084           0.423E-06           0.161E-05
    6        0.0000003360        0.0000003922           0.336E-06           0.392E-06
    7        0.0000003290        0.0000014813           0.329E-06           0.148E-05
    8        0.0000003676        0.0000005174           0.368E-06           0.517E-06
    9        0.0000003524        0.0000004592           0.352E-06           0.459E-06
   10        0.0000437666        0.0000690935           0.438E-04           0.691E-04
   11        0.0000003197        0.0000002044           0.320E-06           0.204E-06
   12        0.0000002914        0.0000002665           0.291E-06           0.267E-06
   13        0.0000002067        0.0000007929           0.207E-06           0.793E-06
   14        0.0000006067        0.0000008167           0.607E-06           0.817E-06
   15        0.0000001783        0.0000005055           0.178E-06           0.506E-06
   16        0.0000003065        0.0000018296           0.306E-06           0.183E-05
   17        0.0000002783        0.0000004329           0.278E-06           0.433E-06
   18        0.0000005818        0.0000006449           0.582E-06           0.645E-06
   19        0.0000005363        0.0000017722           0.536E-06           0.177E-05
   20        0.0000004922        0.0000019144           0.492E-06           0.191E-05
   21        0.0000003497        0.0000018472           0.350E-06           0.185E-05
   22        0.0000007656        0.0000011782           0.766E-06           0.118E-05
   23        0.0000002302        0.0000011482           0.230E-06           0.115E-05
   24        0.0000003066        0.0000014715           0.307E-06           0.147E-05
   25        0.0000006731        0.0000008206           0.673E-06           0.821E-06
   26        0.0000007378        0.0000020706           0.738E-06           0.207E-05
   27        0.0000002142        0.0000007983           0.214E-06           0.798E-06
   28        0.0000010600        0.0000034397           0.106E-05           0.344E-05
   29        0.0000010151        0.0000013600           0.102E-05           0.136E-05
   30        0.0000002559        0.0000011697           0.256E-06           0.117E-05
   31        0.0000006209        0.0000019700           0.621E-06           0.197E-05
   32        0.0000012809        0.0000040885           0.128E-05           0.409E-05
   33        0.0000003690        0.0000019107           0.369E-06           0.191E-05
   34        0.0000003564        0.0000020072           0.356E-06           0.201E-05
   35        0.0000033590        0.0000055055           0.336E-05           0.551E-05
   36        0.0000003242        0.0000007271           0.324E-06           0.727E-06
   37        0.0000004693        0.0000016280           0.469E-06           0.163E-05
   38        0.0000035707        0.0000057702           0.357E-05           0.577E-05
   39        0.0000004446        0.0000014291           0.445E-06           0.143E-05
   40        0.0000010756        0.0000026854           0.108E-05           0.269E-05
 No. of converged eigvec:    16
 Max norm of residues   :  0.691E-04
 *** New Directions : sTDDFT-Davidson step ***
 Modified GS-Orthonormalization [Z.Li@2012.11.12]
 Left  Nindp=    7
 Modified GS-Orthonormalization [Z.Li@2012.11.12]
 Right Nindp=   24
 Total Nindp=   31
 X-TDDFT leading term
     tddft JK operator time:      4863.64 S         9.47 S       272.41 S 
 
     tddft JK operator time:      4854.85 S         8.96 S       271.87 S 
 
     tddft JK operator time:      4856.86 S         9.92 S       272.05 S 
 
     tddft JK operator time:      4855.53 S         9.23 S       272.02 S 
 
     tddft JK operator time:      4842.06 S        10.20 S       271.26 S 
 
     tddft JK operator time:      4868.38 S         9.39 S       272.69 S 
 
     tddft JK operator time:      4854.24 S         9.54 S       271.89 S 
 
     tddft JK operator time:      4972.62 S         8.47 S       278.12 S 
 
 
 Niter=     8   Nlarge =  145435   Nmv =     540
 Ndim =   540   Nlimdim=    2000   Nres=    1460
 Approximated Eigenvalue (i,w,diff/eV,diff/a.u.):
    1        1.5308294611        0.0000000002           0.557E-11
    2        1.7218414564        0.0000000001           0.269E-11
    3        2.0804921476        0.0000000000           0.141E-11
    4        2.1843709572        0.0000000024           0.873E-10
    5        2.2325121199        0.0000000033           0.120E-09
    6        2.2354615331        0.0000000000           0.651E-12
    7        2.2355795134        0.0000000029           0.106E-09
    8        2.4309628689        0.0000000001           0.348E-11
    9        2.4323422826        0.0000000001           0.383E-11
   10        2.4529699419        0.0000097907           0.360E-06
   11        2.4874050346        0.0000000000           0.244E-14
   12        2.7602913470        0.0000000000           0.142E-14
   13        2.9997415288        0.0000000004           0.129E-10
   14        3.1394094403        0.0000000001           0.545E-11
   15        3.2857091829        0.0000000001           0.386E-11
   16        3.3572111464        0.0000000025           0.933E-10
   17        3.4114579434        0.0000000000           0.821E-12
   18        3.4255967077        0.0000000001           0.421E-11
   19        3.4470321470        0.0000000024           0.878E-10
   20        3.4791214365        0.0000000012           0.459E-10
   21        3.4849805545        0.0000000010           0.383E-10
   22        3.5291561712        0.0000000012           0.437E-10
   23        3.5646454642        0.0000000009           0.326E-10
   24        3.7222263869        0.0000000006           0.235E-10
   25        3.7295746367        0.0000000002           0.889E-11
   26        3.7390191633        0.0000000031           0.115E-09
   27        3.8404241125        0.0000000000           0.353E-12
   28        3.8720529989        0.0000000053           0.196E-09
   29        3.9527991645        0.0000000018           0.661E-10
   30        3.9565116195        0.0000000006           0.222E-10
   31        3.9729149280        0.0000000017           0.641E-10
   32        4.0165091726        0.0000000071           0.262E-09
   33        4.0506354125        0.0000000009           0.319E-10
   34        4.1162887338        0.0000000017           0.637E-10
   35        4.2369719379        0.0000000228           0.837E-09
   36        4.2441036927        0.0000000001           0.224E-11
   37        4.2659916796        0.0000000009           0.321E-10
   38        4.3188642627        0.0000000247           0.908E-09
   39        4.3515485876        0.0000000008           0.277E-10
   40        4.3945169033        0.0000000031           0.115E-09
 No. of converged eigval:    39
 Norm of Residuals:
    1        0.0000003566        0.0000006714           0.357E-06           0.671E-06
    2        0.0000003772        0.0000001395           0.377E-06           0.140E-06
    3        0.0000003905        0.0000004099           0.390E-06           0.410E-06
    4        0.0000001110        0.0000001751           0.111E-06           0.175E-06
    5        0.0000003386        0.0000002262           0.339E-06           0.226E-06
    6        0.0000003306        0.0000003971           0.331E-06           0.397E-06
    7        0.0000001331        0.0000001979           0.133E-06           0.198E-06
    8        0.0000003722        0.0000003799           0.372E-06           0.380E-06
    9        0.0000003523        0.0000003415           0.352E-06           0.341E-06
   10        0.0000053375        0.0000103760           0.534E-05           0.104E-04
   11        0.0000003199        0.0000002041           0.320E-06           0.204E-06
   12        0.0000002914        0.0000002665           0.291E-06           0.267E-06
   13        0.0000001020        0.0000003684           0.102E-06           0.368E-06
   14        0.0000006106        0.0000006193           0.611E-06           0.619E-06
   15        0.0000000860        0.0000003950           0.860E-07           0.395E-06
   16        0.0000003219        0.0000003224           0.322E-06           0.322E-06
   17        0.0000002715        0.0000003926           0.272E-06           0.393E-06
   18        0.0000005815        0.0000004783           0.582E-06           0.478E-06
   19        0.0000005068        0.0000002425           0.507E-06           0.243E-06
   20        0.0000006142        0.0000003386           0.614E-06           0.339E-06
   21        0.0000005067        0.0000002914           0.507E-06           0.291E-06
   22        0.0000001865        0.0000001658           0.187E-06           0.166E-06
   23        0.0000002342        0.0000002065           0.234E-06           0.206E-06
   24        0.0000003923        0.0000002671           0.392E-06           0.267E-06
   25        0.0000006527        0.0000004901           0.653E-06           0.490E-06
   26        0.0000006904        0.0000003031           0.690E-06           0.303E-06
   27        0.0000002170        0.0000008021           0.217E-06           0.802E-06
   28        0.0000001775        0.0000004999           0.177E-06           0.500E-06
   29        0.0000001377        0.0000002244           0.138E-06           0.224E-06
   30        0.0000002905        0.0000002180           0.290E-06           0.218E-06
   31        0.0000007721        0.0000004213           0.772E-06           0.421E-06
   32        0.0000002139        0.0000006146           0.214E-06           0.615E-06
   33        0.0000004758        0.0000002694           0.476E-06           0.269E-06
   34        0.0000003805        0.0000003065           0.381E-06           0.307E-06
   35        0.0000004070        0.0000008837           0.407E-06           0.884E-06
   36        0.0000002769        0.0000005647           0.277E-06           0.565E-06
   37        0.0000005135        0.0000002949           0.514E-06           0.295E-06
   38        0.0000004830        0.0000009453           0.483E-06           0.945E-06
   39        0.0000003666        0.0000002410           0.367E-06           0.241E-06
   40        0.0000001931        0.0000004318           0.193E-06           0.432E-06
 No. of converged eigvec:    39
 Max norm of residues   :  0.104E-04
 *** New Directions : sTDDFT-Davidson step ***
 Modified GS-Orthonormalization [Z.Li@2012.11.12]
 Left  Nindp=    1
 Modified GS-Orthonormalization [Z.Li@2012.11.12]
 Right Nindp=    1
 Total Nindp=    2
 X-TDDFT leading term
     tddft JK operator time:      4785.96 S         6.21 S       267.44 S 
 
 
 Niter=     9   Nlarge =  145435   Nmv =     542
 Ndim =   542   Nlimdim=    2000   Nres=    1458
 Approximated Eigenvalue (i,w,diff/eV,diff/a.u.):
    1        1.5308294611        0.0000000000           0.221E-13
    2        1.7218414564        0.0000000000           0.863E-14
    3        2.0804921476        0.0000000000           0.518E-14
    4        2.1843709572        0.0000000000           0.271E-14
    5        2.2325121199        0.0000000000           0.819E-14
    6        2.2354615331        0.0000000000           0.577E-14
    7        2.2355795134        0.0000000000           0.346E-14
    8        2.4309628689        0.0000000000           0.458E-15
    9        2.4323422826        0.0000000000           0.802E-14
   10        2.4529697242        0.0000002177           0.800E-08
   11        2.4874050346        0.0000000000           0.597E-15
   12        2.7602913470        0.0000000000           0.527E-15
   13        2.9997415288        0.0000000000           0.287E-12
   14        3.1394094403        0.0000000000           0.488E-14
   15        3.2857091829        0.0000000000           0.107E-12
   16        3.3572111464        0.0000000000           0.625E-15
   17        3.4114579434        0.0000000000           0.184E-13
   18        3.4255967077        0.0000000000           0.192E-14
   19        3.4470321470        0.0000000000           0.169E-14
   20        3.4791214365        0.0000000000           0.208E-14
   21        3.4849805545        0.0000000000           0.111E-15
   22        3.5291561712        0.0000000000           0.101E-11
   23        3.5646454642        0.0000000000           0.333E-15
   24        3.7222263869        0.0000000000           0.147E-14
   25        3.7295746367        0.0000000000           0.611E-15
   26        3.7390191633        0.0000000000           0.247E-14
   27        3.8404241125        0.0000000000           0.286E-14
   28        3.8720529989        0.0000000000           0.278E-15
   29        3.9527991644        0.0000000000           0.120E-11
   30        3.9565116195        0.0000000000           0.305E-15
   31        3.9729149280        0.0000000000           0.999E-15
   32        4.0165091726        0.0000000000           0.500E-15
   33        4.0506354125        0.0000000000           0.583E-15
   34        4.1162887338        0.0000000000           0.944E-15
   35        4.2369719379        0.0000000000           0.219E-14
   36        4.2441036927        0.0000000000           0.724E-14
   37        4.2659916796        0.0000000000           0.150E-14
   38        4.3188642627        0.0000000000           0.142E-14
   39        4.3515485876        0.0000000000           0.301E-13
   40        4.3945169033        0.0000000000           0.108E-14
 No. of converged eigval:    40
 ### Cong: Eigenvalues have Converged ! ###
 Norm of Residuals:
    1        0.0000003566        0.0000006714           0.357E-06           0.671E-06
    2        0.0000003772        0.0000001395           0.377E-06           0.140E-06
    3        0.0000003905        0.0000004099           0.390E-06           0.410E-06
    4        0.0000001110        0.0000001751           0.111E-06           0.175E-06
    5        0.0000003386        0.0000002262           0.339E-06           0.226E-06
    6        0.0000003306        0.0000003971           0.331E-06           0.397E-06
    7        0.0000001331        0.0000001979           0.133E-06           0.198E-06
    8        0.0000003722        0.0000003799           0.372E-06           0.380E-06
    9        0.0000003523        0.0000003415           0.352E-06           0.341E-06
   10        0.0000009147        0.0000015845           0.915E-06           0.158E-05
   11        0.0000003199        0.0000002041           0.320E-06           0.204E-06
   12        0.0000002914        0.0000002665           0.291E-06           0.267E-06
   13        0.0000001036        0.0000003630           0.104E-06           0.363E-06
   14        0.0000006106        0.0000006193           0.611E-06           0.619E-06
   15        0.0000000811        0.0000003911           0.811E-07           0.391E-06
   16        0.0000003219        0.0000003224           0.322E-06           0.322E-06
   17        0.0000002715        0.0000003910           0.272E-06           0.391E-06
   18        0.0000005815        0.0000004783           0.582E-06           0.478E-06
   19        0.0000005068        0.0000002425           0.507E-06           0.243E-06
   20        0.0000006142        0.0000003386           0.614E-06           0.339E-06
   21        0.0000005067        0.0000002914           0.507E-06           0.291E-06
   22        0.0000001309        0.0000000899           0.131E-06           0.899E-07
   23        0.0000002342        0.0000002065           0.234E-06           0.206E-06
   24        0.0000003923        0.0000002671           0.392E-06           0.267E-06
   25        0.0000006527        0.0000004901           0.653E-06           0.490E-06
   26        0.0000006904        0.0000003031           0.690E-06           0.303E-06
   27        0.0000002170        0.0000008021           0.217E-06           0.802E-06
   28        0.0000001775        0.0000004999           0.177E-06           0.500E-06
   29        0.0000000624        0.0000001366           0.624E-07           0.137E-06
   30        0.0000002905        0.0000002180           0.290E-06           0.218E-06
   31        0.0000007721        0.0000004213           0.772E-06           0.421E-06
   32        0.0000002139        0.0000006146           0.214E-06           0.615E-06
   33        0.0000004758        0.0000002694           0.476E-06           0.269E-06
   34        0.0000003805        0.0000003065           0.381E-06           0.307E-06
   35        0.0000004070        0.0000008837           0.407E-06           0.884E-06
   36        0.0000002775        0.0000005662           0.278E-06           0.566E-06
   37        0.0000005135        0.0000002949           0.514E-06           0.295E-06
   38        0.0000004830        0.0000009453           0.483E-06           0.945E-06
   39        0.0000003646        0.0000002360           0.365E-06           0.236E-06
   40        0.0000001931        0.0000004318           0.193E-06           0.432E-06
 No. of converged eigvec:    39
 Max norm of residues   :  0.158E-05
 
 ------------------------------------------------------------------
  Orthogonality check2 for iblock/dim =      0      40
  Averaged nHxProd =     13.550
  Ndim =       40  Maximum nonzero deviation from Iden = 0.220E-09
 ------------------------------------------------------------------
 
 ------------------------------------------------------------------
  Statistics for [dvdson_rpa_block]:
   No.  of blocks =        1
   Size of blocks =   500000
   No.  of eigens =       40
   No.  of HxProd =      542      Averaged =    13.550
   Eigenvalues (a.u.) = 
        0.0562569247        0.0632764835        0.0764566485
        0.0802741230        0.0820432774        0.0821516663
        0.0821560020        0.0893362053        0.0893868978
        0.0901449420        0.0914104159        0.1014387993
        0.1102384280        0.1153711272        0.1207475416
        0.1233751894        0.1253687217        0.1258883115
        0.1266760490        0.1278553083        0.1280706268
        0.1296940502        0.1309982572        0.1367892472
        0.1370592903        0.1374063701        0.1411329319
        0.1422952716        0.1452626374        0.1453990675
        0.1460018778        0.1476039362        0.1488580519
        0.1512707661        0.1557057904        0.1559678775
        0.1567722459        0.1587152767        0.1599164031
        0.1614954590
 ------------------------------------------------------------------
 
 Timing Spin analyze :     6582.26        0.81      366.86
 
 No.     1    w=      1.5308 eV    -2642.550347 a.u.  f=    0.0000   D<Pab>= 1.9998   Ova= 0.7770
     CV(aa):    A(  87 )->   A(  98 )  c_i: -0.1157  Per:  1.3%  IPA:     7.342 eV  Oai: 0.7893
     CV(aa):    A(  93 )->   A(  97 )  c_i: -0.2309  Per:  5.3%  IPA:     3.476 eV  Oai: 0.7265
     CV(aa):    A(  94 )->   A(  96 )  c_i:  0.6322  Per: 40.0%  IPA:     3.126 eV  Oai: 0.7958
     CV(bb):    A(  87 )->   A(  98 )  c_i:  0.1156  Per:  1.3%  IPA:     7.340 eV  Oai: 0.7893
     CV(bb):    A(  93 )->   A(  97 )  c_i:  0.2296  Per:  5.3%  IPA:     3.496 eV  Oai: 0.7265
     CV(bb):    A(  94 )->   A(  96 )  c_i: -0.6315  Per: 39.9%  IPA:     3.119 eV  Oai: 0.7958
 
 No.     2    w=      1.7218 eV    -2642.543327 a.u.  f=    0.0000   D<Pab>= 1.9998   Ova= 0.7472
     CV(aa):    A(  88 )->   A(  98 )  c_i:  0.1218  Per:  1.5%  IPA:     7.296 eV  Oai: 0.8025
     CV(aa):    A(  93 )->   A(  96 )  c_i: -0.5031  Per: 25.3%  IPA:     3.196 eV  Oai: 0.7409
     CV(aa):    A(  94 )->   A(  97 )  c_i: -0.4532  Per: 20.5%  IPA:     3.406 eV  Oai: 0.7676
     CV(bb):    A(  88 )->   A(  98 )  c_i: -0.1215  Per:  1.5%  IPA:     7.295 eV  Oai: 0.8025
     CV(bb):    A(  93 )->   A(  96 )  c_i:  0.4947  Per: 24.5%  IPA:     3.219 eV  Oai: 0.7409
     CV(bb):    A(  94 )->   A(  97 )  c_i:  0.4496  Per: 20.2%  IPA:     3.396 eV  Oai: 0.7676
 
 No.     3    w=      2.0805 eV    -2642.530147 a.u.  f=    0.0000   D<Pab>= 1.9988   Ova= 0.7547
     CV(aa):    A(  93 )->   A(  96 )  c_i:  0.4668  Per: 21.8%  IPA:     3.196 eV  Oai: 0.7409
     CV(aa):    A(  94 )->   A(  97 )  c_i: -0.5252  Per: 27.6%  IPA:     3.406 eV  Oai: 0.7676
     CV(bb):    A(  93 )->   A(  96 )  c_i: -0.4420  Per: 19.5%  IPA:     3.219 eV  Oai: 0.7409
     CV(bb):    A(  94 )->   A(  97 )  c_i:  0.5443  Per: 29.6%  IPA:     3.396 eV  Oai: 0.7676
 
 No.     4    w=      2.1844 eV    -2642.526329 a.u.  f=    0.0000   D<Pab>= 0.0022   Ova= 0.4288
     CO(bb):    A(  67 )->   A(  95 )  c_i: -0.1143  Per:  1.3%  IPA:    10.074 eV  Oai: 0.3243
     CO(bb):    A(  81 )->   A(  95 )  c_i: -0.8206  Per: 67.3%  IPA:     7.843 eV  Oai: 0.4779
     CO(bb):    A(  92 )->   A(  95 )  c_i: -0.5511  Per: 30.4%  IPA:     5.179 eV  Oai: 0.3293
 
 No.     5    w=      2.2325 eV    -2642.524560 a.u.  f=    0.0000   D<Pab>= 0.0016   Ova= 0.6069
     CO(bb):    A(  70 )->   A(  95 )  c_i:  0.2380  Per:  5.7%  IPA:     9.336 eV  Oai: 0.5783
     CO(bb):    A(  85 )->   A(  95 )  c_i: -0.9627  Per: 92.7%  IPA:     7.111 eV  Oai: 0.6128
 
 No.     6    w=      2.2355 eV    -2642.524452 a.u.  f=    0.0000   D<Pab>= 1.9974   Ova= 0.7305
     CV(aa):    A(  93 )->   A(  97 )  c_i:  0.6901  Per: 47.6%  IPA:     3.476 eV  Oai: 0.7265
     CV(aa):    A(  94 )->   A(  96 )  c_i:  0.1742  Per:  3.0%  IPA:     3.126 eV  Oai: 0.7958
     CV(bb):    A(  93 )->   A(  97 )  c_i: -0.6537  Per: 42.7%  IPA:     3.496 eV  Oai: 0.7265
     CV(bb):    A(  94 )->   A(  96 )  c_i: -0.2082  Per:  4.3%  IPA:     3.119 eV  Oai: 0.7958
 
 No.     7    w=      2.2356 eV    -2642.524448 a.u.  f=    0.0000   D<Pab>= 0.0021   Ova= 0.4394
     CO(bb):    A(  65 )->   A(  95 )  c_i: -0.1104  Per:  1.2%  IPA:    10.100 eV  Oai: 0.3211
     CO(bb):    A(  82 )->   A(  95 )  c_i: -0.8438  Per: 71.2%  IPA:     7.829 eV  Oai: 0.4809
     CO(bb):    A(  90 )->   A(  95 )  c_i: -0.5163  Per: 26.7%  IPA:     5.329 eV  Oai: 0.3386
 
 No.     8    w=      2.4310 eV    -2642.517267 a.u.  f=    0.0132   D<Pab>= 0.0014   Ova= 0.7498
     CV(aa):    A(  93 )->   A(  96 )  c_i: -0.5029  Per: 25.3%  IPA:     3.196 eV  Oai: 0.7409
     CV(aa):    A(  94 )->   A(  97 )  c_i: -0.4793  Per: 23.0%  IPA:     3.406 eV  Oai: 0.7676
     CV(bb):    A(  93 )->   A(  96 )  c_i: -0.5327  Per: 28.4%  IPA:     3.219 eV  Oai: 0.7409
     CV(bb):    A(  94 )->   A(  97 )  c_i: -0.4629  Per: 21.4%  IPA:     3.396 eV  Oai: 0.7676
 
 No.     9    w=      2.4323 eV    -2642.517217 a.u.  f=    0.0069   D<Pab>= 0.0032   Ova= 0.7625
     CV(aa):    A(  93 )->   A(  97 )  c_i:  0.4258  Per: 18.1%  IPA:     3.476 eV  Oai: 0.7265
     CV(aa):    A(  94 )->   A(  96 )  c_i: -0.5390  Per: 29.1%  IPA:     3.126 eV  Oai: 0.7958
     CV(bb):    A(  93 )->   A(  97 )  c_i:  0.4769  Per: 22.7%  IPA:     3.496 eV  Oai: 0.7265
     CV(bb):    A(  94 )->   A(  96 )  c_i: -0.5265  Per: 27.7%  IPA:     3.119 eV  Oai: 0.7958
 
 No.    10    w=      2.4530 eV    -2642.516459 a.u.  f=    0.0000   D<Pab>= 0.0019   Ova= 0.5162
     CO(bb):    A(  75 )->   A(  95 )  c_i:  0.5187  Per: 26.9%  IPA:     9.074 eV  Oai: 0.4748
     CO(bb):    A(  78 )->   A(  95 )  c_i:  0.1621  Per:  2.6%  IPA:     8.583 eV  Oai: 0.2957
     CO(bb):    A(  80 )->   A(  95 )  c_i:  0.8332  Per: 69.4%  IPA:     8.040 eV  Oai: 0.5441
 
 No.    11    w=      2.4874 eV    -2642.515193 a.u.  f=    0.0000   D<Pab>= 0.0086   Ova= 0.2527
     CO(bb):    A(  89 )->   A(  95 )  c_i:  0.1270  Per:  1.6%  IPA:     5.748 eV  Oai: 0.2885
     CO(bb):    A(  94 )->   A(  95 )  c_i:  0.9872  Per: 97.5%  IPA:     3.849 eV  Oai: 0.2510
 
 No.    12    w=      2.7603 eV    -2642.505165 a.u.  f=    0.0000   D<Pab>= 0.0065   Ova= 0.1806
     CO(bb):    A(  93 )->   A(  95 )  c_i:  0.9969  Per: 99.4%  IPA:     3.952 eV  Oai: 0.1793
 
 No.    13    w=      2.9997 eV    -2642.496365 a.u.  f=    0.0000   D<Pab>= 1.9912   Ova= 0.5877
     CV(aa):    A(  87 )->   A(  96 )  c_i: -0.1343  Per:  1.8%  IPA:     5.557 eV  Oai: 0.7729
     CV(aa):    A(  89 )->   A(  98 )  c_i: -0.1368  Per:  1.9%  IPA:     6.821 eV  Oai: 0.6664
     CV(aa):    A(  91 )->   A(  98 )  c_i: -0.1643  Per:  2.7%  IPA:     6.400 eV  Oai: 0.6122
     CV(aa):    A(  92 )->   A(  96 )  c_i: -0.5514  Per: 30.4%  IPA:     4.556 eV  Oai: 0.5624
     CV(aa):    A(  92 )->   A( 102 )  c_i:  0.1088  Per:  1.2%  IPA:     8.688 eV  Oai: 0.6788
     CV(aa):    A(  94 )->   A(  98 )  c_i:  0.1728  Per:  3.0%  IPA:     4.911 eV  Oai: 0.6580
     CV(bb):    A(  87 )->   A(  96 )  c_i:  0.1270  Per:  1.6%  IPA:     5.580 eV  Oai: 0.7729
     CV(bb):    A(  89 )->   A(  98 )  c_i:  0.1383  Per:  1.9%  IPA:     6.779 eV  Oai: 0.6664
     CV(bb):    A(  91 )->   A(  98 )  c_i:  0.1703  Per:  2.9%  IPA:     6.342 eV  Oai: 0.6122
     CV(bb):    A(  92 )->   A(  96 )  c_i:  0.6370  Per: 40.6%  IPA:     4.459 eV  Oai: 0.5624
     CV(bb):    A(  92 )->   A( 102 )  c_i: -0.1089  Per:  1.2%  IPA:     8.587 eV  Oai: 0.6788
     CV(bb):    A(  94 )->   A(  98 )  c_i: -0.1730  Per:  3.0%  IPA:     4.878 eV  Oai: 0.6580
 
 No.    14    w=      3.1394 eV    -2642.491232 a.u.  f=    0.0003   D<Pab>= 1.9973   Ova= 0.5972
     CV(aa):    A(  89 )->   A(  96 )  c_i:  0.2015  Per:  4.1%  IPA:     5.036 eV  Oai: 0.5890
     CV(aa):    A(  91 )->   A(  96 )  c_i:  0.5802  Per: 33.7%  IPA:     4.614 eV  Oai: 0.6033
     CV(aa):    A(  92 )->   A(  98 )  c_i:  0.2182  Per:  4.8%  IPA:     6.341 eV  Oai: 0.5265
     CV(bb):    A(  89 )->   A(  96 )  c_i: -0.2129  Per:  4.5%  IPA:     5.020 eV  Oai: 0.5890
     CV(bb):    A(  91 )->   A(  96 )  c_i: -0.6126  Per: 37.5%  IPA:     4.583 eV  Oai: 0.6033
     CV(bb):    A(  92 )->   A(  98 )  c_i: -0.2289  Per:  5.2%  IPA:     6.218 eV  Oai: 0.5265
 
 No.    15    w=      3.2857 eV    -2642.485856 a.u.  f=    0.0000   D<Pab>= 1.9934   Ova= 0.6531
     CV(aa):    A(  87 )->   A(  96 )  c_i: -0.1199  Per:  1.4%  IPA:     5.557 eV  Oai: 0.7729
     CV(aa):    A(  88 )->   A(  97 )  c_i: -0.2485  Per:  6.2%  IPA:     5.791 eV  Oai: 0.7814
     CV(aa):    A(  89 )->   A(  98 )  c_i: -0.1602  Per:  2.6%  IPA:     6.821 eV  Oai: 0.6664
     CV(aa):    A(  90 )->   A(  97 )  c_i:  0.3344  Per: 11.2%  IPA:     4.983 eV  Oai: 0.6047
     CV(aa):    A(  91 )->   A(  98 )  c_i:  0.1373  Per:  1.9%  IPA:     6.400 eV  Oai: 0.6122
     CV(aa):    A(  92 )->   A(  96 )  c_i:  0.1256  Per:  1.6%  IPA:     4.556 eV  Oai: 0.5624
     CV(aa):    A(  94 )->   A(  98 )  c_i:  0.4238  Per: 18.0%  IPA:     4.911 eV  Oai: 0.6580
     CV(bb):    A(  87 )->   A(  96 )  c_i:  0.1235  Per:  1.5%  IPA:     5.580 eV  Oai: 0.7729
     CV(bb):    A(  88 )->   A(  97 )  c_i:  0.2422  Per:  5.9%  IPA:     5.813 eV  Oai: 0.7814
     CV(bb):    A(  89 )->   A(  98 )  c_i:  0.1564  Per:  2.4%  IPA:     6.779 eV  Oai: 0.6664
     CV(bb):    A(  90 )->   A(  97 )  c_i: -0.3759  Per: 14.1%  IPA:     4.885 eV  Oai: 0.6047
     CV(bb):    A(  91 )->   A(  98 )  c_i: -0.1455  Per:  2.1%  IPA:     6.342 eV  Oai: 0.6122
     CV(bb):    A(  92 )->   A(  96 )  c_i: -0.1889  Per:  3.6%  IPA:     4.459 eV  Oai: 0.5624
     CV(bb):    A(  94 )->   A(  98 )  c_i: -0.4331  Per: 18.8%  IPA:     4.878 eV  Oai: 0.6580
 
 No.    16    w=      3.3572 eV    -2642.483228 a.u.  f=    0.0000   D<Pab>= 1.9896   Ova= 0.6309
     CV(aa):    A(  87 )->   A(  97 )  c_i:  0.1005  Per:  1.0%  IPA:     5.837 eV  Oai: 0.8205
     CV(aa):    A(  88 )->   A(  96 )  c_i:  0.2458  Per:  6.0%  IPA:     5.511 eV  Oai: 0.8014
     CV(aa):    A(  90 )->   A(  96 )  c_i:  0.5427  Per: 29.5%  IPA:     4.703 eV  Oai: 0.5983
     CV(aa):    A(  92 )->   A(  97 )  c_i: -0.1617  Per:  2.6%  IPA:     4.836 eV  Oai: 0.5319
     CV(aa):    A(  93 )->   A(  98 )  c_i: -0.1436  Per:  2.1%  IPA:     4.981 eV  Oai: 0.7122
     CV(bb):    A(  87 )->   A(  97 )  c_i: -0.1022  Per:  1.0%  IPA:     5.857 eV  Oai: 0.8205
     CV(bb):    A(  88 )->   A(  96 )  c_i: -0.2412  Per:  5.8%  IPA:     5.536 eV  Oai: 0.8014
     CV(bb):    A(  90 )->   A(  96 )  c_i: -0.6294  Per: 39.6%  IPA:     4.608 eV  Oai: 0.5983
     CV(bb):    A(  92 )->   A(  97 )  c_i:  0.1772  Per:  3.1%  IPA:     4.736 eV  Oai: 0.5319
     CV(bb):    A(  93 )->   A(  98 )  c_i:  0.1455  Per:  2.1%  IPA:     4.979 eV  Oai: 0.7122
 
 No.    17    w=      3.4115 eV    -2642.481235 a.u.  f=    0.0000   D<Pab>= 1.9878   Ova= 0.6381
     CV(aa):    A(  87 )->   A(  96 )  c_i:  0.2222  Per:  4.9%  IPA:     5.557 eV  Oai: 0.7729
     CV(aa):    A(  89 )->   A(  98 )  c_i: -0.1134  Per:  1.3%  IPA:     6.821 eV  Oai: 0.6664
     CV(aa):    A(  90 )->   A(  97 )  c_i:  0.4531  Per: 20.5%  IPA:     4.983 eV  Oai: 0.6047
     CV(aa):    A(  91 )->   A(  98 )  c_i:  0.1111  Per:  1.2%  IPA:     6.400 eV  Oai: 0.6122
     CV(aa):    A(  94 )->   A(  98 )  c_i: -0.3637  Per: 13.2%  IPA:     4.911 eV  Oai: 0.6580
     CV(bb):    A(  87 )->   A(  96 )  c_i: -0.2159  Per:  4.7%  IPA:     5.580 eV  Oai: 0.7729
     CV(bb):    A(  89 )->   A(  98 )  c_i:  0.1261  Per:  1.6%  IPA:     6.779 eV  Oai: 0.6664
     CV(bb):    A(  90 )->   A(  97 )  c_i: -0.5212  Per: 27.2%  IPA:     4.885 eV  Oai: 0.6047
     CV(bb):    A(  91 )->   A(  98 )  c_i: -0.1110  Per:  1.2%  IPA:     6.342 eV  Oai: 0.6122
     CV(bb):    A(  92 )->   A(  96 )  c_i:  0.1342  Per:  1.8%  IPA:     4.459 eV  Oai: 0.5624
     CV(bb):    A(  94 )->   A(  98 )  c_i:  0.3833  Per: 14.7%  IPA:     4.878 eV  Oai: 0.6580
 
 No.    18    w=      3.4256 eV    -2642.480715 a.u.  f=    0.0295   D<Pab>= 1.9513   Ova= 0.6051
     CV(aa):    A(  89 )->   A(  97 )  c_i: -0.3357  Per: 11.3%  IPA:     5.316 eV  Oai: 0.6204
     CV(aa):    A(  89 )->   A( 101 )  c_i:  0.1158  Per:  1.3%  IPA:     9.155 eV  Oai: 0.7331
     CV(aa):    A(  90 )->   A(  98 )  c_i:  0.2331  Per:  5.4%  IPA:     6.488 eV  Oai: 0.5853
     CV(aa):    A(  91 )->   A(  97 )  c_i:  0.4652  Per: 21.6%  IPA:     4.894 eV  Oai: 0.5829
     CV(bb):    A(  89 )->   A(  97 )  c_i:  0.3867  Per: 15.0%  IPA:     5.297 eV  Oai: 0.6204
     CV(bb):    A(  89 )->   A( 101 )  c_i: -0.1207  Per:  1.5%  IPA:     9.134 eV  Oai: 0.7331
     CV(bb):    A(  90 )->   A(  98 )  c_i: -0.2613  Per:  6.8%  IPA:     6.367 eV  Oai: 0.5853
     CV(bb):    A(  91 )->   A(  97 )  c_i: -0.5002  Per: 25.0%  IPA:     4.860 eV  Oai: 0.5829
     CV(bb):    A(  94 )->   A(  97 )  c_i:  0.1284  Per:  1.6%  IPA:     3.396 eV  Oai: 0.7676
 
 No.    19    w=      3.4470 eV    -2642.479928 a.u.  f=    0.0000   D<Pab>= 0.0244   Ova= 0.2788
     CV(aa):    A(  74 )->   A(  96 )  c_i: -0.1708  Per:  2.9%  IPA:    10.165 eV  Oai: 0.4490
     CV(aa):    A(  79 )->   A(  96 )  c_i:  0.3075  Per:  9.5%  IPA:     9.870 eV  Oai: 0.4857
     OV(aa):    A(  95 )->   A(  96 )  c_i: -0.9066  Per: 82.2%  IPA:     5.501 eV  Oai: 0.2369
     CV(bb):    A(  74 )->   A(  96 )  c_i: -0.1119  Per:  1.3%  IPA:     8.476 eV  Oai: 0.4490
     CV(bb):    A(  79 )->   A(  96 )  c_i:  0.1764  Per:  3.1%  IPA:     7.427 eV  Oai: 0.4857
 
 No.    20    w=      3.4791 eV    -2642.478748 a.u.  f=    0.8135   D<Pab>= 0.0042   Ova= 0.6986
     CV(aa):    A(  89 )->   A(  96 )  c_i: -0.1490  Per:  2.2%  IPA:     5.036 eV  Oai: 0.5890
     CV(aa):    A(  91 )->   A(  96 )  c_i: -0.1434  Per:  2.1%  IPA:     4.614 eV  Oai: 0.6033
     CV(aa):    A(  93 )->   A(  97 )  c_i: -0.5132  Per: 26.3%  IPA:     3.476 eV  Oai: 0.7265
     CV(aa):    A(  94 )->   A(  96 )  c_i: -0.3535  Per: 12.5%  IPA:     3.126 eV  Oai: 0.7958
     CO(bb):    A(  86 )->   A(  95 )  c_i:  0.2378  Per:  5.7%  IPA:     7.285 eV  Oai: 0.4422
     CV(bb):    A(  89 )->   A(  96 )  c_i: -0.1438  Per:  2.1%  IPA:     5.020 eV  Oai: 0.5890
     CV(bb):    A(  93 )->   A(  97 )  c_i: -0.5270  Per: 27.8%  IPA:     3.496 eV  Oai: 0.7265
     CV(bb):    A(  94 )->   A(  96 )  c_i: -0.3478  Per: 12.1%  IPA:     3.119 eV  Oai: 0.7958
 
 No.    21    w=      3.4850 eV    -2642.478533 a.u.  f=    0.8263   D<Pab>= 0.1203   Ova= 0.7031
     CV(aa):    A(  89 )->   A(  97 )  c_i: -0.2133  Per:  4.6%  IPA:     5.316 eV  Oai: 0.6204
     CV(aa):    A(  90 )->   A(  98 )  c_i:  0.1194  Per:  1.4%  IPA:     6.488 eV  Oai: 0.5853
     CV(aa):    A(  91 )->   A(  97 )  c_i:  0.1582  Per:  2.5%  IPA:     4.894 eV  Oai: 0.5829
     CV(aa):    A(  93 )->   A(  96 )  c_i:  0.3849  Per: 14.8%  IPA:     3.196 eV  Oai: 0.7409
     CV(aa):    A(  94 )->   A(  97 )  c_i: -0.4895  Per: 24.0%  IPA:     3.406 eV  Oai: 0.7676
     CO(bb):    A(  84 )->   A(  95 )  c_i: -0.2312  Per:  5.3%  IPA:     7.331 eV  Oai: 0.4398
     CV(bb):    A(  93 )->   A(  96 )  c_i:  0.4076  Per: 16.6%  IPA:     3.219 eV  Oai: 0.7409
     CV(bb):    A(  94 )->   A(  97 )  c_i: -0.4575  Per: 20.9%  IPA:     3.396 eV  Oai: 0.7676
 
 No.    22    w=      3.5292 eV    -2642.476910 a.u.  f=    0.0000   D<Pab>= 0.0326   Ova= 0.5629
     CV(aa):    A(  92 )->   A(  96 )  c_i: -0.7506  Per: 56.3%  IPA:     4.556 eV  Oai: 0.5624
     CV(bb):    A(  92 )->   A(  96 )  c_i: -0.6354  Per: 40.4%  IPA:     4.459 eV  Oai: 0.5624
 
 No.    23    w=      3.5646 eV    -2642.475605 a.u.  f=    0.0000   D<Pab>= 1.9829   Ova= 0.6160
     CV(aa):    A(  87 )->   A(  97 )  c_i:  0.2205  Per:  4.9%  IPA:     5.837 eV  Oai: 0.8205
     CV(aa):    A(  92 )->   A(  97 )  c_i: -0.4701  Per: 22.1%  IPA:     4.836 eV  Oai: 0.5319
     CV(aa):    A(  93 )->   A(  98 )  c_i:  0.3696  Per: 13.7%  IPA:     4.981 eV  Oai: 0.7122
     CV(bb):    A(  87 )->   A(  97 )  c_i: -0.2201  Per:  4.8%  IPA:     5.857 eV  Oai: 0.8205
     CV(bb):    A(  92 )->   A(  97 )  c_i:  0.5842  Per: 34.1%  IPA:     4.736 eV  Oai: 0.5319
     CV(bb):    A(  93 )->   A(  98 )  c_i: -0.3780  Per: 14.3%  IPA:     4.979 eV  Oai: 0.7122
 
 No.    24    w=      3.7222 eV    -2642.469814 a.u.  f=    0.0349   D<Pab>= 0.0051   Ova= 0.6040
     CV(aa):    A(  91 )->   A(  96 )  c_i: -0.6906  Per: 47.7%  IPA:     4.614 eV  Oai: 0.6033
     CV(bb):    A(  91 )->   A(  96 )  c_i: -0.6809  Per: 46.4%  IPA:     4.583 eV  Oai: 0.6033
 
 No.    25    w=      3.7296 eV    -2642.469544 a.u.  f=    0.0000   D<Pab>= 1.9516   Ova= 0.6585
     CV(aa):    A(  87 )->   A(  97 )  c_i: -0.1099  Per:  1.2%  IPA:     5.837 eV  Oai: 0.8205
     CV(aa):    A(  88 )->   A(  96 )  c_i:  0.1916  Per:  3.7%  IPA:     5.511 eV  Oai: 0.8014
     CV(aa):    A(  90 )->   A(  96 )  c_i: -0.1753  Per:  3.1%  IPA:     4.703 eV  Oai: 0.5983
     CV(aa):    A(  92 )->   A(  97 )  c_i: -0.2697  Per:  7.3%  IPA:     4.836 eV  Oai: 0.5319
     CV(aa):    A(  93 )->   A(  98 )  c_i: -0.4970  Per: 24.7%  IPA:     4.981 eV  Oai: 0.7122
     CV(bb):    A(  87 )->   A(  97 )  c_i:  0.1111  Per:  1.2%  IPA:     5.857 eV  Oai: 0.8205
     CV(bb):    A(  88 )->   A(  96 )  c_i: -0.1971  Per:  3.9%  IPA:     5.536 eV  Oai: 0.8014
     CV(bb):    A(  90 )->   A(  96 )  c_i:  0.3441  Per: 11.8%  IPA:     4.608 eV  Oai: 0.5983
     CV(bb):    A(  92 )->   A(  97 )  c_i:  0.3996  Per: 16.0%  IPA:     4.736 eV  Oai: 0.5319
     CV(bb):    A(  93 )->   A(  98 )  c_i:  0.4850  Per: 23.5%  IPA:     4.979 eV  Oai: 0.7122
 
 No.    26    w=      3.7390 eV    -2642.469197 a.u.  f=    0.0000   D<Pab>= 0.0246   Ova= 0.2737
     CV(aa):    A(  74 )->   A(  97 )  c_i:  0.1718  Per:  3.0%  IPA:    10.445 eV  Oai: 0.4081
     CV(aa):    A(  79 )->   A(  97 )  c_i: -0.3087  Per:  9.5%  IPA:    10.150 eV  Oai: 0.4863
     OV(aa):    A(  95 )->   A(  97 )  c_i:  0.9055  Per: 82.0%  IPA:     5.781 eV  Oai: 0.2323
     CV(bb):    A(  74 )->   A(  97 )  c_i:  0.1137  Per:  1.3%  IPA:     8.753 eV  Oai: 0.4081
     CV(bb):    A(  79 )->   A(  97 )  c_i: -0.1776  Per:  3.2%  IPA:     7.704 eV  Oai: 0.4863
 
 No.    27    w=      3.8404 eV    -2642.465471 a.u.  f=    0.0001   D<Pab>= 1.9955   Ova= 0.5920
     CV(aa):    A(  89 )->   A(  96 )  c_i:  0.6184  Per: 38.2%  IPA:     5.036 eV  Oai: 0.5890
     CV(aa):    A(  90 )->   A( 100 )  c_i:  0.1012  Per:  1.0%  IPA:     8.484 eV  Oai: 0.6261
     CV(aa):    A(  91 )->   A(  96 )  c_i: -0.2708  Per:  7.3%  IPA:     4.614 eV  Oai: 0.6033
     CV(bb):    A(  89 )->   A(  96 )  c_i: -0.6365  Per: 40.5%  IPA:     5.020 eV  Oai: 0.5890
     CV(bb):    A(  91 )->   A(  96 )  c_i:  0.2258  Per:  5.1%  IPA:     4.583 eV  Oai: 0.6033
     CV(bb):    A(  92 )->   A(  98 )  c_i: -0.1005  Per:  1.0%  IPA:     6.218 eV  Oai: 0.5265
 
 No.    28    w=      3.8721 eV    -2642.464308 a.u.  f=    0.0000   D<Pab>= 0.0753   Ova= 0.5910
     CV(aa):    A(  90 )->   A(  96 )  c_i: -0.7213  Per: 52.0%  IPA:     4.703 eV  Oai: 0.5983
     CV(aa):    A(  92 )->   A(  97 )  c_i: -0.3079  Per:  9.5%  IPA:     4.836 eV  Oai: 0.5319
     CV(bb):    A(  90 )->   A(  96 )  c_i: -0.5623  Per: 31.6%  IPA:     4.608 eV  Oai: 0.5983
     CV(bb):    A(  92 )->   A(  97 )  c_i: -0.1426  Per:  2.0%  IPA:     4.736 eV  Oai: 0.5319
     CV(bb):    A(  93 )->   A(  98 )  c_i:  0.1081  Per:  1.2%  IPA:     4.979 eV  Oai: 0.7122
 
 No.    29    w=      3.9528 eV    -2642.461341 a.u.  f=    0.0000   D<Pab>= 0.0185   Ova= 0.6053
     CV(aa):    A(  90 )->   A(  97 )  c_i: -0.7232  Per: 52.3%  IPA:     4.983 eV  Oai: 0.6047
     CV(bb):    A(  90 )->   A(  97 )  c_i: -0.6576  Per: 43.2%  IPA:     4.885 eV  Oai: 0.6047
 
 No.    30    w=      3.9565 eV    -2642.461205 a.u.  f=    0.0000   D<Pab>= 1.9888   Ova= 0.6039
     CV(aa):    A(  89 )->   A(  97 )  c_i:  0.5007  Per: 25.1%  IPA:     5.316 eV  Oai: 0.6204
     CV(aa):    A(  90 )->   A(  98 )  c_i: -0.1292  Per:  1.7%  IPA:     6.488 eV  Oai: 0.5853
     CV(aa):    A(  91 )->   A(  97 )  c_i:  0.3824  Per: 14.6%  IPA:     4.894 eV  Oai: 0.5829
     CV(aa):    A(  92 )->   A( 100 )  c_i:  0.1111  Per:  1.2%  IPA:     8.338 eV  Oai: 0.5946
     CV(bb):    A(  89 )->   A(  97 )  c_i: -0.5009  Per: 25.1%  IPA:     5.297 eV  Oai: 0.6204
     CV(bb):    A(  90 )->   A(  98 )  c_i:  0.1287  Per:  1.7%  IPA:     6.367 eV  Oai: 0.5853
     CV(bb):    A(  91 )->   A(  97 )  c_i: -0.4825  Per: 23.3%  IPA:     4.860 eV  Oai: 0.5829
     CV(bb):    A(  92 )->   A( 100 )  c_i: -0.1094  Per:  1.2%  IPA:     8.282 eV  Oai: 0.5946
 
 No.    31    w=      3.9729 eV    -2642.460602 a.u.  f=    0.0001   D<Pab>= 0.0109   Ova= 0.3001
     CO(bb):    A(  91 )->   A(  95 )  c_i:  0.9913  Per: 98.3%  IPA:     5.310 eV  Oai: 0.2989
 
 No.    32    w=      4.0165 eV    -2642.459000 a.u.  f=    0.0000   D<Pab>= 0.0804   Ova= 0.5500
     CV(aa):    A(  90 )->   A(  96 )  c_i:  0.1997  Per:  4.0%  IPA:     4.703 eV  Oai: 0.5983
     CV(aa):    A(  92 )->   A(  97 )  c_i: -0.6761  Per: 45.7%  IPA:     4.836 eV  Oai: 0.5319
     CV(bb):    A(  88 )->   A(  96 )  c_i: -0.1086  Per:  1.2%  IPA:     5.536 eV  Oai: 0.8014
     CV(bb):    A(  90 )->   A(  96 )  c_i:  0.2512  Per:  6.3%  IPA:     4.608 eV  Oai: 0.5983
     CV(bb):    A(  92 )->   A(  97 )  c_i: -0.6070  Per: 36.8%  IPA:     4.736 eV  Oai: 0.5319
 
 No.    33    w=      4.0506 eV    -2642.457746 a.u.  f=    0.0015   D<Pab>= 0.0134   Ova= 0.5829
     CV(aa):    A(  91 )->   A(  97 )  c_i:  0.7307  Per: 53.4%  IPA:     4.894 eV  Oai: 0.5829
     CV(bb):    A(  89 )->   A(  97 )  c_i: -0.1192  Per:  1.4%  IPA:     5.297 eV  Oai: 0.6204
     CV(bb):    A(  91 )->   A(  97 )  c_i:  0.6408  Per: 41.1%  IPA:     4.860 eV  Oai: 0.5829
 
 No.    34    w=      4.1163 eV    -2642.455333 a.u.  f=    0.0000   D<Pab>= 1.9602   Ova= 0.7582
     CV(aa):    A(  83 )->   A(  98 )  c_i: -0.1310  Per:  1.7%  IPA:     8.504 eV  Oai: 0.7290
     CV(aa):    A(  87 )->   A(  97 )  c_i:  0.3623  Per: 13.1%  IPA:     5.837 eV  Oai: 0.8205
     CV(aa):    A(  88 )->   A(  96 )  c_i:  0.5147  Per: 26.5%  IPA:     5.511 eV  Oai: 0.8014
     CV(aa):    A(  90 )->   A(  96 )  c_i: -0.2217  Per:  4.9%  IPA:     4.703 eV  Oai: 0.5983
     CV(aa):    A(  92 )->   A(  97 )  c_i:  0.2678  Per:  7.2%  IPA:     4.836 eV  Oai: 0.5319
     CV(bb):    A(  83 )->   A(  98 )  c_i:  0.1270  Per:  1.6%  IPA:     8.505 eV  Oai: 0.7290
     CV(bb):    A(  87 )->   A(  97 )  c_i: -0.3446  Per: 11.9%  IPA:     5.857 eV  Oai: 0.8205
     CV(bb):    A(  88 )->   A(  96 )  c_i: -0.4893  Per: 23.9%  IPA:     5.536 eV  Oai: 0.8014
     CV(bb):    A(  90 )->   A(  96 )  c_i:  0.1198  Per:  1.4%  IPA:     4.608 eV  Oai: 0.5983
     CV(bb):    A(  92 )->   A(  97 )  c_i: -0.1040  Per:  1.1%  IPA:     4.736 eV  Oai: 0.5319
 
 No.    35    w=      4.2370 eV    -2642.450898 a.u.  f=    0.0000   D<Pab>= 0.0084   Ova= 0.3718
     CO(bb):    A(  67 )->   A(  95 )  c_i:  0.1370  Per:  1.9%  IPA:    10.074 eV  Oai: 0.3243
     CO(bb):    A(  81 )->   A(  95 )  c_i:  0.5400  Per: 29.2%  IPA:     7.843 eV  Oai: 0.4779
     CO(bb):    A(  92 )->   A(  95 )  c_i: -0.8219  Per: 67.6%  IPA:     5.179 eV  Oai: 0.3293
 
 No.    36    w=      4.2441 eV    -2642.450636 a.u.  f=    0.0000   D<Pab>= 0.0036   Ova= 0.6646
     CV(aa):    A(  87 )->   A(  96 )  c_i: -0.1273  Per:  1.6%  IPA:     5.557 eV  Oai: 0.7729
     CV(aa):    A(  94 )->   A(  98 )  c_i: -0.6707  Per: 45.0%  IPA:     4.911 eV  Oai: 0.6580
     CV(bb):    A(  87 )->   A(  96 )  c_i: -0.1717  Per:  2.9%  IPA:     5.580 eV  Oai: 0.7729
     CV(bb):    A(  94 )->   A(  98 )  c_i: -0.6747  Per: 45.5%  IPA:     4.878 eV  Oai: 0.6580
 
 No.    37    w=      4.2660 eV    -2642.449831 a.u.  f=    0.1530   D<Pab>= 0.0006   Ova= 0.5911
     CV(aa):    A(  89 )->   A(  96 )  c_i:  0.6986  Per: 48.8%  IPA:     5.036 eV  Oai: 0.5890
     CV(bb):    A(  89 )->   A(  96 )  c_i:  0.6816  Per: 46.5%  IPA:     5.020 eV  Oai: 0.5890
 
 No.    38    w=      4.3189 eV    -2642.447888 a.u.  f=    0.0000   D<Pab>= 0.0096   Ova= 0.3713
     CO(bb):    A(  65 )->   A(  95 )  c_i:  0.1262  Per:  1.6%  IPA:    10.100 eV  Oai: 0.3211
     CO(bb):    A(  82 )->   A(  95 )  c_i:  0.5007  Per: 25.1%  IPA:     7.829 eV  Oai: 0.4809
     CO(bb):    A(  88 )->   A(  95 )  c_i: -0.1288  Per:  1.7%  IPA:     6.268 eV  Oai: 0.1626
     CO(bb):    A(  90 )->   A(  95 )  c_i: -0.8416  Per: 70.8%  IPA:     5.329 eV  Oai: 0.3386
 
 No.    39    w=      4.3515 eV    -2642.446687 a.u.  f=    0.0000   D<Pab>= 1.9948   Ova= 0.7421
     CV(aa):    A(  87 )->   A(  96 )  c_i:  0.5859  Per: 34.3%  IPA:     5.557 eV  Oai: 0.7729
     CV(aa):    A(  88 )->   A(  97 )  c_i: -0.2773  Per:  7.7%  IPA:     5.791 eV  Oai: 0.7814
     CV(aa):    A(  90 )->   A(  97 )  c_i: -0.1727  Per:  3.0%  IPA:     4.983 eV  Oai: 0.6047
     CV(aa):    A(  91 )->   A(  98 )  c_i:  0.1339  Per:  1.8%  IPA:     6.400 eV  Oai: 0.6122
     CV(aa):    A(  92 )->   A(  96 )  c_i: -0.1284  Per:  1.6%  IPA:     4.556 eV  Oai: 0.5624
     CV(aa):    A(  94 )->   A(  98 )  c_i:  0.1540  Per:  2.4%  IPA:     4.911 eV  Oai: 0.6580
     CV(bb):    A(  87 )->   A(  96 )  c_i: -0.5463  Per: 29.8%  IPA:     5.580 eV  Oai: 0.7729
     CV(bb):    A(  88 )->   A(  97 )  c_i:  0.2608  Per:  6.8%  IPA:     5.813 eV  Oai: 0.7814
     CV(bb):    A(  90 )->   A(  97 )  c_i:  0.1398  Per:  2.0%  IPA:     4.885 eV  Oai: 0.6047
     CV(bb):    A(  91 )->   A(  98 )  c_i: -0.1430  Per:  2.0%  IPA:     6.342 eV  Oai: 0.6122
     CV(bb):    A(  92 )->   A(  96 )  c_i:  0.1047  Per:  1.1%  IPA:     4.459 eV  Oai: 0.5624
     CV(bb):    A(  94 )->   A(  98 )  c_i: -0.1266  Per:  1.6%  IPA:     4.878 eV  Oai: 0.6580
 
 No.    40    w=      4.3945 eV    -2642.445108 a.u.  f=    0.0000   D<Pab>= 0.0006   Ova= 0.7119
     CV(aa):    A(  88 )->   A(  96 )  c_i:  0.1682  Per:  2.8%  IPA:     5.511 eV  Oai: 0.8014
     CV(aa):    A(  93 )->   A(  98 )  c_i:  0.6665  Per: 44.4%  IPA:     4.981 eV  Oai: 0.7122
     CV(bb):    A(  88 )->   A(  96 )  c_i:  0.1690  Per:  2.9%  IPA:     5.536 eV  Oai: 0.8014
     CV(bb):    A(  93 )->   A(  98 )  c_i:  0.6563  Per: 43.1%  IPA:     4.979 eV  Oai: 0.7122
 
 *** List of excitations ***
 
  Ground-state spatial symmetry:   A
  Ground-state spin: Si=  0.5000
   <S^2>_U=  0.7500  Deviation=  0.0000
 
  Spin change: isf=  0
  D<S^2>_pure=  3.0000 for excited state (Sf=Si+1)
  D<S^2>_pure=  0.0000 for excited state (Sf=Si)
 
  Imaginary/complex excitation energies :   0 states
  Reversed sign excitation energies :   0 states
 
  No. Pair   ExSym   ExEnergies     Wavelengths      f     D<S^2>          Dominant Excitations             IPA   Ova     En-E1
 
    1   A    2   A    1.5308 eV        809.92 nm   0.0000   1.9998  40.0% CV(aa):   A(  94 )->   A(  96 )   3.126 0.777    0.0000
    2   A    3   A    1.7218 eV        720.07 nm   0.0000   1.9998  25.3% CV(aa):   A(  93 )->   A(  96 )   3.196 0.747    0.1910
    3   A    4   A    2.0805 eV        595.94 nm   0.0000   1.9988  29.6% CV(bb):   A(  94 )->   A(  97 )   3.396 0.755    0.5497
    4   A    5   A    2.1844 eV        567.60 nm   0.0000   0.0022  67.3% CO(bb):   A(  81 )->   A(  95 )   7.843 0.429    0.6535
    5   A    6   A    2.2325 eV        555.36 nm   0.0000   0.0016  92.7% CO(bb):   A(  85 )->   A(  95 )   7.111 0.607    0.7017
    6   A    7   A    2.2355 eV        554.62 nm   0.0000   1.9974  47.6% CV(aa):   A(  93 )->   A(  97 )   3.476 0.730    0.7046
    7   A    8   A    2.2356 eV        554.60 nm   0.0000   0.0021  71.2% CO(bb):   A(  82 )->   A(  95 )   7.829 0.439    0.7048
    8   A    9   A    2.4310 eV        510.02 nm   0.0132   0.0014  28.4% CV(bb):   A(  93 )->   A(  96 )   3.219 0.750    0.9001
    9   A   10   A    2.4323 eV        509.73 nm   0.0069   0.0032  29.1% CV(aa):   A(  94 )->   A(  96 )   3.126 0.762    0.9015
   10   A   11   A    2.4530 eV        505.45 nm   0.0000   0.0019  69.4% CO(bb):   A(  80 )->   A(  95 )   8.040 0.516    0.9221
   11   A   12   A    2.4874 eV        498.45 nm   0.0000   0.0086  97.5% CO(bb):   A(  94 )->   A(  95 )   3.849 0.253    0.9566
   12   A   13   A    2.7603 eV        449.17 nm   0.0000   0.0065  99.4% CO(bb):   A(  93 )->   A(  95 )   3.952 0.181    1.2295
   13   A   14   A    2.9997 eV        413.32 nm   0.0000   1.9912  40.6% CV(bb):   A(  92 )->   A(  96 )   4.459 0.588    1.4689
   14   A   15   A    3.1394 eV        394.93 nm   0.0003   1.9973  37.5% CV(bb):   A(  91 )->   A(  96 )   4.583 0.597    1.6086
   15   A   16   A    3.2857 eV        377.34 nm   0.0000   1.9934  18.8% CV(bb):   A(  94 )->   A(  98 )   4.878 0.653    1.7549
   16   A   17   A    3.3572 eV        369.31 nm   0.0000   1.9896  39.6% CV(bb):   A(  90 )->   A(  96 )   4.608 0.631    1.8264
   17   A   18   A    3.4115 eV        363.43 nm   0.0000   1.9878  27.2% CV(bb):   A(  90 )->   A(  97 )   4.885 0.638    1.8806
   18   A   19   A    3.4256 eV        361.93 nm   0.0295   1.9513  25.0% CV(bb):   A(  91 )->   A(  97 )   4.860 0.605    1.8948
   19   A   20   A    3.4470 eV        359.68 nm   0.0000   0.0244  82.2% OV(aa):   A(  95 )->   A(  96 )   5.501 0.279    1.9162
   20   A   21   A    3.4791 eV        356.37 nm   0.8135   0.0042  27.8% CV(bb):   A(  93 )->   A(  97 )   3.496 0.699    1.9483
   21   A   22   A    3.4850 eV        355.77 nm   0.8263   0.1203  24.0% CV(aa):   A(  94 )->   A(  97 )   3.406 0.703    1.9542
   22   A   23   A    3.5292 eV        351.31 nm   0.0000   0.0326  56.3% CV(aa):   A(  92 )->   A(  96 )   4.556 0.563    1.9983
   23   A   24   A    3.5646 eV        347.82 nm   0.0000   1.9829  34.1% CV(bb):   A(  92 )->   A(  97 )   4.736 0.616    2.0338
   24   A   25   A    3.7222 eV        333.09 nm   0.0349   0.0051  47.7% CV(aa):   A(  91 )->   A(  96 )   4.614 0.604    2.1914
   25   A   26   A    3.7296 eV        332.44 nm   0.0000   1.9516  24.7% CV(aa):   A(  93 )->   A(  98 )   4.981 0.659    2.1987
   26   A   27   A    3.7390 eV        331.60 nm   0.0000   0.0246  82.0% OV(aa):   A(  95 )->   A(  97 )   5.781 0.274    2.2082
   27   A   28   A    3.8404 eV        322.84 nm   0.0001   1.9955  40.5% CV(bb):   A(  89 )->   A(  96 )   5.020 0.592    2.3096
   28   A   29   A    3.8721 eV        320.20 nm   0.0000   0.0753  52.0% CV(aa):   A(  90 )->   A(  96 )   4.703 0.591    2.3412
   29   A   30   A    3.9528 eV        313.66 nm   0.0000   0.0185  52.3% CV(aa):   A(  90 )->   A(  97 )   4.983 0.605    2.4220
   30   A   31   A    3.9565 eV        313.37 nm   0.0000   1.9888  25.1% CV(bb):   A(  89 )->   A(  97 )   5.297 0.604    2.4257
   31   A   32   A    3.9729 eV        312.07 nm   0.0001   0.0109  98.3% CO(bb):   A(  91 )->   A(  95 )   5.310 0.300    2.4421
   32   A   33   A    4.0165 eV        308.69 nm   0.0000   0.0804  45.7% CV(aa):   A(  92 )->   A(  97 )   4.836 0.550    2.4857
   33   A   34   A    4.0506 eV        306.09 nm   0.0015   0.0134  53.4% CV(aa):   A(  91 )->   A(  97 )   4.894 0.583    2.5198
   34   A   35   A    4.1163 eV        301.20 nm   0.0000   1.9602  26.5% CV(aa):   A(  88 )->   A(  96 )   5.511 0.758    2.5855
   35   A   36   A    4.2370 eV        292.62 nm   0.0000   0.0084  67.6% CO(bb):   A(  92 )->   A(  95 )   5.179 0.372    2.7061
   36   A   37   A    4.2441 eV        292.13 nm   0.0000   0.0036  45.5% CV(bb):   A(  94 )->   A(  98 )   4.878 0.665    2.7133
   37   A   38   A    4.2660 eV        290.63 nm   0.1530   0.0006  48.8% CV(aa):   A(  89 )->   A(  96 )   5.036 0.591    2.7352
   38   A   39   A    4.3189 eV        287.08 nm   0.0000   0.0096  70.8% CO(bb):   A(  90 )->   A(  95 )   5.329 0.371    2.7880
   39   A   40   A    4.3515 eV        284.92 nm   0.0000   1.9948  34.3% CV(aa):   A(  87 )->   A(  96 )   5.557 0.742    2.8207
   40   A   41   A    4.3945 eV        282.13 nm   0.0000   0.0006  44.4% CV(aa):   A(  93 )->   A(  98 )   4.981 0.712    2.8637

 *** Ground to excited state Transition electric dipole moments (Au) ***
    State          X           Y           Z          Osc.
       1       0.0068      -0.0000       0.0000       0.0000       0.0000
       2      -0.0000       0.0167      -0.0000       0.0000       0.0000
       3       0.0000      -0.0168       0.0000       0.0000       0.0000
       4       0.0000       0.0000      -0.0000       0.0000       0.0000
       5      -0.0000      -0.0000       0.0000       0.0000       0.0000
       6      -0.0054      -0.0000       0.0000       0.0000       0.0000
       7      -0.0000      -0.0000      -0.0000       0.0000       0.0000
       8      -0.0000       0.4708      -0.0000       0.0132       0.0132
       9       0.3395       0.0000       0.0000       0.0069       0.0069
      10      -0.0000       0.0000       0.0000       0.0000       0.0000
      11       0.0000      -0.0000      -0.0011       0.0000       0.0000
      12       0.0000      -0.0000      -0.0000       0.0000       0.0000
      13      -0.0000       0.0000       0.0000       0.0000       0.0000
      14       0.0645      -0.0000       0.0000       0.0003       0.0003
      15      -0.0000       0.0000      -0.0000       0.0000       0.0000
      16      -0.0000      -0.0000      -0.0000       0.0000       0.0000
      17      -0.0000       0.0000      -0.0000       0.0000       0.0000
      18       0.0000       0.5924      -0.0000       0.0295       0.0295
      19      -0.0000      -0.0000      -0.0000       0.0000       0.0000
      20       3.0893      -0.0000       0.0000       0.8135       0.8135
      21      -0.0000      -3.1110       0.0000       0.8263       0.8263
      22      -0.0000       0.0000      -0.0000       0.0000       0.0000
      23      -0.0000      -0.0000       0.0000       0.0000       0.0000
      24      -0.6185       0.0000       0.0000       0.0349       0.0349
      25      -0.0000      -0.0000       0.0000       0.0000       0.0000
      26      -0.0000       0.0000       0.0000       0.0000       0.0000
      27      -0.0299       0.0000       0.0000       0.0001       0.0001
      28       0.0000       0.0000      -0.0000       0.0000       0.0000
      29       0.0000      -0.0000      -0.0000       0.0000       0.0000
      30      -0.0000       0.0018      -0.0000       0.0000       0.0000
      31      -0.0000       0.0000      -0.0254       0.0001       0.0001
      32      -0.0000      -0.0000       0.0000       0.0000       0.0000
      33       0.0000       0.1225      -0.0000       0.0015       0.0015
      34       0.0000      -0.0000      -0.0000       0.0000       0.0000
      35       0.0000       0.0000      -0.0000       0.0000       0.0000
      36       0.0000      -0.0000       0.0000       0.0000       0.0000
      37       1.2100       0.0000      -0.0000       0.1530       0.1530
      38      -0.0000       0.0000      -0.0000       0.0000       0.0000
      39       0.0000      -0.0000      -0.0000       0.0000       0.0000
      40      -0.0000      -0.0000       0.0000       0.0000       0.0000
 
 
 ++++++++  DATA CHECK +++++++++++++++++++++++++++++++++
  CHECKDATA:TDDFT:EXCITENE:           1.5308
  CHECKDATA:TDDFT:EXCITENE:           1.7218
  CHECKDATA:TDDFT:EXCITENE:           2.0805
  CHECKDATA:TDDFT:EXCITENE:           2.1844
  CHECKDATA:TDDFT:EXCITENE:           2.2325
  CHECKDATA:TDDFT:EXCITENE:           2.2355
  CHECKDATA:TDDFT:EXCITENE:           2.2356
  CHECKDATA:TDDFT:EXCITENE:           2.4310
  CHECKDATA:TDDFT:EXCITENE:           2.4323
  CHECKDATA:TDDFT:EXCITENE:           2.4530
 ++++++++++ END DATA CHECK ++++++++++++++++++++++++++++
 
 
    ---------------------------------------------
    ---- End TD-DFT Calculations for isf = 0 ----
    ---------------------------------------------
 
 Final tddft

|***********************************************************************************|

 TDDFT detail timing(S):       CPU          SYS         WALL    
 Total  TDDFT    :       691860.77      1852.46     38802.53
 Total  TDSolver :       685237.37      1850.52     38432.27
 Leading Term    :         3001.26         4.61       167.55
 Induce DENSMAT  :          128.51         3.58         7.34
 Total Kxc time  :            0.01         0.00         0.00
 Total JOP time  :       661378.71      1226.26     37039.17
 Total KOP time  :            0.00         0.00         0.00
 JK contraction  :          220.88         4.78        12.62
 Total JK update :       662268.88      1243.62     37090.11
 Total update vec:       671708.85      1591.90     37662.17
 Total Dav solver:        13528.52       258.62       770.10
 Time for Analyze:         6583.95         0.90       366.95

|***********************************************************************************|



 
 ---------------------------------------------------------------
  Timing of TD-DFT calculation                                                    
 
  CPU TIME(S)      SYSTEM TIME(S)     WALL TIME(S)
     695378.670         1854.180           38998.760
 ---------------------------------------------------------------
 
|******************************************************************************|
 
    Total cpu     time:     695378.67  S
    Total system  time:       1854.18  S
    Total wall    time:      38998.76  S
 
    Current time   2026-01-07  03:51:32
    End running module tddft
|******************************************************************************|
 
$resp
iprt
1
quad
fnac
double
norder
1
method
2
nfiles
1
pairs
1
1 1 1 1 1 10
noresp
awf
-2
$end
('tmpstdin ', True)
('npro is ', 1)
('\n BDF command: ', '/apps/users/xlwang/bdf-final/bdf-pkg/build/bdf-pkg-full/bin/resp.x /scratch/cup-nacme-roks-2t1-2dd2-awf2_385/cup-nacme-roks-2t1-2dd2-awf2XX4.resp.inp')
  BDF process        0 of        1 on Serial  
 
|******************************************************************************|
 
    Start running module resp
    Current time   2026-01-07  03:51:32
 
|******************************************************************************|
 
 [resp_init]
 
 
 [postscf_readinfo]
  Ground state information: 
  KS Ground State 
  ROKS orbitals 
 
 [postscf_trsint1e]
 
 [postscf_gsorb]
  Nc=   94 No=    1 Nv=  769 Ntot=  864
  NA=   95 NB=   94
  Ground-state spin: Si= 0.500
 
 [postscf_spinsim]
  <S^2>_U= 0.7500  Deviation= 0.0000
 Number of significient shell pairs :     6550
 Estimate memory for direct ERI calculations:          74.215 M

 IF USE_LIBCINT :    F

 
 [resp_input]
 
 Finegrid                     3                    11
  Switch to Medium grid ...

 Threshold in dft prescreening ...
 Thresh_shellvalue_dft :  0.10000E-09
 ThreshRho     :  0.10000E-11

 IfaMEPC  :    F
 IfaCOSX  :    F
 IfOCTREE :    F
 [dft_init]  T
 Libxc version: 7.0.0
 xcfun_xc_libxc is    406 xcfun_ex_libxc is      0
 The functional 'PBEH (PBE0)' is an exchange-correlation functional, it belongs to the 'Hybrid GGA. Coeff of Exx=  0.2500' family and is defined in the reference(s):
 [1] C. Adamo and V. Barone.,  J. Chem. Phys. 110, 6158 (1999)
 [2] M. Ernzerhof and G. E. Scuseria.,  J. Chem. Phys. 110, 5029 (1999)
 
  Switch to Medium grid ...

 Intialize DFT grid written by Y. Zhang

 Reading Gridinfo from HARDISK record = Gridinfo
 
  --- PRINT: Information about DFT Calculation --- 
 No. of ATOMS =         37
 No. of Shells =         0
 No. of Batches =     2372
 No. of Grids =     303616
 No. of Basis Functions =      864
 No. of Records for [basval] =               0
 Estimated DiskSpace for storage [basval] =           0.000M
 
 Max No. of Rad point per atom =     0
 Max No. of Ang point per atom =     0
 Max No. of Grids per batch =          0
 Max No. of Basis per shell =          0
 Max No. of Records in one batch =               0
 Estimated Mem for [basval] =      0.000M
 Estimated Mem for [func] in R-DFT =      0.000M
 Estimated Mem for [func] in U-DFT =      0.000M
 DirectGrid:        T
 LogicOctree:       F
  --- END : Information about DFT Calculation --- 
 
 Using B. Suo numerical integration branch ...

 Timing to perform basis seiving ...
 CPU:       5.680 S    Sys:       0.050 S    Wall:        0.320 S


 Time to calculate dft grid and perform basis seiving ...
 CPU:       6.010 S    Sys:       0.070 S    Wall:        0.340 S

 
 [resp_interface]
 
 
  respinfo%method=                      2
  respinfo%idft  =                      1
  respinfo%iscf  =                      3
  respinfo%nden  =                      2
  respinfo%nb    =                    864
  respinfo%nc    =                     94
  respinfo%no    =                      1
  respinfo%nv    =                    769
  respinfo%facex =   0.250000000000000     
 
 [tddft_props_init] : ispin=                     0
  No. of files= 1
  Group=C(1)     dim= 1
  Open: tdinfo1  imethod = 3  isf= 0 itda= 0
                 nph=  145435 nex=    40 mpeccosx= 0
  maxph=   145435  maxex=       40
 
  Evaluate No. of LS states: 
  In SOC-SI, |Gs> has been excluded !
  Sf=  0.500  Ndeg= 1  Nspatial=    40
  Total No. of States:    40
 
 ifile=   1
 Targeted Excited States (Not pairsym) 
  1    A      40 from   145435
 
 [resp_reorder_init] 
 
  MXNSOS/nreps                   864                     1
  Reorder MO coefficient ... DONE 
  Reorder Fock matrix ... DONE 
 
 [resp_main]
 
 -------- Job type -------
  CHCK= F
  GEOM= F
  LINE= F
  QUAD= T
  FNAC= T
  POLA= F
  HYPE= F
  FDIF= F
  SOLSS= F
  IGNORE level =  0
  STEP=  1.000000047497451E-003
 -------------------------
 
  --- Quadratic response properties ---
  First-order nonadiabatic couplings 
 
 [resp_quad_residues]
 
  Ntot =                    40
  Nfile=                     1
  Nex  =                    40
 -----------------------------------------------
  Double residue calculations: <ex|A|ex'> 
  Pairs of states =                      1
  No.=   1 pair =   1   1   1   1   1  10
 -----------------------------------------------
 
 -----------------------------------------------
  File: 1 of 1
  imethod= 3   isf= 0   nph=  145435   nex=  40
 -----------------------------------------------
 
  <irep: 1 jnsos:  145435 jnexi:  40>
 
 [resp_ex_init]
 
  Check normalization:
  R^t*L(vec)=   1.00000000000000     
  R^t*L(mat)=   1.00000000000000     
 
 [resp_ex_init]
 
  Check normalization:
  R^t*L(vec)=   1.00000000000000     
  R^t*L(mat)=   1.00000000000000     
 
 =================================
  PairIJ=   1   1   1   1   1  10
 =================================
 
 [resp_nac_main2]
 
  wJI =  3.388801735101037E-002
  Check normalization:
  R1^t*L1(mat)=   1.00000000000000     
  R2^t*L2(mat)=   1.00000000000000     
  Check orthogonality:
  R1^t*L2(mat)= -2.087256206343883E-016
  L1^t*R2(mat)=  5.697354037980258E-016
  Z1^t*Z2(mat)=  3.610097831636375E-016
 ---------------------------------------------------
  I-state,J-state,wJI 
           0.056257        0.090145        0.033888
  CHECK TRANSITION DIPOLE : expect.  resp.  total 
  1       -0.000000        0.000000       -0.000000
  2        0.002188        0.000000        0.002188
  3       -0.000000        0.000000       -0.000000
 ---------------------------------------------------
 
 [resp_ex_zvector]
 
 [resp_fock2e_Qex]
 [resp_fockxc_Qex]
 
 ---------------------------------------------------------------
  Timing for Q operator formation
 
  CPU TIME(S)      SYSTEM TIME(S)     WALL TIME(S)
       5226.350            2.790             294.420
 ---------------------------------------------------------------
 
 
 [resp_ex_Zmo] : Solving Z-vector equation ...
 
 respcphf%isolver=                     2                     1
 
 [LinearSolver]: ndim=                 73149
  Norm of RHS =   2.465735651837173E-003
 Initial Guess of CPHF vector                     0                     0
   iter  Ndim        |res|           |x|           time/s
    1      1    0.511268E-03    0.132052E-02       0.000
    2      2    0.161469E-03    0.169857E-02     102.750
    3      3    0.438001E-04    0.172707E-02     103.140
    4      4    0.139257E-04    0.173494E-02     102.750
    5      5    0.594207E-05    0.173632E-02     102.990
    6      6    0.173517E-05    0.173670E-02     101.920
    7      7    0.535261E-06    0.173668E-02      99.310
    8      8    0.165077E-06    0.173669E-02      98.450
    9      9    0.745186E-07    0.173669E-02      96.270
   10     10    0.430217E-07    0.173669E-02      91.880
   11     11    0.155485E-07    0.173669E-02      89.290
   12     12    0.637411E-08    0.173669E-02      88.020
   13     13    0.175017E-08    0.173669E-02      85.050
   14     14    0.541546E-09    0.173669E-02      79.800
   15     15    0.166240E-09    0.173669E-02      76.110
   16     16    0.508782E-10    0.173669E-02      68.620
  Converged ! |Res|=  5.087819675451468E-011  iter=                    16
 
 ---------------------------------------------------------------
  Timing for solving the Z vector equation
 
  CPU TIME(S)      SYSTEM TIME(S)     WALL TIME(S)
      26667.390            8.830            1489.380
 ---------------------------------------------------------------
 
 
 [resp_ex_Wmo]
 
  Skewness of Wmo(C,C) =  2.007482479373095E-005
  Skewness of Wmo(C,V) =  5.410569702144486E-011
  Skewness of Wmo(V,V) =  2.798245558539372E-006
  Skewness of Wmo(C,O) =  1.990626709753486E-011
  Skewness of Wmo(O,V) =  1.945484750936640E-011
  Skewness of Wmo(O,O) =  0.000000000000000E+000
 
 ---------------------------------------------------------------
  Timing for W matrix formation
 
  CPU TIME(S)      SYSTEM TIME(S)     WALL TIME(S)
       1844.410            0.550             102.890
 ---------------------------------------------------------------
 
 
 [resp_deriv_energy]
 
 
 [resp_deriv1e_fock_new]
 

  [X2Cdentran]: transformation of density matrix for X2C gradients.
 
 ---------------------------------------------------------------
  [X2Cdentran]: time of density transformation
 
  CPU TIME(S)      SYSTEM TIME(S)     WALL TIME(S)
          7.060            0.480               0.420
 ---------------------------------------------------------------
 

  [X2Cewdtran]: transformation of energy weighted density matrix for X2C gradients.
 
 ---------------------------------------------------------------
  [X2Cewdtran]: time of density transformation
 
  CPU TIME(S)      SYSTEM TIME(S)     WALL TIME(S)
          0.640            0.010               0.040
 ---------------------------------------------------------------
 
 
 ---------------------------------------------------------------
  Timing to calculate 1-electronic integrals                                      
 
  CPU TIME(S)      SYSTEM TIME(S)     WALL TIME(S)
        252.060            1.380              26.460
 ---------------------------------------------------------------
 
  Gradient contribution from 1e
      1       -0.0000000158        0.0272125933       -0.0000000130
      2        0.0000000671       -0.0121069176        0.0000000038
      3        0.0000000488       -0.0121069803       -0.0000000330
      4        0.0000000204       -0.0049540991        0.0000000214
      5        0.0000000101       -0.0049541238        0.0000000162
      6       -0.0013479269        0.0034385202       -0.0000000091
      7        0.0013478788        0.0034385374        0.0000000076
      8        0.0013478739        0.0034385846        0.0000000028
      9       -0.0013479784        0.0034385428        0.0000000001
     10       -0.0012949112        0.0035684791       -0.0000000038
     11        0.0012948988        0.0035684681        0.0000000043
     12        0.0012948946        0.0035683956        0.0000000040
     13       -0.0012949168        0.0035683794       -0.0000000041
     14        0.0013984260       -0.0000223625        0.0000000059
     15       -0.0013984510       -0.0000223837       -0.0000000087
     16       -0.0013984590       -0.0000223575        0.0000000046
     17        0.0013984643       -0.0000223729        0.0000000018
     18        0.0017226114       -0.0009178525       -0.0000000093
     19       -0.0017226164       -0.0009178465        0.0000000055
     20       -0.0017225889       -0.0009178446       -0.0000000055
     21        0.0017225923       -0.0009178458        0.0000000077
     22       -0.0005604100       -0.0043751976        0.0000000131
     23        0.0005604118       -0.0043751505       -0.0000000108
     24        0.0005604410       -0.0043752728       -0.0000000015
     25       -0.0005603634       -0.0043751368        0.0000000021
     26       -0.0000645536        0.0000490652       -0.0000000008
     27        0.0000645499        0.0000490692       -0.0000000009
     28        0.0000645507        0.0000490665        0.0000000001
     29       -0.0000645511        0.0000490666        0.0000000003
     30       -0.0000152552        0.0000057927        0.0000000028
     31        0.0000152561        0.0000057954       -0.0000000037
     32        0.0000152563        0.0000057939        0.0000000028
     33       -0.0000152571        0.0000057936       -0.0000000034
     34       -0.0000691222       -0.0000190498        0.0000000015
     35        0.0000691227       -0.0000190497       -0.0000000001
     36       -0.0000691219       -0.0000190480        0.0000000006
     37        0.0000691240       -0.0000190515       -0.0000000011
 Sum of gradient contribution from 1e
              0.0000000000        0.0000000000       -0.0000000000
 
 
 [resp_deriv2e]
 
resp deriv type   4
 Number of cartesian primative basis functions :     1425
 If used primative density matrix:  F
  [int2e_petite_1st_gradient_screened]
 Total length of P4 ERIs 1st gradient:            25166235
 Maxium length of a batch of ERI 1st gradient:          160000
 Maxium length of a batch of dens matrix     :         6223392
 Lenght of eri-grad core                     :         2350308
 If primative density matrix is used         : F
 Number of OpenMP threads                    :  18
 ngrad=                     1
 Esitmate buffer meomory used:        1.1498 GB
 
|--------------------------------------------------------------------------------|
          Molecular gradient - Elec Repulsive contribution
 
        Atom            X                    Y                    Z
        Cu             0.0000000158         -0.0271418637          0.0000000130
        N             -0.0000000674          0.0120667008         -0.0000000038
        N             -0.0000000497          0.0120667640          0.0000000330
        N             -0.0000000204          0.0049485679         -0.0000000214
        N             -0.0000000101          0.0049485928         -0.0000000162
        C              0.0013267655         -0.0034410700          0.0000000091
        C             -0.0013267168         -0.0034410872         -0.0000000076
        C             -0.0013267120         -0.0034411348         -0.0000000027
        C              0.0013268173         -0.0034410923          0.0000000000
        C              0.0013066907         -0.0035728269          0.0000000039
        C             -0.0013066780         -0.0035728159         -0.0000000043
        C             -0.0013066741         -0.0035727427         -0.0000000042
        C              0.0013066965         -0.0035727266          0.0000000041
        C             -0.0014009826          0.0000203139         -0.0000000059
        C              0.0014010078          0.0000203351          0.0000000087
        C              0.0014010159          0.0000203089         -0.0000000046
        C             -0.0014010211          0.0000203243         -0.0000000018
        C             -0.0017224934          0.0009160331          0.0000000092
        C              0.0017224984          0.0009160270         -0.0000000055
        C              0.0017224709          0.0009160250          0.0000000056
        C             -0.0017224743          0.0009160261         -0.0000000076
        C              0.0005758809          0.0043909943         -0.0000000131
        C             -0.0005758822          0.0043909467          0.0000000109
        C             -0.0005759123          0.0043910701          0.0000000015
        C              0.0005758334          0.0043909326         -0.0000000022
        H              0.0000642965         -0.0000486811          0.0000000008
        H             -0.0000642927         -0.0000486851          0.0000000009
        H             -0.0000642936         -0.0000486824         -0.0000000001
        H              0.0000642939         -0.0000486825         -0.0000000003
        H              0.0000162623         -0.0000060394         -0.0000000028
        H             -0.0000162632         -0.0000060421          0.0000000037
        H             -0.0000162634         -0.0000060406         -0.0000000028
        H              0.0000162641         -0.0000060403          0.0000000034
        H              0.0000698490          0.0000190727         -0.0000000015
        H             -0.0000698496          0.0000190726          0.0000000001
        H              0.0000698488          0.0000190709         -0.0000000006
        H             -0.0000698509          0.0000190744          0.0000000011
|--------------------------------------------------------------------------------|
 
 
 ---------------------------------------------------------------
  Timing to calculate 2-electronic integrals Gradients                            
 
  CPU TIME(S)      SYSTEM TIME(S)     WALL TIME(S)
       5085.900            0.350             283.440
 ---------------------------------------------------------------
 
 Time:   PreRys     Rys    2dint    2dintd   6dint  6dintc  6dints
cputime    0.00E+00    0.00E+00    0.00E+00    0.00E+00    0.00E+00    0.00E+00    0.00E+00    0.00E+00
systime    0.00E+00    0.00E+00    0.00E+00    0.00E+00    0.00E+00    0.00E+00    0.00E+00    0.00E+00
waltime    0.00E+00    0.00E+00    0.00E+00    0.00E+00    0.00E+00    0.00E+00    0.00E+00    0.00E+00
 Finish resp_deriv2e
  Gradient contribution from Analytic 2e
      1        0.0000000158       -0.0271418637        0.0000000130
      2       -0.0000000674        0.0120667008       -0.0000000038
      3       -0.0000000497        0.0120667640        0.0000000330
      4       -0.0000000204        0.0049485679       -0.0000000214
      5       -0.0000000101        0.0049485928       -0.0000000162
      6        0.0013267655       -0.0034410700        0.0000000091
      7       -0.0013267168       -0.0034410872       -0.0000000076
      8       -0.0013267120       -0.0034411348       -0.0000000027
      9        0.0013268173       -0.0034410923        0.0000000000
     10        0.0013066907       -0.0035728269        0.0000000039
     11       -0.0013066780       -0.0035728159       -0.0000000043
     12       -0.0013066741       -0.0035727427       -0.0000000042
     13        0.0013066965       -0.0035727266        0.0000000041
     14       -0.0014009826        0.0000203139       -0.0000000059
     15        0.0014010078        0.0000203351        0.0000000087
     16        0.0014010159        0.0000203089       -0.0000000046
     17       -0.0014010211        0.0000203243       -0.0000000018
     18       -0.0017224934        0.0009160331        0.0000000092
     19        0.0017224984        0.0009160270       -0.0000000055
     20        0.0017224709        0.0009160250        0.0000000056
     21       -0.0017224743        0.0009160261       -0.0000000076
     22        0.0005758809        0.0043909943       -0.0000000131
     23       -0.0005758822        0.0043909467        0.0000000109
     24       -0.0005759123        0.0043910701        0.0000000015
     25        0.0005758334        0.0043909326       -0.0000000022
     26        0.0000642965       -0.0000486811        0.0000000008
     27       -0.0000642927       -0.0000486851        0.0000000009
     28       -0.0000642936       -0.0000486824       -0.0000000001
     29        0.0000642939       -0.0000486825       -0.0000000003
     30        0.0000162623       -0.0000060394       -0.0000000028
     31       -0.0000162632       -0.0000060421        0.0000000037
     32       -0.0000162634       -0.0000060406       -0.0000000028
     33        0.0000162641       -0.0000060403        0.0000000034
     34        0.0000698490        0.0000190727       -0.0000000015
     35       -0.0000698496        0.0000190726        0.0000000001
     36        0.0000698488        0.0000190709       -0.0000000006
     37       -0.0000698509        0.0000190744        0.0000000011
 Sum of gradient contribution from Analytic 2e
             -0.0000000000       -0.0000000000        0.0000000000
 
 
 
 [resp_deriv_Exc]
 
  Gradient contribution from XC
      1       -0.0000000001        0.0002487171       -0.0000000002
      2        0.0000000006       -0.0001034291        0.0000000001
      3        0.0000000004       -0.0001034298       -0.0000000004
      4        0.0000000003       -0.0000394973        0.0000000002
      5        0.0000000000       -0.0000394975        0.0000000002
      6       -0.0000130853        0.0000199627       -0.0000000001
      7        0.0000130848        0.0000199629        0.0000000001
      8        0.0000130847        0.0000199634        0.0000000000
      9       -0.0000130853        0.0000199630        0.0000000000
     10       -0.0000094568        0.0000319369       -0.0000000000
     11        0.0000094568        0.0000319368        0.0000000001
     12        0.0000094566        0.0000319361        0.0000000000
     13       -0.0000094569        0.0000319360       -0.0000000000
     14        0.0000023434       -0.0000043739        0.0000000001
     15       -0.0000023435       -0.0000043741       -0.0000000001
     16       -0.0000023435       -0.0000043739        0.0000000001
     17        0.0000023434       -0.0000043740        0.0000000000
     18        0.0000228365       -0.0000150141       -0.0000000001
     19       -0.0000228366       -0.0000150141        0.0000000001
     20       -0.0000228363       -0.0000150139       -0.0000000001
     21        0.0000228364       -0.0000150139        0.0000000001
     22        0.0000029486       -0.0000250065        0.0000000002
     23       -0.0000029485       -0.0000250061       -0.0000000001
     24       -0.0000029484       -0.0000250071       -0.0000000000
     25        0.0000029489       -0.0000250061        0.0000000000
     26       -0.0000011802        0.0000010159       -0.0000000000
     27        0.0000011801        0.0000010159       -0.0000000000
     28        0.0000011801        0.0000010159        0.0000000000
     29       -0.0000011801        0.0000010159        0.0000000000
     30       -0.0000002171        0.0000001163        0.0000000000
     31        0.0000002171        0.0000001164       -0.0000000000
     32        0.0000002171        0.0000001163        0.0000000000
     33       -0.0000002171        0.0000001163       -0.0000000000
     34       -0.0000011248        0.0000001410        0.0000000000
     35        0.0000011248        0.0000001410       -0.0000000000
     36       -0.0000011248        0.0000001410        0.0000000000
     37        0.0000011248        0.0000001410       -0.0000000000
 Sum of gradient contribution from XC
             -0.0000000000       -0.0000020235       -0.0000000000
 
 
 [resp_deriv_dpq]
 
  Gradient contribution from dpq-R
      1        0.0000000000       -0.0000220702        0.0000000000
      2        0.0000000000        0.0000082457       -0.0000000000
      3       -0.0000000000        0.0000082457        0.0000000000
      4       -0.0000000000        0.0000002457       -0.0000000000
      5       -0.0000000000        0.0000002457       -0.0000000000
      6        0.0000005661        0.0000004715        0.0000000000
      7       -0.0000005661        0.0000004715       -0.0000000000
      8       -0.0000005661        0.0000004715        0.0000000000
      9        0.0000005661        0.0000004715        0.0000000000
     10       -0.0000005563       -0.0000006921       -0.0000000000
     11        0.0000005563       -0.0000006921       -0.0000000000
     12        0.0000005563       -0.0000006921        0.0000000000
     13       -0.0000005563       -0.0000006921        0.0000000000
     14        0.0000000892        0.0000001670        0.0000000000
     15       -0.0000000892        0.0000001670        0.0000000000
     16       -0.0000000892        0.0000001670       -0.0000000000
     17        0.0000000892        0.0000001670       -0.0000000000
     18       -0.0000005487        0.0000004131        0.0000000000
     19        0.0000005487        0.0000004131       -0.0000000000
     20        0.0000005487        0.0000004131        0.0000000000
     21       -0.0000005487        0.0000004131       -0.0000000000
     22       -0.0000010526        0.0000007296       -0.0000000000
     23        0.0000010526        0.0000007296       -0.0000000000
     24        0.0000010526        0.0000007296       -0.0000000000
     25       -0.0000010526        0.0000007296       -0.0000000000
     26        0.0000000247        0.0000000050        0.0000000000
     27       -0.0000000247        0.0000000050        0.0000000000
     28       -0.0000000247        0.0000000050       -0.0000000000
     29        0.0000000247        0.0000000050       -0.0000000000
     30       -0.0000000480       -0.0000000098       -0.0000000000
     31        0.0000000480       -0.0000000098        0.0000000000
     32        0.0000000480       -0.0000000098       -0.0000000000
     33       -0.0000000480       -0.0000000098        0.0000000000
     34        0.0000000019        0.0000000070       -0.0000000000
     35       -0.0000000019        0.0000000070       -0.0000000000
     36        0.0000000019        0.0000000070       -0.0000000000
     37       -0.0000000019        0.0000000070       -0.0000000000
 Sum of gradient contribution from dpq-R
              0.0000000000       -0.0000007224       -0.0000000000
 
  Gradient contribution from Final-NAC(R)
      1       -0.0000000001        0.0002973765       -0.0000000002
      2        0.0000000003       -0.0001354003        0.0000000001
      3       -0.0000000005       -0.0001354004       -0.0000000003
      4        0.0000000002       -0.0000447828        0.0000000002
      5       -0.0000000000       -0.0000447829        0.0000000002
      6       -0.0000336806        0.0000178844       -0.0000000001
      7        0.0000336806        0.0000178847        0.0000000001
      8        0.0000336805        0.0000178847        0.0000000001
      9       -0.0000336803        0.0000178850        0.0000000001
     10        0.0000017664        0.0000268970       -0.0000000000
     11       -0.0000017661        0.0000268969        0.0000000001
     12       -0.0000017666        0.0000268968       -0.0000000002
     13        0.0000017664        0.0000268968       -0.0000000000
     14       -0.0000001241       -0.0000062555        0.0000000000
     15        0.0000001241       -0.0000062556       -0.0000000001
     16        0.0000001242       -0.0000062555        0.0000000000
     17       -0.0000001242       -0.0000062555        0.0000000000
     18        0.0000224059       -0.0000164204       -0.0000000002
     19       -0.0000224059       -0.0000164205        0.0000000000
     20       -0.0000224056       -0.0000164204       -0.0000000000
     21        0.0000224057       -0.0000164205        0.0000000001
     22        0.0000173669       -0.0000084802        0.0000000001
     23       -0.0000173662       -0.0000084804       -0.0000000000
     24       -0.0000173671       -0.0000084802       -0.0000000000
     25        0.0000173663       -0.0000084807       -0.0000000001
     26       -0.0000014125        0.0000014050       -0.0000000000
     27        0.0000014125        0.0000014050       -0.0000000000
     28        0.0000014125        0.0000014050        0.0000000000
     29       -0.0000014125        0.0000014050        0.0000000000
     30        0.0000007420       -0.0000001401        0.0000000000
     31       -0.0000007420       -0.0000001401       -0.0000000000
     32       -0.0000007420       -0.0000001401        0.0000000000
     33        0.0000007420       -0.0000001401       -0.0000000000
     34       -0.0000003960        0.0000001709        0.0000000000
     35        0.0000003960        0.0000001709       -0.0000000000
     36       -0.0000003960        0.0000001709        0.0000000000
     37        0.0000003960        0.0000001709       -0.0000000000
 Sum of gradient contribution from Final-NAC(R)
             -0.0000000000       -0.0000027459       -0.0000000000
 
 ------------------------------------------------------------------
 
 Raw NACMEs, without electron-translation factor:
  FNAC_cpair=   1   1   1     1   1  10
  FNAC_epair=        -2642.5503466852132988        -2642.5164586678624801
  Gradient contribution from Final-NAC(R)-Escaled
      1       -0.0000000027        0.0087752702       -0.0000000053
      2        0.0000000100       -0.0039955200        0.0000000023
      3       -0.0000000134       -0.0039955231       -0.0000000097
      4        0.0000000062       -0.0013214951        0.0000000062
      5       -0.0000000013       -0.0013214973        0.0000000059
      6       -0.0009938785        0.0005277506       -0.0000000021
      7        0.0009938793        0.0005277581        0.0000000020
      8        0.0009938754        0.0005277582        0.0000000023
      9       -0.0009938712        0.0005277682        0.0000000040
     10        0.0000521233        0.0007937012       -0.0000000003
     11       -0.0000521162        0.0007936983        0.0000000032
     12       -0.0000521306        0.0007936952       -0.0000000047
     13        0.0000521251        0.0007936956       -0.0000000011
     14       -0.0000036619       -0.0001845944        0.0000000007
     15        0.0000036624       -0.0001845968       -0.0000000018
     16        0.0000036642       -0.0001845945        0.0000000006
     17       -0.0000036661       -0.0001845944        0.0000000001
     18        0.0006611736       -0.0004845489       -0.0000000050
     19       -0.0006611744       -0.0004845509        0.0000000000
     20       -0.0006611666       -0.0004845485       -0.0000000004
     21        0.0006611690       -0.0004845506        0.0000000035
     22        0.0005124793       -0.0002502411        0.0000000040
     23       -0.0005124588       -0.0002502468       -0.0000000003
     24       -0.0005124838       -0.0002502407       -0.0000000004
     25        0.0005124601       -0.0002502555       -0.0000000028
     26       -0.0000416823        0.0000414602       -0.0000000001
     27        0.0000416828        0.0000414603       -0.0000000004
     28        0.0000416812        0.0000414602        0.0000000002
     29       -0.0000416827        0.0000414607        0.0000000001
     30        0.0000218946       -0.0000041349        0.0000000006
     31       -0.0000218948       -0.0000041355       -0.0000000010
     32       -0.0000218947       -0.0000041347        0.0000000005
     33        0.0000218944       -0.0000041350       -0.0000000009
     34       -0.0000116858        0.0000050428        0.0000000003
     35        0.0000116843        0.0000050435       -0.0000000001
     36       -0.0000116845        0.0000050438        0.0000000001
     37        0.0000116848        0.0000050433       -0.0000000003
 Sum of gradient contribution from Final-NAC(R)-Escaled
             -0.0000000004       -0.0000810279       -0.0000000002
 
 ------------------------------------------------------------------
 
 ++++++++  DATA CHECK +++++++++++++++++++++++++++++++++
  CHECKDATA:GRAD:NAC:           0.0000           0.0088           0.0000
  CHECKDATA:GRAD:NAC:           0.0000          -0.0040           0.0000
  CHECKDATA:GRAD:NAC:           0.0000          -0.0040           0.0000
  CHECKDATA:GRAD:NAC:           0.0000          -0.0013           0.0000
  CHECKDATA:GRAD:NAC:           0.0000          -0.0013           0.0000
  CHECKDATA:GRAD:NAC:          -0.0010           0.0005           0.0000
  CHECKDATA:GRAD:NAC:           0.0010           0.0005           0.0000
  CHECKDATA:GRAD:NAC:           0.0010           0.0005           0.0000
  CHECKDATA:GRAD:NAC:          -0.0010           0.0005           0.0000
  CHECKDATA:GRAD:NAC:           0.0001           0.0008           0.0000
  CHECKDATA:GRAD:NAC:          -0.0001           0.0008           0.0000
  CHECKDATA:GRAD:NAC:          -0.0001           0.0008           0.0000
  CHECKDATA:GRAD:NAC:           0.0001           0.0008           0.0000
  CHECKDATA:GRAD:NAC:          -0.0000          -0.0002           0.0000
  CHECKDATA:GRAD:NAC:           0.0000          -0.0002           0.0000
  CHECKDATA:GRAD:NAC:           0.0000          -0.0002           0.0000
  CHECKDATA:GRAD:NAC:          -0.0000          -0.0002           0.0000
  CHECKDATA:GRAD:NAC:           0.0007          -0.0005           0.0000
  CHECKDATA:GRAD:NAC:          -0.0007          -0.0005           0.0000
  CHECKDATA:GRAD:NAC:          -0.0007          -0.0005           0.0000
  CHECKDATA:GRAD:NAC:           0.0007          -0.0005           0.0000
  CHECKDATA:GRAD:NAC:           0.0005          -0.0003           0.0000
  CHECKDATA:GRAD:NAC:          -0.0005          -0.0003           0.0000
  CHECKDATA:GRAD:NAC:          -0.0005          -0.0003           0.0000
  CHECKDATA:GRAD:NAC:           0.0005          -0.0003           0.0000
  CHECKDATA:GRAD:NAC:          -0.0000           0.0000           0.0000
  CHECKDATA:GRAD:NAC:           0.0000           0.0000           0.0000
  CHECKDATA:GRAD:NAC:           0.0000           0.0000           0.0000
  CHECKDATA:GRAD:NAC:          -0.0000           0.0000           0.0000
  CHECKDATA:GRAD:NAC:           0.0000          -0.0000           0.0000
  CHECKDATA:GRAD:NAC:          -0.0000          -0.0000           0.0000
  CHECKDATA:GRAD:NAC:          -0.0000          -0.0000           0.0000
  CHECKDATA:GRAD:NAC:           0.0000          -0.0000           0.0000
  CHECKDATA:GRAD:NAC:          -0.0000           0.0000           0.0000
  CHECKDATA:GRAD:NAC:           0.0000           0.0000           0.0000
  CHECKDATA:GRAD:NAC:          -0.0000           0.0000           0.0000
  CHECKDATA:GRAD:NAC:           0.0000           0.0000           0.0000
 ++++++++++ END DATA CHECK ++++++++++++++++++++++++++++
 
  Gradient contribution from dpq-S
      1        0.0000000000       -0.0000101399        0.0000000000
      2       -0.0000000000        0.0000047814       -0.0000000000
      3       -0.0000000000        0.0000047814        0.0000000000
      4       -0.0000000000        0.0000015784       -0.0000000000
      5       -0.0000000000        0.0000015784       -0.0000000000
      6        0.0000005881       -0.0000015219        0.0000000000
      7       -0.0000005881       -0.0000015219       -0.0000000000
      8       -0.0000005881       -0.0000015219        0.0000000000
      9        0.0000005881       -0.0000015219        0.0000000000
     10        0.0000006938       -0.0000015439        0.0000000000
     11       -0.0000006938       -0.0000015439       -0.0000000000
     12       -0.0000006938       -0.0000015439        0.0000000000
     13        0.0000006938       -0.0000015439        0.0000000000
     14       -0.0000004818       -0.0000000099        0.0000000000
     15        0.0000004818       -0.0000000099        0.0000000000
     16        0.0000004818       -0.0000000099       -0.0000000000
     17       -0.0000004818       -0.0000000099       -0.0000000000
     18       -0.0000008815        0.0000004278        0.0000000000
     19        0.0000008815        0.0000004278       -0.0000000000
     20        0.0000008815        0.0000004278        0.0000000000
     21       -0.0000008815        0.0000004278       -0.0000000000
     22        0.0000000354        0.0000020603       -0.0000000000
     23       -0.0000000354        0.0000020603        0.0000000000
     24       -0.0000000354        0.0000020603        0.0000000000
     25        0.0000000354        0.0000020603       -0.0000000000
     26        0.0000000040       -0.0000000035        0.0000000000
     27       -0.0000000040       -0.0000000035        0.0000000000
     28       -0.0000000040       -0.0000000035       -0.0000000000
     29        0.0000000040       -0.0000000035       -0.0000000000
     30       -0.0000000259       -0.0000000423       -0.0000000000
     31        0.0000000259       -0.0000000423        0.0000000000
     32        0.0000000259       -0.0000000423       -0.0000000000
     33       -0.0000000259       -0.0000000423        0.0000000000
     34        0.0000000033       -0.0000000114       -0.0000000000
     35       -0.0000000033       -0.0000000114        0.0000000000
     36        0.0000000033       -0.0000000114       -0.0000000000
     37       -0.0000000033       -0.0000000114       -0.0000000000
 Sum of gradient contribution from dpq-S
             -0.0000000000        0.0000000000       -0.0000000000
 
  Gradient contribution from Final-NAC(S)
      1       -0.0000000001        0.0003093068       -0.0000000002
      2        0.0000000003       -0.0001388646        0.0000000001
      3       -0.0000000005       -0.0001388647       -0.0000000003
      4        0.0000000002       -0.0000434501        0.0000000002
      5       -0.0000000000       -0.0000434502        0.0000000002
      6       -0.0000336585        0.0000158910       -0.0000000001
      7        0.0000336586        0.0000158913        0.0000000001
      8        0.0000336585        0.0000158913        0.0000000001
      9       -0.0000336583        0.0000158916        0.0000000001
     10        0.0000030165        0.0000260452       -0.0000000000
     11       -0.0000030162        0.0000260451        0.0000000001
     12       -0.0000030167        0.0000260450       -0.0000000002
     13        0.0000030165        0.0000260450       -0.0000000000
     14       -0.0000006951       -0.0000064324        0.0000000000
     15        0.0000006951       -0.0000064325       -0.0000000001
     16        0.0000006952       -0.0000064324        0.0000000000
     17       -0.0000006952       -0.0000064324        0.0000000000
     18        0.0000220731       -0.0000164057       -0.0000000002
     19       -0.0000220731       -0.0000164058        0.0000000000
     20       -0.0000220728       -0.0000164057       -0.0000000000
     21        0.0000220729       -0.0000164058        0.0000000001
     22        0.0000184549       -0.0000071495        0.0000000001
     23       -0.0000184542       -0.0000071497       -0.0000000000
     24       -0.0000184551       -0.0000071495       -0.0000000000
     25        0.0000184543       -0.0000071500       -0.0000000001
     26       -0.0000014333        0.0000013965       -0.0000000000
     27        0.0000014333        0.0000013965       -0.0000000000
     28        0.0000014332        0.0000013965        0.0000000000
     29       -0.0000014333        0.0000013965        0.0000000000
     30        0.0000007640       -0.0000001727        0.0000000000
     31       -0.0000007641       -0.0000001727       -0.0000000000
     32       -0.0000007640       -0.0000001727        0.0000000000
     33        0.0000007640       -0.0000001727       -0.0000000000
     34       -0.0000003946        0.0000001525        0.0000000000
     35        0.0000003946        0.0000001525       -0.0000000000
     36       -0.0000003946        0.0000001525        0.0000000000
     37        0.0000003946        0.0000001525       -0.0000000000
 Sum of gradient contribution from Final-NAC(S)
             -0.0000000000       -0.0000020235       -0.0000000000
 
 
 NACMEs including electron-translation factor:
  Gradient contribution from Final-NAC(S)-Escaled
      1       -0.0000000029        0.0091273198       -0.0000000056
      2        0.0000000099       -0.0040977481        0.0000000029
      3       -0.0000000136       -0.0040977509       -0.0000000098
      4        0.0000000061       -0.0012821684        0.0000000062
      5       -0.0000000011       -0.0012821703        0.0000000058
      6       -0.0009932284        0.0004689278       -0.0000000020
      7        0.0009932292        0.0004689357        0.0000000019
      8        0.0009932257        0.0004689354        0.0000000022
      9       -0.0009932209        0.0004689458        0.0000000039
     10        0.0000890134        0.0007685665       -0.0000000003
     11       -0.0000890060        0.0007685634        0.0000000031
     12       -0.0000890207        0.0007685609       -0.0000000047
     13        0.0000890148        0.0007685612       -0.0000000012
     14       -0.0000205107       -0.0001898146        0.0000000006
     15        0.0000205113       -0.0001898169       -0.0000000018
     16        0.0000205133       -0.0001898145        0.0000000006
     17       -0.0000205154       -0.0001898144        0.0000000001
     18        0.0006513529       -0.0004841163       -0.0000000051
     19       -0.0006513536       -0.0004841183        0.0000000001
     20       -0.0006513461       -0.0004841158       -0.0000000005
     21        0.0006513485       -0.0004841179        0.0000000036
     22        0.0005445862       -0.0002109745        0.0000000040
     23       -0.0005445656       -0.0002109805       -0.0000000002
     24       -0.0005445910       -0.0002109733       -0.0000000003
     25        0.0005445668       -0.0002109887       -0.0000000028
     26       -0.0000422947        0.0000412091       -0.0000000001
     27        0.0000422952        0.0000412092       -0.0000000004
     28        0.0000422936        0.0000412091        0.0000000002
     29       -0.0000422951        0.0000412096        0.0000000001
     30        0.0000225461       -0.0000050950        0.0000000007
     31       -0.0000225464       -0.0000050956       -0.0000000010
     32       -0.0000225463       -0.0000050948        0.0000000006
     33        0.0000225459       -0.0000050952       -0.0000000010
     34       -0.0000116453        0.0000044990        0.0000000003
     35        0.0000116439        0.0000044998       -0.0000000001
     36       -0.0000116440        0.0000045000        0.0000000001
     37        0.0000116443        0.0000044995       -0.0000000002
 Sum of gradient contribution from Final-NAC(S)-Escaled
             -0.0000000004       -0.0000597120       -0.0000000002
 
 
 [resp_ex_final] : iop=                     2
 
 
 [resp_ex_final] : iop=                     0
 
 
 [resp_ex_final] : iop=                     0
 
 
 [resp_final]
 
 
 [tddft_props_final]
 
 ====================================================================
  Summary of timings:         CPU         Sys        Wall      %Total
 --------------------------------------------------------------------
       1e derivatives      261.12        1.75       26.99        1.13
       2e derivatives     5086.17        0.38      283.48       11.90
       XC derivatives     2855.67        0.60      182.55        7.67
 2e contribs. to Fock    30140.34        6.15     1680.28       70.56
 XC contribs. to Fock     3578.56        4.27      205.12        8.61
        Miscellaneous       46.35        2.80        2.94        0.12
                Total    41968.21       15.95     2381.36      100.00
 ====================================================================
 
 
 ---------------------------------------------------------------
  Timing of RESP_PROPS calculation                                                
 
  CPU TIME(S)      SYSTEM TIME(S)     WALL TIME(S)
      41968.210           15.950            2381.360
 ---------------------------------------------------------------
 
|******************************************************************************|
 
    Total cpu     time:      41968.21  S
    Total system  time:         15.95  S
    Total wall    time:       2381.36  S
 
    Current time   2026-01-07  04:31:14
    End running module resp
|******************************************************************************|
 
Total wall time       42713.01 Seconds
You should check your OUTFILE name, neither .bdflog or .bdfout!
/apps/users/xlwang/bdf-final/bdf-pkg/build/bdf-pkg-full/sbin/bdfsummary.py\bdf_summary\\pbe0/X2C-TZVPALL\\0,2\\Cu,0.0000000000,0.0000000000,0.0000000000\N,-3.8575023600,0.0000000000,0.0000000000\N,3.8575023600,0.0000000000,0.0000000000\N,0.0000000000,3.8169069422,0.0000000000\N,0.0000000000,-3.8169069422,0.0000000000\C,-5.4105915011,-2.0637180654,0.0000000000\C,-5.4105915011,2.0637180654,0.0000000000\C,5.4105915011,-2.0637180654,0.0000000000\C,5.4105915011,2.0637180654,0.0000000000\C,-2.0596458568,-5.3794255710,0.0000000000\C,2.0596458568,-5.3794255710,0.0000000000\C,-2.0596458568,5.3794255710,0.0000000000\C,2.0596458568,5.3794255710,0.0000000000\C,-8.0259861203,-1.2840905012,0.0000000000\C,-8.0259861203,1.2840905012,0.0000000000\C,8.0259861203,-1.2840905012,0.0000000000\C,8.0259861203,1.2840905012,0.0000000000\C,-1.3119982979,-7.9464601521,0.0000000000\C,1.3119982979,-7.9464601521,0.0000000000\C,-1.3119982979,7.9464601521,0.0000000000\C,1.3119982979,7.9464601521,0.0000000000\C,-4.6034899080,-4.5539883999,0.0000000000\C,-4.6034899080,4.5539883999,0.0000000000\C,4.6034899080,-4.5539883999,0.0000000000\C,4.6034899080,4.5539883999,0.0000000000\H,-9.6338760907,-2.5676643702,0.0000000000\H,-9.6338760907,2.5676643702,0.0000000000\H,9.6338760907,-2.5676643702,0.0000000000\H,9.6338760907,2.5676643702,0.0000000000\H,-2.5896423575,-9.5584924022,0.0000000000\H,2.5896423575,-9.5584924022,0.0000000000\H,-2.5896423575,9.5584924022,0.0000000000\H,2.5896423575,9.5584924022,0.0000000000\H,-6.0568345988,-6.0174773484,0.0000000000\H,6.0568345988,-6.0174773484,0.0000000000\H,6.0568345988,6.0174773484,0.0000000000\H,-6.0568345988,6.0174773484,0.0000000000\\pbe0=GEOM\\
Congratulations! BDF normal termination
('/scratch/cup-nacme-roks-2t1-2dd2-awf2_385', '/apps/spooler/spooler/xlwang/cu-porphyrin/rate/cup')

Sender: Unischeduler System <xlwang@mgt01>
Subject: Job 217014: <#!/bin/bash
#BSUB -J cup-nacme-roks-2t1-2dd2-awf2
#BSUB -o cup-nacme-roks-2t1-2dd2-awf2.out
#BSUB -n 18
#BSUB -q cqueue
#BSUB -R span[hosts=1]
export BDFHOME=/apps/users/xlwang/bdf-final/bdf-pkg/build/bdf-pkg-full
export BDF_TMPDIR=/scratch/cup-nacme-roks-2t1-2dd2-awf2_385
export USE_LIBCINT=no
export LD_LIBRARY_PATH=/apps/users/xlwang/bdf-final/bdf-pkg/build/bdf-pkg-full/extlibs:/apps/users/xlwang/bdf-final/bdf-pkg/build/bdf-pkg-full/libso:/apps/software/intel2019/mkl/lib/intel64:/apps/software/intel2019/compilers_and_libraries_2019/linux/lib/intel64:$LD_LIBRARY_PATH
export LD_LIBRARY_PATH=/apps/software/intel2019/mkl/lib/intel64:/apps/software/intel2019/compilers_and_libraries_2019/linux/lib/intel64:/apps/software/lib64/glibc:$LD_LIBRARY_PATH
export GFORTRAN_UNBUFFERED_ALL=1
ulimit -s unlimited
ulimit -t unlimited
export OMP_NUM_THREADS=18
export OMP_STACKSIZE=1G
export KMP_STACKSIZE=1G
/apps/users/xlwang/bdf-final/bdf-pkg/build/bdf-pkg-full/sbin/bdfdrv.py -tmpdir /scratch/cup-nacme-roks-2t1-2dd2-awf2_385 -keeptmpdir -r cup-nacme-roks-2t1-2dd2-awf2.inp > cup-nacme-roks-2t1-2dd2-awf2.out
rm -rf .cup-nacme-roks-2t1-2dd2-awf2.wrk> Done

Job <#!/bin/bash
#BSUB -J cup-nacme-roks-2t1-2dd2-awf2
#BSUB -o cup-nacme-roks-2t1-2dd2-awf2.out
#BSUB -n 18
#BSUB -q cqueue
#BSUB -R span[hosts=1]
export BDFHOME=/apps/users/xlwang/bdf-final/bdf-pkg/build/bdf-pkg-full
export BDF_TMPDIR=/scratch/cup-nacme-roks-2t1-2dd2-awf2_385
export USE_LIBCINT=no
export LD_LIBRARY_PATH=/apps/users/xlwang/bdf-final/bdf-pkg/build/bdf-pkg-full/extlibs:/apps/users/xlwang/bdf-final/bdf-pkg/build/bdf-pkg-full/libso:/apps/software/intel2019/mkl/lib/intel64:/apps/software/intel2019/compilers_and_libraries_2019/linux/lib/intel64:$LD_LIBRARY_PATH
export LD_LIBRARY_PATH=/apps/software/intel2019/mkl/lib/intel64:/apps/software/intel2019/compilers_and_libraries_2019/linux/lib/intel64:/apps/software/lib64/glibc:$LD_LIBRARY_PATH
export GFORTRAN_UNBUFFERED_ALL=1
ulimit -s unlimited
ulimit -t unlimited
export OMP_NUM_THREADS=18
export OMP_STACKSIZE=1G
export KMP_STACKSIZE=1G
/apps/users/xlwang/bdf-final/bdf-pkg/build/bdf-pkg-full/sbin/bdfdrv.py -tmpdir /scratch/cup-nacme-roks-2t1-2dd2-awf2_385 -keeptmpdir -r cup-nacme-roks-2t1-2dd2-awf2.inp > cup-nacme-roks-2t1-2dd2-awf2.out
rm -rf .cup-nacme-roks-2t1-2dd2-awf2.wrk> was submitted from host <mgt01> by user <xlwang>.
Job was executed on host(s) <18*cnode11>, in queue <cqueue>, as user <xlwang>.
</apps/users/xlwang> was used as the home directory.
</apps/spooler/spooler/xlwang/cu-porphyrin/rate/cup> was used as the working directory.
Started at 2026-01-06 16:39:21
Results reported at 2026-01-07 04:31:14

Your job looked like:

------------------------------------------------------------
# User input
#!/bin/bash
#BSUB -J cup-nacme-roks-2t1-2dd2-awf2
#BSUB -o cup-nacme-roks-2t1-2dd2-awf2.out
#BSUB -n 18
#BSUB -q cqueue
#BSUB -R span[hosts=1]
export BDFHOME=/apps/users/xlwang/bdf-final/bdf-pkg/build/bdf-pkg-full
export BDF_TMPDIR=/scratch/cup-nacme-roks-2t1-2dd2-awf2_385
export USE_LIBCINT=no
export LD_LIBRARY_PATH=/apps/users/xlwang/bdf-final/bdf-pkg/build/bdf-pkg-full/extlibs:/apps/users/xlwang/bdf-final/bdf-pkg/build/bdf-pkg-full/libso:/apps/software/intel2019/mkl/lib/intel64:/apps/software/intel2019/compilers_and_libraries_2019/linux/lib/intel64:$LD_LIBRARY_PATH
export LD_LIBRARY_PATH=/apps/software/intel2019/mkl/lib/intel64:/apps/software/intel2019/compilers_and_libraries_2019/linux/lib/intel64:/apps/software/lib64/glibc:$LD_LIBRARY_PATH
export GFORTRAN_UNBUFFERED_ALL=1
ulimit -s unlimited
ulimit -t unlimited
export OMP_NUM_THREADS=18
export OMP_STACKSIZE=1G
export KMP_STACKSIZE=1G
/apps/users/xlwang/bdf-final/bdf-pkg/build/bdf-pkg-full/sbin/bdfdrv.py -tmpdir /scratch/cup-nacme-roks-2t1-2dd2-awf2_385 -keeptmpdir -r cup-nacme-roks-2t1-2dd2-awf2.inp > cup-nacme-roks-2t1-2dd2-awf2.out
rm -rf .cup-nacme-roks-2t1-2dd2-awf2.wrk
------------------------------------------------------------

Successfully completed.

Resource usage summary:

    CPU time   :       761081.42 sec.
    Max Memory :             12591 MB
    Max Processes  :               6


The output (if any) follows:

OMP: Warning #182: OMP_STACKSIZE: ignored because KMP_STACKSIZE has been defined
OMP: Warning #182: OMP_STACKSIZE: ignored because KMP_STACKSIZE has been defined
OMP: Warning #182: OMP_STACKSIZE: ignored because KMP_STACKSIZE has been defined
OMP: Warning #182: OMP_STACKSIZE: ignored because KMP_STACKSIZE has been defined
OMP: Warning #182: OMP_STACKSIZE: ignored because KMP_STACKSIZE has been defined
