BEGIN_BASIC_INFO
  37  # num of atoms 
 111  # num of modes 
END_BASIC_INFO

BEGIN_DATA_1
  BEGIN_DESCRIPTION_1

                 2         2
                  2       2
                   2     2
               D2  |2   2
                   | 222
                   |  |
                   |  |
              1    |  | 1
               1   |  |1
                1  |  1
                 1 | 1  D1
                  111

    Q1 = S(1 <- 2) Q2 + D2
    Q1 = S2        Q2 + D2
    Q2 = S(2 <- 1) Q1 + D1
    Q2 = S1        Q1 + D1
    n              : index of mode, from 1 to 3n
    m              : index of mode, from 1 to 3n-6
    sym            : irreducible representation
    freq   (cm-1 ) : frequency
    D      (a.u. ) : displacement of mode
    delta  ( 1   ) : dimensionless projection, delta = D * SQRT(freq)
    HR     ( 1   ) : Huang-Rhys factor, HR = 0.5 * delta^2 
    lam    (cm-1 ) : reorganization energy, lam = HR * \hbar * freq
    ZPE1 (Ground ) :   60954.0628805 cm-1
    ZPE2 (Excited) :   59804.8542431 cm-1
    ZPE2 - ZPE1    :   -1149.2086375 cm-1
  END_DESCRIPTION_1
  BEGIN_OUTPUT_1
============================================================================================================================================
   n   m sym1   freq1         D1     delta1        HR1       lam1 sym2   freq2         D2     delta2        HR2       lam2    g    e   S(g,e)
--------------------------------------------------------------------------------------------------------------------------------------------
   1   0    A   -0.00    -0.00000  -0.00000    0.00000      -0.00    A   -0.00     0.00000   0.00000    0.00000      -0.00    1    1  -0.5434
   2   0    A   -0.00     0.00000   0.00000    0.00000      -0.00    A   -0.00     0.00000   0.00000    0.00000      -0.00    2    2   0.2432
   3   0    A   -0.00    -0.00000  -0.00000    0.00000      -0.00    A    0.00    -0.00000  -0.00000    0.00000       0.00    3    3  -0.2397
   4   0    A    0.00    -0.00000  -0.00000    0.00000       0.00    A    0.00     0.00000   0.00000    0.00000       0.00    4    4  -0.1425
   5   0    A    0.00    -0.00000  -0.00000    0.00000       0.00    A    0.00     0.00000   0.00000    0.00000       0.00    5    5   0.3310
   6   0    A    0.00    -0.00000  -0.00000    0.00000       0.00    A    0.00     0.00000   0.00000    0.00000       0.00    6    6  -0.1890
   7   1    A   48.38     0.01488   0.00022    0.00000       0.00    A   43.30    -0.00144  -0.00002    0.00000       0.00    7    7   0.0034
   8   2    A   51.06    -0.06975  -0.00106    0.00000       0.00    A   44.17     0.00055   0.00001    0.00000       0.00    8    8  -0.0034
   9   3    A   92.13    -0.04245  -0.00087    0.00000       0.00    A  102.73     0.00046   0.00001    0.00000       0.00    9    9   0.9992
  10   4    A  150.20    -0.15688  -0.00410    0.00001       0.00    A  136.45    -0.00061  -0.00002    0.00000       0.00   10   10   0.9685
  11   5    A  150.22    -0.02566  -0.00067    0.00000       0.00    A  143.98     0.00039   0.00001    0.00000       0.00   11   11   0.9669
  12   6    A  203.55   -13.45354  -0.40972    0.08393      17.09    A  191.86    20.17079   0.59637    0.17783      34.12   12   12   0.6892
  13   7    A  216.77     0.19461   0.00612    0.00002       0.00    A  208.75    -0.00206  -0.00006    0.00000       0.00   13   13   0.3207
  14   8    A  216.86    -0.03429  -0.00108    0.00000       0.00    A  214.52     0.00869   0.00027    0.00000       0.00   14   14  -0.3188
  15   9    A  218.69   -10.98292  -0.34669    0.06010      13.14    A  214.70     0.04100   0.00128    0.00000       0.00   15   15  -0.6852
  16  10    A  228.21    -0.91259  -0.02943    0.00043       0.10    A  232.77     0.00088   0.00003    0.00000       0.00   16   16  -0.0632
  17  11    A  242.20     0.63723   0.02117    0.00022       0.05    A  250.81     0.01093   0.00037    0.00000       0.00   17   17   0.0006
  18  12    A  261.02    -1.10436  -0.03808    0.00073       0.19    A  253.86    -0.01000  -0.00034    0.00000       0.00   18   18   0.8817
  19  13    A  261.37    -0.44829  -0.01547    0.00012       0.03    A  274.64     0.00033   0.00001    0.00000       0.00   19   19  -0.0011
  20  14    A  268.90   -20.03395  -0.70124    0.24587      66.11    A  296.88     0.00214   0.00008    0.00000       0.00   20   20   0.0435
  21  15    A  290.70     0.16972   0.00618    0.00002       0.01    A  332.94    -0.01274  -0.00050    0.00000       0.00   21   21   0.0000
  22  16    A  349.25    -0.08326  -0.00332    0.00001       0.00    A  347.70    -0.01384  -0.00055    0.00000       0.00   22   22   0.0025
  23  17    A  360.59     0.07143   0.00290    0.00000       0.00    A  353.92    -0.03187  -0.00128    0.00000       0.00   23   23   0.7218
  24  18    A  361.01    -0.12615  -0.00512    0.00001       0.00    A  364.20   -20.31074  -0.82737    0.34227     124.65   24   24  -0.0048
  25  19    A  401.51     0.00863   0.00037    0.00000       0.00    A  391.96     0.00940   0.00040    0.00000       0.00   25   25   0.6816
  26  20    A  401.71     0.02605   0.00111    0.00000       0.00    A  393.56    -0.00293  -0.00012    0.00000       0.00   26   26  -0.6922
  27  21    A  425.41    -5.02367  -0.22117    0.02446      10.40    A  404.51     0.00017   0.00001    0.00000       0.00   27   27  -0.0007
  28  22    A  433.06   -10.81122  -0.48024    0.11532      49.94    A  407.03     0.00962   0.00041    0.00000       0.00   28   28   0.5928
  29  23    A  440.97    -0.02070  -0.00093    0.00000       0.00    A  408.35     0.00602   0.00026    0.00000       0.00   29   29  -0.0049
  30  24    A  440.97     0.06294   0.00282    0.00000       0.00    A  416.72    -0.00640  -0.00028    0.00000       0.00   30   30   0.9907
  31  25    A  485.07    -0.00515  -0.00024    0.00000       0.00    A  458.01     0.00098   0.00004    0.00000       0.00   31   31   0.9827
  32  26    A  683.20     0.05763   0.00322    0.00001       0.00    A  573.93    -0.00039  -0.00002    0.00000       0.00   32   32  -0.0023
  33  27    A  689.52    -0.03888  -0.00218    0.00000       0.00    A  663.45     0.00005   0.00000    0.00000       0.00   33   33  -0.0169
  34  28    A  689.52     0.00320   0.00018    0.00000       0.00    A  667.48    -0.00012  -0.00001    0.00000       0.00   34   34   0.0005
  35  29    A  704.02     0.02185   0.00124    0.00000       0.00    A  674.76    -0.00054  -0.00003    0.00000       0.00   35   35   0.0001
  36  30    A  716.38    -0.02367  -0.00135    0.00000       0.00    A  678.30     0.00040   0.00002    0.00000       0.00   36   36   0.1960
  37  31    A  729.88    -0.04079  -0.00235    0.00000       0.00    A  701.85    -0.00271  -0.00015    0.00000       0.00   37   37  -0.0047
  38  32    A  729.89     0.00929   0.00054    0.00000       0.00    A  705.21     0.00001   0.00000    0.00000       0.00   38   38  -0.7014
  39  33    A  733.54     0.02780   0.00161    0.00000       0.00    A  713.49    -0.00028  -0.00002    0.00000       0.00   39   39  -0.0007
  40  34    A  744.82     0.73182   0.04263    0.00091       0.68    A  722.21     0.00368   0.00021    0.00000       0.00   40   40   0.0123
  41  35    A  758.56     4.11925   0.24217    0.02932      22.24    A  738.95     1.64366   0.09537    0.00455       3.36   41   41  -0.0475
  42  36    A  766.95    -0.00260  -0.00015    0.00000       0.00    A  750.97     6.14322   0.35935    0.06457      48.49   42   42   0.0002
  43  37    A  766.98     0.01450   0.00086    0.00000       0.00    A  756.35     0.00488   0.00029    0.00000       0.00   43   43   0.2306
  44  38    A  797.76     0.01075   0.00065    0.00000       0.00    A  765.73    -0.00739  -0.00044    0.00000       0.00   44   44   0.0022
  45  39    A  806.92     0.00991   0.00060    0.00000       0.00    A  775.67    -0.00517  -0.00031    0.00000       0.00   45   45  -0.0530
  46  40    A  806.93     0.00510   0.00031    0.00000       0.00    A  775.90     0.00006   0.00000    0.00000       0.00   46   46   0.0086
  47  41    A  815.14     0.01811   0.00110    0.00000       0.00    A  788.80    -0.00012  -0.00001    0.00000       0.00   47   47   0.0038
  48  42    A  815.19     0.02754   0.00168    0.00000       0.00    A  802.47    -0.00010  -0.00001    0.00000       0.00   48   48   0.0654
  49  43    A  815.78     0.00854   0.00052    0.00000       0.00    A  815.56     0.00111   0.00007    0.00000       0.00   49   49   0.0309
  50  44    A  819.47    -2.88953  -0.17656    0.01559      12.77    A  816.68     0.00090   0.00005    0.00000       0.00   50   50   0.2821
  51  45    A  834.56    -2.88871  -0.17813    0.01587      13.24    A  825.34    -0.00107  -0.00007    0.00000       0.00   51   51   0.0012
  52  46    A  874.71     0.00432   0.00027    0.00000       0.00    A  836.41     0.00018   0.00001    0.00000       0.00   52   52  -0.9745
  53  47    A  883.70     0.00068   0.00004    0.00000       0.00    A  848.28    -0.00015  -0.00001    0.00000       0.00   53   53   0.0288
  54  48    A  883.70    -0.00537  -0.00034    0.00000       0.00    A  852.97    -0.00011  -0.00001    0.00000       0.00   54   54  -0.0298
  55  49    A  892.07     0.00221   0.00014    0.00000       0.00    A  863.39     0.00005   0.00000    0.00000       0.00   55   55   0.9899
  56  50    A  938.26    -0.00018  -0.00001    0.00000       0.00    A  883.18    -0.00007  -0.00000    0.00000       0.00   56   56   0.7154
  57  51    A  942.09     0.00328   0.00022    0.00000       0.00    A  884.91    -0.00008  -0.00001    0.00000       0.00   57   57   0.9719
  58  52    A  942.10     0.00030   0.00002    0.00000       0.00    A  894.12    -0.00089  -0.00006    0.00000       0.00   58   58  -0.0002
  59  53    A  944.28     0.00230   0.00015    0.00000       0.00    A  941.43    -0.00027  -0.00002    0.00000       0.00   59   59  -0.7367
  60  54    A 1017.15     0.90621   0.06169    0.00190       1.94    A  941.59     0.00035   0.00002    0.00000       0.00   60   60   0.0011
  61  55    A 1040.78     0.04804   0.00331    0.00001       0.01    A 1029.65    -1.26933  -0.08694    0.00378       3.89   61   61   0.0127
  62  56    A 1041.06     0.12753   0.00878    0.00004       0.04    A 1033.79    -0.00106  -0.00007    0.00000       0.00   62   62   0.3763
  63  57    A 1042.47    -3.10021  -0.21366    0.02283      23.80    A 1036.17     0.01859   0.00128    0.00000       0.00   63   63  -0.0063
  64  58    A 1051.36     2.22390   0.15392    0.01185      12.45    A 1043.81    -2.45661  -0.16942    0.01435      14.98   64   64  -0.1115
  65  59    A 1057.96    -0.01362  -0.00095    0.00000       0.00    A 1043.86     5.38593   0.37144    0.06898      72.01   65   65   0.0035
  66  60    A 1058.02    -0.01179  -0.00082    0.00000       0.00    A 1059.38    -0.03071  -0.00213    0.00000       0.00   66   66   0.0162
  67  61    A 1066.01    -2.97062  -0.20703    0.02143      22.85    A 1060.65     2.97746   0.20699    0.02142      22.72   67   67   0.2686
  68  62    A 1071.73     0.13089   0.00915    0.00004       0.04    A 1065.62     0.01004   0.00070    0.00000       0.00   68   68  -0.1069
  69  63    A 1071.87    -0.05553  -0.00388    0.00001       0.01    A 1072.98    -0.00334  -0.00023    0.00000       0.00   69   69   0.4404
  70  64    A 1074.53    -2.84907  -0.19935    0.01987      21.35    A 1076.09    -2.56003  -0.17926    0.01607      17.29   70   70  -0.5569
  71  65    A 1094.17     3.70540   0.26163    0.03422      37.45    A 1078.89     0.02709   0.00190    0.00000       0.00   71   71  -0.0015
  72  66    A 1179.63     1.76245   0.12921    0.00835       9.85    A 1090.36     0.00990   0.00070    0.00000       0.00   72   72  -0.0972
  73  67    A 1185.50    -0.00372  -0.00027    0.00000       0.00    A 1137.98     0.00179   0.00013    0.00000       0.00   73   73  -0.0012
  74  68    A 1185.63    -0.01775  -0.00130    0.00000       0.00    A 1171.61    -0.00014  -0.00001    0.00000       0.00   74   74   0.6845
  75  69    A 1219.31     2.29817   0.17130    0.01467      17.89    A 1179.17     0.00006   0.00000    0.00000       0.00   75   75   0.0012
  76  70    A 1221.39     0.02761   0.00206    0.00000       0.00    A 1183.00     0.00060   0.00004    0.00000       0.00   76   76  -0.2432
  77  71    A 1296.69     0.01086   0.00083    0.00000       0.00    A 1222.29     3.22329   0.24054    0.02893      35.36   77   77  -0.0005
  78  72    A 1296.79     0.00482   0.00037    0.00000       0.00    A 1268.11     0.00174   0.00013    0.00000       0.00   78   78  -0.0001
  79  73    A 1371.50     0.00286   0.00023    0.00000       0.00    A 1299.51     0.00069   0.00005    0.00000       0.00   79   79   0.0120
  80  74    A 1371.52     0.00127   0.00010    0.00000       0.00    A 1316.31     0.00162   0.00013    0.00000       0.00   80   80  -0.1285
  81  75    A 1377.68    -0.78696  -0.06235    0.00194       2.68    A 1330.97     0.00343   0.00027    0.00000       0.00   81   81   0.0004
  82  76    A 1400.19     3.76717   0.30090    0.04527      63.39    A 1380.33     0.00250   0.00020    0.00000       0.00   82   82  -0.2162
  83  77    A 1429.09     3.25450   0.26262    0.03448      49.28    A 1405.71     5.03181   0.40270    0.08108     113.98   83   83  -0.2227
  84  78    A 1440.90     4.19201   0.33966    0.05769      83.12    A 1415.33     0.00229   0.00018    0.00000       0.00   84   84   0.0009
  85  79    A 1445.93     1.68065   0.13641    0.00930      13.45    A 1426.00    -7.66168  -0.61758    0.19070     271.94   85   85  -0.1006
  86  80    A 1453.48    -0.03664  -0.00298    0.00000       0.01    A 1426.77     0.06936   0.00559    0.00002       0.02   86   86   0.4282
  87  81    A 1453.51     0.02213   0.00180    0.00000       0.00    A 1445.27     0.00155   0.00013    0.00000       0.00   87   87  -0.1554
  88  82    A 1520.94     0.00174   0.00015    0.00000       0.00    A 1459.23     0.13614   0.01110    0.00006       0.09   88   88  -0.0004
  89  83    A 1520.95     0.00561   0.00047    0.00000       0.00    A 1463.86     0.00103   0.00008    0.00000       0.00   89   89   0.2441
  90  84    A 1532.63     0.77345   0.06463    0.00209       3.20    A 1488.17     0.00031   0.00003    0.00000       0.00   90   90   0.0083
  91  85    A 1566.24     0.54388   0.04595    0.00106       1.65    A 1507.61     0.00113   0.00009    0.00000       0.00   91   91   0.0004
  92  86    A 1579.81    -3.86558  -0.32796    0.05378      84.96    A 1516.19    -0.00339  -0.00028    0.00000       0.00   92   92  -0.2623
  93  87    A 1618.02    -0.00386  -0.00033    0.00000       0.00    A 1522.63     0.00277   0.00023    0.00000       0.00   93   93   0.6084
  94  88    A 1618.03    -0.00027  -0.00002    0.00000       0.00    A 1529.64     4.57545   0.38198    0.07295     111.59   94   94  -0.0002
  95  89    A 1644.16    -4.18226  -0.36199    0.06552     107.72    A 1596.43    -0.01046  -0.00089    0.00000       0.00   95   95   0.0001
  96  90    A 1650.49    -0.00806  -0.00070    0.00000       0.00    A 1600.89    -2.17966  -0.18616    0.01733      27.74   96   96  -0.0015
  97  91    A 1650.53    -0.03741  -0.00324    0.00001       0.01    A 1656.67    -2.17330  -0.18882    0.01783      29.53   97   97   0.0017
  98  92    A 1673.76     1.94203   0.16959    0.01438      24.07    A 1668.08     0.00035   0.00003    0.00000       0.00   98   98   0.0004
  99  93    A 1726.14    -4.10609  -0.36415    0.06630     114.44    A 1698.05     0.00046   0.00004    0.00000       0.00   99   99   0.0000
 100  94    A 3230.40    -0.11300  -0.01371    0.00009       0.30    A 3224.64     0.00049   0.00006    0.00000       0.00  100  100  -0.0178
 101  95    A 3230.77    -0.39887  -0.04839    0.00117       3.78    A 3227.87     0.00599   0.00073    0.00000       0.00  101  101  -0.0525
 102  96    A 3231.04     0.03552   0.00431    0.00001       0.03    A 3228.23    -0.11042  -0.01339    0.00009       0.29  102  102  -0.0521
 103  97    A 3231.13     0.02073   0.00251    0.00000       0.01    A 3228.38     0.00658   0.00080    0.00000       0.00  103  103  -0.6933
 104  98    A 3257.66    -0.47626  -0.05802    0.00168       5.48    A 3258.71    -0.00011  -0.00001    0.00000       0.00  104  104   0.6795
 105  99    A 3257.69     0.03718   0.00453    0.00001       0.03    A 3258.97    -0.00001  -0.00000    0.00000       0.00  105  105   0.5289
 106 100    A 3257.84    -0.10261  -0.01250    0.00008       0.25    A 3259.00    -0.00005  -0.00001    0.00000       0.00  106  106   0.1589
 107 101    A 3257.89    -0.00561  -0.00068    0.00000       0.00    A 3259.16     0.00023   0.00003    0.00000       0.00  107  107  -0.1328
 108 102    A 3276.78    -0.07376  -0.00901    0.00004       0.13    A 3275.79    -0.02544  -0.00311    0.00000       0.02  108  108  -0.3051
 109 103    A 3277.80    -0.05712  -0.00698    0.00002       0.08    A 3275.87     0.03152   0.00385    0.00001       0.02  109  109   0.4734
 110 104    A 3277.86    -0.00742  -0.00091    0.00000       0.00    A 3279.13    -0.02277  -0.00278    0.00000       0.01  110  110   0.0809
 111 105    A 3278.00     0.00251   0.00031    0.00000       0.00    A 3279.21     0.00376   0.00046    0.00000       0.00  111  111   0.6994
--------------------------------------------------------------------------------------------------------------------------------------------
  Total reorganization energy      (cm-1):          911.795693        932.115735
--------------------------------------------------------------------------------------------------------------------------------------------
--------------------------------------------------------------------------------------------------------------------------------------------
  END_OUTPUT_1
END_DATA_1

BEGIN_DUSH_1     Delta DUSH =   75.31 %
  BEGIN_DUSH_INFORMATION1
  Qg = S(g,e) Qe + Dg
  END_DUSH_INFORMATION1
  BEGIN_DUSH_DATA_1
--------------------------------------------------------------------------------------------------------------------------------------------
  MODE       1
-5.434347E-01 -1.018244E-01  4.305566E-02  6.518379E-01  5.924269E-03 -5.172246E-01 -3.244402E-07  8.501733E-09 -9.388570E-08 -6.251789E-04
-1.703309E-04  2.260294E-06 -8.563729E-04 -1.153555E-03 -9.493712E-04 -1.015204E-07 -3.582370E-07  4.054298E-07 -9.608799E-08 -1.301875E-06
 2.505973E-07 -2.839188E-08  1.087648E-07  4.199003E-07  3.894256E-07  8.668256E-08  4.854016E-05  9.882202E-04 -1.181800E-04 -2.651535E-04
 7.796467E-07  1.845556E-05 -9.336766E-04 -2.638652E-08 -6.997113E-05  4.468404E-08  2.491617E-06  2.858142E-04  6.600884E-04 -1.872556E-06
-1.581725E-07 -3.171187E-08  6.498333E-07  8.291740E-08 -4.171955E-05  7.764131E-04 -1.735263E-04 -1.257983E-06 -1.135169E-06  2.156144E-04
-2.018156E-09 -3.152891E-07 -5.296320E-05 -6.438504E-04 -2.668514E-08  3.266450E-07  5.572882E-04  2.938362E-04 -7.311992E-08 -1.054710E-04
 4.493936E-07  1.604427E-06  2.259254E-06 -3.213946E-04 -1.463314E-04  6.500630E-07 -3.928807E-07 -6.237921E-07  1.744400E-07  1.004788E-06
 9.936333E-07  3.207781E-04  1.862704E-04 -5.037588E-09 -1.995471E-07 -3.779702E-05 -7.263045E-08 -2.306916E-04  1.547172E-07 -4.295118E-08
-1.889715E-08  1.765810E-05 -9.024435E-09 -3.988091E-09  2.989163E-08 -2.475796E-08  1.210946E-08 -1.276356E-07 -4.723800E-08  2.747781E-04
-8.517964E-09  7.257671E-05 -8.668400E-08  3.879231E-08  3.124752E-08 -2.964283E-08  1.647320E-08  1.390356E-08  2.968504E-08 -3.329802E-05
 2.575119E-07 -8.357612E-08  2.552449E-07  4.113048E-05 -3.776707E-06  2.410705E-06  2.075602E-06 -5.952777E-08 -8.343879E-09 -2.309477E-08
-2.617397E-08
  MODE       2
 5.082099E-01  2.432091E-01 -1.172830E-01 -4.553423E-02  5.029714E-01 -6.432397E-01  3.646302E-07  2.435306E-08  1.366281E-09  2.283563E-05
 1.245731E-04 -2.586646E-06  6.282352E-04  1.775540E-05  1.311868E-03 -7.828912E-08  4.775467E-07  4.100283E-07  5.344467E-08  2.414744E-07
-6.699263E-08 -1.640291E-07 -7.093344E-08 -5.039593E-07 -4.661863E-07 -8.250404E-07 -2.994619E-05 -1.394373E-03  1.667369E-04  9.568819E-06
-1.083268E-06 -2.595527E-05  6.812678E-04 -2.354785E-08  2.545462E-06  2.516039E-08  3.032330E-09 -2.088770E-04 -2.411162E-05  1.137731E-07
 2.314119E-08  2.024807E-07 -3.381728E-09  5.041400E-08  1.539891E-06 -2.837933E-05  1.266758E-04  1.316555E-08  1.850967E-06 -3.040739E-04
-5.746742E-08  4.142068E-07  3.851187E-05  2.351242E-05  3.702609E-08 -3.872623E-08 -4.065186E-04 -4.145992E-04  1.134439E-08  3.848619E-06
-3.689522E-07 -2.309323E-06 -3.181062E-06  4.534670E-04  2.065316E-04 -9.508808E-07  6.034773E-07  8.831005E-07 -2.453422E-07 -1.560960E-06
-1.446229E-06 -4.526645E-04 -2.628527E-04  2.096801E-09  2.802250E-07  5.330122E-05  1.261737E-07  3.255283E-04 -2.111300E-07  7.480382E-08
 2.017409E-09 -2.490770E-05 -1.318469E-08 -5.210629E-08  3.124592E-08  3.048303E-08 -3.060364E-09  2.103300E-07  1.079492E-07 -3.877318E-04
 2.122753E-08 -1.024015E-04  1.092655E-07 -3.657602E-08 -4.759932E-08  4.382650E-08 -1.483590E-08 -7.051253E-09 -5.331611E-08  4.698489E-05
-3.330838E-07  1.201654E-07 -3.616949E-07 -5.803858E-05  5.331103E-06 -3.400620E-06 -2.944038E-06  9.453476E-08  3.253416E-08  3.080074E-08
 4.058606E-08
  MODE       3
-3.923589E-01  8.771422E-01 -2.397172E-01 -1.031065E-01  2.208228E-02  8.992149E-02 -1.685025E-07 -2.346972E-08 -2.156524E-08 -3.834936E-05
 1.659351E-04  2.932011E-06  8.259249E-04 -4.516305E-05 -1.400555E-03  9.299181E-08 -2.450972E-07 -4.489453E-07  1.076479E-07 -2.876194E-07
 6.323998E-08  1.861505E-07 -1.955356E-08  5.471439E-07  2.885170E-07  8.677521E-07 -6.741471E-05  1.479860E-03 -1.767930E-04 -1.615738E-05
 1.109521E-06  2.727461E-05  9.137299E-04  1.434024E-07 -4.313793E-06 -2.738127E-07  1.292869E-07 -2.785439E-04  4.052842E-05 -1.134999E-07
-2.081859E-08 -2.498452E-07  8.630121E-09 -3.573333E-07 -2.565711E-06  4.769058E-05  1.696136E-04 -9.856430E-08 -2.010781E-06  3.222052E-04
 4.922631E-08 -3.172385E-07  5.226488E-05 -3.953006E-05  5.114168E-08 -1.020731E-06 -5.457757E-04  4.399650E-04 -3.941042E-08 -6.477897E-06
 4.032864E-07  2.569773E-06  3.387165E-06 -4.812527E-04 -2.191706E-04  1.006531E-06 -6.421991E-07 -9.303545E-07  2.739568E-07  1.658522E-06
 1.537793E-06  4.805112E-04  2.790214E-04 -1.136311E-09 -2.960132E-07 -5.649144E-05 -1.294663E-07 -3.455184E-04  2.087436E-07 -7.964128E-08
-4.032854E-09  2.639885E-05  1.302310E-08  5.593095E-08 -3.349893E-08 -3.104668E-08 -4.102569E-08 -2.253085E-07 -1.130805E-07  4.115186E-04
-4.445977E-08  1.086607E-04 -1.121978E-07  3.886638E-08  5.636767E-08 -4.507259E-08  1.460042E-08  6.574937E-09  8.713772E-08 -4.986345E-05
 3.517089E-07 -1.267383E-07  3.994613E-07  6.160191E-05 -5.663681E-06  3.611740E-06  3.125170E-06 -9.985180E-08 -3.398281E-08 -3.429305E-08
-5.214033E-08
  MODE       4
-1.672550E-01  1.392859E-01  8.954305E-01 -1.424618E-01  3.581573E-01  4.740446E-02  3.598606E-07  3.905287E-08 -3.417177E-09 -8.558576E-05
-4.778097E-05 -3.790439E-06 -2.326947E-04 -1.967048E-04  1.902823E-03 -1.536335E-07  5.026624E-07  7.510058E-07 -5.115962E-08  1.332186E-07
-4.860819E-08 -2.768037E-07 -2.332858E-08 -7.257656E-07 -5.171655E-07 -1.295282E-06  3.256829E-05 -2.020689E-03  2.415110E-04 -3.647370E-05
-1.538909E-06 -3.740848E-05 -2.661937E-04 -1.270162E-07 -9.572347E-06  2.245309E-07  4.375025E-07  8.038327E-05  9.033741E-05 -2.188417E-07
 9.352071E-10  3.417803E-07  1.283197E-07  3.131225E-07 -5.693088E-06  1.062273E-04 -4.927622E-05 -1.848715E-07  2.752482E-06 -4.402710E-04
-8.398684E-08  5.090794E-07 -1.551952E-05 -8.812124E-05 -1.043260E-08  7.584709E-07  1.592585E-04 -6.007889E-04  2.205826E-08 -1.443627E-05
-5.032645E-07 -3.437536E-06 -4.616743E-06  6.571387E-04  2.992926E-04 -1.381156E-06  8.831190E-07  1.275332E-06 -3.650297E-07 -2.284864E-06
-2.104509E-06 -6.560638E-04 -3.809612E-04  1.517641E-09  4.049100E-07  7.718332E-05  1.832514E-07  4.717737E-04 -2.940416E-07  1.107079E-07
 5.718033E-10 -3.606902E-05 -2.230142E-08 -8.460170E-08  5.651350E-08  4.258525E-08  2.899436E-08  3.108067E-07  1.615686E-07 -5.619051E-04
 4.766005E-08 -1.483837E-04  1.537261E-07 -5.031979E-08 -7.364484E-08  6.279221E-08 -1.943061E-08 -7.693870E-09 -1.005959E-07  6.808810E-05
-4.768941E-07  1.739139E-07 -5.354233E-07 -8.411215E-05  7.730083E-06 -4.929823E-06 -4.269177E-06  1.382370E-07  4.986997E-08  4.550323E-08
 6.577884E-08
  MODE       5
 3.170314E-01  1.585865E-01 -1.392704E-02  7.013414E-01  3.310385E-01  5.221854E-01  1.727663E-08 -4.285986E-09  6.681729E-08  3.435999E-04
-1.540936E-04 -1.587602E-06 -7.691580E-04  6.320034E-04  6.273591E-04  3.785327E-08  8.394877E-09 -1.643217E-07 -8.519567E-08  7.349266E-07
-1.314489E-07 -1.037661E-08  1.738761E-08 -2.778902E-07 -7.128374E-08 -1.144274E-07  5.660575E-05 -6.483080E-04  7.738664E-05  1.457320E-04
-4.755562E-07 -1.186688E-05 -8.469274E-04 -8.962307E-08  3.848330E-05  1.903092E-07 -1.426078E-06  2.585311E-04 -3.628178E-04  9.909165E-07
 8.226072E-08  6.515816E-08 -3.470439E-07  2.210307E-07  2.292171E-05 -4.267576E-04 -1.572770E-04  7.364973E-07  8.071851E-07 -1.409990E-04
 5.876848E-09  9.927966E-08 -4.830420E-05  3.538963E-04 -5.997538E-08  7.333785E-07  5.057540E-04 -1.927219E-04  6.299942E-08  5.797725E-05
-2.805874E-07 -1.158489E-06 -1.491019E-06  2.108313E-04  9.598427E-05 -4.272770E-07  2.637143E-07  4.036020E-07 -1.259865E-07 -6.738747E-07
-6.583866E-07 -2.105274E-04 -1.222484E-04  1.913988E-09  1.295963E-07  2.472702E-05  4.601233E-08  1.513719E-04 -8.771904E-08  2.969197E-08
 1.176168E-08 -1.155290E-05  4.379265E-09 -3.205582E-09 -1.260314E-08  1.471751E-08  3.124214E-08  8.828382E-08  3.349544E-08 -1.802796E-04
 2.520580E-08 -4.759643E-05  5.244961E-08 -2.382862E-08 -2.582891E-08  1.839630E-08 -9.057448E-09 -7.193548E-09 -4.667690E-08  2.184313E-05
-1.646307E-07  5.435391E-08 -1.809393E-07 -2.698776E-05  2.482767E-06 -1.583683E-06 -1.363623E-06  3.960702E-08  6.906058E-09  1.636076E-08
 2.526694E-08
  MODE       6
 4.049255E-01  3.413921E-01  3.534541E-01  2.241033E-01 -7.131744E-01 -1.889698E-01 -2.930297E-07 -4.882707E-08  1.016266E-07  6.281838E-04
-8.631137E-05  1.740212E-06 -4.356553E-04  1.198507E-03 -1.110172E-03  2.316570E-07 -4.489945E-07 -1.087960E-06 -2.068764E-08  9.955994E-07
-1.554828E-07  2.921261E-07  2.018808E-08  3.660310E-07  3.854298E-07  1.241454E-06  1.876517E-05  1.204009E-03 -1.439994E-04  2.666192E-04
 9.316028E-07  2.240754E-05 -4.711035E-04  3.988244E-08  7.033132E-05 -3.353572E-08 -2.672146E-06  1.445649E-04 -6.632678E-04  1.797429E-06
 1.293010E-07 -2.855080E-07 -6.836869E-07 -1.022907E-07  4.189192E-05 -7.801228E-04 -8.762204E-05  1.329305E-06 -1.775103E-06  2.625558E-04
 9.747016E-08 -3.615761E-07 -2.657255E-05  6.469624E-04 -5.140337E-08 -4.967549E-08  2.810674E-04  3.580070E-04  6.513349E-08  1.059868E-04
 1.170475E-07  2.002020E-06  2.739286E-06 -3.915476E-04 -1.783845E-04  8.468936E-07 -5.575721E-07 -7.662541E-07  2.082665E-07  1.454906E-06
 1.281328E-06  3.908810E-04  2.269753E-04  1.710127E-09 -2.412726E-07 -4.601883E-05 -1.277045E-07 -2.810970E-04  1.802956E-07 -7.519149E-08
 1.716856E-08  2.150930E-05  3.104665E-08  8.817619E-08 -8.200120E-08 -2.326920E-08  1.860810E-09 -2.038460E-07 -1.245272E-07  3.348103E-04
-2.041334E-08  8.842267E-05 -8.538833E-08  1.794526E-08  4.244681E-08 -3.966151E-08  6.753447E-09 -3.141212E-09  4.789098E-08 -4.057200E-05
 2.652958E-07 -1.056157E-07  3.100441E-07  5.011667E-05 -4.603668E-06  2.935126E-06  2.553507E-06 -8.964408E-08 -4.379136E-08 -2.490270E-08
-3.579247E-08
  MODE       7
-3.891913E-06  3.155524E-06 -5.207239E-06  2.293239E-06 -8.638894E-06 -3.549558E-07  3.391935E-03  9.997355E-01  1.670032E-02 -1.344997E-04
 2.908150E-05  2.513245E-03  2.851597E-05 -1.484487E-04  2.308614E-03 -8.390512E-03  7.782100E-04  1.127861E-04 -1.443180E-05 -2.158379E-03
-1.581713E-04  4.849177E-04 -8.111359E-04  3.180494E-03 -7.283580E-04  1.027681E-03  2.172417E-05 -1.336458E-03  1.446161E-03 -1.736853E-05
-4.475659E-05 -1.312466E-04 -2.725250E-06 -6.319325E-06  1.519108E-05 -2.250938E-05 -6.074347E-03 -4.967631E-07  4.366404E-05  7.827955E-03
-4.763337E-04 -2.507962E-04 -1.851330E-04  1.922294E-04 -5.598437E-03 -3.013232E-04  5.820582E-09  1.646796E-03  2.651222E-05 -3.198893E-04
 1.103561E-04  1.342787E-05  1.664996E-06  4.289922E-06  3.804065E-04 -7.592930E-06  3.205564E-06  3.068979E-04  1.245904E-07 -1.159470E-06
 1.743132E-04  2.006541E-04 -2.595449E-04 -2.941702E-04 -2.256463E-04  3.530731E-04  9.582529E-05 -8.969183E-05  4.306406E-05 -5.478422E-05
 2.142860E-05  6.160807E-04  2.697368E-04  1.967924E-05  5.057337E-04 -1.039695E-04  1.174646E-04  3.730609E-04 -3.395138E-05 -1.496138E-04
-6.098631E-05  4.299123E-05 -6.064324E-05  2.420097E-05 -1.175412E-04 -1.922033E-05 -1.143472E-05  9.890221E-05 -1.161400E-04 -2.374397E-04
 9.934879E-06  7.497330E-06 -2.009675E-04 -1.073465E-05  9.856802E-06  3.948990E-05 -3.180406E-05  1.780002E-04 -1.409794E-05  2.304979E-04
-9.558997E-05 -4.992521E-05 -1.674848E-05  4.384694E-05 -5.424610E-05 -3.397162E-05 -4.798597E-05 -5.604616E-05  2.141502E-05 -1.993690E-05
-1.789464E-07
  MODE       8
-2.406139E-06  1.891081E-06 -3.165418E-06  1.265238E-06 -5.068812E-06 -2.754757E-07  9.998973E-01 -3.401205E-03 -4.003989E-04 -3.550409E-05
-4.581478E-04  3.360651E-03 -1.036997E-04 -4.659892E-05  7.137449E-04  6.420967E-05  6.316212E-04  3.785607E-04 -1.905494E-03  5.691674E-06
-1.967518E-05  3.679314E-04 -6.009709E-04 -1.365791E-04 -3.530931E-04  4.895820E-04 -3.139379E-07 -1.187350E-03  1.129674E-03 -5.265030E-06
-1.087250E-02 -5.954195E-05 -2.944430E-05 -9.635475E-04  7.044620E-07 -5.713735E-03  2.192407E-05 -2.186278E-05 -4.161932E-07 -2.859851E-05
 2.314280E-04  1.829921E-04  5.595425E-05  5.478527E-05  2.080108E-05  1.279471E-06  2.765001E-05 -5.320485E-06  1.610007E-04 -3.800047E-04
 3.847344E-05  3.737422E-03 -1.283185E-05  6.844915E-07 -7.692616E-07 -2.564171E-03 -1.234631E-06  1.178245E-04  9.129302E-05  2.882280E-07
 8.864771E-05  3.418470E-05 -3.774812E-05 -3.943618E-04  3.386071E-05  2.650634E-04 -4.743754E-04 -1.093815E-04 -2.539967E-05  3.648268E-04
-1.831370E-04  4.633535E-04  1.262974E-04  2.322019E-05  2.751819E-04  1.365937E-04 -1.311201E-04  2.899058E-04 -5.308185E-06 -1.512009E-04
-3.394502E-05  9.780576E-05  9.083944E-05 -2.397055E-05 -1.103284E-04 -3.433194E-05 -2.228892E-05  5.085076E-05 -3.149960E-05 -7.125441E-05
 6.710348E-05 -1.931248E-04 -8.835771E-05 -4.839514E-05 -3.032308E-05  1.187217E-04 -7.641104E-06  1.269273E-04 -2.720313E-07  1.897012E-04
-4.418050E-05  1.782325E-05 -2.817286E-05  1.487954E-05  3.054018E-05  1.072974E-05 -1.203277E-05  3.414929E-05 -2.556669E-05 -4.462612E-05
 2.463093E-05
  MODE       9
 3.587551E-06 -3.645990E-06  5.518234E-06 -2.523004E-06  9.680541E-06  6.846655E-08  3.689298E-04 -1.669933E-02  9.992123E-01  3.831881E-04
 5.576224E-06 -4.446252E-03 -6.057831E-05  4.109276E-04 -2.297079E-03 -8.592493E-03 -2.628097E-04  7.084418E-04  2.200536E-05  2.568157E-02
 2.100144E-02 -5.547533E-04  7.245363E-04 -6.432337E-03  9.246989E-04 -1.008109E-03 -3.875502E-05  1.761285E-03 -2.795119E-03  2.493396E-05
 7.848995E-06  3.001735E-04  9.143483E-07  5.131346E-06 -1.836237E-05  2.636756E-06  3.103538E-05  1.390263E-06 -9.719708E-07  2.208410E-03
 1.840841E-05  2.841031E-04  2.194027E-04 -4.247080E-04 -4.499845E-03 -2.225080E-04  1.516731E-06  6.563763E-04 -2.133437E-05  8.272739E-04
-1.320629E-04  1.478770E-06 -1.804923E-06 -8.597477E-06 -2.763498E-03 -3.769897E-06 -3.007273E-06 -3.007756E-05 -5.199573E-07 -3.250221E-06
-1.223389E-04 -9.611326E-05  2.741625E-04  1.214789E-03  6.178499E-04 -3.179033E-04  8.617364E-05  4.914611E-06 -3.020620E-05 -3.871406E-04
-1.322254E-04 -9.747018E-04 -7.140115E-04  4.140148E-05 -5.742200E-04  5.332415E-04  2.263766E-05 -6.297108E-04  4.162229E-05  1.956786E-04
 2.138049E-05 -4.195753E-04  6.444625E-05  4.951212E-05  4.712430E-04 -1.081544E-05 -1.345590E-04 -5.548755E-05  2.251737E-04  4.873256E-04
-8.586357E-05 -9.792330E-05  3.375036E-04  1.608252E-04 -4.374185E-05 -2.612105E-04  1.214840E-04 -2.183577E-04 -8.398436E-05 -3.810414E-04
 1.426593E-04  9.224261E-05  7.422067E-06 -9.207850E-05  3.308669E-05  3.233938E-06  7.570014E-05  6.261863E-05 -2.775775E-05  1.010081E-04
-2.663157E-05
  MODE      10
-6.767214E-04 -2.233877E-04 -1.552265E-04 -8.319204E-05  3.557886E-04 -3.483821E-04 -6.714470E-05  1.875104E-04 -4.482253E-04  9.684673E-01
-2.415047E-01 -2.345407E-03 -1.857283E-02 -4.518174E-02 -2.451013E-03 -1.859447E-04  7.355362E-04  8.581592E-04 -2.654381E-05 -5.612246E-06
 7.773384E-05 -1.157791E-04  3.072156E-04 -1.011895E-02  4.084959E-04  2.159631E-04 -3.074758E-03  7.538635E-04 -2.271611E-03  1.640216E-02
 5.218344E-05  1.467468E-04 -5.127040E-03  7.887872E-06 -7.470654E-03  1.014890E-05 -1.723505E-04  2.115549E-03 -2.784211E-02  7.500700E-05
 7.914374E-04  2.970062E-05 -1.330023E-04 -8.658392E-05  3.424148E-04 -6.451836E-03 -6.807900E-04  6.798007E-06 -1.056357E-04  5.605706E-04
-2.999954E-05  1.059211E-05 -4.343472E-04 -6.750898E-03  3.281435E-06 -9.984921E-06 -1.810248E-03  1.291168E-05 -4.124219E-06 -5.701229E-04
-6.319013E-04 -7.713633E-05 -6.877280E-05  1.049446E-03  4.925529E-04 -6.427572E-05 -1.826202E-04  4.451140E-05 -6.635697E-06 -1.077546E-05
 8.530154E-05 -6.521027E-04 -7.199550E-04  5.431683E-06 -1.126824E-04  9.735594E-04 -9.502750E-05 -3.841055E-04  1.134312E-05  9.725567E-05
 1.449600E-05 -3.271319E-04  1.665683E-04  1.028221E-04  3.775770E-04  3.896891E-07  1.815246E-06 -2.538882E-04  6.101650E-05  5.393235E-04
-3.123474E-05 -5.085377E-04  9.815494E-05  2.786418E-05 -6.578764E-06 -2.818450E-04  1.115802E-04 -3.106718E-05 -4.268548E-06 -2.197873E-04
 2.121434E-05  1.580622E-04  4.623837E-07 -1.561665E-04  1.350039E-04  1.154669E-04  2.288010E-05  6.539081E-05 -1.245184E-04  1.475043E-04
-2.740573E-05
  MODE      11
-1.960471E-04 -2.562923E-04  1.599321E-04  3.718269E-04 -9.623644E-06 -2.069935E-05  4.496440E-04 -1.119443E-05 -7.496688E-05  2.419114E-01
 9.669254E-01  1.428266E-03  7.492217E-02 -1.138285E-02  1.455446E-03 -2.048885E-06  2.508883E-04 -2.597346E-04  1.188186E-04  1.291366E-05
 2.369900E-05  2.539779E-04 -3.062283E-04  1.096677E-05 -6.333395E-04  5.644505E-04  1.231656E-02 -9.148224E-04  3.571685E-04  4.087545E-03
-1.723888E-04 -2.877414E-04  2.053905E-02  7.423601E-06 -1.864581E-03 -1.524724E-05 -3.533404E-05 -8.497231E-03 -6.957346E-03  6.814465E-06
-3.046558E-04 -5.041881E-04 -1.750424E-04  3.237324E-04  8.475399E-05 -1.614135E-03  2.724414E-03  8.655495E-06 -7.008062E-05 -1.276575E-04
 8.859669E-05 -3.823363E-05  1.739303E-03 -1.685128E-03 -7.380123E-06  1.464588E-05  7.254221E-03  2.965012E-04  1.072532E-05 -1.439072E-04
-1.184055E-04  1.942442E-05 -1.849921E-04  2.579270E-04 -1.101926E-04  1.212657E-04  3.889335E-04  5.289798E-06  2.009212E-05 -3.462877E-04
 1.669274E-04  2.364256E-04  1.990234E-05 -3.658183E-05  3.011748E-04  2.842055E-04  1.695155E-04  1.652646E-04 -2.737197E-06 -3.668587E-05
-5.026869E-05 -1.027193E-04 -9.682818E-05  1.776081E-05  5.950889E-05 -7.738747E-06  1.161486E-04 -9.908110E-05 -9.950801E-05 -5.635986E-05
 3.807817E-05 -2.252147E-04 -1.455533E-04 -6.868682E-05  3.092493E-05 -1.189556E-04 -7.556470E-05  1.005765E-04 -4.055258E-07  1.417001E-04
-6.739806E-05 -2.059849E-05 -1.177603E-05  6.951162E-05 -1.688142E-05  1.595629E-05 -5.956728E-05 -5.411630E-05  1.582437E-05  6.438426E-05
-4.339766E-06
  MODE      12
-1.050631E-03  7.422318E-04 -1.296646E-03  6.209016E-04 -2.146512E-03 -1.158906E-04 -3.610755E-03 -4.088800E-03  6.282911E-03  2.934327E-03
-6.744161E-03  6.892363E-01  4.448592E-02 -1.052697E-02  5.000776E-01  9.553311E-03 -7.674430E-04 -1.340911E-03 -2.833777E-03 -8.002981E-03
 1.198298E-03 -1.897699E-03  1.997844E-04  1.882478E-02 -1.466816E-03 -2.506801E-03  7.114803E-03 -3.967384E-01  2.770821E-01  1.162433E-04
-7.347443E-04 -3.795201E-02 -1.155608E-03 -4.861394E-05 -3.175010E-05 -4.255191E-05 -1.005235E-03 -3.560710E-04 -3.574644E-04 -1.540838E-04
-7.739982E-03 -9.882455E-03  1.062793E-05 -1.133799E-04 -2.651291E-04  9.641200E-05 -7.189837E-04  6.811227E-04  5.431228E-04 -8.557686E-02
-3.987928E-04 -2.845587E-05 -1.005276E-04 -1.069477E-04 -1.585063E-04 -3.908303E-06 -6.518100E-05  6.095993E-02  1.027620E-06 -7.293191E-05
-2.151823E-03  5.739912E-04  9.659591E-05 -1.891995E-02 -1.729999E-02 -2.645828E-04  9.395447E-03 -6.344676E-04 -2.937149E-04 -7.389824E-03
 6.417163E-04  1.151393E-01  3.466678E-02  4.396586E-04 -9.619146E-05  5.675704E-02  4.759082E-03  4.616730E-02  3.091511E-04  2.783738E-04
-4.492147E-05 -1.359804E-03 -2.203407E-03  1.590764E-04 -2.078801E-04  1.130798E-04 -3.802545E-04  3.635354E-03  2.899558E-04 -5.489694E-03
-4.432820E-04 -3.662986E-02  2.379737E-04 -4.173610E-03  1.079651E-05 -2.272019E-03  3.575795E-03  1.500062E-05 -4.289636E-05  5.635044E-02
-2.552656E-04  4.217832E-04 -5.589625E-04 -1.584584E-03 -9.633026E-04 -1.202558E-03 -1.066467E-04 -8.693171E-04  9.353451E-04  1.014904E-03
-2.435911E-04
  MODE      13
-1.403879E-03 -6.983032E-04 -6.656049E-05  4.295780E-04  4.700036E-04 -5.900913E-04  2.007074E-04  2.104020E-04 -6.133993E-04  4.276942E-02
-2.483792E-02 -4.271124E-02  3.207103E-01  9.398201E-01  5.739540E-02 -2.165678E-03  1.831408E-03  6.445600E-04  9.886419E-05 -6.868819E-03
 2.747912E-03  5.098097E-04 -8.117200E-04 -3.667063E-02 -1.027498E-03  2.004200E-03  2.400593E-02  4.402332E-03 -7.132382E-03  4.929695E-02
 2.367631E-05 -6.676544E-04 -8.296335E-03  3.016439E-05 -1.549616E-02  1.470750E-05 -6.689826E-04 -1.530766E-03  8.339619E-03 -2.366435E-04
 1.376359E-03 -1.997932E-02 -4.411348E-04  3.095540E-04 -5.680971E-04  9.353247E-03 -3.861666E-03  4.580011E-04 -1.400139E-04  2.104513E-03
 8.358295E-05 -3.277918E-06 -1.206713E-03 -4.189739E-03 -3.834408E-05 -9.332154E-06  1.894946E-04  4.587341E-04 -2.618261E-06  5.302894E-04
-1.086642E-02  1.333762E-04 -4.796870E-04  8.117773E-03 -1.004460E-02  4.632831E-05  1.787217E-02  7.603557E-05  2.253838E-05 -1.292207E-02
 5.078455E-04 -1.917655E-03 -2.239671E-03  1.307518E-05  6.506970E-04  2.992797E-03  7.520582E-03 -9.872892E-04  7.954236E-07 -8.953736E-06
-3.779135E-05 -9.303059E-04 -3.724639E-03  1.671820E-04 -3.151908E-04 -8.985526E-06  7.724249E-05 -1.428733E-03 -1.127850E-04  1.456333E-03
 1.797874E-05 -1.683782E-03 -2.252695E-04 -2.391675E-03  1.539478E-05 -5.023181E-03  2.905704E-04  3.032851E-04  1.332858E-05 -8.342288E-04
-1.443246E-04  4.945163E-04 -5.154404E-05 -3.549602E-04  3.957534E-04  3.497910E-04 -7.026810E-05 -1.351935E-03  1.538283E-03  2.786772E-03
-4.724316E-04
  MODE      14
 4.662578E-04 -4.703061E-04  7.651308E-04  1.087420E-03 -3.230301E-04  4.251142E-04  1.284424E-04  1.384243E-04 -5.881332E-05 -1.499284E-02
-7.295682E-02 -5.561588E-03  9.391203E-01 -3.187612E-01 -6.169988E-02 -2.646445E-04  1.145766E-03  1.226975E-04  8.436586E-05 -2.014156E-04
 3.682492E-05  6.683276E-04 -1.053896E-03 -4.929356E-03 -1.543874E-03  1.715176E-03  7.042857E-02  1.570390E-02 -1.160815E-02 -1.673796E-02
-2.296099E-05  2.027258E-03 -2.431153E-02  1.050976E-05  5.265238E-03  1.893459E-06 -2.875985E-05 -4.442965E-03 -2.760522E-03  3.616805E-05
 2.556387E-03  1.221134E-02 -3.777444E-04  6.725933E-04  1.686216E-04 -3.172215E-03 -1.131837E-02  3.213147E-06 -1.062960E-04  3.222052E-03
 1.489355E-04 -1.014899E-05 -3.546482E-03  1.429161E-03  1.388811E-05  8.333793E-07  5.572426E-04 -2.899604E-03 -2.803476E-06 -1.731878E-04
 4.245607E-03  1.821121E-05 -4.408012E-04 -2.905306E-03  7.626748E-03  5.874976E-04 -1.274246E-02 -3.961001E-05  1.586592E-05  9.369692E-03
 2.691331E-04 -4.431182E-03 -1.401245E-03 -1.089453E-04  8.599388E-04 -1.915815E-03 -5.438418E-03 -1.412469E-03 -3.397888E-05 -1.612240E-04
-5.253934E-05  2.993863E-04  2.930247E-03 -1.569515E-05  5.896960E-04  1.384290E-05  3.135137E-04 -3.343558E-04 -3.411299E-04  1.411502E-04
 1.796576E-04  9.221042E-04 -4.731792E-04  1.378917E-03  9.181494E-05  2.832494E-03 -2.854145E-04  4.211264E-04  1.841623E-04 -2.118371E-03
-1.878754E-04  8.745880E-05  2.180986E-06  3.957572E-05  1.530778E-04  1.851721E-04 -1.413822E-04  1.025768E-03 -1.405625E-03 -1.480272E-03
 2.500995E-04
  MODE      15
 6.399785E-04 -5.839177E-04  9.189791E-04 -4.308013E-04  1.591644E-03  3.037316E-05 -1.553996E-03  4.247929E-04  6.988686E-04  4.074774E-03
 2.511640E-03  5.021938E-01 -2.266673E-02  9.231695E-02 -6.851963E-01  3.277324E-03  5.104500E-04  8.294985E-04 -1.267370E-03  6.003776E-03
-2.483160E-03 -5.139653E-05  1.029943E-03  1.545348E-02  9.432270E-04 -1.065349E-04 -1.014246E-03 -2.469511E-02 -5.832951E-03  4.133718E-03
-9.827570E-05  1.816872E-02  6.894741E-04  3.026935E-05 -1.258107E-03  5.160308E-05  3.270964E-04  4.152069E-06  7.721306E-04  5.452648E-04
 2.138664E-02  2.856731E-01  8.239806E-05 -3.299346E-04 -2.498950E-04  7.959524E-04  2.295932E-04 -3.601828E-04 -1.000688E-04 -2.031526E-03
 2.348843E-05 -2.023301E-05  6.048723E-05 -3.828519E-04  5.294125E-05 -4.834519E-05 -8.192951E-06 -3.741073E-03 -8.206093E-06  2.711792E-04
 1.114042E-01 -3.909710E-04 -6.059406E-04 -7.406989E-02  1.644723E-01  4.925962E-03 -2.765387E-01 -1.818524E-03 -1.069213E-04  1.977370E-01
-1.913241E-03  2.261989E-03  7.010175E-05 -3.376167E-06 -2.545257E-04  5.765075E-04 -1.158225E-01  3.129065E-03 -1.311744E-04  1.768968E-04
-6.306288E-05 -7.144454E-06  6.423472E-02  1.121963E-04  2.105030E-02 -2.847406E-04 -1.233667E-04  3.391089E-03  1.771921E-04 -1.405280E-03
 5.073464E-05 -6.622568E-04  1.869951E-04  3.250037E-02  2.752634E-04  6.076947E-02 -1.567656E-03 -9.245755E-05  1.311409E-04  1.953076E-03
 8.037212E-05  9.587187E-05  6.215014E-05 -1.506254E-04 -1.604969E-04 -1.024718E-04  5.026521E-06  2.310980E-02 -2.919648E-02 -3.350849E-02
 5.604333E-03
  MODE      16
 2.284203E-05  6.666150E-07  1.161411E-05 -9.850399E-06  1.384390E-05  6.750302E-06  1.643561E-05 -3.034625E-03  1.623877E-02 -8.918336E-04
 4.566966E-04 -4.441670E-05 -3.876145E-03 -7.866160E-03 -8.843615E-03 -6.320530E-02  2.609617E-03  1.333215E-03 -7.965021E-05 -9.357571E-01
 3.259920E-01 -8.440658E-05  1.112238E-03 -4.528304E-02 -4.176318E-04  1.962921E-03 -3.303098E-04 -1.409533E-05 -6.632103E-03 -1.038633E-04
 3.083782E-05  6.960921E-04  1.233245E-04  4.417610E-05  7.503506E-05  2.549932E-05 -8.492926E-02 -2.894802E-05  7.877033E-04 -2.775305E-02
 4.425479E-03  1.325190E-03 -4.760118E-04  5.391671E-04 -8.709347E-03 -8.509990E-04  4.955956E-05  5.790239E-02 -3.142628E-04  1.588384E-03
 4.007735E-05 -2.302280E-06  1.560247E-05  8.535492E-05 -5.148255E-03 -1.828713E-05 -9.161704E-06  4.020345E-04 -3.382998E-06 -7.951458E-05
-3.844725E-03 -7.564776E-05 -5.317573E-04  2.570381E-03  2.173008E-03  2.876214E-04 -3.469237E-03  1.973871E-05 -2.795726E-05  2.626815E-03
 5.706276E-04 -1.228571E-03 -2.344514E-03  5.893672E-05  7.103149E-04  4.081137E-03 -1.421707E-03 -4.594660E-04  2.189226E-05  1.237254E-04
-6.624919E-05 -9.035684E-04  1.377285E-03  2.008301E-04  1.293472E-03  3.321115E-05  2.282448E-04 -1.557481E-03 -1.233761E-04  1.553546E-03
 5.625730E-05 -2.465443E-03 -2.699323E-04 -2.674735E-04  4.909460E-05 -5.683292E-04  2.066612E-04  3.811036E-04  8.962483E-05 -3.704099E-04
-1.429405E-04  6.551532E-04 -7.747026E-05 -4.802740E-04  5.334781E-04  4.732410E-04 -1.254108E-04  4.686526E-04 -7.987697E-04  3.883276E-04
-5.688120E-05
  MODE      17
 7.442631E-06 -9.765656E-06  1.364684E-05 -4.974483E-06  2.356285E-05 -1.956962E-07  1.092625E-05  7.726192E-03  1.075566E-02  4.809768E-04
-1.287909E-04 -9.167153E-03  7.529937E-04  2.104868E-03 -3.154241E-03  9.966517E-01  6.496642E-04 -1.507437E-03  6.429722E-05 -7.152552E-02
-9.455404E-03  8.066828E-04 -1.058049E-03  2.224877E-02 -1.068974E-03  1.205331E-03  1.467127E-05  5.660061E-03 -3.700015E-04  5.538882E-05
-8.626937E-06 -1.406779E-04 -3.140604E-05 -2.018213E-05 -2.433329E-05 -1.299108E-05 -9.724497E-03  1.082912E-05  5.526793E-05  2.176399E-02
-1.598329E-03 -1.013423E-03 -1.432641E-04  3.717509E-04 -7.307621E-03 -4.199052E-04 -8.924773E-06 -4.133743E-03  1.331427E-04  2.150543E-04
 1.283523E-04  1.901099E-06 -2.980685E-06 -5.818072E-06  1.246784E-03  9.607745E-06  3.374824E-06 -1.249610E-03  1.814682E-06 -3.527298E-06
 1.987449E-03  8.461102E-05 -2.250549E-04 -1.447162E-03 -9.175700E-04  3.393849E-04  1.390039E-03  3.513413E-05  8.387333E-05 -9.718252E-04
 4.516707E-05 -7.963187E-04  7.888942E-04 -1.040582E-04  6.509676E-04 -2.746609E-03  5.578406E-04 -1.296132E-04 -6.985844E-05 -2.575350E-04
-2.898980E-06  6.559022E-04 -6.201711E-04 -1.190934E-04 -7.931219E-04  2.831517E-05  1.006364E-04  5.280651E-04 -2.620497E-04 -8.087772E-04
 1.105246E-04  1.445875E-03 -3.935803E-04  4.553871E-05  2.377798E-05  4.390731E-04 -2.882694E-04  2.501208E-04  3.259091E-05 -5.431488E-04
-1.512374E-04 -3.520740E-04  1.169255E-05  2.972240E-04 -1.822147E-04 -1.256586E-04 -9.441259E-05 -2.664373E-04  3.075448E-04 -2.207753E-04
 4.841778E-05
  MODE      18
-4.740797E-07  8.959283E-06 -9.159809E-06  3.135672E-07 -1.576830E-05  1.579046E-06 -7.569392E-04 -6.548266E-04 -2.780846E-04 -1.542077E-03
 3.032966E-04  2.609209E-03 -2.772489E-03 -3.101175E-03  1.019013E-03  2.007278E-03  1.497666E-01  8.816818E-01 -2.449834E-03  4.484764E-03
-1.858936E-03  5.912552E-02 -5.878675E-02 -5.269786E-02 -2.447577E-01  3.045262E-01 -3.737569E-04 -3.823704E-03 -3.367431E-03 -1.661754E-04
-1.275409E-04  9.047405E-04  8.241955E-05 -5.163880E-05  2.742330E-05 -6.485599E-05  2.764097E-04 -1.145019E-04  8.900856E-05  2.862285E-04
 5.304285E-03 -5.998256E-04 -6.878641E-02  5.294484E-02  4.594569E-05 -7.455790E-06 -3.650181E-05 -2.206062E-04 -3.445268E-02  6.765355E-04
 2.516311E-02 -1.983832E-05  3.650166E-05  2.273416E-05 -1.262558E-05 -6.069919E-05  1.389133E-05  1.058914E-03  3.945974E-05 -2.404783E-05
-7.039937E-03 -7.625404E-02 -6.384640E-02  2.402620E-03 -2.145814E-04  2.367222E-02 -1.078088E-03  6.353074E-03  1.407577E-03  2.210223E-03
 5.572432E-02 -4.395307E-04 -2.079683E-03  3.742969E-02  5.681773E-02  4.379942E-03 -6.220617E-04 -2.083647E-04 -2.096567E-02  3.301787E-02
-1.292917E-03 -7.805061E-04  1.055744E-03  4.368941E-02  7.597296E-04 -2.521441E-02  2.567846E-02 -1.720664E-03  1.619033E-02  1.571419E-03
 1.494052E-02 -2.610635E-03 -7.223808E-03 -7.931439E-04 -2.757437E-02 -1.100296E-03  4.215806E-04  4.269814E-02  3.620459E-02  1.117152E-04
-5.711641E-04  7.090813E-04 -1.135720E-03 -1.092621E-03 -4.864003E-03  6.584759E-03 -7.692329E-03 -1.550175E-02 -1.327852E-02  3.795141E-03
 1.741826E-02
  MODE      19
 8.103449E-08  5.018746E-06 -4.955366E-06 -2.646557E-07 -8.281920E-06  8.996723E-07 -5.366284E-04 -7.361255E-04  2.219408E-04 -1.038463E-03
 8.924571E-05  1.093504E-03 -1.898747E-03 -2.097798E-03  9.058420E-04 -1.696235E-04  9.102166E-01 -1.749295E-01 -1.109098E-03  3.284692E-03
-1.780261E-03  1.514160E-02  4.299967E-02 -2.055926E-02  2.185172E-01  2.320342E-01 -4.397320E-04 -1.849992E-03 -8.565435E-04 -2.665473E-04
 2.097001E-05  4.005532E-04  3.820380E-05 -7.223249E-05 -1.943800E-05  2.813191E-05  1.328128E-04 -8.892358E-06 -3.958537E-05  9.117563E-05
 1.860778E-03 -1.886841E-04 -5.240140E-02 -5.667799E-02 -1.366264E-06 -4.869279E-06 -2.774796E-05 -9.136994E-05 -3.487035E-02  1.304813E-04
-3.244187E-02 -2.745074E-05  2.652754E-05 -1.146375E-05  1.938209E-05 -1.835215E-05 -2.981406E-06  3.975640E-04 -1.877791E-04 -1.446660E-05
-2.602637E-03  9.367992E-02 -4.822041E-02  1.170197E-03  1.118726E-04  1.990496E-02 -1.010341E-04 -9.387633E-03 -1.631521E-03  1.109058E-03
 4.610109E-02 -1.354606E-04 -8.191961E-04 -4.256830E-02  4.962715E-02  1.647563E-03 -2.657444E-04  2.212498E-06  2.509541E-02  3.169499E-02
-8.439977E-03 -2.981367E-04  3.757574E-04  3.615427E-02  6.491685E-04  3.422613E-02 -2.784308E-02 -7.343119E-04  1.588294E-02  5.933625E-04
-1.812232E-02 -1.061014E-03  2.657150E-03 -3.105296E-04  3.406073E-02 -6.799642E-04  2.066149E-04  4.144333E-02 -3.549709E-02  1.018636E-04
-1.083794E-03  3.152365E-04  9.026537E-04  9.904823E-04  5.846957E-03 -5.159670E-03 -8.224347E-03 -1.399209E-02 -1.147406E-02 -2.995672E-03
-1.988159E-02
  MODE      20
-1.702284E-05  8.433176E-05 -9.248894E-05  2.159909E-05 -1.713881E-04  1.510498E-05 -1.636012E-04  3.657819E-03 -7.037463E-03 -1.136064E-02
 3.660880E-03  2.874334E-02 -1.580741E-02 -3.185326E-02 -7.130289E-04  2.620054E-02 -2.738458E-02 -4.407287E-02 -5.791571E-03  4.348436E-02
-1.134307E-02 -7.253271E-03  2.949404E-03 -9.665943E-01  7.838770E-03 -2.324890E-02 -9.881837E-04 -5.467001E-02 -8.269961E-02  9.854329E-04
 5.313486E-04  1.796990E-02  9.479347E-04  7.060502E-04 -1.621880E-05  3.945998E-04  1.740761E-03 -5.963776E-04  2.866596E-03  3.939293E-03
 9.896005E-02 -1.070324E-02  4.443069E-03 -2.240107E-03 -3.528662E-04  4.779525E-04  2.240493E-04 -2.380117E-03  1.780839E-03  1.957996E-02
-1.059672E-03 -9.480276E-05  1.125415E-04  1.143936E-04  6.182832E-04 -4.190720E-04 -4.612649E-05  1.822146E-02 -8.748238E-05 -1.313773E-04
-1.278938E-01  3.012415E-03  3.571111E-03  5.149492E-02  1.733874E-03 -1.373091E-03 -3.467730E-02 -1.202821E-03 -6.128316E-04  4.049462E-02
-2.549887E-03 -6.954489E-03 -3.960744E-02 -4.544055E-04 -4.475399E-03  7.937395E-02 -1.279783E-02 -2.249494E-03  1.157186E-03 -1.155145E-03
 3.200623E-05 -1.378229E-02  2.185184E-02 -2.139967E-03  1.780379E-02  6.166192E-04 -1.395998E-03 -3.183367E-02 -4.483080E-04  2.725513E-02
-1.164160E-03 -4.520439E-02  1.282653E-03 -1.537944E-02  8.281179E-04 -2.200890E-02  7.219677E-03 -3.021859E-03 -1.290079E-03  1.569778E-04
-3.919815E-04  1.453112E-02 -1.010571E-03 -1.083428E-02  1.041603E-02  8.182844E-03  7.632647E-04  9.456166E-03 -9.927917E-03  1.363468E-02
-3.086368E-03
  MODE      21
 2.524247E-06 -2.175714E-06  3.505075E-06 -1.504718E-06  5.843339E-06  2.008565E-07 -2.271099E-03 -1.915479E-05  5.078516E-05  6.512535E-05
 1.047129E-04 -2.742343E-03  1.158265E-04  1.743788E-04 -5.665027E-04 -1.273416E-04 -1.276678E-03 -2.369670E-03 -9.975592E-01 -1.929860E-04
 1.474680E-05  7.027225E-04 -1.310317E-03  5.583798E-03 -4.903501E-04  1.076696E-04 -9.242232E-06  1.759151E-03 -6.993333E-05 -1.281293E-05
-6.705914E-03 -2.131151E-04 -2.430036E-05 -5.460640E-02  1.856187E-06 -4.070291E-02 -6.016292E-07 -9.101396E-06 -2.228550E-05 -2.362199E-05
-1.501801E-04 -5.216851E-04  3.923635E-04  1.677006E-05  4.432979E-06 -1.416785E-06  2.086213E-05  9.775155E-06  5.750452E-04 -4.555740E-05
 9.453440E-05 -8.351084E-04 -6.685337E-06 -6.129973E-07 -2.959411E-06 -1.102437E-02  6.764346E-06 -4.137356E-04 -2.822484E-03  2.137140E-06
 6.237317E-04  1.139144E-04  2.112287E-04 -4.561596E-04 -2.770674E-04  2.697683E-04  4.130956E-04 -2.278096E-05  3.656988E-05 -3.876161E-04
-6.062380E-04 -1.921962E-04  1.543734E-04  3.044202E-05  3.034016E-04 -7.143297E-04  2.341453E-04  1.381323E-06 -6.292770E-05 -6.313219E-04
 1.633102E-04  2.247046E-04 -2.064051E-04 -4.865489E-04 -2.504884E-04 -1.918445E-05 -3.579968E-05  2.234376E-04 -3.658697E-04 -1.828022E-04
 4.233435E-05  3.333480E-04 -4.379626E-04  3.617178E-05 -3.250737E-05  9.962873E-05 -4.808345E-05 -1.586151E-05  5.356238E-05 -1.731890E-04
-2.012985E-04 -8.142892E-05 -1.132602E-05  9.346710E-05 -3.104274E-05 -1.026479E-05 -4.364442E-06  3.711995E-05  1.978822E-04 -5.552087E-05
 2.600800E-05
  MODE      22
 1.591250E-06 -1.109630E-06  1.949341E-06 -9.422215E-07  3.228195E-06  1.777196E-07 -1.281143E-05 -8.427047E-04  2.808280E-02  4.520906E-05
 2.259531E-05 -9.765841E-04 -8.829309E-05  1.348468E-04 -6.632348E-04 -3.080517E-02 -8.511605E-04 -2.158742E-03  5.708166E-05 -3.256843E-01
-9.420005E-01  2.526352E-03 -6.188229E-03 -4.623612E-03 -1.737066E-03  2.767398E-03  1.754725E-05  6.450516E-04  8.023323E-05  2.513409E-05
-3.095855E-06  2.502020E-04  4.642957E-06  1.137790E-05 -4.089057E-05  4.619500E-06  2.838088E-02 -8.368776E-06 -2.542435E-04 -5.473659E-02
 1.081731E-03 -5.187957E-04  9.803194E-04  6.075208E-04  2.628365E-02  1.427293E-03  1.215977E-06  1.368087E-02  1.610540E-03  8.356643E-05
 1.858111E-04 -1.671853E-06  6.579940E-07  4.999557E-07 -5.792529E-03 -3.119016E-07 -1.921987E-06 -1.856841E-04  1.248432E-06 -9.869501E-06
-1.155355E-03 -2.639305E-04  5.883695E-04 -2.847033E-04 -4.805136E-04  1.107162E-03 -1.954174E-04  1.470887E-04  7.486860E-05  4.871171E-04
-1.876254E-03 -2.844895E-05 -2.243631E-05 -1.547793E-05  1.590236E-03  6.971082E-05 -1.178163E-04  1.903928E-04 -9.467067E-05 -2.115328E-03
 4.123977E-04  2.044521E-04 -3.017357E-05 -1.442575E-03 -3.521536E-04 -2.175997E-05  2.418407E-04 -1.339128E-04 -1.371351E-03 -7.400707E-05
 1.407327E-04 -2.011818E-04 -1.513289E-03 -7.707891E-05 -3.706545E-05 -5.220939E-05  4.728464E-05  2.427934E-04  1.250516E-04 -2.714681E-05
-7.683049E-04  1.021306E-04 -1.047061E-04 -1.493067E-05  6.365511E-05  1.087582E-04 -6.955647E-05  3.535688E-04  2.449922E-04  4.363002E-05
 4.899991E-05
  MODE      23
-2.113117E-07 -8.408090E-07  7.699472E-07  1.395271E-06 -1.507564E-07  1.635314E-07  6.952274E-04  8.684207E-04 -5.488893E-04 -2.244214E-04
 2.284221E-04 -8.919214E-04  1.201769E-03  4.012768E-04  6.687827E-04  9.337997E-04  5.693297E-03  3.068098E-02 -1.776922E-03 -1.891270E-03
-7.267791E-03  1.178515E-01  7.217946E-01  1.529160E-03 -1.226875E-02 -2.284539E-01  7.197085E-04  8.557782E-04  2.019959E-04 -1.007224E-04
 3.829171E-04  1.248909E-04 -2.072140E-05 -1.587795E-04  1.236903E-04 -2.478193E-04  5.585148E-05  1.736707E-05  5.063488E-04 -3.011213E-04
-4.043999E-04  1.827549E-05 -1.459843E-01  5.866240E-02  2.985934E-04 -8.355110E-05  6.982273E-05 -7.417777E-06 -1.803315E-01 -1.046727E-03
 7.696753E-02  8.652388E-06 -5.232268E-05  1.255747E-04  9.645830E-05 -7.825755E-05  1.223247E-05 -4.081748E-06  9.911994E-05  5.655175E-05
 4.254166E-04 -1.093326E-01 -1.397938E-01 -1.398545E-03  7.107872E-05 -8.428856E-02 -1.504859E-03  9.529216E-02  6.984477E-02  2.112568E-03
 3.071790E-01 -6.937504E-04 -7.963783E-05 -5.433137E-02 -1.148551E-01  2.828713E-04  4.878197E-05 -1.057607E-04 -8.514025E-02  2.652562E-01
-4.603087E-02  1.108899E-04 -1.807322E-04  1.764161E-01 -2.968829E-04 -3.943584E-02  6.198453E-02  3.016747E-05  1.658921E-01  5.235668E-05
 8.366121E-02  2.914576E-04  1.422022E-01  3.521871E-04 -3.001425E-02  2.152718E-04  1.706444E-04  1.382953E-02  3.505116E-02  6.324889E-04
 6.800325E-02  6.290635E-03  4.183101E-02 -1.806643E-04 -5.390974E-04  6.007712E-04 -1.394450E-03 -5.433091E-02 -4.321832E-02  5.204115E-03
 2.993246E-02
  MODE      24
-2.898215E-06  2.705033E-06 -4.258182E-06  9.576661E-07 -6.206440E-06 -4.177664E-07 -3.338479E-04 -3.500215E-04  3.831737E-04 -4.821596E-06
-1.559693E-04  1.820540E-03 -5.826664E-04 -2.593109E-04  1.263277E-03 -5.498336E-04 -9.824441E-03 -3.933433E-02  9.500247E-04  1.315498E-03
 3.522601E-03  7.164221E-01 -8.941394E-02 -4.765127E-03  2.442184E-01  7.531365E-02 -2.885728E-04 -1.449186E-03  8.285582E-04 -1.372210E-05
 1.308393E-04 -3.215232E-05  2.176538E-05  1.577664E-04 -1.184737E-04 -2.660970E-04 -8.797593E-05 -2.480976E-04 -2.238756E-04  2.126424E-04
 6.759142E-04 -2.313314E-05  4.961493E-02  1.378718E-01 -2.130984E-04  5.149154E-05  1.825970E-05  6.807564E-05  7.684076E-02  1.559588E-04
 1.924760E-01 -1.003331E-04 -3.948200E-05 -9.181970E-05 -1.110833E-05 -7.471975E-05  3.592314E-06  5.438356E-04  3.112709E-04 -1.608672E-05
-1.273914E-03 -2.530844E-01  5.890117E-02 -3.614861E-04 -3.687318E-04  3.769526E-02 -4.135764E-04  2.285050E-01  1.776245E-01  2.613237E-05
-1.263694E-01  8.789538E-04  6.032092E-05 -1.321723E-01  5.021982E-02  2.344587E-04  4.787139E-05  5.289020E-05 -2.042156E-01 -1.105135E-01
 1.542615E-02 -2.135383E-04  2.272027E-04 -7.752262E-02 -6.398094E-04 -9.444270E-02  1.370682E-01  2.641065E-04 -6.750674E-02 -3.427536E-05
 2.006149E-01 -9.010488E-05 -6.387194E-02  1.174834E-05 -7.368214E-02  3.359977E-04 -2.456693E-06 -9.902006E-03  6.590925E-02  3.312635E-04
-4.098416E-02  1.789722E-03  6.806760E-02 -2.138583E-04 -1.123229E-03  1.383420E-03  1.052001E-03  2.460380E-02  1.941660E-02  1.138686E-02
 6.772096E-02
  MODE      25
-1.275120E-06 -7.122698E-07  1.276507E-07  3.429139E-06 -2.821588E-06  3.416224E-07  4.186592E-04  1.206197E-03 -1.520345E-03 -2.938880E-04
 8.563194E-04 -8.200914E-04  2.545143E-03  8.091817E-04  1.025022E-03  2.034128E-03  5.916502E-02  3.908640E-01 -1.413409E-03 -2.149219E-03
-3.284002E-03 -2.327598E-01  9.330912E-02 -6.151691E-05  6.815855E-01 -3.828794E-01  2.938788E-03  3.926262E-04  1.133351E-03 -3.109409E-04
 3.627196E-04  2.781533E-04 -7.546208E-05 -2.258848E-04 -8.755435E-05  4.099535E-05  5.420462E-04  4.027626E-04  3.739610E-04  4.501782E-05
 1.636833E-04 -4.101501E-04  5.670636E-02  2.815505E-03  1.320807E-04 -1.449233E-04  3.056935E-04 -1.215256E-04 -3.444918E-02 -5.911088E-05
 2.205829E-03  7.859393E-05 -1.229583E-04  1.953361E-05 -4.342695E-05 -8.428144E-05  2.915262E-05  1.212707E-04 -1.619436E-04  7.142022E-05
 1.501992E-03 -1.075454E-02  1.869668E-01  8.028678E-04  5.827183E-04 -1.057100E-01 -1.963723E-03  4.656958E-04 -1.314892E-03 -2.626040E-03
-2.395569E-01  5.958124E-04  7.881482E-05  1.611817E-02 -1.388349E-01  4.424901E-04  7.325112E-06  1.778943E-05  1.452409E-03 -1.085286E-01
-1.526107E-02 -1.785063E-05 -4.359403E-04 -6.537474E-02 -3.926685E-04  6.791603E-03  1.643739E-04  1.168351E-03 -7.775235E-02  8.491262E-05
-1.065432E-02 -8.655617E-06  2.101752E-02  8.985232E-04 -4.688216E-03  1.151782E-04  5.578056E-04 -1.154972E-01  1.460743E-02  1.256221E-04
 1.989072E-02  1.457444E-03  2.002042E-03 -8.597023E-04  4.712452E-04 -1.814443E-03  2.101591E-02  5.332179E-02  4.282687E-02 -3.818077E-04
 1.015049E-03
  MODE      26
 1.278928E-06 -9.024355E-07  1.577620E-06 -7.477540E-07  2.602113E-06  1.436443E-07 -1.847534E-04 -1.225405E-05 -4.837685E-05  1.328377E-04
-4.525517E-05 -8.535287E-04 -1.684462E-04  2.721666E-04 -1.014185E-03 -1.627069E-04  3.383457E-01  5.916865E-03  6.168511E-05 -4.173695E-04
 6.686662E-04 -9.153743E-03 -3.060789E-01  1.048263E-03 -3.860666E-01 -6.922359E-01 -1.853497E-04  6.733422E-04 -1.403190E-03 -2.355201E-04
-2.779129E-04  7.509312E-05  1.613276E-05 -5.164645E-05  6.247663E-05 -1.060823E-04  1.335501E-04 -8.335719E-05  6.589965E-05 -5.231082E-05
 7.624799E-05  1.436223E-04 -9.050404E-03  4.008771E-02 -6.266376E-06 -2.756919E-05 -2.637050E-05 -1.023843E-04  8.346293E-03  1.130570E-04
-5.011386E-02 -2.662320E-05 -1.568366E-05  9.676287E-05  7.119200E-05 -7.765700E-05  2.864975E-05  1.861481E-05  4.742325E-04 -2.740560E-06
-4.327752E-04 -3.261343E-01 -8.416513E-03 -1.045594E-03 -6.232347E-04  1.717995E-03 -5.405397E-04  7.760155E-02 -7.629828E-03 -2.373417E-06
 7.241570E-03 -1.252468E-04  1.076376E-04  1.074826E-01  4.439168E-05 -4.195902E-05 -9.535345E-05 -2.368647E-04 -8.077325E-02 -3.590574E-03
 1.278242E-02  6.311774E-05 -7.357675E-05  2.306000E-03 -4.253676E-04 -3.163299E-02  2.307321E-02  1.551683E-04 -4.951463E-03  3.937695E-05
 4.646398E-02  7.132928E-05 -4.418075E-03  9.652118E-05 -9.298852E-02  5.736343E-04  3.827889E-05  1.829387E-03  1.029005E-01 -1.677023E-04
 2.652979E-03 -1.023214E-03 -2.032481E-02 -2.299247E-03 -1.449603E-02  1.499081E-02  1.567856E-03 -1.194607E-03 -1.052004E-03  1.116274E-02
 6.639122E-02
  MODE      27
 3.707460E-04 -2.725159E-04  4.687103E-04 -2.022565E-04  7.568513E-04  4.384918E-05 -2.030140E-04  3.918121E-05  1.402273E-05  9.018987E-06
 2.931605E-04  1.341610E-04 -3.611477E-04  5.014885E-04 -1.478422E-02  1.184448E-05 -4.087955E-04 -1.259665E-03  2.433500E-04  1.788784E-04
 5.395663E-04  2.536609E-04 -1.237180E-03 -1.401134E-01 -1.557084E-03  3.443866E-04 -6.954136E-04  3.656194E-01  5.823992E-01  7.769204E-04
-4.421611E-04  1.629329E-01  2.216484E-04  2.573676E-05  6.362201E-05  8.500055E-05 -5.691527E-05 -2.041702E-04  2.180236E-04  1.513388E-04
 2.341023E-02  6.903050E-03  7.792906E-05 -8.461417E-05 -1.770698E-05  1.114837E-05  3.147494E-05 -1.166230E-06  3.150518E-04  7.288170E-03
 3.017730E-05 -3.729519E-05 -6.510493E-05  1.300061E-05 -2.399252E-05 -8.931024E-06  3.411737E-05 -1.820159E-02  1.298086E-05  5.853781E-04
 3.151720E-01 -4.433575E-04 -1.205354E-03 -2.200778E-02  6.582380E-02 -3.147393E-04  4.846466E-02  2.819420E-04  1.399153E-05 -1.330448E-01
 1.337069E-03  1.243457E-03  3.992353E-03 -1.164241E-04  5.812919E-04  3.821210E-03  1.880764E-02 -3.049774E-05 -1.051098E-05  2.902075E-05
-2.926238E-05 -1.888027E-03 -2.267520E-01  3.118319E-04 -2.002110E-01  1.769344E-03 -2.142919E-04  3.428793E-01  9.103127E-04  2.194393E-03
-6.497033E-05 -4.607618E-03  1.349351E-06  3.170789E-01  1.454561E-04  1.243985E-02  1.484954E-01  1.596640E-04 -1.650349E-04  5.851170E-05
-6.100352E-03  1.063445E-01 -6.292317E-03  1.576251E-04 -1.166175E-04 -1.228855E-04  1.645253E-04 -4.676917E-02  5.779320E-02 -7.885745E-02
 1.336612E-02
  MODE      28
 7.943684E-04 -5.831575E-04  1.003569E-03 -4.323517E-04  1.619257E-03  9.438732E-05 -1.623015E-04  1.010427E-05  2.213111E-05 -1.056249E-04
-2.318143E-04  4.707695E-01  7.201674E-05  2.914889E-04 -3.336576E-04  1.403256E-05  2.939428E-04  2.852018E-04  5.997013E-05  1.142441E-04
-1.504630E-04 -6.933096E-06  4.610774E-05  5.113420E-03  7.490653E-04  3.920205E-04 -7.789862E-03  5.927928E-01 -3.778522E-01 -9.785781E-04
-1.926620E-04  2.366843E-02  2.288057E-04 -1.869872E-04 -9.506978E-05 -1.869449E-05  4.816094E-05 -6.685472E-05 -1.189592E-04 -6.055581E-05
-1.839026E-02 -5.135713E-02 -2.711289E-05  1.684793E-04  1.688051E-05 -1.432238E-05 -2.416727E-04  3.757629E-05  1.473652E-04 -3.204547E-02
 8.986887E-06 -4.317718E-05 -4.261017E-05  1.694223E-05  3.333632E-05 -8.012786E-05  8.786229E-05  1.592119E-02 -2.139208E-05 -2.455111E-04
-1.204355E-01  3.439091E-04  9.481792E-04  5.075746E-02 -1.385453E-01 -5.882658E-03  3.186565E-01  2.048525E-03  8.025071E-05 -1.820381E-01
 1.687636E-03  2.260067E-02  5.238951E-02  2.369923E-05 -1.677522E-04  1.699534E-02  2.385895E-01 -1.953397E-02 -6.420182E-05 -9.514560E-05
-7.947491E-05  6.448632E-04 -7.883159E-02 -2.260985E-05 -3.827916E-02  3.291288E-04  8.495062E-05  2.432359E-02 -8.188320E-05 -1.313362E-02
 1.380736E-05 -2.600355E-03  1.900742E-05 -2.625397E-02 -5.145139E-04 -1.062711E-01 -1.299213E-01 -1.564621E-04  1.713889E-05 -1.121707E-03
-3.195299E-05  6.373522E-04 -4.417674E-05  2.134306E-04  1.069300E-04  1.003244E-04  9.309729E-05 -4.637218E-02  5.861063E-02  6.645335E-02
-1.111390E-02
  MODE      29
 1.167535E-05  1.813017E-04 -1.867510E-04 -3.553780E-04  8.721287E-05 -6.538906E-05  5.891376E-07 -9.423856E-06  1.504595E-05 -9.451631E-04
-3.324607E-03  8.718416E-04 -7.631878E-02 -3.021203E-03  7.702124E-04 -8.712268E-06  1.842032E-04 -9.569962E-04 -1.119870E-06  6.957686E-06
 4.160643E-05  8.169305E-04 -8.274261E-04  1.246132E-04 -1.714313E-03  1.257957E-03  9.836843E-01  8.502963E-03 -4.867953E-03  5.851553E-02
 1.195139E-04  7.298976E-05 -1.167724E-01  2.573741E-05  3.982456E-03  1.037051E-05  1.225935E-05  8.743942E-02  5.116566E-03 -6.230075E-06
 1.147736E-04  1.084313E-04  7.056903E-05 -2.254271E-04 -4.046481E-05  7.019527E-04  3.441311E-02 -1.263618E-05  4.008616E-04 -1.330664E-04
-1.316768E-04  2.166925E-05  8.635163E-03  5.271926E-04  1.092801E-05 -2.240536E-05 -2.012756E-02 -6.685817E-05 -1.048463E-05 -1.146866E-04
 4.776917E-05 -2.139755E-04 -4.777685E-04  9.588703E-05 -1.450105E-04  3.966483E-04  5.931748E-04  5.647338E-06 -5.573145E-05 -4.978797E-04
 5.471374E-04 -7.187542E-05  4.707480E-05  3.602479E-05  4.181386E-04 -3.288605E-05  4.294780E-04 -1.593408E-04  8.754283E-06  2.202433E-04
 1.914431E-04 -1.834127E-05 -2.943905E-04  9.577645E-05 -2.216464E-04 -2.621697E-05 -5.445737E-05  3.517529E-04  2.578427E-04  4.667722E-05
 1.735296E-05  9.350414E-05 -8.889591E-05  1.458567E-04 -5.503372E-05 -1.532473E-04 -8.278934E-05  4.014222E-04 -2.894285E-05 -2.859137E-05
-8.361306E-05  6.565221E-05 -4.511948E-05  2.062496E-05 -5.764075E-05 -4.950054E-05 -3.126748E-05 -2.722595E-04  2.600309E-05  5.179719E-05
 1.957195E-05
  MODE      30
-1.638238E-04 -7.552552E-05 -1.468184E-05  2.301787E-05  7.481272E-05 -7.569898E-05  4.139415E-06  1.308872E-06  1.383812E-05 -1.596939E-02
 1.946480E-04  2.742941E-04  4.518832E-03 -5.079966E-02 -1.112637E-03  7.953699E-06  2.961419E-04  2.385444E-04 -6.998646E-06  2.027153E-04
-7.304310E-05 -1.395148E-04  4.076943E-05  3.048506E-03  2.768472E-04 -1.828686E-04 -5.811008E-02 -2.150644E-04 -6.124663E-04  9.906587E-01
-1.046887E-05 -4.759000E-04  6.895832E-03 -4.855838E-06  6.731889E-02 -6.162324E-06  5.263684E-04 -5.164500E-03  8.667819E-02 -1.664902E-04
-4.896645E-04 -7.349623E-05  7.391856E-05 -9.189699E-06 -6.408417E-04  1.182139E-02 -2.033537E-03  1.628949E-05 -5.835460E-05 -1.231208E-04
-4.475228E-05 -1.871084E-06 -5.100014E-04  8.935193E-03  1.267691E-05  2.338140E-06  1.189299E-03  2.036522E-05 -9.192796E-07 -1.956888E-03
 6.666800E-04 -2.186146E-04  8.008528E-05  2.242019E-04  1.522577E-04 -8.595515E-05  4.694323E-04  5.418692E-05 -2.723067E-05 -5.838825E-04
-7.103733E-05  4.220121E-06  4.350116E-05  8.415336E-05 -1.062898E-04  1.462403E-04  2.963036E-04 -1.049028E-04 -6.624579E-05  7.582026E-07
-4.002638E-05 -1.013327E-04 -8.102343E-06  2.445129E-05  2.034541E-04 -5.246926E-05  2.572794E-05 -1.274209E-04 -1.447463E-05  8.739125E-05
 6.753557E-05 -1.030246E-04  5.900436E-05 -1.661995E-04 -6.023300E-05 -4.994081E-05 -2.644420E-04 -5.959045E-05  1.063930E-04  4.119618E-06
 4.271443E-05 -1.403289E-04  1.212749E-05  1.305002E-05 -2.431366E-05 -1.595852E-06  7.248059E-06 -2.313959E-05  7.153514E-05  9.833218E-05
 3.622188E-05
  MODE      31
 3.159075E-07 -2.459432E-07  4.148638E-07 -1.222123E-07  6.126285E-07  4.949847E-08  1.063863E-02  2.547128E-06 -3.192435E-06 -2.076727E-06
 1.672880E-04  6.106375E-04  7.018003E-05 -8.940419E-06  1.585070E-04  3.506985E-06  1.235042E-04 -5.931140E-05 -1.559350E-02  4.557320E-07
-4.064240E-06 -1.459141E-04 -3.506243E-04  6.353471E-04 -5.077207E-04  1.852379E-04 -1.264588E-04 -2.619045E-04  3.742522E-04  4.339764E-07
 9.826509E-01 -1.039215E-04 -1.553864E-04  1.807802E-01 -6.506506E-06 -2.722276E-02 -2.442493E-07 -1.572145E-04  8.146822E-06  4.631750E-07
-1.617741E-04  2.235938E-04  4.275019E-06 -4.326844E-05  7.161414E-07 -5.245374E-06  1.407618E-04  3.245467E-08  6.611607E-06  2.422010E-05
-5.525388E-05  1.934034E-02 -8.174194E-05  1.494114E-06 -3.304587E-07  1.541728E-02 -5.489496E-05  3.558265E-05 -1.976972E-03  2.105850E-06
 3.962840E-04 -1.728176E-04  5.872327E-05  1.637065E-04  1.467105E-04 -1.530738E-04  4.334863E-04  3.002125E-05 -4.952036E-05 -3.725618E-04
-5.981092E-05 -4.283123E-05  2.339802E-05  4.877563E-05 -1.029447E-04  1.071975E-04  2.021673E-04 -1.106764E-04  3.950257E-05 -7.550605E-05
 1.134439E-04 -7.774015E-05 -2.326516E-04 -1.264117E-04 -6.695928E-05  4.520904E-05  2.173695E-05  2.095400E-04 -8.407210E-05  4.259326E-05
-3.579446E-05 -2.913848E-05 -9.060080E-05  2.621335E-04 -2.972499E-05 -7.797925E-05 -7.697816E-05 -7.158670E-05  3.818427E-05  1.131238E-05
-3.892532E-05  3.957976E-05 -2.568174E-05 -8.770914E-06  7.010700E-06  4.157229E-06  1.691197E-06 -3.588264E-05  9.517674E-05  5.040471E-06
 1.494680E-05
  MODE      32
 1.310277E-06 -5.547167E-07  1.256125E-06 -5.572246E-07  1.800397E-06  2.780241E-07  1.641101E-06 -6.890393E-03 -1.123002E-03  2.270981E-05
 1.577171E-06 -3.427623E-04 -1.769319E-05  1.864978E-05 -1.181138E-03 -6.833949E-03 -7.852337E-05 -1.776945E-06 -2.352368E-06  7.233650E-02
-5.921191E-02 -5.910034E-04 -2.319226E-04  2.096717E-03  2.541949E-04 -2.554014E-04  1.680534E-06 -1.218880E-04 -1.475853E-04 -9.324245E-05
-8.172799E-06 -2.319403E-03 -2.424514E-05  3.892983E-05  1.078788E-03  3.593920E-05 -9.859380E-01 -1.923332E-04  6.176738E-03  9.879155E-02
 1.643504E-03 -3.165343E-03 -4.743743E-04  1.388618E-03 -1.396133E-02 -1.709249E-03  5.627394E-06  9.432924E-02 -7.561805E-04 -1.126545E-03
 1.747231E-04  2.212104E-06  1.053384E-05  7.132743E-05 -1.261470E-02 -3.647407E-06  1.175590E-06 -2.643656E-04 -8.649037E-07 -8.275739E-05
 1.698357E-03  6.960176E-05  5.700681E-05 -5.652606E-04  3.353665E-04 -7.938781E-05  3.428313E-04  9.245723E-06 -5.695832E-05 -1.001567E-03
-1.699163E-04  8.366978E-04 -4.546757E-05  8.861310E-05  3.738732E-04  7.674965E-04  1.464823E-04  7.604859E-04 -7.581346E-05 -3.161391E-04
-4.563128E-04  2.925966E-04 -1.498265E-04 -9.625044E-05  1.866707E-05  9.871204E-06  1.971983E-04 -8.554117E-05 -5.999592E-04  3.392296E-05
 1.959630E-04 -1.078502E-03 -3.025328E-04  4.068893E-05 -1.367618E-05  4.289705E-05 -1.686796E-04 -2.436748E-04  3.076707E-04  3.773908E-04
-1.582768E-04 -5.072257E-05  1.465727E-05  2.230156E-04  2.965018E-04  3.235801E-04 -2.029031E-04  1.234104E-04  1.508590E-04 -6.805034E-06
 5.331254E-05
  MODE      33
-4.904877E-04 -1.823909E-04 -9.049240E-05 -1.489757E-05  2.424058E-04 -2.430281E-04 -8.791172E-07 -6.369618E-06  1.111197E-06 -7.189116E-03
 3.531604E-04 -2.169017E-05 -2.992374E-04  1.960708E-02  7.368352E-04 -7.943843E-06 -1.542256E-05  4.917859E-05  4.740413E-06 -2.571179E-04
 6.033612E-05 -6.833359E-05  1.069262E-04 -1.986060E-03  1.593326E-04 -2.106952E-04 -1.597364E-03  3.723089E-04  2.125118E-04 -1.229423E-02
 9.243989E-06  1.693190E-03 -1.686128E-02 -6.497145E-06  8.580218E-01 -2.797724E-05 -2.208576E-03 -5.140740E-03 -5.123470E-01  1.234900E-03
-1.041694E-03  6.916788E-04 -2.874560E-04  3.294688E-04  7.133811E-04 -1.196449E-02  9.633490E-04 -3.415730E-04 -2.468327E-04  8.634314E-04
 2.264262E-04  8.491714E-06  1.268302E-04 -1.492056E-02 -3.417778E-05  3.358393E-06  5.752535E-04  6.760753E-04  1.082643E-06  2.720729E-03
-1.740755E-03  1.913813E-04 -1.779243E-05  2.700604E-04 -3.917318E-04  5.000879E-05 -5.709230E-04 -5.159351E-05  6.192843E-05  1.097105E-03
-1.366934E-04 -5.846120E-05  3.063042E-05  4.267854E-05  9.301263E-05 -4.736596E-04 -1.089512E-04  1.436829E-04 -3.855108E-05 -4.357888E-05
-1.715659E-04 -2.085059E-04  7.264387E-05  5.711826E-05 -1.852478E-04 -4.442547E-05 -6.995935E-05  2.869930E-05 -5.227675E-05 -4.601036E-04
-4.919651E-05  4.798259E-04 -2.548397E-05  8.604752E-06  1.004918E-05 -7.527118E-05  3.345338E-05 -7.024877E-05 -8.635245E-05 -1.326078E-04
-4.402393E-06  5.963569E-05 -9.295031E-07  4.961527E-05 -1.833163E-04 -1.680478E-04 -5.246068E-05  5.015759E-05  4.805034E-06  8.958780E-06
-7.494353E-06
  MODE      34
-7.921164E-05 -6.433822E-04  6.404514E-04  1.223437E-03 -2.742024E-04  2.052390E-04  2.855744E-05  1.359554E-06  4.837311E-06 -1.270046E-04
-1.968258E-02 -2.311578E-05  1.705963E-02  3.531583E-04  1.899926E-04 -4.239817E-06  3.951666E-05  6.231253E-05 -3.370329E-05 -8.002585E-06
 5.008469E-06  4.846003E-04 -6.989306E-05  3.029213E-04 -1.610948E-04  1.105259E-04  8.950192E-02  7.757339E-04 -1.624780E-04 -2.180575E-04
 1.116347E-04 -8.238808E-04  9.500655E-01  5.199951E-04  1.523679E-02 -4.503345E-04 -1.189717E-04  2.904566E-01 -9.082297E-03  1.037798E-05
 1.986852E-03  1.536518E-04  7.685392E-04 -1.188902E-03  1.758356E-05 -2.203087E-04 -5.389867E-02  8.331722E-06  5.907148E-04 -4.836856E-04
-2.755153E-04 -1.904216E-04 -7.254866E-03 -2.639990E-04 -2.956296E-06 -2.644149E-05 -3.215518E-02 -8.541361E-04  3.376687E-05  4.768552E-05
-8.173119E-05 -1.083148E-04  3.177976E-05 -7.322157E-04 -4.418577E-04  4.325529E-05 -2.081152E-05 -2.957686E-05 -7.059792E-05 -4.493919E-05
 4.528738E-05 -4.865456E-04  7.031369E-05  5.939607E-07 -2.712084E-04 -5.298601E-04  8.382053E-06 -4.430517E-04  1.564022E-05  2.596586E-04
 3.654587E-04  4.758306E-04  5.587670E-05  1.425343E-04 -3.215190E-05  1.515421E-05 -5.202037E-05 -5.629690E-05  4.853583E-04  3.125657E-04
 4.490699E-05  3.957556E-04  2.468749E-04 -2.298796E-04 -3.792234E-05 -1.691193E-05 -2.011481E-05  3.226681E-04  5.385556E-05 -8.244829E-05
 1.551715E-04 -5.688988E-06  1.992568E-05 -1.370408E-04  5.456453E-05  9.833189E-06  1.769679E-04 -1.304059E-04 -9.892363E-05  3.911756E-05
-2.678252E-06
  MODE      35
 6.136628E-07 -7.243381E-07  1.064689E-06  1.365375E-07  1.195987E-06  1.595820E-07  5.274628E-03  1.579279E-06  3.617601E-06  3.205191E-06
 7.494505E-06 -1.166002E-04  7.889956E-06  1.758044E-05 -5.126867E-04 -4.042569E-06 -1.842283E-05  1.935548E-05 -5.047470E-02 -4.503871E-06
 5.749212E-06  2.583862E-04  9.807439E-05  8.632152E-04  9.276531E-05 -1.340843E-04  4.305449E-05  1.469356E-04  2.260041E-04 -5.928015E-06
-1.127448E-02 -2.090886E-03  4.027295E-04  1.986918E-01  8.034433E-05  9.765494E-01  6.481996E-05 -1.559061E-04  4.328107E-05  1.877042E-05
 2.459272E-03 -1.341937E-03  3.436135E-04  5.720798E-05  3.551917E-07 -1.115276E-05  8.533471E-05  1.467470E-06  4.629069E-04 -1.205766E-03
-2.149635E-05  6.128065E-02 -4.131473E-05 -3.849990E-06  3.477304E-06 -1.914641E-02  7.720825E-06 -6.450106E-04 -5.441440E-03  7.545898E-06
 5.221643E-04 -2.441075E-04 -3.349494E-05 -1.020327E-03 -3.272016E-04  2.167699E-04  1.495973E-04 -8.398365E-05 -7.646149E-05 -3.736571E-04
 5.434892E-05  3.582319E-04  1.268060E-04 -7.299592E-05  6.606609E-05 -1.394014E-05  6.634245E-05  1.820080E-04  1.403313E-05  1.112864E-04
 1.618061E-04  5.671410E-04 -2.052312E-05  1.787298E-04 -7.252495E-05 -3.392088E-05  1.308632E-04 -9.290386E-05  2.696115E-04  2.098494E-04
 1.929246E-04 -2.347285E-04  1.490044E-04 -1.430548E-04 -6.467984E-05 -3.826270E-05 -1.596777E-04  3.964006E-04  4.157816E-05  2.107819E-04
 1.012222E-04 -1.739579E-05 -6.094813E-06 -3.575390E-06  2.307309E-04  1.815232E-04  6.639007E-05 -1.119862E-04 -5.946890E-05  4.134838E-05
 3.850253E-05
  MODE      36
-1.790133E-06  7.488322E-07 -1.669107E-06  1.807631E-06 -3.608736E-06 -7.432996E-08  2.113270E-03  4.613886E-07 -1.116620E-05 -9.546861E-06
 2.050265E-05  1.529903E-04  3.921559E-05 -3.423032E-05  9.128916E-04  1.223208E-05 -6.662202E-06  7.047738E-05  4.259352E-02  2.864547E-06
-1.254759E-05  4.626153E-04 -1.575081E-04 -9.243805E-04 -1.891144E-04  7.992684E-05  7.513442E-05 -5.506279E-04 -6.325621E-04  1.665643E-05
 1.801951E-01  4.162837E-03  6.372527E-04 -9.587222E-01 -9.039562E-05  1.959785E-01 -7.795699E-05 -2.560454E-05 -1.270746E-04 -6.051115E-05
-5.640170E-03  2.229917E-03  9.022962E-04 -6.993208E-04 -6.706009E-06  1.060361E-05  1.539699E-04 -1.668283E-05  1.731873E-04  2.450257E-03
-7.034976E-05  7.111977E-02 -9.301368E-05  1.616350E-05 -1.046108E-05  5.494288E-02 -1.143717E-04  1.569366E-03 -1.129104E-03 -4.008798E-06
-3.414214E-04 -1.441208E-04  7.789100E-05  2.338962E-03  8.881714E-04 -3.128089E-05 -1.500066E-04  4.757027E-05 -3.117919E-06  3.300441E-04
 2.323772E-05 -4.080297E-04 -2.802012E-04 -1.825656E-05 -2.506564E-04  5.171711E-04 -1.241746E-04 -1.852360E-04  1.769942E-05  2.127950E-04
 1.408489E-04 -1.323778E-03 -5.306395E-05  6.019674E-05  1.292592E-04 -7.652818E-05 -1.341439E-04  1.270735E-04  3.963617E-04 -3.942304E-04
-1.076973E-04  6.036726E-05  2.105528E-04  2.150185E-04  7.975107E-05  3.458060E-05  2.193455E-04  8.081865E-05 -2.824495E-04 -3.133718E-04
 1.197029E-04  2.884243E-05 -7.740922E-06  3.895246E-06 -3.902719E-04 -3.956036E-04  1.127445E-04 -5.252723E-05 -8.172489E-05 -5.538838E-05
-2.855007E-05
  MODE      37
-4.678673E-04  9.848835E-05 -3.767047E-04 -5.489112E-04  3.598978E-04 -3.375832E-04  2.403150E-05  1.409324E-05 -3.585881E-05 -2.202373E-02
 1.030903E-02 -6.064838E-05  3.806050E-03 -3.760849E-03  1.773679E-03  7.091149E-05 -9.199227E-05  8.416759E-05 -4.535060E-05 -4.669801E-06
 6.464329E-05  2.415863E-05  8.235874E-05 -2.272709E-03  1.542441E-04 -5.034155E-04 -7.587751E-02 -1.541834E-03 -1.622769E-03  7.932285E-02
 3.464768E-05  1.225071E-02 -1.898780E-01  2.446396E-04 -3.744126E-01  3.039625E-04 -4.738579E-03  6.352035E-01 -6.308245E-01 -9.415677E-04
-1.666550E-02  4.816145E-03 -8.212257E-04  7.228536E-04 -1.052853E-03  1.818654E-02 -6.711277E-02 -4.880930E-04 -4.958067E-04  6.799273E-03
 4.101458E-04 -5.643735E-05  1.092338E-03  6.071921E-02 -2.570085E-05  2.694009E-05  2.199607E-02  5.068758E-03  6.056174E-06 -4.299009E-03
-1.056969E-03  1.506431E-04 -3.575705E-04  6.561614E-03  2.735345E-03  3.549857E-04 -7.212591E-04 -9.257023E-05  8.703149E-05  1.028775E-03
-5.943574E-05 -2.675436E-04 -9.502125E-04  7.406062E-05  2.227403E-04  1.732659E-03 -1.161765E-04  5.799686E-04 -4.724013E-06 -5.754113E-05
-2.011189E-04 -3.868340E-03 -1.734312E-04  2.253418E-04  2.765849E-04 -1.598946E-04 -1.792691E-04  2.861002E-04 -7.444251E-06 -1.640603E-03
-1.931548E-04 -4.313633E-04  5.014795E-05  5.676825E-04  1.212588E-04  5.946943E-05  2.214588E-04 -7.461964E-05 -3.989687E-04 -7.065397E-04
 1.318258E-05  2.838355E-05 -3.889868E-05  3.559965E-04 -1.168728E-03 -1.074898E-03 -4.959613E-05 -2.952615E-06  1.404766E-05 -8.459670E-05
-4.652023E-05
  MODE      38
-4.839527E-04 -5.007947E-04  2.528760E-04  6.212479E-04  8.061871E-05 -1.133940E-04 -1.985400E-05  5.819878E-06  5.814724E-06 -1.994335E-02
-1.138472E-02 -1.791231E-04 -4.179974E-03 -3.308051E-03 -1.295051E-03  5.024266E-06 -1.368036E-04 -1.585309E-04  1.159592E-05 -5.273585E-05
 7.410804E-05 -7.215097E-04  9.354328E-05 -5.202650E-04  2.278868E-04 -2.895152E-04  8.379836E-02  1.176587E-03  3.969440E-04  7.188258E-02
-1.106143E-04 -2.156165E-03  2.097490E-01  1.770117E-04 -3.392125E-01 -2.141472E-04 -3.829728E-03 -7.013747E-01 -5.716683E-01  2.011013E-04
 2.705034E-03 -3.105746E-03 -2.540415E-03  1.312290E-03 -8.900513E-04  1.646336E-02  7.412184E-02 -3.187789E-04 -6.811414E-04 -1.602227E-03
 3.543960E-04  5.548156E-05 -1.211201E-03  5.502020E-02  6.438881E-06 -4.865903E-05 -2.428642E-02 -9.084555E-05 -8.128292E-06 -3.887766E-03
-8.773818E-04  3.711162E-04 -3.337721E-04 -1.664840E-03 -1.025316E-03  1.784140E-04 -4.037492E-04 -7.629470E-05 -1.940800E-06  5.479908E-04
-3.343050E-05  1.220980E-03  4.061635E-04  8.457986E-05  4.981398E-04 -2.869661E-04 -4.496060E-05  1.097824E-03 -6.525075E-05 -4.072367E-04
-4.515893E-04  8.016401E-04  8.635825E-05 -1.789327E-05 -2.084951E-04  4.286879E-05  2.550075E-05 -8.600764E-05 -6.887242E-04 -5.224467E-04
 1.045306E-04 -3.328624E-04 -3.420103E-04 -1.623697E-04 -6.622762E-05 -8.896465E-05 -6.718784E-05 -3.732548E-04  2.832608E-04  4.466051E-04
-2.634870E-04  3.055268E-06  1.502971E-05  3.127784E-04  2.946886E-04  3.326579E-04 -2.480140E-04  1.801236E-04  1.102872E-04  1.628127E-05
 5.143859E-05
  MODE      39
-1.186851E-06 -8.238140E-07  1.180250E-07 -1.227511E-06  2.567216E-06 -1.009798E-06 -1.257706E-06 -7.201206E-03 -4.713883E-04 -6.594551E-05
 2.690751E-05  1.946956E-05 -9.751228E-06  4.264190E-05 -5.443698E-04 -2.315359E-02 -9.142267E-06  3.904235E-05  1.780159E-05 -4.414491E-02
-3.502389E-02  4.187228E-04 -8.327695E-06  1.857450E-03 -5.949702E-05  9.879953E-05 -1.252192E-04  2.517857E-04  5.575458E-04  2.674026E-04
 3.141112E-05 -6.250810E-03 -3.158065E-04 -1.810101E-04 -1.512372E-03 -4.017716E-05  1.064607E-01  1.003147E-03 -7.473490E-04  9.860179E-01
 8.542927E-03 -2.006818E-03  9.265449E-04 -1.618567E-03  5.567170E-02  3.702837E-03 -7.718702E-05  9.530949E-02  7.742032E-04 -3.231685E-03
-5.579495E-04 -3.911038E-07  8.849359E-06  1.931121E-04 -1.750434E-02  5.840475E-06  4.575728E-05 -2.854171E-03 -2.346492E-06  2.466382E-05
 1.414853E-03 -3.105588E-04  4.618018E-05 -2.839294E-03 -8.845544E-04 -1.662155E-05  5.827313E-04 -4.620832E-06 -2.012950E-04 -1.141554E-03
 2.803073E-04 -3.550857E-04  2.877614E-04  5.904584E-05 -3.848263E-04 -6.931008E-04  9.696449E-05 -7.885605E-04  6.984776E-05  2.847650E-04
 4.907003E-04  1.759332E-03 -1.615058E-05  3.610584E-05  2.829042E-05  6.401304E-06  6.017199E-05 -9.343320E-05  4.979245E-04  1.213466E-03
 4.783357E-05  2.798219E-04  2.232651E-04 -1.738786E-04 -7.160122E-06 -1.197401E-05 -6.106309E-05  3.045091E-04  2.030364E-04  2.176491E-04
 1.530690E-04 -2.861757E-05  1.935741E-05 -3.121986E-04  4.829617E-04  4.218073E-04  2.576354E-04 -1.715155E-04 -1.115599E-04  5.479710E-05
 1.042892E-05
  MODE      40
-9.239150E-05  7.314286E-05 -1.210242E-04  7.739733E-05 -2.276056E-04 -2.018265E-06  2.881628E-04 -2.273386E-04 -9.417589E-04 -5.570274E-05
-6.105262E-04 -5.752524E-03  7.969334E-04 -1.749179E-03  1.789879E-02  7.014572E-04 -9.205381E-05 -1.744064E-04 -1.156963E-03 -2.816801E-04
-1.533510E-03 -2.733081E-04 -2.872823E-04 -1.812556E-02  8.562669E-05  5.495944E-05  2.696475E-03 -6.215131E-02 -8.417341E-02 -1.874258E-03
-1.676315E-03  4.699263E-01  7.970200E-03  8.515838E-03  6.021897E-03  1.900729E-03 -1.281500E-03 -1.732290E-02  1.382003E-02  1.233854E-02
-7.090563E-01  4.763128E-02  5.431651E-04  2.516667E-03  1.024821E-03  6.371605E-04  2.431183E-03 -2.842684E-04 -1.663813E-03  2.295645E-01
 6.730809E-04  2.413765E-04 -3.957893E-04 -1.446528E-03 -1.291424E-03 -3.106933E-04 -4.915499E-04  2.381229E-01  2.946688E-04 -1.504814E-04
 1.469725E-02 -8.404300E-04 -2.247758E-03  2.620080E-01  1.221016E-01 -7.596747E-05 -1.197461E-02  1.688330E-04 -1.775105E-04  7.385366E-03
 1.301826E-04  5.131260E-02 -3.419793E-02  3.456874E-04  6.808212E-04  1.226643E-01 -3.029032E-03  8.244242E-02 -7.109488E-05 -1.783101E-04
-3.239095E-04 -1.588559E-01 -8.844727E-03 -1.831831E-04  4.436781E-03 -3.049764E-04 -2.188723E-04  3.058888E-03 -3.830663E-04 -8.501731E-02
-4.334316E-04 -8.517841E-02  3.718705E-05  9.547072E-03  5.298766E-05  1.055414E-03  2.617389E-03 -2.241187E-04 -2.307306E-04 -2.200465E-03
 7.984210E-07 -2.115584E-03  3.002397E-05  3.099997E-02 -3.196969E-02 -2.617390E-02 -6.217683E-04 -9.265919E-04  1.426437E-03 -1.713828E-03
 2.932320E-04
  MODE      41
 3.014305E-04 -2.182941E-04  3.776008E-04 -1.706345E-04  6.166400E-04  3.444807E-05 -2.262602E-04 -1.873917E-04  6.363753E-04  1.499151E-04
-6.025906E-05 -4.720624E-04 -2.435554E-03  5.731319E-03 -2.905579E-01 -5.009639E-04  5.912733E-05  2.595483E-04  4.948253E-04  5.474385E-04
 7.102595E-04  5.664169E-04  7.655186E-05  5.801636E-03 -7.821470E-05 -5.640142E-05  3.236600E-04 -3.859386E-02  6.614168E-02  2.320256E-05
 6.949980E-04 -1.510687E-01 -1.312817E-03 -2.816739E-03  2.112037E-04 -1.088958E-03  3.938211E-03  6.129390E-03 -1.406471E-03 -2.264866E-03
-4.752349E-02 -7.043685E-01  3.420306E-06 -1.548511E-03  1.770090E-04  7.425923E-04 -3.280134E-03  2.380220E-03  8.754375E-04 -1.292636E-01
-1.503249E-03 -1.916707E-04  1.036213E-03 -4.669858E-04  8.341741E-04  4.135252E-05 -2.216190E-04  1.992465E-01 -8.301261E-05 -2.885204E-05
-8.429667E-03  3.565816E-04  7.541300E-04 -8.344576E-02 -1.597606E-02  8.123980E-05 -3.763648E-03 -2.094813E-04 -1.448494E-04  1.299200E-03
 9.694690E-04  3.140704E-01  1.318322E-02 -2.730424E-04 -3.358171E-04  1.207480E-01  6.053486E-03  3.251575E-01 -4.614250E-04  3.153456E-04
 1.527379E-04  1.733516E-02  5.882044E-03 -2.208423E-04 -1.940738E-02  4.097728E-04 -1.448013E-04  5.062229E-03  5.928776E-04 -1.578718E-01
 5.448687E-04 -2.139775E-01  4.825956E-04  1.472742E-02  3.518760E-05 -1.123870E-02 -7.075444E-03 -8.875825E-05  2.735641E-04  1.260403E-01
-4.743799E-04  6.342842E-04 -6.916364E-04  1.028240E-01  5.248973E-02  6.555125E-02  9.835344E-03 -5.154864E-04 -6.736884E-05 -1.803527E-05
-5.971695E-05
  MODE      42
 2.671838E-06  1.524861E-06 -9.650930E-08 -1.599018E-06 -3.600983E-07  9.304371E-07  6.129545E-05 -2.537410E-04  4.601794E-04  3.829957E-05
-2.260001E-04  9.165991E-05 -8.268149E-04 -1.538665E-04 -2.841024E-04 -3.712972E-04 -5.922400E-02 -6.575932E-02  7.583255E-05  4.999972E-04
 3.671720E-04 -1.437386E-01 -1.061136E-01 -1.938509E-05  4.448291E-02  3.349701E-02  2.823258E-04 -6.149299E-05  3.261816E-04 -2.224953E-04
 1.761541E-04 -1.618490E-04  7.047158E-04 -1.082830E-03  1.020913E-03  7.793032E-04  1.786421E-03  1.752118E-03  2.434984E-03  1.049028E-03
 1.687728E-04  1.532272E-04 -7.979338E-01  2.331604E-01  3.414446E-03  5.608551E-04 -3.371262E-03  2.676270E-03 -2.421623E-01 -1.695561E-03
-6.941570E-02  2.639001E-04  9.747131E-04 -8.439322E-04  2.663875E-04  3.141379E-04 -3.545627E-04 -1.191489E-04  2.398906E-04 -3.954196E-05
-4.452640E-04  4.985163E-02 -2.015461E-02 -3.620652E-04 -1.958944E-04  1.821577E-02 -3.444718E-05  4.984244E-02  1.535154E-02  2.829516E-04
-1.576839E-02  4.297530E-04 -5.054839E-05 -8.354747E-02  1.149423E-01 -5.092436E-04 -1.078440E-05  5.118959E-04 -7.304659E-02 -8.764008E-02
-1.449656E-01  9.095648E-05 -3.341786E-05 -6.389159E-02  6.436915E-04  8.897277E-02  3.739744E-03  6.051064E-04 -1.697258E-01 -3.743964E-04
 1.661986E-01 -7.443644E-05 -8.319244E-02  3.791691E-05 -4.215076E-02  2.338989E-04 -2.099234E-04 -1.268902E-01  1.496195E-01 -9.432411E-05
-8.659835E-02 -1.549322E-03  5.542759E-02  1.001324E-02  3.972953E-02 -3.503334E-02 -7.871229E-02  4.967356E-02  3.970233E-02  8.520295E-03
 5.228721E-02
  MODE      43
 2.022629E-06  4.291546E-07  6.605998E-07 -8.657552E-07  5.850858E-07  6.692235E-07 -3.475862E-05 -1.996524E-04  3.751298E-04  5.028702E-05
-2.884451E-04 -5.862055E-05 -7.505172E-04 -6.081144E-05 -9.213392E-04 -3.341619E-04  6.268874E-02 -5.276524E-02  9.860674E-05  8.462647E-04
 2.562769E-04 -1.100708E-01  1.223932E-01 -3.604302E-06 -5.499373E-02  2.170118E-02  3.708442E-04 -3.623642E-05  1.597172E-04 -8.772378E-05
 7.780891E-05 -1.589092E-03  9.417176E-04 -4.628208E-04  2.973648E-04  1.755866E-04  1.652429E-03  3.039508E-04  1.083971E-03  1.241918E-03
 1.965713E-03 -1.360836E-03  2.306318E-01  8.016342E-01  6.441671E-04  3.748255E-04 -3.381946E-03  1.803536E-03 -7.618687E-02 -1.721687E-03
 1.961327E-01  5.571204E-04  1.116953E-03 -3.326202E-05  1.365056E-03  3.307723E-04 -3.867874E-04 -5.845049E-04  2.326171E-04 -6.211703E-05
-1.881662E-05 -5.599503E-02 -5.195168E-02 -9.382219E-04 -5.525815E-04  2.374921E-02  6.662826E-04 -5.120433E-02 -3.673900E-04  9.629594E-05
 2.269828E-02  4.931075E-04  1.933355E-04  1.090528E-01  1.012953E-01 -7.784423E-05 -4.089501E-05  5.237346E-04  9.677595E-02 -7.694551E-02
-1.048289E-01  3.577010E-04 -3.283079E-05 -6.553276E-02 -1.084677E-03 -1.160286E-01  6.184993E-03  4.589912E-04 -1.520290E-01 -1.411624E-04
-2.107771E-01 -7.526678E-04 -9.032913E-02  1.208767E-04  3.778568E-02 -1.964515E-04  1.036252E-04 -1.090449E-01 -1.768953E-01 -5.094454E-04
-5.520020E-02 -8.171051E-03 -8.663915E-02 -5.094763E-03 -5.190193E-02  5.808543E-02 -5.446479E-02  4.211082E-02  3.376379E-02 -1.067032E-02
-6.158538E-02
  MODE      44
 5.740854E-07  2.642645E-07  5.422577E-08 -1.522238E-08 -3.343090E-07  2.844092E-07  1.023723E-06 -5.497227E-03 -3.324141E-03  1.352456E-06
 5.714689E-07 -3.894060E-05 -7.037262E-06 -6.590735E-06 -1.035299E-04 -1.194484E-02 -1.015463E-04 -3.137511E-04  4.185336E-07 -2.237491E-02
-2.791826E-02 -7.598812E-04  2.528956E-04  4.153447E-04  1.101962E-04  2.197998E-06  1.178362E-07 -5.944010E-05 -3.761468E-04 -6.933476E-06
 1.150593E-06 -6.514202E-04  9.270009E-06 -5.907082E-06 -1.592430E-05 -2.614677E-06 -9.744545E-03 -2.546781E-06  3.161169E-04  8.348369E-02
 6.196261E-05 -1.403640E-03 -3.507129E-03  2.224140E-03 -9.352200E-01 -5.025231E-02 -1.484227E-04 -3.357525E-01  5.946367E-04 -1.116006E-04
 4.508009E-04  1.761532E-06  2.066961E-05 -2.991200E-05 -3.937638E-02  2.461402E-07 -5.889543E-06 -3.903986E-05 -1.420719E-06  1.611851E-05
 8.378993E-04  5.098122E-04 -3.996088E-04  1.033913E-04  4.073298E-04  5.382898E-04 -1.183665E-05 -7.821333E-04 -9.682602E-05 -3.192371E-04
-5.697517E-04  2.879756E-04 -2.101917E-04  2.485640E-04  9.093167E-04  3.368697E-04  1.443376E-04  1.341165E-04  7.166654E-06 -5.369203E-04
-6.772191E-04 -4.865373E-05  1.572386E-04  1.047906E-04  2.042047E-04  2.102479E-04  3.281743E-04  2.333750E-04 -6.176228E-04  1.707160E-04
 6.341458E-04 -2.766697E-04 -3.770602E-04  1.271361E-04 -7.888716E-04  2.779969E-05  1.534163E-04 -2.682199E-04  1.029264E-03  3.281140E-05
-4.084202E-04 -2.743297E-05  9.606238E-05  1.417010E-05  1.331701E-04  7.311473E-05 -3.829653E-04  2.099171E-04  1.348681E-04  1.284112E-05
 2.821629E-04
  MODE      45
 8.968763E-04  3.544346E-04  1.431391E-04 -1.459678E-05 -4.325071E-04  4.360371E-04  9.174487E-07  4.961447E-07 -6.271746E-06  7.662029E-03
 2.380297E-05 -1.077477E-04 -1.259028E-04 -8.872160E-03  1.416999E-04  3.697719E-06  1.819204E-05  1.029097E-04  1.303414E-06 -3.061226E-04
 9.480934E-05 -2.151260E-04  3.653941E-05  6.670050E-04  9.077788E-05 -3.311631E-04  3.182856E-04  3.248066E-05 -6.120861E-04 -1.609738E-02
 5.827353E-06 -1.034555E-03 -2.069523E-04  8.060459E-08  2.554328E-02  4.278752E-06 -1.052174E-03 -9.156029E-04  1.751465E-02 -4.652390E-04
 5.361460E-04  4.285235E-04 -3.413207E-04 -6.334320E-04 -5.295950E-02  9.958295E-01 -8.405092E-03 -1.576115E-03  4.501420E-04 -2.635550E-04
 1.692985E-03  1.073564E-06  1.734734E-03  6.379428E-02 -2.916231E-05 -1.118607E-05 -1.046733E-05 -6.352341E-04 -3.279827E-06 -7.301807E-04
 1.301361E-03  1.322264E-04 -3.316366E-04  1.528203E-04  6.059854E-04  1.169109E-04 -7.488636E-05 -8.116435E-05 -1.993880E-05 -7.091537E-04
-8.226363E-04 -2.737094E-04 -2.477984E-04  1.157100E-04  2.431993E-04  2.973354E-04  8.179730E-05 -3.784970E-04  6.980380E-07 -7.473629E-05
 3.519297E-04 -1.728660E-05 -1.801620E-05  1.047834E-03  1.719790E-04 -1.798163E-04 -1.113058E-04  1.085912E-04  3.278009E-04  5.105012E-04
-1.527691E-04 -1.149433E-04  5.314566E-05  1.003099E-04  1.216474E-04  3.491859E-05  3.322293E-05  7.341721E-04 -2.216639E-04 -1.321318E-04
 1.013684E-04 -1.267779E-05 -1.217811E-05 -1.234283E-04 -4.766566E-05 -4.995441E-05 -4.135976E-06 -1.637284E-04 -1.343897E-04 -2.049911E-05
-4.721238E-05
  MODE      46
-5.419260E-06 -1.258296E-04  1.310171E-04  2.444692E-04 -5.763510E-05  4.586175E-05 -3.278184E-05 -3.013190E-06  4.863678E-06  6.766815E-05
-2.650310E-03  9.965763E-05  1.471566E-02 -5.939031E-05 -7.693471E-04 -4.594035E-06  1.688136E-04 -4.255619E-04  2.313576E-05  3.951540E-06
 1.605035E-06 -4.541725E-04  5.258795E-04 -2.074517E-05 -1.488301E-04  5.062524E-04 -3.759607E-02 -2.597224E-04  4.041510E-04 -1.390039E-04
-1.744352E-04 -3.806120E-04  2.456609E-02  1.310923E-04  2.203900E-04 -1.440142E-04 -7.563291E-06  1.059248E-01  1.647869E-04 -2.558996E-05
 3.734132E-04 -1.731020E-03 -1.887944E-03  4.400778E-03 -5.912390E-04  8.607542E-03  9.727700E-01 -1.808117E-05  1.062548E-03 -1.361494E-03
-1.595860E-03  3.859314E-04 -2.003283E-01  5.529398E-04  2.553834E-05 -4.259867E-05  1.835277E-03  5.719616E-04 -5.376246E-05 -6.455850E-06
-2.749887E-04  7.960997E-05  9.455491E-05 -6.161875E-04 -2.007400E-04  1.984821E-04  8.022932E-05 -1.003175E-03 -1.185206E-04  9.173077E-05
 7.164959E-04  1.246901E-03  1.803505E-04  5.141513E-04  4.616698E-04  2.268087E-04  6.502668E-05  8.930890E-04  3.403457E-04 -3.339074E-04
-1.056687E-03  1.658537E-04  2.559772E-04 -1.228337E-03 -1.124861E-04 -1.764285E-05  5.438114E-04  8.763201E-05 -1.032959E-03 -3.774119E-04
 2.925042E-04 -3.990389E-04 -4.130244E-04 -9.633947E-05 -1.026711E-03 -6.186026E-05  8.412888E-05 -1.229604E-03  7.721073E-04  3.943506E-04
-4.698733E-04 -2.660734E-05 -1.689331E-04  2.577691E-04  7.805808E-05  3.527076E-04 -4.049577E-04  4.347455E-04  3.175054E-04  4.262081E-05
 2.070508E-04
  MODE      47
-1.447271E-06 -2.732319E-07 -4.601854E-07  1.888463E-06 -1.888818E-06 -9.991060E-08  3.515248E-05 -1.098502E-04  2.020841E-05 -1.477178E-07
-5.232955E-05 -5.357251E-06  1.911705E-05 -4.644829E-05 -2.293432E-04 -5.808121E-05 -3.010990E-02 -9.662139E-03 -8.298694E-05 -1.157975E-04
-4.084988E-05 -7.823017E-02 -1.469601E-01  1.195094E-04 -2.267216E-02 -2.832103E-02  5.834965E-06  1.581912E-04  1.999311E-04  1.436590E-05
-4.899191E-05 -1.414068E-03  3.439243E-04  2.123417E-04  2.969551E-05  2.608109E-04  4.440825E-04  2.657536E-04  4.871961E-04  2.750577E-04
-2.272700E-03 -2.152095E-04  2.561314E-03 -2.031686E-01 -2.312344E-03 -1.389807E-03  3.762043E-03  2.765637E-03 -5.418172E-01 -5.551492E-03
 4.808011E-01  4.849761E-05 -8.176892E-04 -4.749683E-04  5.295632E-05  9.480700E-05 -3.254670E-05 -1.976238E-03  2.502732E-06 -6.729216E-05
-1.113004E-03 -6.107659E-02 -9.418143E-02 -9.900263E-04 -1.021661E-03 -7.105760E-03 -1.522268E-03  2.889427E-01  2.518816E-02  5.873521E-05
-1.721438E-01  8.126697E-04 -5.562297E-05 -9.596141E-02  5.206181E-02 -1.353362E-04 -8.168329E-05  8.823135E-05 -7.253301E-02 -4.065092E-02
 6.259011E-02  3.468410E-04 -9.984481E-04  2.025535E-01  2.712107E-04 -3.145487E-02 -2.031412E-01  1.048997E-04  2.153022E-02 -3.413297E-05
-1.418557E-01 -4.256278E-04 -2.224458E-02  5.654772E-04  2.609044E-01 -1.071778E-03 -3.017144E-04  9.810717E-02 -2.586855E-01  1.288022E-04
-6.962052E-03  1.238673E-04  9.968824E-03  3.350691E-03  1.686350E-02 -1.625339E-02 -1.597153E-02 -2.768959E-02 -2.197360E-02 -9.639972E-03
-5.851091E-02
  MODE      48
-1.963124E-06  2.589448E-07 -1.340517E-06  7.949740E-08 -8.774285E-07 -7.459065E-07 -1.103094E-04 -2.474379E-04 -9.094204E-05  1.696370E-05
-2.572786E-05 -2.370265E-04 -9.419719E-05 -4.438187E-06 -3.773438E-04  4.393118E-04  1.821447E-02 -2.775793E-02  1.505215E-04  3.770697E-03
-5.337517E-04 -1.510864E-01  8.212281E-02 -7.480759E-06  5.842614E-03 -3.826820E-02 -4.469317E-05  2.319393E-04 -1.888467E-05  5.591912E-06
 1.407557E-04 -1.396753E-03 -6.131072E-05 -3.239727E-04  1.343646E-04 -2.874724E-04  6.201408E-03  2.776007E-04  4.467501E-04 -5.230473E-03
-2.319788E-03 -4.710999E-04 -2.106645E-01  2.007145E-02 -2.195346E-02 -3.143761E-03  1.726977E-04  6.538593E-02  4.681907E-01  8.745379E-04
 5.353026E-01  2.488936E-04 -9.227067E-05 -5.185429E-04  9.044274E-03  1.602612E-04  2.876548E-05 -1.979038E-03 -4.484463E-05 -6.631786E-05
-6.215662E-04  2.780657E-02 -1.283052E-01 -1.985191E-04 -1.137242E-03  2.232076E-02  1.687297E-03 -2.050766E-01 -2.344964E-02 -1.785298E-03
-2.875738E-01  5.991480E-04 -8.511654E-05  6.398613E-02  1.142087E-01 -1.598863E-04 -4.517904E-05  4.206189E-04  4.996945E-02 -5.468604E-02
 1.044478E-01  3.228268E-05 -8.078520E-04  3.520116E-01  7.632320E-04 -2.235813E-02  1.185161E-01  3.342071E-04  4.758331E-02 -6.604700E-05
 7.083003E-02 -5.332885E-04 -9.591015E-03  5.873773E-04 -1.509281E-01  1.037681E-03 -4.448061E-04  2.244436E-01  1.031139E-01  6.869705E-05
-9.715674E-03 -1.084087E-03 -7.168532E-03 -4.715081E-04 -9.840895E-03  1.230974E-02 -2.281270E-02 -5.044232E-02 -4.024854E-02  5.765837E-03
 3.216643E-02
  MODE      49
 6.696611E-07 -1.855727E-07  5.465637E-07 -2.308231E-07  6.924599E-07  1.763514E-07 -8.704003E-06  2.153522E-03  2.734802E-03  9.433092E-06
 4.831970E-06  2.543654E-04 -1.814833E-05  3.841021E-05 -9.356216E-04 -7.176906E-03  1.248420E-03 -2.297911E-03  1.239736E-05 -5.025535E-02
 7.827023E-03 -1.129241E-02  5.205989E-03 -4.548914E-04  3.048001E-04 -2.324293E-03 -1.413691E-05  8.727488E-05  7.522984E-04  1.787042E-05
 1.178166E-05 -2.604595E-03  2.554507E-06 -2.966361E-05 -7.353818E-05 -2.048606E-05 -8.769152E-02  3.751486E-05  1.188353E-03  7.428801E-02
-5.965898E-04 -1.886241E-03 -1.569660E-02  2.382221E-03  3.431689E-01  1.655606E-02  5.167311E-05 -9.182718E-01  3.087311E-02 -1.391130E-03
 3.961515E-02  9.710400E-06 -3.070004E-06 -7.969891E-05 -1.338570E-01  1.225570E-05  3.220136E-05 -1.611084E-03 -7.283024E-07  4.394190E-05
-1.179741E-03  1.324435E-03 -9.397129E-03 -4.838096E-04 -9.964831E-04  1.502194E-03  4.866615E-04 -1.329370E-02 -1.582827E-03  7.802480E-04
-2.066838E-02  1.006302E-03  2.166084E-04  4.196756E-03  8.335516E-03 -5.249864E-05 -6.769489E-05  8.382796E-04  3.381416E-03 -4.174883E-03
 7.249410E-03  3.590646E-04 -2.990720E-04  2.511036E-02  6.281873E-04 -1.850330E-03  7.637278E-03  5.626383E-04  2.957086E-03 -3.672931E-04
 4.277466E-03 -3.430940E-04 -9.736133E-04  7.292917E-04 -9.704995E-03  6.073128E-04  1.678706E-04  1.560919E-02  6.164023E-03  4.832614E-04
-9.816728E-04 -1.626501E-04 -5.593800E-04  3.483870E-04 -5.027811E-04  1.108569E-03 -1.813618E-03 -3.449108E-03 -2.843622E-03  2.986393E-04
 2.020609E-03
  MODE      50
 2.111471E-04 -1.550102E-04  2.667277E-04 -1.157447E-04  4.313298E-04  2.484609E-05 -2.504484E-05  5.895268E-06  6.745562E-06 -1.807795E-06
 4.821908E-05  3.137876E-03  5.666147E-05 -1.144961E-04  8.015385E-03 -1.965397E-05 -1.321663E-05 -3.355169E-04  1.977215E-05 -1.656011E-04
 8.067201E-05 -1.172257E-03 -2.487929E-04  5.669811E-02 -2.016356E-04  4.843001E-05  7.500786E-05 -4.918769E-02 -5.476665E-02  1.325743E-05
 3.391769E-05  3.543139E-01 -1.670749E-04 -1.409404E-04 -1.185863E-04 -4.410399E-05 -9.719827E-05 -5.529680E-05 -1.572203E-04 -9.582377E-05
 4.950815E-01 -2.013864E-02 -1.071533E-03 -6.010398E-04  1.081887E-03  1.327756E-04  1.076862E-05 -3.037153E-03 -2.037940E-03  2.820537E-01
 4.681886E-03 -2.690875E-04 -8.256648E-05  1.144313E-04 -4.556653E-04 -1.177298E-04 -3.445203E-06  5.357702E-01  3.061076E-05  4.007944E-04
 1.294668E-01 -2.311961E-04 -8.284670E-04 -1.000174E-01  1.629002E-01  1.230734E-03 -1.793530E-02  5.164085E-04  4.661046E-04 -2.639812E-01
 3.227552E-04 -2.494875E-02  7.145971E-03 -1.849718E-04  7.377930E-04 -8.851860E-03  3.744894E-03 -1.003264E-02 -8.850174E-05 -5.035126E-04
 7.625799E-04  3.938825E-03  1.551410E-01  2.407934E-03 -1.947322E-01  1.470439E-03 -1.008868E-04 -1.357894E-01 -1.148034E-04 -2.522444E-02
-2.834813E-04  1.298752E-02 -3.482149E-04 -1.714725E-01 -1.846389E-04 -1.313077E-01  2.627975E-02  1.279500E-03 -5.479497E-04 -1.547386E-04
-1.748989E-03  2.828480E-02 -1.656121E-03 -3.381138E-04 -1.027515E-04 -7.318395E-05 -2.695540E-04 -7.440913E-04  2.381815E-04 -4.145403E-03
 5.387849E-04
  MODE      51
 2.112470E-04 -1.551148E-04  2.669177E-04 -1.148996E-04  4.305859E-04  2.511617E-05  1.371364E-05 -1.596185E-05  1.488351E-06 -8.035439E-06
-3.557344E-05  8.474785E-02 -7.562944E-05  9.197980E-05 -3.374274E-03  9.779039E-06  1.758888E-06 -1.592039E-04 -3.455026E-05  8.773856E-05
-2.998200E-05 -3.227210E-04 -1.654611E-04  4.276394E-03 -6.791069E-05  1.451934E-04 -1.995724E-04  3.975993E-02  8.715743E-03  5.854402E-06
-4.588933E-05 -1.746139E-01  1.905801E-04  2.476963E-04  7.152927E-05  1.463734E-04  7.924561E-05 -3.379400E-04  1.063020E-04  4.358313E-05
-1.352542E-02 -9.572365E-02 -2.430240E-04 -3.918150E-05  9.735997E-05 -8.300006E-06  5.933439E-04  6.293242E-04 -4.170507E-03  6.361485E-01
 1.230393E-03 -4.168279E-04  4.269132E-04  1.383480E-05  1.450797E-04 -2.002532E-04  1.345896E-05 -2.138915E-01  1.926545E-06 -1.015473E-04
-9.634632E-02 -2.785200E-04  8.350560E-04 -8.728544E-02  7.704089E-02 -3.899020E-03  2.445604E-01  1.111722E-03 -4.576388E-04 -2.430823E-02
 2.809777E-04  8.386815E-02  8.078865E-02 -1.091031E-04  2.369252E-04  3.076897E-02  1.255567E-02 -1.836640E-02  9.816535E-05 -9.009645E-05
 3.711917E-04  2.354280E-03  3.728280E-01  2.520592E-04  5.834591E-02 -5.015829E-04 -3.612328E-04  7.257441E-02  2.167360E-04 -1.049344E-03
-5.377741E-05 -1.312466E-02 -2.457423E-05  7.062466E-02  1.490405E-03  3.041433E-01  3.705861E-01  1.887671E-04 -5.069123E-05 -1.306678E-03
 1.636065E-05 -1.192271E-03  9.258718E-05 -7.249312E-05  2.055761E-04  1.778950E-04 -5.656459E-05  6.594800E-02 -8.324525E-02 -9.157583E-02
 1.534485E-02
  MODE      52
-2.925618E-07  1.592361E-07 -3.131803E-07  1.923073E-07 -5.381065E-07 -3.549358E-08  3.910973E-03  7.430090E-07 -6.289800E-07  6.906809E-07
-3.592209E-05 -2.719654E-05  1.696304E-06 -2.279322E-06  1.075905E-04  7.511928E-07  2.684940E-06 -5.733489E-05  2.768090E-03 -6.836311E-07
-3.104825E-07 -1.679186E-04  1.587070E-05  1.089721E-04 -2.413993E-05  8.852957E-05 -1.194669E-05 -1.021049E-04 -1.048362E-04 -1.360574E-06
 3.544739E-02  4.206080E-04 -6.405526E-05 -6.137861E-02  7.872979E-06  7.113445E-02 -2.137255E-06 -7.685707E-05 -1.214292E-06 -4.263375E-07
-5.820702E-04  1.447999E-04 -4.988163E-05  6.931622E-04 -2.745918E-06  4.598348E-07  6.263437E-04  5.985649E-06  7.785039E-06 -4.910443E-04
 1.015574E-04 -9.745287E-01  1.019473E-03  1.209688E-05  1.270268E-05 -1.801237E-01  2.049760E-04 -9.409916E-05  8.797033E-02 -6.272593E-05
 2.241678E-04  1.445164E-04 -8.143657E-05  3.165035E-04  8.996005E-05 -2.195086E-04 -3.782633E-05 -1.714902E-05 -6.238458E-05  1.978510E-05
-3.225112E-04 -3.328285E-04 -7.001317E-05  1.507609E-04 -1.228469E-04  4.984973E-05  8.565275E-06 -8.707833E-05 -7.131441E-05  5.741472E-06
 7.152165E-05 -1.118580E-04  1.659677E-05  2.725231E-04  3.150356E-05  3.258752E-05 -2.384617E-04 -2.668670E-06  9.403157E-05  1.051338E-05
-6.311119E-05 -6.996405E-05 -5.631072E-05 -7.664491E-05  1.439877E-05  3.349798E-05  3.269218E-05 -6.277785E-05  3.716282E-05 -9.114290E-05
 9.785777E-06 -1.795597E-05 -6.450876E-06 -5.721332E-05  4.009175E-05  5.441660E-06  2.796787E-05 -4.845309E-05 -2.275545E-05  5.803571E-06
-1.740874E-05
  MODE      53
-7.745018E-04 -3.096752E-04 -1.197464E-04  2.032265E-05  3.710697E-04 -3.749531E-04 -1.120435E-06 -3.803267E-06  7.683057E-06  9.103423E-03
-2.775587E-05  8.072242E-05  2.334288E-04  5.913580E-03 -7.514096E-05 -3.619830E-06  2.168497E-05 -1.939300E-04  8.590753E-08  6.415375E-05
-1.853362E-05 -2.822215E-04 -3.307405E-05 -5.186171E-05 -2.145265E-04  4.415744E-04 -6.179282E-04  9.586647E-06  4.368813E-04 -1.671675E-02
-2.211896E-06  5.065276E-04  1.491334E-04  4.130896E-06  5.237255E-02 -5.274743E-06  5.769048E-04  7.601520E-04  6.044383E-02 -5.771008E-05
-2.834615E-04 -4.138050E-04 -6.880087E-04  9.775945E-05  3.499437E-03 -6.596496E-02  5.815821E-03  8.811956E-06 -1.116795E-05 -6.704998E-05
 3.601963E-04  4.683055E-05  2.875793E-02  9.895608E-01  4.151488E-04 -1.176593E-05 -6.523057E-03  1.979168E-04 -6.583729E-05 -9.328525E-02
-6.184882E-04 -3.636569E-04  5.924666E-04 -3.077616E-04 -2.413137E-04 -5.529078E-04  4.141767E-05  2.922338E-04  2.778637E-05  4.093980E-04
-5.690051E-04  1.269456E-04  1.837407E-04 -2.117046E-04 -1.354870E-04 -2.636885E-04 -7.473251E-05  2.522812E-04 -1.264733E-05 -1.469692E-06
 2.872254E-05  7.367883E-05  4.232952E-05 -4.961497E-06 -6.687541E-05  1.672986E-04  1.806170E-05 -3.731777E-05 -1.124337E-05 -3.232242E-04
 4.105577E-05  7.679905E-05 -9.154054E-05 -4.885178E-05  1.941275E-05  8.713105E-06 -5.857955E-05  4.954834E-07 -2.935712E-05  1.162298E-04
-7.021714E-05 -1.298838E-05  1.656295E-05  1.855274E-04  8.400968E-05  2.319221E-05 -8.633490E-05  2.076065E-05 -8.522036E-06  3.273859E-05
 2.916703E-06
  MODE      54
 5.139475E-06 -1.552523E-04  1.686446E-04  3.140129E-04 -8.280642E-05  6.514760E-05  3.862257E-06 -2.259869E-07 -8.735243E-07 -2.746386E-04
-8.624156E-04 -1.223504E-04  7.800057E-03 -1.806778E-04  8.481538E-05  6.598669E-07 -1.331759E-05  1.245875E-04 -4.743781E-06 -2.590363E-06
-1.731390E-06  1.906916E-04  1.834095E-05  2.763734E-05  9.207370E-05 -2.195140E-04 -2.064650E-02 -1.299148E-04 -6.960743E-05  5.022054E-04
 1.138543E-05  1.139933E-04  4.990098E-03  4.035975E-05 -1.574103E-03 -4.672127E-05 -1.623240E-05  2.528593E-02 -1.818684E-03 -4.601957E-06
-1.120502E-04  7.385223E-04  2.719637E-04 -5.386695E-04 -1.150723E-04  1.979779E-03  1.934442E-01 -1.054355E-05  3.220371E-05 -4.842670E-04
 7.048075E-06  1.069935E-03  9.557758E-01 -2.977248E-02  3.527882E-05 -1.084489E-05 -2.168221E-01  7.804408E-05 -2.933135E-05  2.805925E-03
 5.902197E-05  1.543089E-04 -1.776545E-05  1.719838E-04  4.245405E-04  9.550006E-05  1.507278E-05 -1.146558E-04  1.722411E-05 -4.849943E-04
 4.178797E-05 -8.043145E-07 -1.012605E-05 -3.894278E-05  4.823785E-05  2.413820E-04 -1.230236E-05 -1.182194E-04 -2.996618E-06  2.892655E-05
 2.310167E-05 -1.329951E-04 -1.199078E-04  6.140161E-05 -1.565675E-04  1.691591E-05  1.077861E-04 -1.040186E-04  7.238449E-05  7.667505E-05
 8.704782E-05 -2.221673E-05  2.490266E-05  5.812691E-05  3.859867E-05  1.655099E-05 -1.703314E-04  1.972555E-04  9.302843E-05 -4.237104E-05
 6.857839E-05  3.689255E-05  2.542953E-05  9.187114E-05 -2.847241E-04 -2.693566E-04  4.462436E-05 -7.006866E-05 -1.275959E-06 -8.279892E-06
-1.159845E-05
  MODE      55
-3.551290E-07  7.197773E-07 -8.976183E-07  4.003032E-07 -1.740094E-06  1.048987E-07  9.745795E-07 -6.034541E-04  3.235970E-03 -1.353983E-06
 8.163949E-06  7.546312E-05 -3.482405E-06  1.440483E-05 -1.132067E-04 -3.743252E-03 -4.220826E-05 -6.619222E-05 -8.317311E-07 -1.421791E-02
-5.163383E-03 -3.975490E-04 -1.426988E-06  2.943098E-04 -6.886872E-05  4.899441E-04 -6.373363E-06 -5.203395E-04 -8.199681E-05 -2.142457E-06
-1.548853E-06  4.116948E-04  4.833501E-06 -9.228676E-07 -1.775203E-05 -6.778101E-07 -2.325228E-02  5.460314E-06  1.916884E-04  3.163030E-02
-6.194076E-04  2.066090E-04 -4.281701E-04 -9.478330E-04  1.031429E-02  3.719032E-04 -2.385460E-05 -1.348544E-01  2.468409E-04  2.076051E-05
 1.541289E-04  1.381378E-05 -2.384814E-05 -4.188606E-04  9.899022E-01 -1.755137E-06  1.026745E-04 -1.142854E-04  8.344557E-06  1.449235E-05
 4.321811E-04 -7.734701E-04  3.009904E-04  4.286360E-04  1.358124E-04 -4.398807E-04  5.162261E-04  4.956642E-04 -1.311248E-04 -5.190199E-04
-5.085647E-04 -3.935550E-04  9.036660E-05 -2.612019E-04 -2.470495E-04  3.941983E-04 -1.036891E-04 -2.892901E-04  6.716526E-05 -3.116954E-05
 4.555162E-04 -1.301732E-04 -1.486642E-04  1.089658E-04 -1.653276E-04  3.537262E-04  3.107292E-04 -1.165576E-04  2.153348E-04  1.582921E-04
 1.578723E-04 -2.695088E-04 -1.489730E-04 -7.003340E-05  1.230236E-04  1.078342E-05  3.586510E-05  2.027653E-04  3.241955E-04  6.373414E-05
-6.046346E-05  5.808694E-06  8.321348E-05 -9.567272E-05  1.066755E-04 -7.317039E-05  1.126003E-04 -1.219017E-04 -6.041118E-05  8.761889E-06
 3.710421E-05
  MODE      56
 6.776389E-07 -2.911144E-07  6.403822E-07 -6.581748E-07  1.350118E-06  3.435811E-08  2.576011E-03 -1.431496E-06  3.050807E-06  4.715102E-06
-1.189569E-05 -1.585293E-05 -5.888179E-06  2.872286E-06  1.008387E-04 -3.183644E-06 -4.764842E-05  2.230118E-04 -7.946445E-03 -3.633780E-06
 2.971276E-06  4.793312E-04  3.470625E-05 -1.177891E-04  1.192921E-05 -7.595687E-04  4.362219E-06  4.311195E-04  3.751320E-04  6.158974E-07
-1.358011E-02  4.311727E-04  3.339965E-06  2.782530E-02 -5.288077E-08  1.621126E-02 -5.374625E-06 -3.651710E-05  1.083434E-05  8.125513E-06
-3.293721E-05  1.093646E-04  9.492347E-05 -1.460030E-04 -1.046167E-06  1.008096E-05  9.305419E-05 -5.968217E-07 -5.663016E-05  2.394463E-04
-1.958018E-05 -1.938127E-01  1.036018E-04 -3.689578E-07  1.292449E-05  7.153667E-01 -3.611103E-04  3.857192E-04 -6.703647E-01  3.467763E-04
-1.037807E-03  2.624733E-04 -1.073921E-04 -2.799607E-04 -3.882746E-04  1.008324E-03 -3.287819E-04 -2.041334E-04  8.824639E-05  6.084819E-04
 3.741067E-04  2.996397E-04  2.064707E-04 -1.106537E-04  7.822950E-04 -3.983973E-04 -6.689874E-05  1.506556E-04 -2.729868E-06 -1.705535E-04
-5.846306E-04  5.034267E-05  5.159048E-05 -1.324967E-04 -3.365216E-05 -1.522158E-04  5.691121E-05  7.675266E-06 -1.928178E-04 -2.917492E-04
 7.587737E-05  3.551563E-04  1.432637E-04 -2.496091E-05 -2.756888E-05  4.480388E-05  9.702263E-06  3.665628E-04 -1.630828E-04 -9.582231E-06
 4.229849E-05  1.522445E-05 -7.999854E-06  1.227544E-04 -1.345983E-04 -8.927100E-05 -3.197523E-04  1.545093E-04  1.208998E-04 -2.678343E-06
 3.102404E-05
  MODE      57
 2.602091E-05  3.736170E-04 -3.835043E-04 -7.252610E-04  1.721859E-04 -1.318535E-04  1.309525E-05 -3.591254E-06  4.396480E-06  9.411152E-05
-8.991615E-03  7.825747E-05 -6.854644E-04 -1.871209E-05 -2.859286E-05 -1.903072E-06 -4.390705E-06 -8.933874E-05 -8.431420E-05 -6.746450E-06
 3.607868E-06  1.206715E-06 -2.548087E-05 -1.874638E-05 -3.929074E-05  1.059043E-04  2.239960E-02  9.536941E-05 -1.293139E-04  7.813680E-05
-3.502734E-05 -4.212216E-05  3.924132E-02  1.994030E-04 -1.953692E-05  7.264846E-05  5.947877E-06 -1.487259E-02  1.790703E-04 -2.312502E-05
 1.384461E-05 -3.923020E-04 -2.223294E-04  2.533202E-04  3.389035E-06 -4.153388E-04  4.337966E-02  4.437230E-05 -6.922471E-05 -2.014247E-04
 6.592145E-05 -7.789903E-05  2.123720E-01  7.244532E-03 -8.541262E-05  5.432576E-03  9.719010E-01  1.303817E-04  5.387438E-03  7.725032E-02
 1.747128E-04 -6.741163E-05  7.996431E-06 -1.215328E-04 -2.388600E-04 -8.924755E-05 -6.858164E-05 -1.491373E-06 -1.058215E-04  1.286257E-04
-5.419167E-05 -2.289358E-04 -3.998505E-05  6.225009E-05 -9.881454E-06 -5.282128E-05  3.998694E-06 -2.487449E-05  1.735155E-05  2.708511E-06
-6.628307E-05  8.780906E-05  6.936314E-05 -1.736610E-05  1.325239E-04 -1.017046E-05 -1.240973E-04  8.010037E-05 -1.048297E-05  2.513207E-05
-5.292846E-05 -4.608592E-05 -4.731151E-05 -8.412765E-05 -1.564554E-05 -1.462061E-04  1.408695E-04 -1.742130E-04 -4.308205E-05  1.929256E-05
-5.491592E-05 -6.876423E-06 -2.420998E-05 -7.958563E-05  2.189893E-04  1.882165E-04 -5.766437E-05  3.732579E-05 -1.837514E-05  6.642723E-05
 5.745246E-06
  MODE      58
-2.038092E-04 -1.076617E-04 -3.510889E-06  5.968073E-05  8.197779E-05 -8.763654E-05 -8.560256E-07  9.400470E-07  3.291561E-06  1.231116E-03
 7.006518E-04  4.110694E-05  5.227315E-05 -2.495081E-04  9.351979E-05  4.247971E-06  1.413202E-05 -1.021949E-04  6.081464E-06 -5.183331E-05
 7.907566E-06 -2.277997E-04 -3.728270E-05  4.283405E-05 -6.740852E-05  2.718089E-04 -1.745196E-03 -2.795904E-04 -5.576360E-04  1.005999E-03
 1.340976E-06 -2.933197E-04 -3.052999E-03 -1.818923E-05 -2.161086E-04 -7.610382E-06 -5.949587E-05  1.159713E-03  2.267038E-03 -3.549543E-05
-2.868315E-04  3.437290E-06 -1.122088E-04  4.338937E-05  2.749181E-04 -5.251756E-03 -3.376395E-03  5.766307E-05  6.786539E-05 -8.633265E-05
 1.031940E-04 -1.192090E-05 -1.652769E-02  9.310141E-02  3.556882E-05 -3.971737E-04 -7.564185E-02 -1.807448E-04  1.260787E-04  9.926092E-01
-1.085763E-04 -4.421178E-04  7.226611E-05  5.623740E-04 -1.178210E-04 -2.355512E-04  4.515461E-04  1.387290E-04 -1.951564E-05  1.324062E-04
-8.331439E-05 -4.954136E-05 -2.575996E-04 -8.036958E-05 -1.228764E-04  6.477996E-04  9.397451E-06 -6.680543E-05  3.291419E-05 -1.150676E-05
 1.261330E-04 -5.866310E-05  7.046381E-05  9.361640E-06 -1.601063E-04  3.837855E-05  3.558046E-05 -3.088052E-05 -3.000299E-05  3.924232E-04
-3.100936E-06 -6.028486E-04 -3.707163E-05 -1.703325E-04  2.706780E-05  6.981363E-05 -1.611604E-05 -2.860719E-05  1.616332E-05  7.036229E-05
-8.330908E-05 -2.255494E-05 -9.061795E-06 -2.306403E-04  3.450890E-04  3.079496E-04  5.488251E-05 -1.046548E-05 -1.600539E-05 -1.250246E-05
-1.697010E-05
  MODE      59
-7.252092E-07  3.348890E-06 -3.891094E-06 -4.395008E-06 -9.689482E-07 -9.629124E-07 -1.815115E-03  4.200803E-07 -3.868649E-06 -5.972746E-06
-4.586737E-05  3.825460E-05 -1.906526E-06 -6.574160E-06 -3.866358E-05  4.040632E-06 -8.359503E-05 -2.410731E-06  1.173188E-02  3.725096E-06
-4.456510E-06  2.375654E-04 -5.669768E-05  1.838157E-04 -8.246533E-05 -3.151559E-04  1.509585E-04 -5.983672E-04 -6.362781E-04 -2.706800E-06
 1.378314E-02 -3.128981E-04  3.159841E-04 -3.291735E-02  2.453317E-06 -1.354110E-02  7.211012E-06 -7.368434E-05 -9.437403E-06 -7.253258E-06
-3.545996E-04 -9.559462E-05 -1.960901E-04  2.001333E-04  8.067194E-06 -1.411235E-05  2.217462E-04 -3.283204E-06 -1.182324E-04 -2.061087E-04
 1.412491E-04  5.937670E-02  1.551276E-03 -1.459780E-05  1.402621E-06 -6.723198E-01  7.455586E-03 -3.523782E-04 -7.367466E-01  4.198803E-04
 1.714814E-03 -2.683244E-04 -1.511142E-04  5.719093E-04  5.345572E-04  5.305230E-04  4.623370E-04 -1.692778E-04 -2.394943E-04 -7.586247E-04
 1.909546E-04 -5.752227E-04 -3.570296E-04 -2.122641E-05  5.207389E-04  6.704654E-04  4.805692E-05 -2.929319E-04  5.695927E-05 -1.304219E-04
-4.515573E-04 -1.508724E-04 -1.943404E-05 -3.826588E-05  1.557018E-04 -9.342188E-05 -1.085391E-04  1.835538E-05 -1.955968E-04  4.522892E-04
 1.540115E-05 -5.532927E-04  1.052542E-05  1.648985E-05  3.054302E-05 -9.279703E-05  7.159239E-05  7.895753E-05 -5.947976E-05  1.903020E-06
-7.696364E-05 -8.490075E-06 -2.656559E-05 -2.344328E-04  2.834411E-04  2.848401E-04 -3.003239E-04  1.219078E-04  5.554216E-05  4.298757E-05
-9.317048E-06
  MODE      60
 3.111289E-04 -2.279865E-04  3.926602E-04 -1.690755E-04  6.332037E-04  3.712429E-05 -2.361142E-04 -4.115413E-04  1.227553E-03  1.315293E-03
-6.181789E-05  7.193750E-04  3.382754E-04  2.179840E-03 -2.634304E-03 -1.266660E-03  2.574949E-03  3.673211E-04  1.531673E-04 -1.400470E-03
 1.405874E-03  6.141603E-04  7.909664E-03  1.661049E-02 -9.304567E-03 -2.329004E-04  1.742185E-04  1.682088E-01  2.871923E-01  9.355296E-04
 4.034340E-04  1.910262E-01 -3.679464E-05  6.316331E-04 -8.984212E-04  5.744550E-04 -2.184365E-03 -4.404445E-04  3.185346E-03  2.457387E-03
 7.447367E-03  4.857081E-03  1.120710E-03  1.403090E-03 -1.357546E-03  1.772145E-03 -2.430626E-04  6.332046E-04 -3.992830E-04  5.326205E-02
-4.210076E-03  2.011110E-04  2.701215E-04 -9.700019E-04  7.854417E-04 -2.949867E-03  5.354678E-05  9.719897E-02 -7.726464E-04  1.051714E-03
-6.746570E-01  5.665910E-03  1.151432E-02 -1.618239E-01 -1.352838E-01 -2.348058E-03 -1.974865E-01  1.109705E-03  3.186360E-03  1.368220E-01
-1.556040E-02  4.426685E-02  1.384043E-01 -4.422836E-03 -1.352821E-03 -2.714491E-01 -2.574130E-02  5.068249E-02  1.953933E-04 -6.238591E-04
-5.703357E-04  1.406433E-02 -8.270404E-03  1.691155E-03  8.503147E-03  3.695430E-03  1.383924E-03 -1.244211E-02 -1.506178E-04 -2.137195E-01
 1.339200E-03  2.260334E-01 -1.886639E-03 -9.949753E-03 -2.060864E-04 -1.224690E-03 -8.999044E-03 -1.664433E-03 -3.141929E-03  5.731464E-04
 6.103816E-04  3.727225E-03 -1.251794E-03  1.832629E-01 -1.772191E-01 -1.466396E-01 -3.621789E-03 -1.151296E-03 -1.883303E-04  1.278789E-03
-6.501147E-04
  MODE      61
-6.282788E-06  4.608253E-06 -7.933078E-06  3.427753E-06 -1.280920E-05 -7.448715E-07 -1.572432E-04 -1.417040E-04  3.731030E-05  1.070327E-04
-6.627938E-05 -9.376384E-05 -1.339048E-04  4.183162E-05  3.247628E-04 -7.252516E-05  7.061089E-02  8.145320E-02  1.106455E-04 -3.383070E-05
-3.418949E-05  2.219328E-01  2.018619E-01 -1.108289E-04 -2.830041E-01 -2.317957E-01  2.543240E-04 -1.966468E-03 -5.405202E-03  1.359971E-04
 1.145091E-04 -2.733572E-03  1.081116E-04  2.682402E-06 -6.417667E-05  6.864638E-05  1.440919E-04 -1.541666E-05  2.391820E-04  4.195175E-04
 3.920612E-03 -6.290399E-04  6.062050E-02  4.177721E-02  4.801487E-04 -1.387841E-04  1.099204E-04 -4.500683E-04 -8.521973E-02  3.799762E-04
-9.192544E-02  1.948366E-04 -1.766712E-04  6.092555E-05  4.848862E-04 -3.898591E-04  7.512239E-05 -7.142571E-04  4.484040E-04  3.657570E-04
 1.267703E-02  6.148302E-01  2.739218E-01  1.539253E-02  2.546570E-03  2.849341E-02  4.269397E-03 -1.372228E-02  1.708925E-01  1.938848E-03
-3.481230E-01  1.876713E-03 -7.541922E-04 -1.521363E-01  1.643654E-01  4.004963E-03  7.810663E-05 -3.011333E-04 -2.874504E-03 -5.949106E-02
-9.404688E-02  2.881993E-04 -1.042242E-03  3.544795E-02 -1.596267E-03  1.068646E-01  2.101758E-02  1.827445E-03 -4.707129E-02  3.391031E-03
 5.939969E-02 -4.177394E-03 -4.689216E-02 -1.693492E-03 -3.671188E-02  4.155269E-03 -6.136819E-04  8.878360E-02 -1.282206E-01 -2.550964E-05
 3.967677E-02  4.551657E-04 -3.103601E-02  1.189121E-02  8.465290E-02 -7.075811E-02 -1.190311E-01  2.175847E-03  6.177266E-03 -2.674499E-03
 7.901953E-03
  MODE      62
-6.677052E-06  4.463859E-06 -8.014763E-06  3.230405E-06 -1.241184E-05 -9.942324E-07 -1.125519E-04 -2.249072E-04  1.538223E-04  8.385234E-05
-3.173406E-05  1.849370E-05 -1.301063E-04  6.592329E-06 -1.602468E-03 -6.359952E-05 -6.822376E-02  8.405446E-02  3.102430E-05 -2.600783E-04
 1.801763E-04  2.355255E-01 -1.827743E-01  3.786070E-03  2.560226E-01 -2.582210E-01 -1.236803E-05  1.325833E-03  4.477603E-03  1.168116E-05
 3.807837E-04 -5.380574E-04  5.817300E-05 -6.816016E-05  2.463938E-04 -1.126847E-04  4.284479E-05 -4.418076E-05  7.766989E-04  8.960173E-05
 1.202121E-02 -8.420698E-04  1.183540E-02 -3.762782E-02  4.758787E-04 -2.656659E-04  8.698375E-05 -3.464796E-04 -1.121328E-01  6.543045E-05
 7.073404E-02 -1.219015E-06 -2.810195E-04  1.089860E-03  1.125137E-03 -5.661795E-04  1.349118E-04  2.037697E-03  1.316846E-03  4.330644E-04
-1.749143E-02  3.763066E-01 -3.632234E-01  2.770765E-02  4.929225E-03  3.585067E-01  5.933561E-03 -1.706904E-01 -1.887605E-01  9.300889E-03
 3.410116E-01  3.157413E-03  6.422859E-03  1.538454E-01  2.062649E-01 -4.039957E-03 -1.067904E-03  1.199233E-03  2.749642E-02  1.870030E-02
-7.103995E-02 -8.746565E-04 -5.528929E-03 -4.974252E-02 -6.792115E-03 -1.399001E-01  1.593167E-03  4.968129E-03 -8.496104E-03 -5.052523E-03
-5.435861E-02  3.163778E-03 -2.066411E-02 -5.683464E-03  2.331948E-02  1.262035E-02 -3.347735E-03  1.694256E-01  8.503411E-02  1.160336E-03
 3.222874E-02  4.155684E-03  3.828334E-02 -2.585288E-03 -8.847292E-02  8.792796E-02 -1.013783E-01 -1.046806E-03  1.313935E-02 -1.321805E-02
-5.948840E-03
  MODE      63
 2.299086E-04 -1.687731E-04  2.904349E-04 -1.255432E-04  4.690967E-04  2.719849E-05 -4.520216E-05 -2.428996E-05  3.153880E-05  3.219737E-05
 5.401398E-05 -8.113433E-04 -2.054516E-05  2.098788E-05  2.794657E-04 -2.125079E-05 -1.895758E-03  4.620551E-03  2.979570E-05 -5.833570E-06
 1.508955E-06  1.284230E-02 -5.346315E-03 -6.487055E-02  6.922624E-03 -1.404048E-02  4.536354E-05 -3.891936E-03 -1.598483E-03  4.789564E-05
 5.566628E-05  5.604867E-02 -1.057782E-04 -2.719088E-05  7.556425E-05 -2.274838E-05 -8.147465E-05  6.597898E-05 -1.015912E-04  6.526473E-05
-2.772554E-01  2.222797E-02  1.413662E-03 -7.717588E-04  3.467236E-05 -4.120905E-05 -1.210675E-04 -6.128877E-05 -5.696306E-03 -2.979604E-02
 1.966076E-03 -7.540037E-06 -1.963827E-05 -3.129250E-05  2.936991E-05  1.450667E-04 -2.204986E-04 -5.358121E-02  1.398382E-04  4.069046E-04
 1.213758E-01  2.621143E-02 -6.254133E-03 -6.998183E-01 -1.241076E-01  1.750706E-02 -3.209167E-02 -8.430043E-03 -4.087889E-03 -2.465864E-01
 1.244778E-02 -8.071638E-02 -1.032559E-01  4.085775E-03  1.104840E-02 -2.913771E-03  1.184702E-02 -2.293525E-02  1.021774E-03 -9.984491E-05
-4.249827E-03  1.819713E-03  1.204642E-01 -1.823146E-03  1.335376E-01 -5.829682E-03  2.354640E-04 -1.217916E-01 -1.206366E-03  3.255236E-02
-1.427519E-03  1.716979E-02 -1.428668E-03  1.351534E-01 -1.315128E-03 -2.999825E-01  7.919229E-02  8.196947E-03  1.662031E-03  4.057054E-04
 2.008270E-03  7.639229E-04  1.105412E-03  2.353020E-03 -5.088428E-03  8.234033E-04 -6.264844E-03  1.639048E-01 -2.027893E-01  2.766868E-01
-4.698003E-02
  MODE      64
 1.627416E-04 -1.195494E-04  2.056755E-04 -8.865166E-05  3.319547E-04  1.929996E-05 -1.430435E-04 -2.017653E-04  6.515753E-05  2.476508E-05
-2.837437E-05  3.291856E-04  1.815625E-03 -7.474662E-03  3.869861E-01 -9.122231E-05 -1.549121E-04  3.455681E-04  2.170452E-04  1.038824E-04
-4.653625E-05  4.490229E-04 -1.474856E-03  1.828835E-03  1.224758E-03  1.312174E-04 -3.915618E-03  3.895387E-01 -1.984841E-01  8.805613E-06
 4.372613E-04 -1.446464E-01  7.743277E-05 -1.924239E-05 -4.264282E-05 -8.948639E-06  2.941005E-05  5.630074E-05  5.838730E-04  2.794527E-04
 1.869879E-02  2.260261E-03 -1.789984E-05 -1.664766E-04  4.891911E-04 -4.352375E-04  1.038463E-04 -3.122300E-04 -1.272145E-03  1.743620E-01
 1.103704E-03 -6.242938E-05  9.758455E-05  1.978639E-04  7.736524E-04 -4.959202E-04 -2.012814E-05  2.818015E-02 -3.522507E-05  2.286716E-04
 2.183886E-01  4.448540E-05 -2.100650E-03 -1.114821E-01  1.143313E-01  1.198117E-02 -5.898754E-01 -4.587035E-03 -2.368000E-04  2.802858E-01
 3.504640E-04  2.482037E-01 -5.117182E-02  1.081375E-03  5.678820E-04  2.693917E-02 -4.532036E-02  1.455929E-01 -2.104822E-04  2.150855E-05
-1.023842E-04  5.309682E-03 -1.012565E-02 -3.311965E-04  2.327872E-02 -9.943736E-04 -4.439335E-04 -2.052847E-02  4.948329E-05 -3.931711E-02
-1.695685E-04 -6.352305E-02  3.302073E-04 -3.333289E-03 -1.556552E-04  5.722438E-03 -3.870140E-03  5.590060E-04  3.503036E-04 -1.046443E-01
 6.569896E-04 -1.193862E-04  8.030989E-04 -2.492797E-02 -6.836882E-03 -1.035731E-02 -1.885074E-03  9.948577E-05  3.276820E-04 -1.264007E-04
 4.220030E-04
  MODE      65
-2.492112E-07  1.277104E-07 -2.568823E-07  2.189640E-07 -5.061747E-07 -1.553237E-08  1.185998E-05  1.735737E-05 -2.501931E-05  2.611678E-05
-1.276749E-06 -3.832710E-05 -4.087643E-06  3.891705E-05 -8.215520E-04 -1.358116E-05  4.046595E-03  5.050626E-03 -4.510101E-05 -1.635856E-04
 2.011894E-05 -2.820165E-02 -1.329888E-01  5.343167E-04  4.944141E-02  3.069302E-03 -1.286515E-05  6.449822E-05  1.329767E-03  1.514894E-05
-6.919570E-06 -3.248210E-04  4.127538E-05  2.930336E-05 -6.369419E-05 -3.218860E-05  2.946251E-05  3.991379E-07 -7.264574E-05  7.825589E-05
 4.232841E-04  8.319039E-06  8.566453E-03  3.451042E-02 -1.651423E-04 -3.027542E-06 -7.878561E-06  3.967346E-05  3.618161E-02 -7.665092E-04
 3.174700E-01 -6.221756E-05  4.336423E-06 -1.478512E-04  1.645970E-04 -7.050371E-05 -3.867334E-05 -9.899900E-04  1.369218E-04  2.556425E-05
-2.304095E-03  5.461482E-02  5.223636E-01  4.559954E-03  3.473513E-03 -4.032641E-02 -2.624178E-03 -6.876626E-02 -2.773932E-02  1.125275E-03
 5.047327E-01 -6.415890E-04  7.887436E-04  6.476264E-02 -9.598971E-03 -5.296221E-04 -2.429639E-04 -5.428424E-05 -4.218775E-02  3.561519E-02
 4.303534E-02 -7.198982E-04 -5.234928E-04  1.345464E-02  3.190701E-04  5.234442E-02 -1.710778E-01 -4.366968E-05 -1.621337E-03 -1.321109E-03
 7.282236E-02  1.215307E-03  1.696765E-02 -2.879609E-04 -1.598384E-01  8.797060E-04 -3.331541E-05  5.651971E-02 -1.074839E-01 -7.542435E-05
 1.251357E-02 -1.032866E-03 -2.822348E-02  5.646757E-02  3.012899E-01 -3.070135E-01 -1.439897E-01  3.472657E-02  2.762873E-02  3.226170E-02
 1.941531E-01
  MODE      66
-9.397885E-07  7.808159E-07 -1.283128E-06  3.616735E-07 -1.904546E-06 -1.385648E-07  7.467850E-05  7.654030E-05 -3.271592E-05 -2.744593E-05
 2.349795E-05  8.531091E-05 -1.248573E-05  4.161474E-05 -8.341050E-05  4.497024E-05 -8.788530E-04  9.793108E-03 -3.585840E-05  1.234054E-04
-7.178108E-05 -1.344146E-01  2.864686E-02 -3.427669E-05 -1.173913E-02  2.949924E-02 -2.140557E-05 -2.631284E-04 -3.278230E-04 -4.598472E-06
 5.362037E-06 -1.156177E-03 -4.830518E-05 -7.676535E-05 -3.259006E-05  2.327522E-05  2.965633E-05  1.507586E-04 -2.104293E-04 -7.849292E-05
-1.749011E-04 -1.530246E-04  2.624377E-02 -1.494883E-02 -1.173965E-04 -2.753330E-06 -7.748583E-05  1.069660E-04  3.129719E-01  1.667631E-03
-1.967814E-02 -1.837288E-05  9.779134E-05 -1.174216E-04 -1.827254E-04 -6.206006E-05  1.475255E-05 -1.406989E-03  1.182536E-04 -3.183767E-05
 1.814339E-04  1.224144E-01 -3.535840E-03 -1.727874E-04  2.080018E-03  1.616274E-02 -5.125036E-03  7.049321E-01 -1.198056E-01 -2.074482E-03
 8.829149E-02  9.135653E-04 -3.895546E-04  5.675881E-02 -3.110009E-02  7.249883E-04  1.507760E-04  5.285496E-05 -1.870649E-03 -6.986971E-03
-1.132341E-01 -5.711585E-04  1.960208E-05  3.179718E-02  3.473465E-04  2.081181E-02  1.504586E-02  4.847812E-04 -1.657878E-01  1.080580E-04
-4.555103E-02  1.773029E-04  1.629778E-01 -1.463065E-04  3.788550E-02 -2.839022E-04  7.953554E-05  1.110537E-01  6.230964E-02  3.175156E-04
 3.194003E-02  2.323453E-03  1.205013E-02  8.579872E-03 -8.699004E-02  1.177558E-01 -4.356284E-01  1.546503E-01  1.245577E-01 -8.540546E-03
-4.375234E-02
  MODE      67
-2.163143E-04  1.589445E-04 -2.734065E-04  1.182629E-04 -4.417767E-04 -2.551992E-05 -1.063252E-05  2.173945E-05 -1.609381E-05 -3.824290E-05
-4.077937E-05  1.711967E-03  5.827371E-04 -2.344363E-03  1.218395E-01  9.266186E-06  7.604336E-05  3.369284E-04  2.929092E-05  5.646952E-05
-4.148379E-05  2.633575E-04  2.509469E-04 -2.697406E-03 -1.911920E-04 -6.229511E-04 -6.368859E-04  5.692259E-02 -3.780536E-02  4.653937E-05
-1.727108E-05  3.176459E-02  3.918441E-05  2.424010E-05 -4.210068E-05  7.151522E-05 -5.140510E-05 -1.106935E-04  1.914436E-05  7.859978E-05
 6.999472E-04  1.385113E-02  2.093184E-04  2.506229E-05 -4.329789E-05  4.649746E-05 -8.105476E-05  5.991178E-05  9.624904E-04 -1.197364E-01
-2.977579E-04  1.129240E-04 -1.238487E-05 -2.039038E-04  7.719455E-05  9.219780E-05 -4.767950E-05  2.793802E-02  1.820761E-05 -2.943762E-05
-6.232212E-02  8.775916E-04  1.225125E-03 -2.084635E-01  5.335209E-01 -2.200644E-03  2.685892E-01  1.661104E-03 -1.206484E-03  3.018371E-01
-2.909543E-03 -2.254656E-01 -5.311578E-02  1.516967E-04  4.300567E-04 -6.305260E-02 -9.566216E-03 -4.712274E-03  2.023490E-04 -1.643415E-04
-3.140413E-04  3.051352E-02 -5.380081E-02 -9.964895E-05  3.415581E-02 -2.498587E-04  1.388933E-04  2.191659E-02 -3.660866E-04 -1.267993E-01
-9.300024E-05 -8.760756E-02  6.342328E-04 -2.244840E-02  2.613728E-04  1.210347E-02  4.789280E-03  7.136029E-04  1.553179E-04 -1.054999E-01
 1.139435E-03 -3.778199E-04  4.057933E-04  4.691742E-01  2.401503E-01  3.007729E-01  4.308995E-02 -8.759899E-04  3.068805E-04 -2.941169E-04
-7.618565E-04
  MODE      68
 1.105615E-05 -8.046269E-06  1.390184E-05 -5.912349E-06  2.229983E-05  1.357787E-06  1.129215E-05  4.088400E-05  1.555309E-05  2.172467E-05
-8.940518E-06 -3.962169E-05  2.018211E-06  6.602437E-05  4.496182E-04 -2.940628E-05 -1.328955E-03 -3.385424E-03  3.359447E-06 -1.298037E-04
 1.158757E-04  1.766562E-01 -5.188387E-02 -1.582298E-04  7.875465E-03  1.167467E-03  3.111834E-06  1.086828E-03  2.054174E-03  2.721483E-05
-9.590280E-05  8.731457E-03 -3.107009E-05  8.992760E-05 -1.150928E-04  7.837206E-05  5.970407E-05  6.589579E-05 -1.429846E-04  1.085141E-05
-1.373912E-05 -1.807444E-04  1.481709E-02  9.363990E-03 -1.638275E-04  1.176837E-04 -5.673022E-05  6.146228E-06 -4.049306E-02  4.504946E-03
 3.560605E-03  9.625866E-05  4.920448E-05 -2.846683E-04 -1.288016E-04  3.394828E-04 -1.954733E-04  9.750051E-03 -3.667468E-04 -6.340893E-05
 6.072490E-03  2.305049E-02 -8.276263E-03 -6.310093E-03 -2.177561E-02 -5.063689E-01  1.499224E-03 -1.069241E-01 -5.914618E-01  2.571988E-02
-8.588069E-02 -1.620857E-03  3.944665E-05 -8.764868E-02 -1.943069E-02 -4.072973E-03 -3.322147E-04  1.444399E-04 -4.862926E-02  1.247559E-01
-6.685408E-02  6.564232E-03  2.382225E-03  5.437184E-02 -8.957178E-04  5.920889E-03 -3.405696E-02 -1.091145E-03  3.321219E-02  3.038909E-03
 8.233056E-03 -1.227631E-03 -2.409518E-01  1.481147E-03 -5.931845E-02 -1.487166E-04 -1.943888E-04 -1.343704E-01 -3.883119E-02 -1.427896E-04
 1.229111E-02  1.109873E-03  5.439577E-03 -1.564903E-02 -6.816902E-02  1.301324E-01 -3.472429E-01 -2.084787E-01 -1.662525E-01  1.402361E-02
 7.822163E-02
  MODE      69
-4.777428E-06  3.531242E-06 -6.054449E-06  2.739390E-06 -9.934479E-06 -5.222700E-07  7.776528E-05 -2.792633E-05 -3.017595E-05 -7.654370E-06
-1.047789E-05 -1.233695E-04  1.426699E-05 -4.030042E-05 -1.117417E-04 -2.371090E-05 -6.310262E-03  1.690378E-04 -2.236403E-05 -2.771914E-04
 1.036449E-05 -5.060443E-02 -1.701649E-01  5.077095E-04  2.231177E-02  1.606321E-03  4.601036E-05 -4.407394E-04 -1.008043E-03  1.010351E-05
-4.984394E-05 -3.699444E-03  5.889377E-05  3.733011E-05 -2.196989E-05  2.121010E-04 -6.459209E-06  8.153011E-05  2.204513E-05  1.484949E-04
 3.391889E-04  2.347154E-04 -1.132506E-02 -2.453860E-02 -1.631392E-04 -1.818944E-05  2.452655E-05 -5.441330E-05  2.788867E-02 -1.994429E-03
 5.984447E-02  3.445910E-05  1.534614E-05  4.921444E-06  2.773231E-04 -2.960623E-05  1.690843E-05 -4.368591E-03 -4.819923E-04  2.920507E-05
-3.591849E-03  2.398514E-01 -1.770624E-01  4.047158E-04  1.185117E-02 -5.506224E-01 -1.323223E-02  9.287441E-03  4.404076E-01 -1.004281E-02
 1.688975E-01  6.363110E-04  1.477223E-05  1.388543E-02  3.292042E-02  1.776701E-03 -1.649780E-04 -1.351907E-04 -1.109049E-01 -3.218976E-02
-4.866718E-02 -2.665107E-03 -1.239427E-03 -5.150555E-02 -8.802091E-04 -9.179633E-02 -5.132894E-02  4.731937E-04 -5.163870E-03 -1.439638E-03
-9.290210E-02  3.313824E-04  9.718525E-02 -5.762428E-04 -2.525803E-01  1.677515E-03 -4.788259E-05  3.038101E-02 -1.292301E-01  3.351347E-04
-5.261868E-03  3.442132E-04  1.009733E-02 -3.528222E-02 -2.520890E-01  2.373076E-01  1.402886E-01  6.334449E-02  5.035878E-02  4.360464E-02
 2.610420E-01
  MODE      70
-2.392794E-04  1.755738E-04 -3.022142E-04  1.301279E-04 -4.874901E-04 -2.847806E-05  1.431396E-04  1.800749E-04 -6.385228E-04 -5.659740E-04
-7.224562E-05 -3.319557E-04 -9.805297E-05 -1.088536E-03  2.058210E-03  6.464758E-04  8.709841E-04 -6.680083E-04 -6.263631E-05  6.077606E-04
-6.803680E-04  1.041927E-02  4.169400E-03 -3.755225E-03 -3.952522E-03  7.149563E-04 -1.975978E-04 -2.869967E-02 -6.509167E-02 -4.459488E-04
-1.617310E-04 -1.845529E-01  1.149332E-04 -2.750558E-04  4.201489E-04 -2.047393E-04  9.299239E-04  2.607313E-06 -1.133106E-03 -1.014630E-03
-2.533265E-03  1.363405E-02  1.051655E-03  1.272812E-03  4.819530E-04 -9.770448E-04 -5.110873E-06 -1.579866E-04 -3.410303E-03 -9.629330E-02
-4.285819E-03 -1.056552E-04 -6.494340E-04  4.938463E-04 -1.910535E-04  7.479055E-04  4.848945E-04 -1.926492E-01  7.111467E-06  2.089099E-04
-8.060358E-02 -5.651715E-03  3.217544E-03  9.780935E-02  4.538171E-01 -1.148756E-02 -1.967536E-01 -8.156793E-03 -3.569221E-02 -5.569179E-01
-1.215619E-02  3.602846E-02 -1.856754E-02 -8.189556E-03 -2.185879E-03  1.002464E-01  8.734729E-03 -4.312770E-03 -3.424013E-04  6.256606E-03
-2.133592E-03 -1.232060E-01 -4.667321E-02  4.681369E-03  1.546984E-02  3.544863E-03  5.488852E-04  1.926664E-02  2.380874E-03 -4.400907E-02
 3.173719E-03 -1.182403E-03 -1.578305E-02 -2.200453E-02  3.181152E-03  9.861952E-03  5.910661E-04 -9.824642E-03 -1.415827E-04 -4.268547E-04
 5.288072E-04 -9.158423E-04  2.034170E-04  3.482900E-01 -3.353636E-01 -2.724015E-01 -2.139276E-02 -1.397257E-02 -1.044630E-02 -3.019599E-03
-1.916167E-03
  MODE      71
-2.772244E-04  2.032078E-04 -3.499143E-04  1.512535E-04 -5.649848E-04 -3.288947E-05 -8.028574E-05  1.048085E-05  1.297629E-05 -4.010148E-05
-5.108495E-05  1.162728E-01  3.933166E-05 -8.063478E-06  5.408253E-03  2.836107E-06 -1.155797E-05 -5.447856E-05  1.633834E-05  6.384471E-05
 7.861165E-06  2.606405E-04 -3.823350E-04  1.006905E-02  2.211531E-04  2.215675E-05 -1.299365E-04 -1.124651E-02 -2.658610E-02 -4.692606E-06
 7.770211E-05  9.146240E-02 -2.669241E-04  7.850036E-05 -2.098998E-05  1.939499E-05  1.839589E-04  6.897085E-05 -5.794602E-05 -3.017361E-04
-1.704033E-02 -3.766368E-01 -2.486966E-04  2.108811E-04  4.000990E-04 -2.563716E-05  3.953074E-04 -7.222786E-05 -4.240649E-04  4.459708E-02
 1.897993E-04  2.123027E-04  2.446507E-04 -4.609386E-05 -1.538845E-04  4.545493E-04 -4.907766E-04 -1.248762E-01  1.689029E-04  8.009617E-05
 9.376635E-02  2.437629E-05 -1.296703E-03  9.886726E-02 -7.037098E-02  4.754892E-03 -3.051132E-01 -1.008246E-03  4.471903E-05  2.459896E-02
-1.518028E-03 -6.457496E-01  2.231993E-01 -2.115203E-04 -2.032121E-05 -6.251420E-04  7.718584E-02 -3.140066E-02 -2.540299E-04  2.803806E-04
-3.205878E-04  3.203514E-04  3.240110E-02 -6.785317E-05  1.144121E-01 -1.252575E-03 -4.003865E-04  1.846437E-01  6.930091E-04 -3.769923E-02
 2.355348E-05  1.452693E-02 -3.193007E-04 -2.153275E-01 -5.549969E-04 -7.680848E-02  2.446961E-01 -1.723769E-04  1.569497E-04 -1.126054E-03
-1.474416E-04  1.280890E-03 -2.270426E-05  1.688999E-03 -1.229285E-03 -7.796709E-04 -5.789902E-05 -1.165908E-01  1.463714E-01  1.690792E-01
-2.821670E-02
  MODE      72
-1.300961E-04  9.547190E-05 -1.643133E-04  7.110459E-05 -2.654637E-04 -1.537718E-05  2.065282E-05  2.278796E-06 -8.208670E-06 -4.669992E-05
-3.039095E-05 -1.027459E-03  2.562677E-05 -1.489100E-05  6.110621E-04  1.600403E-05  1.676645E-04 -2.615181E-04 -2.123873E-05  1.545032E-05
 8.276860E-05  6.336306E-04 -3.298363E-04  1.362814E-01 -2.504544E-04  6.376018E-04 -9.927924E-05  6.906529E-03 -1.025398E-02 -1.635721E-05
-2.159040E-05  8.245886E-03  5.645782E-05  3.406984E-05 -7.024698E-05  1.597605E-05  2.911140E-05 -6.153866E-05  1.050322E-04  4.147114E-06
 1.300346E-01  2.218066E-03 -5.280996E-04  2.349951E-04  7.011240E-06  1.032053E-05  3.840261E-05  9.704065E-06 -7.514578E-04  2.411491E-02
 3.765982E-04 -3.099933E-05 -5.661765E-05  3.841115E-05 -3.908822E-05 -3.850305E-05  5.591916E-05 -9.222866E-03  1.835122E-05 -5.037890E-04
-2.835076E-01  6.046249E-04  7.297553E-04  8.533097E-02 -3.812107E-02  1.855217E-04 -5.649587E-02 -7.834830E-04 -3.274482E-04  1.447694E-01
-2.357699E-03 -9.724467E-02 -3.142086E-01  2.781150E-03 -3.409305E-04  6.173590E-01 -1.015334E-02 -7.894431E-02 -2.817895E-05  5.625959E-04
-4.127893E-04  1.541846E-02 -2.039544E-02  3.648468E-04 -1.162095E-01  5.807887E-04  6.544532E-04  7.215864E-02  4.328981E-04 -4.640158E-03
 5.733883E-04  1.198430E-02  9.155817E-04  1.390301E-01 -9.032588E-05 -1.126918E-01  8.643900E-02 -3.334513E-05  9.622686E-05 -8.079329E-05
-2.501447E-02  4.829525E-01 -2.685647E-02 -4.113957E-04  1.076942E-05 -5.062309E-05 -4.435501E-04  1.075721E-01 -1.310539E-01  1.770691E-01
-3.115085E-02
  MODE      73
-1.031909E-06  7.321098E-07 -1.280297E-06  5.089322E-07 -2.001280E-06 -1.428683E-07 -3.270907E-06  7.228186E-06  2.519109E-05 -6.742979E-06
 8.423466E-06  1.514901E-04  2.239396E-05 -6.440311E-06 -5.685712E-05  1.861447E-05 -5.676180E-02 -7.980928E-03  1.385010E-05  3.803654E-04
-1.176047E-04  1.577244E-02  1.646850E-01  9.247171E-06  1.028205E-01  9.160867E-03 -8.642085E-05 -2.368800E-04  6.592855E-06 -2.425173E-05
 1.048215E-04 -2.604672E-04 -1.722897E-05 -6.792067E-05  3.593286E-05 -8.405685E-05 -7.170771E-06  1.593002E-06  2.171827E-05 -9.723041E-05
 1.365868E-04 -2.341296E-04 -1.110214E-02 -1.221005E-01  1.301997E-04 -1.802333E-05 -3.501712E-05 -3.249697E-05 -2.521925E-02 -8.107798E-05
-1.506581E-01 -1.003346E-04 -1.497453E-05  4.210916E-05 -1.261046E-04 -1.001983E-04 -3.799248E-07  1.452418E-04  5.350879E-04  8.355971E-07
-7.518949E-04 -2.441151E-01  2.864273E-02 -9.625430E-05 -3.161993E-04  1.189577E-03 -9.024003E-04  8.230364E-02 -4.780924E-02 -4.736013E-04
-4.715478E-02 -2.168659E-04 -1.232171E-03  1.050724E-01  6.974465E-01 -5.666804E-04  1.121395E-03  1.774695E-04  6.502375E-02  1.221877E-03
 6.851132E-02 -9.718888E-07  4.755297E-05 -3.659153E-03  8.861042E-04  1.414842E-01 -8.070070E-02  1.199806E-04  1.081402E-02  3.570257E-04
-1.413508E-01 -1.859331E-04  1.074981E-02  1.414611E-04 -1.041267E-01  1.221105E-04  2.167577E-04  4.531280E-03 -3.896557E-02 -2.700663E-03
 1.157801E-01 -1.815939E-02 -4.387680E-01 -1.279129E-03 -7.317608E-03  7.253576E-03  2.527493E-03  2.846205E-02  2.169918E-02  4.594633E-02
 2.707777E-01
  MODE      74
-2.529363E-07  6.266205E-08 -1.895179E-07  3.493390E-07 -5.405783E-07  8.964317E-09 -5.276000E-05 -4.771322E-05 -1.553858E-05  1.000343E-05
-2.148901E-07  1.208239E-05  9.134336E-05 -7.929649E-05 -2.273861E-05 -2.599221E-05  5.849437E-03 -7.280660E-02  5.998400E-05 -1.152174E-04
 6.290722E-05  1.475885E-01 -2.232015E-02 -8.215683E-04 -2.077149E-02  1.162862E-01  1.882837E-05 -4.332611E-04 -5.180797E-05 -9.532059E-05
-4.994243E-05 -7.530114E-05 -3.607118E-06  9.670263E-05 -3.291268E-05  7.945528E-05  7.767284E-05 -3.914902E-05  1.331759E-04  5.477884E-05
-6.530535E-04  2.027621E-05 -9.311841E-02  9.608115E-03  1.880699E-04 -1.050660E-04 -6.985296E-05  1.135277E-05 -1.572915E-01 -1.161060E-03
-4.129808E-03  1.500170E-04  3.564966E-05 -1.419271E-04  1.356429E-04  1.370553E-04 -1.083372E-04 -6.340789E-04 -1.968253E-04  7.483450E-05
 2.301935E-03 -2.803503E-03  1.221354E-01  4.170778E-06  6.221543E-04 -1.012414E-01 -1.136167E-03 -8.199264E-02 -6.919325E-02 -3.551483E-03
-2.211949E-01  6.552653E-04  1.029588E-03  6.845130E-01 -7.585082E-02 -2.106541E-03  2.248388E-04  5.239303E-04 -7.443675E-02  7.011294E-02
-1.412268E-01  6.838532E-05  3.331010E-04  7.276674E-02 -7.622900E-04 -6.621275E-02  3.283804E-02 -4.063609E-04  6.747581E-02  2.452833E-04
 3.872661E-02 -2.426761E-04  1.803919E-01 -1.072434E-03  2.462970E-02  4.864658E-04 -3.172162E-04  1.786071E-03 -1.671688E-02  3.077088E-03
 4.388919E-01  2.886767E-02  1.161189E-01 -4.354684E-04  6.727489E-04 -1.187653E-03  1.316444E-02  2.144544E-01  1.727071E-01 -8.092536E-03
-3.605309E-02
  MODE      75
 1.690000E-04 -1.239797E-04  2.134055E-04 -9.242847E-05  3.448435E-04  1.996562E-05  2.595745E-05  5.521719E-05  4.369214E-06 -1.998182E-05
 2.803187E-05  1.315362E-04  3.510767E-04 -1.628954E-03  8.747188E-02 -1.187411E-06 -1.477409E-04 -1.209209E-04 -2.860801E-05  8.718419E-05
 3.437508E-05  8.246710E-05  2.223350E-04  4.476676E-03  1.905837E-04  4.942764E-04 -1.521924E-03  1.343644E-01 -1.048367E-01  2.962274E-05
 1.251914E-04  6.645382E-02 -5.161094E-05 -1.729538E-06 -1.082151E-05 -4.456539E-05  1.993419E-05  1.873233E-04 -1.568065E-04 -1.171174E-04
 1.823328E-03 -4.742378E-03 -2.727955E-04 -6.192233E-05 -1.495818E-04  3.423712E-05 -1.219055E-04  4.776481E-05  2.190793E-04 -4.017602E-02
-2.678321E-04 -8.178330E-06 -6.088511E-05 -6.431038E-05 -2.225108E-04  8.529029E-06  3.463856E-05 -3.038460E-02  3.715221E-05 -8.405203E-05
 1.050615E-02 -4.763641E-04  5.413458E-04 -2.751758E-02 -2.524365E-02 -7.733710E-04  3.957114E-02  5.914851E-04 -2.843559E-04 -3.461017E-02
-1.784633E-04  2.487577E-02  2.995882E-01  2.164215E-04  1.197764E-03  1.238819E-01 -7.045493E-01 -2.478232E-01  2.256374E-04  6.690761E-04
 4.434413E-04  1.772655E-02 -1.473077E-02 -7.357238E-04  1.031601E-02  2.966298E-04 -3.437239E-05  3.141391E-04  3.248914E-04 -6.314805E-02
-2.586587E-04 -7.291478E-02  1.651643E-04  1.606606E-02 -6.724837E-05 -7.190130E-03 -9.880083E-03  2.296746E-04  4.229066E-04  5.230421E-01
-2.932476E-03  2.622486E-03 -4.252136E-03  5.128354E-02  2.729813E-02  3.368042E-02  4.651589E-03 -1.826369E-03  2.523705E-03  1.887992E-03
-3.636543E-04
  MODE      76
-5.339542E-07  3.293133E-07 -6.109573E-07  3.262941E-07 -1.020855E-06 -6.475246E-08 -4.351095E-05  1.315646E-05  1.314850E-05 -1.962598E-05
-3.320598E-05  1.099673E-01  5.304645E-05 -7.179205E-05  6.624406E-03  2.698110E-06  3.790354E-05 -6.949388E-05  4.268632E-06  3.129616E-05
 9.436565E-07 -8.319408E-05 -6.157691E-05  3.939383E-03  7.258853E-05  2.128000E-04 -1.817187E-04 -6.222291E-03 -3.897143E-02  2.409707E-05
 4.456825E-05  1.486752E-01 -1.295495E-04  5.710333E-05 -1.614461E-05  2.445383E-05  1.884175E-04 -2.164495E-05  1.862857E-05 -2.199017E-04
-2.008190E-02 -3.952072E-01 -2.268762E-04  2.109329E-04  3.854540E-04  1.421429E-05  2.732422E-04 -3.386430E-05 -2.175275E-04  4.030648E-02
 7.875151E-05  5.858620E-05  1.663022E-04 -4.250378E-05 -2.772216E-05  1.973073E-04 -1.775009E-04 -1.346538E-01  6.139769E-05  8.161539E-05
 4.040803E-02 -6.265050E-04 -8.689518E-04  8.106260E-02  3.214082E-02  2.107263E-03 -1.281010E-01 -6.639082E-04  1.237612E-04  2.425803E-02
-3.998696E-04 -1.639606E-02 -3.038232E-01 -8.505694E-05 -7.327500E-04 -2.431613E-01  3.424249E-02 -5.404440E-01 -9.327965E-06  1.900128E-05
-4.247305E-04  5.247190E-02 -8.685084E-02 -2.382818E-05 -6.766391E-02  6.370461E-04  1.753116E-04 -1.236062E-01 -2.443966E-04 -3.562846E-02
 7.991361E-05  3.846710E-02  3.887839E-05  8.422462E-02 -1.443763E-04 -7.829531E-03 -1.138056E-01 -2.156715E-04 -1.641380E-05  1.248275E-03
 3.081785E-04 -2.647470E-03  3.243310E-04 -1.082595E-03  3.954899E-04  4.785954E-04 -1.839056E-04  2.343868E-01 -2.958470E-01 -3.433020E-01
 5.743434E-02
  MODE      77
 3.948360E-07 -2.953610E-07  5.039029E-07 -2.256217E-07  8.262011E-07  4.273076E-08 -3.874845E-05 -5.842759E-05  3.761821E-05  1.016843E-07
-1.637494E-05 -1.408919E-04 -2.955677E-05 -4.658784E-05  1.539589E-04 -2.016735E-05  1.053288E-02 -7.011710E-03  1.440583E-05  1.538541E-04
-1.032847E-04 -1.092632E-01  1.080315E-01  9.177287E-05 -4.755090E-02  3.500891E-02  4.628132E-05  1.367127E-04 -4.179899E-06 -5.275459E-05
 5.799323E-05  1.104837E-04  4.327982E-05 -2.390482E-06  5.148800E-06  3.524059E-05  9.339451E-05  3.572343E-05  3.395108E-05  1.890371E-05
 1.201049E-04  7.155090E-05  1.213898E-01 -1.176617E-01  7.373261E-05  1.364209E-05  2.278958E-05 -1.118759E-04  7.667968E-02  4.653912E-04
-6.911007E-02 -1.796119E-05 -4.213104E-05  2.559728E-04  1.624237E-04 -1.363867E-04  3.734358E-05  6.543021E-04  4.417208E-04  5.509425E-05
-5.521881E-04 -5.647574E-02 -4.758992E-02  8.089698E-05 -5.501861E-04  1.271297E-01  2.654298E-03 -3.868114E-02 -4.833935E-02  1.378370E-03
 1.131697E-01 -2.820401E-04  4.861290E-04 -2.220323E-02  8.047491E-02  7.740921E-05 -5.243198E-04 -6.084507E-04 -3.046067E-01 -5.597246E-01
-3.964376E-01  3.844506E-04  5.833157E-04  2.435742E-01  6.122653E-04 -5.962107E-02  2.284345E-02  5.983548E-04 -8.207450E-02 -2.599860E-04
-1.285140E-02  4.948767E-04 -7.432592E-03  6.459911E-04  4.613469E-02 -3.033654E-04 -1.787707E-04 -2.073620E-01 -8.616860E-02  3.373557E-03
 1.787459E-01  2.497627E-02  2.468849E-01  2.932165E-03  3.596719E-02 -3.998954E-02  4.286363E-02 -1.730947E-01 -1.385605E-01  4.006483E-02
 2.303757E-01
  MODE      78
 1.686941E-07 -9.409847E-08  1.824388E-07 -1.222325E-07  3.268096E-07  1.670572E-08  1.699518E-06 -5.008248E-05  3.389078E-05  2.953696E-05
-1.040093E-06 -1.778531E-04 -3.166919E-05 -3.308466E-06 -8.401876E-05 -5.937576E-05 -1.261700E-02 -4.747540E-03  5.625431E-06 -1.100164E-04
 4.325297E-05 -1.135062E-01 -1.045665E-01  4.546056E-04  4.508123E-02  3.192366E-02  7.864492E-06 -1.144878E-04  9.550762E-05 -6.643239E-06
 4.264637E-05  1.235747E-04  1.615100E-05 -6.938410E-06 -7.271506E-05 -2.992799E-05  1.250324E-04 -1.065809E-05 -6.753812E-05  9.159111E-05
 3.617386E-04  2.161845E-04  1.227090E-01  1.273239E-01  8.798048E-05  3.217461E-05  6.238811E-06 -8.552885E-05  6.313356E-02  3.024326E-04
 1.066494E-01  1.843911E-04  6.775263E-06  7.212574E-05  1.421023E-04  4.522225E-05  1.530951E-05 -1.801424E-04 -2.364361E-04  4.286252E-05
-2.842724E-04  9.763682E-02 -3.883918E-02 -7.168775E-05 -1.935008E-04  8.189906E-02  1.862001E-03 -2.794461E-03  9.423492E-02  4.626098E-04
-2.168057E-02  3.590296E-04  1.589261E-04 -2.983550E-02  3.844471E-02 -7.606341E-05  3.019883E-04 -1.320146E-04 -6.094854E-01  2.994195E-01
-4.786737E-02  3.087585E-04 -1.277398E-04 -5.316770E-02  3.170114E-03  3.770397E-01 -1.355137E-01 -5.413190E-05 -1.858594E-02 -1.368370E-04
-2.274692E-02  1.962395E-04  2.729237E-02  2.023181E-05 -4.476242E-03  8.236047E-05  4.354318E-05 -9.624855E-02  2.443119E-01  3.407414E-05
 2.451051E-01  3.329867E-03 -1.765945E-01 -7.585144E-03 -3.022665E-02  2.638720E-02  5.385712E-02 -1.823112E-01 -1.452409E-01 -3.595549E-02
-2.191308E-01
  MODE      79
 8.579373E-08 -5.571165E-08  9.579205E-08 -1.942237E-07  3.266208E-07 -3.175437E-08 -4.446618E-06  8.075068E-06  3.871141E-05  7.492717E-06
 1.456851E-05 -7.364645E-06 -2.188203E-05  1.134573E-05  3.558497E-05 -8.876603E-06  2.512965E-02  1.516676E-02  1.277809E-04  1.318524E-04
 4.686672E-05  1.058457E-01  1.199698E-01 -2.832728E-04 -6.554920E-02 -2.030947E-02  2.876064E-06  9.618897E-05  5.005572E-05  2.705736E-05
-5.155610E-05 -2.099931E-04 -6.265470E-05 -3.942835E-05  2.382062E-06  8.880150E-06  1.889438E-05  6.761362E-05 -6.566764E-05 -3.945121E-05
 1.895075E-04  7.239713E-06  7.734921E-02  1.356108E-01  1.317032E-04  4.543271E-05 -6.015508E-05 -7.469904E-05  9.692658E-03  4.441798E-05
 2.670807E-02  2.111730E-04  3.734645E-05  1.012985E-04 -4.442173E-05  2.042752E-04 -3.847143E-05  1.718099E-04 -3.850473E-04 -1.134750E-05
-2.754889E-04  1.048391E-01 -1.409955E-01 -9.454477E-04  1.716294E-06 -1.013858E-01 -1.770054E-03 -1.576704E-02 -1.032260E-01 -1.383961E-04
 3.699777E-02 -4.151061E-04 -2.538928E-05  9.745024E-02 -9.413377E-02  2.008787E-04  2.366214E-05 -4.522044E-04  1.203058E-02 -3.301283E-01
 3.831416E-01 -4.633005E-04 -5.099183E-04  2.019522E-02  3.360456E-03  3.679730E-01 -3.894493E-01 -3.386076E-04  3.746190E-02 -2.428338E-04
 1.716837E-01 -1.562003E-05  1.491843E-02  1.085351E-04  3.078344E-01 -1.573236E-03  1.458561E-04 -4.769372E-02  2.739728E-01 -8.460645E-05
-5.857165E-02 -3.347619E-04  5.539217E-02 -9.819342E-03 -4.753338E-02  4.540279E-02  6.313280E-02  1.618848E-01  1.283588E-01  4.274401E-02
 2.565773E-01
  MODE      80
-7.360528E-07  5.136942E-07 -9.048758E-07  3.598224E-07 -1.409368E-06 -1.044457E-07  1.624564E-06  3.492291E-05 -1.009338E-05  9.936853E-06
 1.254359E-05 -7.718990E-05  2.841387E-05  2.522401E-05 -1.303612E-04  1.473003E-05  2.398196E-02 -2.487699E-02  6.105301E-05  1.460296E-04
-7.659937E-05 -1.304423E-01  9.587983E-02 -1.869221E-04 -4.261898E-02  4.277539E-02 -1.914127E-05 -2.792477E-04 -1.424430E-04 -8.453069E-06
-1.902922E-05  7.703655E-04 -3.189811E-05 -6.541752E-05  5.071972E-06 -9.349460E-05 -6.550590E-05  1.948275E-06  3.883067E-06 -5.010257E-05
-4.166536E-05  1.422028E-04 -1.156640E-01  9.549866E-02  8.493493E-05 -6.214723E-05 -6.405553E-05  1.140299E-04 -1.432432E-02  5.939082E-06
-2.156325E-02  1.928667E-05  7.332278E-05 -1.841381E-04 -1.321852E-04  2.261261E-07  1.084568E-06 -1.296416E-03 -1.724254E-04 -1.403228E-05
 9.287392E-04  5.312260E-02  1.532214E-01  1.142272E-03  2.444221E-04  6.975206E-02  8.620590E-04  3.344330E-02 -1.188056E-01 -1.581905E-03
-1.136783E-01  6.269661E-04  4.325173E-05 -1.094454E-02  1.186461E-02  2.826638E-04  3.432053E-04  5.905714E-04 -3.021854E-01 -1.284735E-01
 3.130113E-01  2.043220E-03 -4.804961E-04 -4.508285E-01 -3.523931E-03 -4.044551E-01  1.546401E-02 -1.424514E-03  2.497349E-01 -2.657924E-04
-1.160140E-01  4.739331E-04  1.913837E-01 -4.482119E-04  8.941106E-02 -5.370272E-04 -2.007377E-05  2.598679E-01  4.119198E-02  2.493989E-04
 5.759042E-02  8.160963E-03  5.812374E-02 -3.615985E-03 -4.073157E-02  4.686662E-02 -6.427460E-02 -2.003604E-01 -1.592331E-01  3.464171E-02
 2.053514E-01
  MODE      81
 5.618262E-05 -4.122680E-05  7.096291E-05 -3.052521E-05  1.144341E-04  6.694643E-06  9.755455E-06 -1.068281E-05 -8.580607E-06 -2.284017E-05
-3.414701E-05 -2.027507E-04 -4.548026E-05  1.170346E-04 -6.052143E-03  6.821767E-06  6.636693E-05 -7.009817E-05 -7.773657E-06 -9.527474E-06
 1.299864E-05 -6.243969E-04  4.079230E-04  2.280174E-02 -8.570141E-05  1.367141E-04 -6.057564E-05  2.130149E-02  2.665381E-02 -3.883730E-05
-3.260094E-05 -1.436475E-01  6.259735E-05  2.374929E-05 -5.235145E-05 -5.310519E-06  5.167335E-06  3.637852E-06  6.349766E-05 -8.378722E-06
 6.977716E-02  1.816680E-03 -4.179688E-04  9.604219E-05 -2.542308E-05  4.880818E-06  3.346328E-05  1.862013E-05 -3.860904E-05  3.811892E-04
-8.549787E-05 -7.031903E-06 -1.389430E-05  1.693544E-05 -9.043512E-06 -4.854888E-05  2.516859E-05  1.027712E-01 -6.071509E-06 -2.162245E-04
-6.315737E-02  1.750305E-04  6.661270E-04  1.762381E-02 -6.080457E-02  7.691267E-05  6.144279E-06  1.504850E-04 -6.493680E-04  1.114780E-01
-1.380480E-03 -5.293823E-02 -2.873700E-02 -1.813315E-04  4.390115E-05 -1.461813E-02 -1.128190E-02 -1.190488E-01 -1.162035E-03 -3.745732E-04
 3.821464E-04 -6.562854E-01 -7.416692E-02 -9.910126E-04 -3.215236E-01  1.512015E-03  2.975754E-04  1.438788E-01  1.219554E-03  2.491626E-02
-7.312769E-04 -1.306589E-01  7.893968E-04 -2.707314E-02  4.910905E-04  7.809840E-02  4.563755E-02  8.215110E-04 -2.595545E-05 -8.825282E-04
 2.278770E-02 -4.006355E-01  2.400655E-02 -1.481678E-03  3.748521E-04  5.723942E-04 -9.751613E-04  1.759058E-01 -2.201205E-01  3.051303E-01
-5.123957E-02
  MODE      82
-2.763751E-04  2.027575E-04 -3.490201E-04  1.506122E-04 -5.633507E-04 -3.280859E-05 -2.120791E-05  8.959312E-06  1.254585E-05  2.911562E-05
 6.022591E-05  2.242575E-03  1.076494E-04 -2.466778E-04  1.363024E-02 -1.331722E-05  9.736255E-06  1.093215E-05  1.954809E-05  1.128131E-05
-8.169610E-06  1.182755E-04 -1.115818E-04 -1.432659E-02  6.142205E-05  1.070802E-04  1.052274E-04 -5.120453E-02 -5.882636E-02  3.771080E-05
 2.437866E-05  3.074046E-01 -8.886014E-05 -6.437402E-05  2.765819E-05 -1.129730E-06  1.132516E-04 -2.644066E-05 -6.245520E-05 -1.651391E-04
 2.470305E-01 -3.336678E-02 -1.374577E-04 -3.655798E-04  6.142704E-05  2.325253E-05 -7.854890E-06 -1.168342E-04  1.185040E-04  3.789564E-03
-3.487968E-05  2.609914E-05  8.458338E-05 -3.235989E-05  6.891616E-05  4.854707E-05  1.320408E-06 -2.319064E-01  8.972043E-06  4.022777E-04
 2.301909E-01 -8.490911E-04 -8.091277E-04  3.224973E-02 -5.286085E-02 -2.189542E-03  9.399882E-02  4.199030E-04 -2.921345E-04  4.564589E-04
-5.029079E-06  1.169645E-01 -1.969072E-04  4.123719E-05  1.092852E-04  2.708795E-02  1.743026E-02  1.590703E-01  7.233985E-05  5.264713E-04
-3.197624E-04 -2.161560E-01 -1.302840E-01  2.232143E-04  3.911343E-01 -3.989289E-03 -1.125422E-03  3.640807E-02  4.840700E-05 -4.376838E-01
-2.180398E-04  2.584960E-01 -1.722271E-04 -7.174659E-03  1.353644E-03  2.770075E-01 -1.497043E-01 -6.314686E-05 -1.454901E-04  5.007279E-04
-5.421983E-03  9.517899E-02 -5.984005E-03 -1.403227E-03  2.265398E-04  5.829567E-05 -6.368580E-04  1.288578E-01 -1.591356E-01  2.220277E-01
-3.795609E-02
  MODE      83
-2.392386E-04  1.755654E-04 -3.021641E-04  1.306564E-04 -4.880569E-04 -2.830743E-05 -1.548851E-05 -1.492498E-05 -6.646282E-06 -2.272969E-05
-7.195908E-05  3.308687E-02 -5.962740E-05  8.110457E-05 -4.304624E-03  9.946918E-06  4.197932E-06 -1.123893E-05 -4.233159E-06  1.960267E-05
-1.674506E-05 -1.690285E-04  8.129261E-05  6.202615E-03 -1.180885E-05 -1.042520E-05 -3.462711E-04  5.344290E-02  1.584352E-02 -1.830028E-06
-4.102557E-06 -1.637459E-01  3.051514E-05  7.718475E-05 -8.025041E-07  3.037820E-05 -9.885906E-05 -3.995659E-05  3.927758E-05  1.190314E-04
 9.911714E-03  2.130519E-01  4.417939E-04 -2.861422E-04 -2.577367E-04 -1.062959E-05  1.640121E-04  5.826706E-05 -5.497807E-04  4.598322E-02
 5.933369E-05 -1.187162E-05  7.625533E-06  5.869056E-05 -1.517579E-05  7.068449E-05 -8.853508E-05  7.960831E-02  3.565174E-05 -1.251514E-04
-1.151917E-02 -1.930649E-05 -1.483859E-05  1.083431E-01 -2.076011E-01 -1.647128E-03  5.022980E-02  8.716718E-04  5.894649E-04 -1.376246E-01
 1.196936E-03 -1.449458E-01 -3.294153E-01 -5.282970E-05 -4.770461E-04 -1.624674E-01 -1.895609E-01  2.129138E-01 -1.269787E-04 -4.904103E-04
 2.085741E-05  9.319319E-02 -2.227445E-01 -2.943057E-04  1.139781E-01 -9.901883E-05  1.332835E-03  4.002962E-02 -2.182049E-04 -3.774276E-01
-9.469460E-05 -3.299000E-01 -1.906209E-04 -2.691630E-01 -9.504991E-04 -1.296874E-01  3.225284E-01  2.844420E-04  3.625400E-05 -5.168240E-03
 6.963896E-04 -1.510364E-03  6.234551E-04 -3.168235E-04  6.088940E-04  7.551604E-04 -4.422471E-05  1.313600E-01 -1.661166E-01 -1.947974E-01
 3.257359E-02
  MODE      84
 3.268632E-04 -2.390826E-04  4.121094E-04 -1.769958E-04  6.637823E-04  3.926823E-05  1.957311E-04  8.499394E-05 -5.254182E-04 -4.032697E-04
-1.094638E-04  1.003561E-03  2.452499E-05 -4.406354E-04 -1.976313E-02  5.042876E-04 -1.867669E-05 -4.182764E-04 -1.394455E-04  2.835839E-04
-5.663964E-04 -1.054274E-03 -5.479859E-04  7.763097E-03 -2.341044E-04 -1.083405E-04  2.747394E-05  1.540376E-01  2.336100E-01 -3.068172E-04
-1.975391E-04 -2.942561E-01  2.531744E-04  7.428383E-05  1.954834E-04 -6.776385E-06  2.643055E-04 -1.780168E-04 -1.802290E-04 -1.922851E-04
 4.744914E-03 -1.486499E-02  2.667053E-04  7.058511E-04  2.099590E-04 -2.294709E-04  2.701343E-04  5.263884E-05 -2.772433E-03  7.610550E-02
-1.094747E-03 -1.340131E-04 -3.990449E-05  1.917553E-04  1.548533E-04  8.002067E-05 -1.183221E-04  4.448815E-01  1.048327E-04  1.012842E-04
 2.355167E-03  7.513957E-04 -1.072625E-03  1.506548E-01  4.236619E-02 -1.853353E-03  1.624814E-02 -3.701220E-05 -2.951196E-04 -1.575133E-02
 5.301348E-04 -1.161143E-01 -2.620056E-03  3.060158E-05 -3.633380E-05  5.909308E-02  1.778029E-02 -2.230766E-01 -1.269232E-03 -5.539394E-04
 5.546970E-03 -1.783962E-01  7.852470E-03  9.260238E-04  6.624639E-01 -6.380428E-03  4.804682E-03 -1.322213E-01 -5.263513E-03  9.788184E-02
 2.291635E-03  2.422340E-02  5.117454E-04  1.712632E-01 -3.216145E-04 -4.374042E-02 -9.359786E-02  2.056308E-03 -1.415302E-03 -8.059463E-04
 3.527563E-03 -4.280874E-04 -1.560984E-03 -4.849550E-03  4.681516E-03  3.889762E-03 -6.836604E-04 -1.695825E-04 -4.998564E-04  7.063644E-04
-9.410428E-04
  MODE      85
 1.220683E-04 -8.947553E-05  1.540457E-04 -6.737386E-05  2.496339E-04  1.425522E-05  9.746566E-06  2.999557E-05  1.580856E-04  3.196056E-05
-3.483612E-05  2.746832E-03 -6.704217E-04  1.382157E-03 -6.826347E-02 -1.183736E-04  7.196390E-05  3.383284E-07 -8.608530E-06  2.026636E-04
 1.548773E-04  2.661253E-04  1.182680E-03  1.569684E-03 -2.412147E-04 -2.133114E-04  8.635756E-04 -7.661189E-02  5.204501E-02 -8.598273E-06
-1.007696E-04 -5.781147E-02 -2.385776E-05 -8.246275E-05  4.860232E-05 -6.383521E-05  2.529093E-04  2.219275E-04 -2.226490E-04 -1.303513E-04
 4.196084E-03 -4.420011E-03 -1.284340E-04 -1.295512E-03 -1.956193E-04  7.922076E-05  3.581038E-04 -1.667896E-04 -8.724872E-04  2.267381E-01
 2.425074E-03 -1.605734E-04 -4.841125E-05  2.888545E-05 -3.193596E-04  3.009758E-05  1.293669E-04 -9.307315E-02 -1.118594E-05  9.861396E-07
 1.022742E-02 -7.690468E-04  8.864527E-04 -6.297514E-02 -5.634939E-02  2.402535E-04  1.480484E-02  9.097966E-04  3.615644E-04 -3.700108E-03
-3.599231E-04  4.989052E-03  4.370206E-01  8.924587E-04  1.050826E-03  2.084176E-01  1.261876E-02 -1.289866E-01  2.013091E-03 -2.118066E-04
-5.086991E-03  2.735414E-02 -5.111839E-01 -3.740528E-03 -1.005956E-01  4.234197E-03 -1.541406E-04 -4.703368E-01  2.780241E-03 -1.339762E-01
-2.671338E-03 -1.597128E-01 -2.506621E-03  5.530713E-02 -1.120094E-03 -3.815341E-02  3.955363E-02  4.227567E-05  1.667043E-03 -3.474091E-01
 8.501554E-04 -2.185802E-03  5.328021E-03  2.169454E-02  1.095535E-02  1.452294E-02  2.434758E-03 -1.038902E-03  1.746025E-03 -4.154949E-04
 5.918234E-04
  MODE      86
-2.084018E-06  1.833143E-06 -2.956271E-06  5.325571E-07 -4.097521E-06 -3.672778E-07  9.427538E-05  2.986658E-05  1.460126E-04 -1.954019E-05
-7.595579E-05  1.704795E-04 -3.555947E-04  4.103764E-05  2.192979E-04 -1.028157E-04  3.821519E-03 -1.678386E-02  2.816003E-05  4.085736E-04
 1.217913E-04 -8.161532E-02  2.909094E-02 -3.300075E-04 -1.563730E-02  1.387149E-02  1.127311E-05 -8.290395E-04 -1.332090E-03  4.427680E-05
-8.403757E-05  2.622238E-03  4.181550E-05 -1.918373E-04 -2.115454E-05  6.438665E-05  2.326027E-04  2.336406E-04 -2.268610E-04 -2.826389E-05
-8.108477E-06 -6.708234E-04  6.165373E-02 -3.521751E-02 -2.013157E-04  1.484603E-04  2.140324E-04 -1.317344E-04 -1.949433E-01 -2.133334E-03
 8.903383E-02 -1.994454E-04 -1.181324E-04 -6.663237E-05 -4.849669E-04 -6.785270E-05  1.543950E-04 -3.368653E-03 -2.198028E-04 -6.673395E-05
 6.394406E-04 -2.657555E-02 -1.809160E-02 -1.299522E-03  4.635865E-04 -7.207067E-02 -1.825938E-03  3.696147E-02  1.027196E-02  1.373566E-03
 1.313932E-01  7.928798E-04 -6.868220E-05  3.014701E-02 -2.814215E-02 -2.181734E-04  2.280630E-04  1.594451E-03  7.986445E-02 -1.645368E-01
 2.328936E-01  9.686355E-05  1.144172E-03 -1.759698E-01  4.805802E-04  4.282309E-01  6.218264E-01  1.863317E-03 -1.360897E-01  1.004334E-05
-9.463155E-02  6.712059E-04 -2.190169E-01 -8.345712E-04 -7.246565E-02  1.108046E-03 -3.707764E-04  2.069280E-01  1.168460E-02  2.922358E-03
 2.652269E-01  2.403971E-02  1.547902E-01 -5.475781E-04 -1.221300E-02  1.539942E-02 -3.549222E-02 -5.236418E-02 -4.115440E-02  5.215886E-03
 2.685346E-02
  MODE      87
 1.828064E-06 -1.401525E-06  2.379001E-06 -7.110577E-07  3.512284E-06  2.893780E-07 -2.239201E-05  1.030884E-05 -5.745176E-05  1.855247E-05
 2.839324E-05 -1.482547E-04  1.508032E-04  1.727253E-05  4.570838E-04  4.890617E-05  1.624292E-02  9.294112E-03  4.632338E-05  1.341682E-05
-1.429975E-05  2.705275E-02  7.871033E-02 -1.143111E-04 -3.300572E-02 -1.445216E-02 -4.975001E-06  2.565110E-03  2.148970E-03  3.290320E-05
-3.142431E-06 -1.868302E-03 -1.682509E-05  7.683478E-05 -6.932492E-05  8.240137E-05 -1.040203E-04 -1.843310E-05 -1.086685E-05 -8.105829E-06
-8.178487E-05 -4.776690E-05 -2.161856E-02 -7.634665E-02  2.127044E-04 -2.746435E-05 -4.100909E-05  1.726158E-04  6.691039E-02 -1.499719E-03
 2.150677E-01 -3.775410E-05 -8.995015E-06 -1.731833E-04 -1.431630E-04 -8.615653E-06 -6.605565E-05  4.545077E-03  2.010915E-04  1.949001E-05
-7.478451E-06 -6.063920E-02  4.956371E-02  2.289974E-03  1.132968E-03  5.845954E-02  8.223920E-04  7.342910E-02  4.364850E-02 -7.640114E-04
-8.124834E-02 -7.021684E-04 -4.828908E-03  7.300594E-02  3.664043E-02 -1.336420E-03  2.963507E-04 -3.496963E-04  1.574443E-01  2.424980E-02
-4.400404E-01 -2.010202E-03  5.706620E-03 -3.683170E-01  9.210352E-03  2.597002E-01 -1.554388E-01  1.951823E-03  4.606796E-01  2.702317E-03
-2.681910E-01  1.386989E-03 -2.085314E-01  2.785514E-04 -6.965857E-02  3.594577E-04 -1.568754E-03  1.618708E-03  1.551249E-01  4.265868E-03
-1.512365E-01  7.478691E-03  2.662665E-01 -5.106003E-03 -2.627472E-02  2.613145E-02  1.939145E-02  2.496412E-02  1.980175E-02  1.125153E-02
 6.688386E-02
  MODE      88
-1.956478E-07  1.866845E-07 -2.920259E-07  5.043604E-08 -4.101369E-07 -3.160806E-08 -2.814045E-05 -1.084991E-05  2.338558E-05  1.148420E-05
-2.878721E-05  2.598736E-05 -6.267825E-05 -3.608329E-06  5.286205E-06 -2.629728E-05 -2.038879E-02 -1.969142E-02 -7.374561E-05 -7.871014E-05
 3.185681E-05 -2.376224E-01 -1.666057E-01  4.284710E-04  8.174991E-02  5.450838E-02 -2.081327E-05 -8.458605E-04 -1.226449E-03 -4.090162E-05
 2.564962E-05 -3.305951E-04  3.472966E-05  1.706834E-05 -9.928756E-05 -2.002839E-04  2.431036E-04 -1.146030E-04 -1.980560E-04  3.580589E-05
 2.632212E-04  1.279277E-04  2.119357E-01  1.593898E-01 -2.272086E-05  1.124658E-04  6.427994E-09 -1.389910E-04 -1.202504E-01 -5.033311E-04
-9.423467E-02  1.170071E-04  2.366939E-05  1.516390E-04 -8.888561E-06 -3.726134E-07  2.411264E-05  6.251625E-04 -1.815795E-04  1.832353E-05
-1.579918E-04  7.664942E-02 -1.380756E-01 -1.207403E-03 -4.328959E-04  6.586348E-02  9.749670E-04  1.143134E-01  4.410943E-02  2.316803E-05
-4.036865E-02  1.481208E-04  3.307250E-04 -8.239009E-02  9.016178E-02 -4.200827E-04  4.878195E-06 -1.264088E-04 -4.395252E-02  4.328062E-02
 3.908216E-02  3.114171E-04 -1.185372E-03  1.509085E-01 -1.725025E-04 -4.478460E-02  2.215303E-01 -3.696847E-04  6.088242E-01 -1.488757E-04
 4.218334E-01  3.624945E-04 -1.138430E-01  1.136034E-03 -8.060922E-02  8.735859E-04  2.766525E-04 -1.315726E-01 -2.953741E-02 -1.629871E-04
 3.706270E-02  8.349380E-04 -1.845057E-02  1.788277E-02  6.716253E-02 -5.825953E-02 -1.531976E-01  1.429638E-01  1.142438E-01  2.160222E-02
 1.341805E-01
  MODE      89
 8.102840E-07 -6.187223E-07  1.052754E-06 -2.944446E-07  1.529462E-06  1.348222E-07  1.005742E-05 -1.778210E-05 -2.479557E-05 -2.417990E-05
-5.379343E-06  1.436795E-04  4.697087E-05 -1.920120E-05 -1.771174E-04  2.559286E-05 -3.104467E-02  1.626570E-02 -1.159363E-04 -3.644242E-04
 2.023545E-04  1.757366E-01 -2.295988E-01  3.258116E-04  8.830426E-02 -4.941365E-02 -1.782157E-05  1.754347E-03  2.739444E-03  2.276533E-05
 3.795216E-05  3.620496E-04  2.291948E-06  7.739903E-05  7.924405E-05 -1.117595E-04 -1.406571E-04 -1.613630E-04  1.997875E-04  6.777675E-06
 1.805159E-04 -8.089263E-05 -1.512950E-01  1.966076E-01 -1.106166E-05 -1.143812E-04 -4.201660E-05  9.663890E-05  9.932957E-02  6.107671E-04
-1.202422E-01  1.430257E-04  5.722287E-05 -7.002242E-05 -6.654412E-06  9.207847E-05 -5.316245E-05 -1.651021E-03 -3.198835E-04  1.543803E-05
 3.644270E-04  9.847191E-02  7.126788E-02  1.379580E-03  1.032640E-03 -5.797228E-02 -1.350721E-03  7.847959E-02  2.308476E-02  2.718749E-04
 1.840115E-02  1.254620E-04 -5.198938E-04 -6.318960E-02 -6.417517E-02  7.299575E-04 -4.264583E-04  3.969865E-04  8.616946E-02  6.782526E-02
 2.195120E-02 -1.086967E-03  1.773762E-03  3.318936E-01  2.057064E-03  1.163375E-01  2.594428E-01 -3.721997E-03  2.440613E-01  4.509317E-04
-5.028406E-01 -4.306363E-04  2.553030E-01 -2.300605E-03  3.125262E-01 -2.222630E-03 -6.817774E-04 -1.147691E-01  7.315941E-02 -4.789572E-04
-1.888705E-02 -3.065721E-03 -3.526606E-02  1.088911E-02  1.049969E-01 -1.141483E-01  9.061179E-02 -1.084740E-01 -8.713074E-02  3.196776E-02
 1.845564E-01
  MODE      90
-1.645313E-05  1.241342E-05 -2.107706E-05  1.011337E-05 -3.540090E-05 -1.551878E-06  1.284699E-04  2.938783E-05 -3.281499E-04 -1.729273E-04
-3.789678E-05 -3.428860E-04  3.215800E-04 -5.992571E-04  7.445518E-03  3.145336E-04 -6.128481E-05  1.142034E-04 -1.212530E-04 -1.713887E-05
-3.019929E-04  1.757468E-03 -6.628713E-04 -4.021408E-03  2.158782E-05  2.502715E-04  7.276393E-05 -2.653127E-01 -4.084590E-01 -1.462092E-04
-1.584944E-04 -1.083415E-01  2.246705E-04  1.892940E-04  6.058753E-05  9.281767E-05 -3.343619E-05 -3.268479E-04  1.505743E-04  1.562093E-05
 8.328596E-03  2.365909E-03 -1.788702E-03  6.531004E-04  9.756285E-05 -1.205014E-04  1.654182E-04  1.690860E-04  4.036886E-04  9.519368E-02
 1.419791E-04 -1.657496E-04 -2.238988E-05  1.077768E-04  1.233233E-04 -9.782840E-05 -7.151502E-05  3.284092E-01 -3.911640E-06  1.385043E-04
 3.496223E-03  1.192798E-03  2.217589E-03 -1.454484E-01 -1.086335E-01 -4.814113E-06 -1.393244E-02  1.802099E-04  2.939847E-04  1.047897E-02
-1.305876E-04 -4.499662E-02  4.781468E-02  1.227609E-04 -8.958270E-04 -1.105500E-01  1.377721E-02 -5.168225E-02  1.076149E-03  4.955917E-04
-8.382919E-05  1.858532E-01 -3.585264E-01  6.525552E-04  1.065548E-02  1.313856E-03  1.047477E-03  4.274035E-01  1.567976E-03  8.306785E-03
-4.666930E-03  1.121991E-01  1.532405E-03  3.873032E-01  2.787965E-03  1.784670E-01  7.863467E-02 -1.379045E-04  1.832900E-04  1.047677E-03
 3.027281E-05  2.830317E-04  2.541959E-04  1.172354E-01 -1.118274E-01 -9.166042E-02 -3.511951E-04 -4.394785E-03  3.465630E-03 -6.061672E-04
 1.144783E-03
  MODE      91
-3.807641E-05  2.798807E-05 -4.813184E-05  2.093205E-05 -7.790835E-05 -4.456446E-06 -3.292080E-07 -6.630518E-06 -9.870654E-06 -3.522519E-05
-6.854667E-05  1.071404E-01 -2.256943E-05 -1.532932E-05  1.610494E-03  2.585001E-05  6.675670E-05 -3.489341E-05 -2.509048E-05  3.085066E-05
-1.122463E-05 -1.121880E-04  1.785911E-04  7.874489E-03 -5.071475E-05  1.356395E-04 -5.017016E-04  4.878539E-02 -2.764746E-02  1.931481E-05
 2.918275E-05 -2.501788E-03  1.936255E-05  7.408860E-05 -2.040916E-05  4.010117E-05  7.043216E-05 -1.384789E-04  7.481167E-05 -8.894001E-05
-7.613165E-03 -1.709746E-01  2.576465E-04  1.189428E-04  8.129031E-05  1.499292E-05  2.837152E-04  1.829399E-05 -7.460440E-04  8.123117E-02
 9.681279E-05 -3.174840E-05  5.124053E-05 -5.898563E-06 -1.189632E-06  4.363421E-05 -2.575463E-05 -2.672598E-02  1.372961E-05  5.232783E-05
-8.765025E-03 -5.853093E-04 -3.765397E-04  7.132433E-02  3.644581E-02 -1.186762E-03  7.007672E-02  3.332346E-04 -9.302779E-05 -3.028612E-02
-2.993109E-04 -1.304779E-01 -3.551113E-01 -6.375831E-05 -3.733472E-04 -1.772586E-01 -3.502150E-01  3.068342E-01 -4.870391E-04 -3.444339E-04
-3.294136E-04 -8.374349E-02 -2.318182E-01  1.201315E-04 -7.413909E-02  7.662611E-04 -1.881568E-04 -3.895276E-01 -1.274468E-03  3.142642E-01
 4.200518E-04  3.293855E-01 -1.917229E-04  1.375022E-01  9.844793E-05  1.314353E-01  1.675136E-01  1.158783E-05 -7.233526E-05 -1.075189E-02
-1.651429E-04  1.456977E-04  1.376166E-04  3.295216E-03  2.253651E-04  9.342775E-04  1.153677E-04 -1.075850E-01  1.357322E-01  1.572397E-01
-2.643792E-02
  MODE      92
-2.837826E-04  2.082633E-04 -3.584476E-04  1.545961E-04 -5.785132E-04 -3.369001E-05 -2.693003E-05 -1.038234E-05  4.845112E-05 -5.551603E-06
-1.255730E-05  3.472165E-03  2.812895E-04 -1.657156E-03  8.756820E-02 -4.504362E-05  3.521237E-05  2.282536E-05  4.028707E-05  9.305660E-05
 3.179109E-05 -1.476233E-06 -2.322443E-05 -2.308416E-03 -8.676821E-05  1.290487E-04 -9.401108E-04  8.849226E-02 -5.425070E-02  1.944897E-05
 7.679176E-05  2.796437E-02  1.864905E-05 -2.099767E-05 -1.018633E-05  3.267543E-06  3.897058E-05  5.753124E-05 -1.218321E-05 -1.212377E-05
 4.399742E-04  7.397119E-03 -1.506803E-04 -3.591774E-07 -5.662839E-05 -4.239169E-05 -2.133124E-04 -1.264181E-05  2.067995E-03 -3.117793E-01
-1.709281E-04  2.460921E-04 -2.346259E-04 -1.757136E-05 -6.303484E-05  1.181629E-04  7.853329E-05  1.255226E-01 -4.628689E-06  3.460282E-06
-1.384514E-02  8.747942E-05  3.019593E-04 -9.334920E-03  5.603578E-02  7.209921E-06  4.709570E-03  3.151531E-04  1.050366E-04 -1.204127E-02
-5.489977E-04 -2.983483E-01  2.582609E-02 -7.549254E-05 -5.776961E-05 -1.629604E-02 -3.658181E-03  4.838555E-02 -2.497665E-06  5.446722E-05
 1.522285E-04  6.900443E-02  2.924794E-01 -2.989035E-04 -1.299082E-01  1.308859E-03  2.976589E-04 -2.765146E-01 -4.854673E-04 -3.011602E-01
 6.346314E-06 -2.622576E-01  3.287867E-04  3.972914E-01  2.021876E-03  3.990414E-01  2.394342E-02 -1.070989E-04 -1.413759E-04 -7.451225E-02
 3.735143E-04 -1.127644E-03  6.533943E-04 -2.499662E-01 -1.286521E-01 -1.609565E-01 -2.338868E-02  3.899327E-03 -4.000734E-03  5.947002E-04
 2.081853E-04
  MODE      93
-1.198446E-07 -6.982285E-08  2.122904E-08  4.973999E-07 -4.551376E-07  8.297907E-08 -6.634891E-05 -2.803113E-06 -1.098773E-04 -1.701674E-05
 2.735388E-05 -9.710908E-06  2.322779E-04 -2.964987E-05 -6.657607E-05  6.241151E-05 -2.630328E-03  4.265095E-03 -8.297315E-05 -3.144810E-04
-5.652870E-06  7.527312E-02 -6.863373E-02  6.707683E-05 -4.338522E-03  1.398712E-02 -1.810552E-05 -3.591943E-05  2.029912E-04 -7.255885E-06
-3.995052E-06 -1.553622E-04 -4.753735E-06  1.094690E-04  2.978548E-05 -1.257342E-04 -1.971558E-04 -2.335362E-04  9.762666E-05  6.483905E-05
 1.208502E-04  2.063945E-04 -3.252072E-02  4.997111E-02  6.089300E-05  2.644541E-05 -9.575167E-05  1.125156E-04 -8.092783E-02 -4.713648E-04
 5.632771E-02 -3.082341E-05  7.712441E-05  2.125387E-05  2.125352E-04 -4.530322E-05 -6.566591E-05  7.890068E-05  3.172724E-04  2.200858E-05
-3.663744E-04 -8.876700E-02 -6.774605E-02  1.225084E-04 -9.165446E-04  2.242615E-01  4.491110E-03 -1.270852E-01 -1.291515E-01 -1.002857E-03
-8.823688E-02  2.481267E-05  4.775126E-04 -1.484550E-01 -1.511525E-01  4.629006E-04  1.280481E-04  5.931529E-05  9.252946E-02 -9.668195E-02
-3.164784E-03 -1.345763E-04  2.052944E-04 -8.334256E-02  3.153593E-03  3.414404E-01 -4.981078E-02 -2.768542E-04  6.884244E-02 -5.405807E-04
 5.038356E-02  7.768989E-04  6.084325E-01 -3.463972E-05 -3.505924E-01  1.104430E-03 -2.213312E-04 -8.302689E-02 -3.331543E-01  3.575712E-05
-1.657309E-03 -5.404385E-04 -7.318935E-03 -1.212895E-02 -1.265965E-01  1.428323E-01 -1.576246E-01 -3.410104E-02 -2.695598E-02  7.768208E-03
 4.672997E-02
  MODE      94
-2.467477E-08  1.829681E-07 -2.072231E-07 -3.198450E-07  3.841462E-08 -6.978821E-08 -4.500361E-05 -3.286702E-06  6.275356E-05  3.397163E-05
-6.321116E-05  4.084691E-05 -2.361604E-04  6.610099E-05 -1.916303E-05 -5.998096E-05 -5.039960E-03  9.850562E-03 -9.638321E-05  4.167011E-05
 6.242990E-05 -6.923540E-02 -7.400471E-02  1.885501E-04  1.449066E-03 -2.656177E-02  3.760515E-05 -3.423738E-06 -1.170717E-04  1.461843E-05
 6.338026E-05  1.932433E-04  5.299726E-05 -4.054752E-05 -7.533390E-05 -1.941019E-04  2.193412E-04 -2.407160E-05 -1.684151E-04  3.839520E-05
 1.436845E-04  2.334931E-05  6.153479E-02  6.074090E-02 -1.122662E-04  3.187407E-05  1.130969E-04 -9.396074E-05  4.542762E-02  1.301898E-04
 7.536130E-02 -1.043008E-04 -1.138070E-04 -1.103138E-04 -9.283858E-05 -1.092658E-04  9.972725E-05  7.939637E-06  4.066492E-04 -1.902048E-05
-2.074899E-05 -8.417541E-02  1.463786E-01  5.062850E-04  1.687593E-04 -1.612516E-01 -2.847480E-03 -1.201312E-01 -1.215815E-01 -9.890157E-06
 6.164233E-02 -3.917893E-05  9.002066E-05 -1.957370E-01  1.929146E-01 -6.555154E-04  8.743182E-05  1.917421E-04  6.376540E-02  1.091705E-01
-3.656277E-01  2.242720E-05  1.532647E-04 -1.117306E-01  7.712919E-04  8.846918E-02  1.476874E-01  3.842954E-04 -4.357767E-02  9.676070E-05
 3.644655E-01  4.733265E-04  2.579178E-01 -1.621499E-04  4.888749E-01 -2.136679E-03  1.686238E-04  3.327332E-01 -2.971355E-02  9.130965E-05
 8.428405E-03  2.302268E-04 -3.102463E-03 -2.639157E-02 -1.163064E-01  1.065191E-01  1.905248E-01  4.111650E-02  3.256348E-02  7.893732E-03
 4.697491E-02
  MODE      95
-2.659798E-04  1.954144E-04 -3.361270E-04  1.462395E-04 -5.440843E-04 -3.114188E-05  1.484854E-04  4.914941E-06 -2.607803E-04 -1.337162E-04
-4.647747E-05  6.808188E-04  2.969969E-04 -3.617686E-04  1.073903E-03  2.442008E-04  4.310747E-05  5.706280E-04 -1.158161E-04 -7.895962E-05
-2.385927E-04  5.643777E-04  2.632014E-05 -2.530908E-03  1.505723E-05 -8.326425E-04  1.181839E-04 -8.154593E-02 -1.156355E-01 -6.929752E-05
-1.402029E-04 -1.518624E-01  2.049704E-04  1.891645E-04  2.418647E-05  9.128923E-05 -1.380139E-04 -2.293100E-04  2.415691E-04  1.008566E-04
 5.525531E-03  1.820760E-02 -2.427689E-03 -1.163512E-05  5.828667E-05 -7.266655E-05 -3.324316E-05  1.947330E-04  3.543440E-03 -4.198379E-02
-3.327831E-05 -2.885489E-05  4.100391E-05  6.251875E-05  1.320707E-04  4.140585E-06 -6.759748E-05 -3.436145E-02  2.219116E-06  1.527220E-04
-1.255319E-02 -9.737704E-04 -2.972060E-03  2.517634E-01  1.649385E-01  1.947455E-04 -7.573164E-03  6.779085E-04 -8.179294E-05 -5.159703E-04
 3.941007E-04  9.515521E-02  1.562987E-01  1.595245E-04 -6.514834E-04 -1.615751E-01  4.515685E-03  3.716145E-02 -3.931896E-04  1.328198E-03
 9.743206E-04 -1.149499E-01  1.387109E-01 -1.652490E-03 -9.815567E-02  1.497949E-03 -3.728888E-04 -2.679072E-02  1.027185E-03 -3.462433E-01
-3.835484E-04  3.236551E-01 -2.695392E-03  3.586296E-01  1.154723E-04 -5.303690E-01  2.411554E-01 -1.026688E-03 -4.920639E-03  7.716072E-04
 2.173268E-03  2.476629E-03  7.547598E-05 -1.622083E-01  1.551015E-01  1.257794E-01  2.347178E-03  3.445360E-03 -3.067574E-03  5.140821E-04
-2.741242E-04
  MODE      96
-6.214364E-07  5.030941E-07 -8.324531E-07  3.180646E-07 -1.324567E-06 -7.094422E-08  6.338881E-06 -1.964797E-05  1.713474E-05 -2.923002E-06
-2.853333E-05 -2.614910E-05 -5.828498E-05 -1.668788E-05 -5.562852E-05 -2.592206E-05  6.484657E-02 -2.013543E-02  6.247273E-05  6.032904E-06
 2.154822E-05 -1.894890E-02  4.295281E-02 -9.833094E-05 -1.402284E-01  3.391171E-02  9.134250E-05 -2.042303E-04 -1.599708E-04 -1.075176E-05
-1.048647E-04 -2.708548E-04  1.256888E-05  1.633914E-05 -4.299513E-05  3.160092E-04  1.048988E-04  2.177972E-04 -7.266281E-05  1.851511E-06
-1.256664E-04 -1.148122E-04  6.714180E-02 -2.180696E-01 -3.559086E-05  7.436206E-05  1.170987E-04  4.451180E-05 -9.405690E-02 -8.775705E-04
 3.638419E-01 -1.932999E-04 -9.092320E-05 -6.218353E-06 -4.916250E-05 -2.191734E-05 -4.938968E-06 -1.797038E-04 -7.408478E-05  7.385426E-06
 4.032852E-04  1.595913E-01  5.527434E-02  1.495907E-03  6.739936E-04  6.873865E-03  1.290017E-04  9.325516E-04 -1.484262E-02  2.693916E-04
 1.890574E-02  2.001926E-04  1.862196E-04  2.798731E-02  8.750219E-03 -4.772213E-04 -7.706320E-05  3.759045E-04  1.454985E-01 -3.217809E-02
-2.940030E-02 -5.580719E-04  3.306696E-04 -2.075805E-01 -1.625545E-03 -1.673188E-01  2.715681E-01  4.180932E-04 -7.756019E-02 -7.512801E-04
 7.299786E-02  1.040563E-03  1.977375E-01  6.986220E-04  8.464896E-02 -1.459475E-03  3.982997E-04 -5.754164E-01  3.256127E-01 -1.916092E-03
-3.693006E-02 -1.837069E-02 -2.758521E-01 -5.965253E-03 -3.970954E-02  4.227287E-02 -9.399878E-03 -1.141416E-02 -9.200531E-03  1.164645E-02
 6.913426E-02
  MODE      97
-2.027361E-06  1.620195E-06 -2.706185E-06  7.248288E-07 -3.937011E-06 -3.272574E-07 -2.581389E-06 -2.029777E-05  9.418949E-05  1.068756E-05
-2.882683E-05 -5.780327E-05 -1.957282E-04 -2.061760E-05  2.155438E-05 -9.224052E-05 -2.232379E-02 -6.575789E-02  3.175375E-05  1.488672E-04
 9.492455E-05 -5.788574E-02 -1.955734E-02 -2.967405E-05  2.905453E-02  1.129103E-01 -5.660248E-06 -7.633353E-04 -8.325575E-04 -7.567217E-05
-3.389763E-06 -1.859039E-03 -1.165012E-05 -8.359746E-05 -1.484094E-04 -3.022068E-05  4.356223E-04  1.070537E-04 -3.277234E-04 -1.398636E-05
-2.227830E-04  1.228932E-04  2.469435E-01  5.643688E-02  5.630794E-05  1.824572E-04  3.208767E-05 -2.361317E-04 -3.628994E-01 -2.826909E-03
-8.778211E-02  8.497827E-05 -5.639515E-05  4.198721E-05 -7.953065E-05  6.712455E-05  6.239209E-05  2.989314E-04 -4.811937E-05 -2.150660E-05
 3.876709E-04 -4.013142E-02  1.220512E-01  2.509151E-03  1.411881E-03 -7.654565E-02 -1.422732E-03 -3.710324E-02 -9.788208E-03 -7.417440E-04
-6.310467E-02  8.850548E-04  1.577092E-03  1.098953E-02  2.819698E-02 -1.414036E-03  2.918748E-04 -3.611398E-05  2.552507E-02 -1.008304E-01
-1.278026E-01 -4.631207E-04  1.304694E-03  2.448036E-01 -1.562843E-03 -4.575837E-02 -2.379288E-03  2.240678E-04 -6.860404E-02 -3.285179E-03
-6.224310E-02  3.375192E-03  2.188797E-01  2.737160E-03 -2.965883E-01 -2.370649E-03  1.743611E-03  3.108618E-01  5.744699E-01 -1.340625E-03
-2.734612E-01 -1.255579E-02  3.573567E-02  2.862092E-03  9.469661E-03 -3.432511E-03 -5.950295E-02 -5.509168E-02 -4.441883E-02 -2.491744E-03
-1.753876E-02
  MODE      98
-1.429004E-04  1.048353E-04 -1.804623E-04  7.783235E-05 -2.912334E-04 -1.697626E-05 -7.634811E-06  2.698606E-05  1.456695E-05 -9.210237E-06
 5.559769E-05  1.746462E-03  1.371627E-04 -2.698683E-04  1.526308E-02 -7.663468E-07 -4.346130E-05 -9.936030E-05  3.333025E-06  2.148288E-05
 8.686876E-05  6.287625E-05  1.047485E-04  9.791475E-02  4.628677E-05  3.652994E-04 -7.419863E-06 -5.093286E-02 -8.537103E-02  3.459439E-05
 4.383438E-05  3.744774E-01 -7.509604E-05 -5.948394E-05 -2.849978E-05  1.411625E-05  9.018450E-05 -5.567389E-05 -9.546676E-06 -1.323201E-04
 2.711316E-01 -1.034295E-02  2.183823E-04 -2.666911E-04  6.527371E-05  2.216149E-05  5.815394E-06 -8.732212E-05 -6.969993E-04  2.212795E-02
-2.005574E-04  2.183033E-06  5.554165E-05 -1.414004E-05 -1.681461E-06  2.884634E-05  2.979895E-05 -2.418300E-01 -5.786644E-06 -1.885619E-04
-1.937000E-01 -1.420744E-04  3.866071E-04  4.657954E-02  8.338605E-03  8.112597E-04 -4.940031E-02 -3.342970E-04  1.639076E-05  2.107915E-02
-1.571789E-04  6.232732E-02 -4.400172E-02  1.891743E-04  1.543842E-05  3.699348E-03  8.920523E-03  1.461761E-01 -1.726837E-05 -1.431529E-04
-6.517925E-05 -5.900394E-02 -3.608514E-02  2.104175E-04  2.909595E-01 -2.680514E-03 -2.093151E-04  4.594557E-02  5.062507E-05  2.481192E-01
 5.309560E-05 -4.428047E-01  8.973351E-04  3.702804E-01 -1.515702E-03 -2.240319E-01  8.781929E-02  4.306116E-04  8.221610E-04 -1.743941E-03
 1.536816E-02 -2.854979E-01  1.696682E-02  2.870499E-05  3.111509E-04  1.988030E-04  1.650701E-04 -4.577841E-02  5.639876E-02 -7.648658E-02
 1.293740E-02
  MODE      99
-3.010609E-04  2.211886E-04 -3.805103E-04  1.641552E-04 -6.143188E-04 -3.565222E-05 -6.384396E-06 -4.637834E-05  5.952385E-05 -1.152459E-05
-1.088313E-04  4.405737E-03 -2.025360E-04 -6.346311E-05  9.456992E-04 -3.614847E-05  2.623569E-05  2.333673E-05 -1.161507E-05  1.544589E-04
 2.542999E-05 -7.093692E-05  2.294304E-05 -8.877304E-03 -2.126565E-05 -2.800603E-04  9.205314E-04 -6.588537E-02  8.335577E-02 -9.714852E-06
-1.811098E-04 -1.772862E-01  1.000695E-04  2.720131E-06 -1.642269E-05  2.938752E-05  1.027023E-04 -2.166050E-04  1.031163E-04  1.207996E-04
 5.747594E-04  1.716104E-02  3.749401E-04  7.183265E-05 -9.538311E-05  1.376689E-05  7.119399E-04 -1.134334E-04 -2.664460E-03  4.252246E-01
 3.088183E-04 -2.664408E-04  3.951215E-05 -1.192175E-05 -2.249546E-05  4.055910E-05  7.668848E-05 -1.185354E-01 -2.545164E-06  1.833460E-05
 2.968418E-03 -5.155670E-05  1.041043E-04 -2.515718E-03  2.253939E-02 -7.141284E-06  1.300494E-03  2.590624E-04  7.666021E-05 -1.179019E-03
-5.879649E-04 -3.196389E-01 -6.286470E-02 -5.511258E-05 -6.223988E-05 -6.487083E-02  1.344413E-02  2.550672E-01 -3.235909E-04  9.025097E-05
-7.597373E-05  2.020244E-02 -1.368351E-02  1.890862E-05 -1.409996E-01  1.176176E-03 -8.090540E-05  2.307029E-02  6.708579E-05 -1.289584E-01
 1.922101E-04 -1.031328E-01 -4.547141E-05  1.723066E-01 -5.188420E-04 -1.560105E-01 -6.513482E-01  1.935126E-04  3.984016E-05  2.427891E-01
-1.602854E-03  2.324839E-03 -1.655196E-03 -1.536308E-02 -7.687732E-03 -9.881575E-03 -1.384760E-03 -7.956910E-04  1.153111E-03 -1.605722E-04
 6.244445E-05
  MODE     100
-3.593535E-05  2.635336E-05 -4.537093E-05  1.958617E-05 -7.323532E-05 -4.266890E-06 -1.297347E-06  5.047911E-06 -1.430941E-06  4.650324E-07
 2.990001E-07  2.076015E-03 -1.264074E-05  5.400010E-05 -2.284692E-03 -2.806251E-06 -4.391570E-06 -4.852302E-05  7.597714E-06  5.015670E-06
-6.173290E-06  6.440347E-04 -5.479252E-04 -1.144580E-04 -4.104118E-05  6.871205E-06 -1.298522E-05  5.795841E-02  8.773239E-02 -2.815350E-06
 7.323387E-06  1.572674E-02 -8.018887E-06 -4.850445E-06 -1.402068E-07 -1.670355E-06  5.675041E-06 -5.501932E-07 -7.992198E-06 -2.922585E-06
 1.870005E-04 -4.325784E-03 -9.031660E-04  6.391327E-04  8.259224E-06  3.533826E-06  2.256689E-05 -9.989863E-06 -3.354229E-04  1.990543E-02
 2.217708E-04 -9.647617E-06 -8.939915E-06  1.804320E-06  1.011309E-06 -8.761455E-06  2.865568E-06  2.012496E-02  6.120252E-06 -5.486272E-06
-1.232758E-03 -3.768871E-04 -5.394930E-04  2.127838E-02  6.175658E-03 -4.704397E-05  2.190126E-03  6.263477E-05  4.909938E-04 -3.412047E-03
 2.379969E-04 -4.807321E-02 -1.819927E-01 -2.848905E-03 -2.182795E-03  4.370577E-01 -1.869009E-02 -2.476179E-02  2.544715E-03 -2.879770E-03
-1.983256E-03  3.689845E-01  7.727704E-03 -3.524729E-04  7.925094E-05 -1.062269E-03 -1.482238E-03  1.098581E-02  1.400037E-03 -1.824847E-01
-5.143657E-04  3.003412E-01 -1.887355E-03  1.636756E-03 -5.453786E-04 -4.802549E-03 -9.511944E-03  2.356673E-03  1.678874E-03 -1.779445E-02
 4.465942E-02 -7.043473E-01  3.620191E-02  1.703306E-03 -1.859401E-03 -1.349281E-03 -3.073316E-05 -7.118807E-03  8.658242E-03 -8.797020E-03
 1.313441E-03
  MODE     101
 3.074349E-05 -2.256295E-05  3.883235E-05 -1.676885E-05  6.269751E-05  3.643554E-06 -2.439883E-05  4.907606E-06  4.269110E-06 -9.015068E-06
-2.375103E-05  5.278190E-02  1.245825E-05  2.107218E-05  5.080705E-05  4.479559E-06  1.556531E-04 -2.863801E-04  1.124051E-05  2.142230E-05
-2.228705E-06  4.268817E-03  7.112797E-03  1.739332E-03  5.428875E-04  1.034034E-03  2.771596E-06 -3.697650E-03 -1.309008E-03  4.651475E-06
 5.756712E-06 -1.281760E-04 -3.865329E-05  1.624902E-05 -2.440026E-06  4.811683E-06  4.398791E-05  3.723279E-05  1.566831E-05 -6.934753E-05
-1.099148E-02 -1.256813E-01 -5.524619E-03 -8.407662E-03  1.239067E-04  2.649345E-06  3.770238E-05 -2.524127E-06 -1.320075E-03 -3.571110E-03
-2.659845E-03  2.560238E-05  2.895817E-05 -1.064469E-05 -8.124932E-06  3.794124E-05 -5.185778E-05  3.755385E-04  1.076368E-05 -1.838199E-06
-1.896704E-02  4.047520E-03 -2.827178E-03  3.278785E-02 -7.830631E-02 -9.897836E-04  7.336681E-02 -2.287541E-04 -5.221007E-03 -9.919818E-02
 3.045916E-03  5.395289E-03  1.385389E-02  3.603136E-02 -2.338032E-02 -9.002547E-03 -5.056422E-01 -4.451919E-03 -3.269362E-02 -1.731502E-02
-1.401163E-02 -9.543152E-03  2.133337E-01 -1.433092E-03  1.179076E-02  1.429660E-02  2.230366E-02  2.760803E-01  9.405873E-03  3.128773E-03
 3.799150E-03 -1.015109E-02 -9.157462E-03  3.283248E-03  6.772581E-03 -9.244756E-02 -2.578403E-01  1.508685E-02 -2.201518E-02 -7.033793E-01
-5.254737E-02  1.818496E-02 -4.335508E-02 -1.337077E-02 -8.388130E-03 -9.893774E-03 -6.300574E-04 -1.232347E-03  1.054608E-03  1.298796E-03
-5.458572E-04
  MODE     102
-3.014056E-06  2.214571E-06 -3.809315E-06  1.651558E-06 -6.159527E-06 -3.545156E-07  2.199976E-05 -3.548389E-06  9.877459E-06 -1.250191E-05
 1.803915E-06 -4.724197E-03  4.414165E-06 -1.971655E-05  3.518622E-05  1.583518E-05  1.258458E-03  7.291544E-05  3.713327E-05  1.727257E-04
-5.624561E-05  3.302674E-03  8.091514E-02 -2.916799E-04  6.297478E-03  2.969401E-04 -4.040807E-06  7.049634E-04  6.130660E-04 -9.340136E-06
 1.293392E-06  1.130544E-04  8.154930E-06 -2.370678E-06  1.781082E-05  9.130635E-05  7.803190E-06  5.662998E-05  3.440693E-05 -2.023552E-05
 9.108678E-04  1.108106E-02 -3.005319E-03 -9.847521E-02  1.490584E-05 -7.473564E-06  1.221627E-05 -1.632958E-05 -1.340911E-03  4.186030E-04
-3.115472E-02 -3.956242E-05 -1.834400E-05  3.475822E-05 -2.879913E-05 -1.674740E-05  1.948316E-07  1.129955E-04 -2.113590E-05  2.677988E-07
 2.088688E-03  4.139743E-02 -1.277943E-03 -2.981174E-03  7.185210E-03  5.090539E-04 -6.135371E-03 -1.632485E-02 -5.422541E-02  9.267859E-03
 8.629167E-04 -1.009284E-03 -2.336083E-03  4.110391E-01 -1.661491E-02  3.831530E-03  4.518417E-02  9.228500E-05 -3.727323E-01 -1.253853E-02
-1.287560E-02  2.839964E-03 -1.887336E-02 -1.465884E-03  7.036357E-04  1.646231E-01  2.576005E-01 -2.446992E-02  7.126334E-03 -1.450444E-03
 4.179745E-02  3.018387E-03 -4.292178E-03 -3.860356E-04  8.582614E-02  7.458927E-03  2.322215E-02  1.375382E-02 -2.506198E-01  5.821325E-02
-6.918713E-01 -5.209051E-02 -1.220479E-01  2.007640E-03  1.664875E-03 -9.133603E-04 -3.760333E-03  2.148261E-04 -4.597815E-04 -3.943866E-04
-9.383382E-05
  MODE     103
-1.285686E-06  9.375485E-07 -1.617929E-06  7.022492E-07 -2.612766E-06 -1.532186E-07 -1.924040E-05 -3.982746E-06  3.526249E-06 -6.888006E-06
 1.336718E-06 -2.729037E-03  1.035972E-05 -1.808142E-05  1.460062E-05 -7.013827E-06  6.764032E-05 -5.384476E-03  1.997436E-05 -2.438999E-05
 4.335103E-05  7.754823E-02 -2.936042E-03 -1.667755E-04  1.008789E-04  1.963032E-02 -1.009532E-05 -3.825850E-04 -6.845480E-04 -8.983026E-06
-2.517402E-05 -1.089162E-04 -7.304295E-06  4.095883E-06  3.842096E-05 -1.039322E-05 -7.381643E-05 -7.502984E-06  9.098968E-05  2.232061E-06
 5.133194E-04  6.676729E-03 -1.020102E-01  3.622131E-03 -5.703224E-07 -4.955551E-05 -1.933878E-05  5.579502E-05 -2.394047E-02 -7.152941E-05
 1.297344E-03  1.530086E-05  1.070784E-06 -5.822941E-05 -1.933787E-05  2.084852E-05 -1.076130E-05 -2.222833E-04 -3.666775E-05 -2.630155E-06
 7.587893E-04 -2.130288E-03 -5.554765E-02 -2.260875E-03  3.594836E-03  7.943976E-03 -3.799288E-03  1.357277E-03  2.252633E-03  5.076467E-03
 3.969357E-02 -4.329883E-05  5.811855E-04 -1.596610E-02 -4.311929E-01 -1.972474E-03  2.600368E-02  3.354718E-04  1.354056E-02 -3.139405E-01
-2.530053E-01 -3.002455E-03 -1.084935E-02 -2.540919E-02 -7.650574E-04 -6.095686E-03 -8.871493E-03 -1.459629E-02  1.557315E-01  1.404045E-03
-9.099140E-04 -2.347123E-03 -1.718512E-01  1.105979E-04 -1.528770E-03  4.967883E-03  1.330760E-02  2.694527E-01  1.153254E-02  3.248887E-02
 1.330811E-01 -2.836696E-02 -6.933070E-01  8.479033E-04 -7.538675E-04  2.001003E-03 -2.428417E-03 -1.707400E-03 -1.205156E-03 -7.001360E-04
-2.598166E-03
  MODE     104
 3.502534E-05 -2.570373E-05  4.423922E-05 -1.910068E-05  7.142278E-05  4.152421E-06 -1.787079E-05 -6.735359E-07  5.312012E-07 -1.166229E-06
-1.585375E-05  2.993909E-03  1.002328E-05  3.036392E-06 -1.454181E-04  1.227889E-06  2.199520E-03  8.901442E-05  8.021013E-06 -8.103850E-06
 1.325711E-07  6.264365E-06 -2.644501E-04 -1.491801E-02 -4.509354E-03 -1.230354E-04 -2.480094E-06 -6.052253E-04  6.011277E-05 -7.918051E-06
 3.272821E-06  6.046179E-04 -2.371112E-05  1.771019E-05  1.710035E-06 -2.409773E-06 -3.164294E-05  2.094342E-05 -4.312600E-06  2.404366E-05
 3.745342E-02  9.270398E-02  7.385444E-04  1.969352E-02 -9.448143E-05 -2.842318E-06  1.749825E-05  1.649976E-05  5.873610E-04 -9.927867E-05
 1.016484E-02  3.635021E-05  3.082935E-05  1.571775E-05  5.593652E-06  4.754555E-05 -4.380729E-05 -8.939707E-05 -5.356053E-05  2.036253E-05
 2.335856E-01  4.459569E-02 -6.135137E-03  2.104980E-01 -4.620959E-01 -2.848108E-03 -7.073700E-02  7.830250E-02 -9.632403E-02  1.485133E-02
-1.969632E-03  8.090422E-04  5.985571E-04 -1.912653E-03  2.951129E-04  5.676126E-04  4.797460E-02 -2.373927E-03  2.945387E-03  1.227812E-04
-8.451421E-04 -8.678539E-04  2.701639E-01 -2.599312E-03 -9.468707E-02 -2.308895E-03  4.459380E-03 -1.716495E-01 -1.380790E-03 -2.315226E-03
 1.231938E-02 -1.490063E-03  1.909756E-03  1.875181E-01 -6.549973E-02 -4.478485E-03  2.407071E-02  6.011137E-04 -1.172716E-02 -1.366303E-02
-3.243918E-04  1.783133E-03 -4.159966E-04  6.794661E-01 -8.771917E-03  5.893967E-02  1.859716E-01 -4.997104E-03  3.600927E-03  1.853703E-03
-2.714542E-03
  MODE     105
-2.714240E-06  1.990217E-06 -3.426490E-06  1.483428E-06 -5.535584E-06 -3.211445E-07 -1.254249E-05 -3.629157E-06 -1.127723E-06 -3.715134E-06
-7.922768E-06  1.268346E-03  5.856580E-06  4.757434E-06 -8.381489E-06  4.059155E-06  4.225663E-04  4.327177E-04  3.054224E-06 -2.251593E-06
 1.438672E-05  3.283866E-05  5.078665E-05  2.058297E-02 -8.665281E-04 -6.874763E-04  4.711813E-06 -2.328314E-04  1.917906E-04  8.156411E-07
 5.566653E-06  1.522610E-04 -1.675338E-05  1.349874E-05 -1.877221E-06  2.294975E-06 -4.958017E-05  3.567180E-06 -1.328402E-05  5.847691E-05
-4.115251E-02  7.762829E-02  3.186196E-03  3.778703E-03 -8.264631E-05 -6.873983E-06  4.808725E-06  2.876382E-05  2.010244E-03 -2.715196E-04
 1.943542E-03  1.753451E-05  5.773529E-06  2.053959E-05 -2.261778E-05  2.632960E-05 -3.320591E-05  1.823859E-04 -2.270606E-07 -1.972591E-04
-2.442601E-01  9.745948E-03 -1.780192E-02  2.688514E-02 -5.923845E-02 -2.558865E-03 -3.367048E-01  1.450103E-02 -1.710875E-02 -4.585332E-01
-8.937654E-04  1.813540E-03  1.057563E-03  2.326939E-04  1.256605E-03  5.180419E-04  3.191181E-02 -3.978012E-04  2.304723E-04 -1.011248E-04
-3.717839E-03  3.180399E-04 -3.240387E-02 -1.011633E-02 -9.801601E-03 -3.091934E-04  1.055888E-03  4.167578E-02 -4.007944E-03  1.018919E-04
 2.572200E-03  1.965097E-04  8.183945E-03  7.326333E-02 -1.135790E-02  2.986282E-01 -6.667359E-02  2.491523E-03 -2.646931E-03 -1.188758E-02
-6.291594E-04 -2.243387E-03 -1.024584E-04 -4.987021E-02  5.288791E-01  4.627312E-01  5.954126E-02 -8.245533E-04 -5.235021E-04  1.058017E-02
-2.620905E-03
  MODE     106
 7.591475E-06 -5.569219E-06  9.586742E-06 -4.137532E-06  1.547448E-05  9.010596E-07  3.098572E-06  8.688337E-07 -6.612212E-06  6.084570E-06
-1.019738E-05  8.038115E-04  7.859789E-06  4.735025E-06 -4.144952E-05 -1.049079E-05 -1.006496E-02 -8.855556E-04 -6.290391E-06 -6.260749E-07
-3.610140E-05 -2.324329E-04  1.355428E-03 -2.309636E-03  2.044487E-02  1.334988E-03 -9.621310E-06 -1.278497E-04  9.254451E-05 -2.072330E-06
 1.710409E-05  1.388341E-04  6.768803E-06 -4.935558E-06 -6.016965E-06  3.380079E-05 -2.009353E-05  2.858942E-05 -7.422955E-06  2.402298E-05
 6.131158E-03  2.342050E-02 -5.635316E-03 -9.115491E-02 -6.146540E-05 -4.376533E-06  1.584255E-05 -1.350940E-05 -3.719490E-03  2.343048E-05
-4.680808E-02 -7.668726E-05 -3.099223E-05 -1.987654E-05  4.254955E-05 -7.142352E-05  1.170476E-05  1.763292E-04  3.475515E-04 -3.304026E-06
 3.959525E-02 -2.044944E-01  3.691604E-02  4.778219E-02 -1.036225E-01  2.015653E-02 -2.774388E-02 -3.578749E-01  4.423273E-01 -1.715067E-02
 1.237085E-02  8.146680E-07  5.793850E-04  8.044737E-03 -1.697996E-03 -5.262234E-05  1.118285E-02 -5.366329E-04 -1.482034E-02  7.715857E-04
 7.933449E-03  4.492046E-05  5.762943E-02  2.049005E-02 -2.097003E-02  1.469730E-02 -1.956299E-02 -3.507109E-02  7.648030E-03 -3.633419E-04
-5.711688E-02 -5.650658E-04 -1.579007E-02  4.414464E-02  3.001007E-01  1.095820E-02  1.848457E-03 -5.890266E-03  5.351316E-02 -4.636418E-03
 2.705457E-03  7.261365E-04  3.384429E-03  1.679355E-01 -4.826400E-02  1.589157E-01 -6.664628E-01  1.824807E-03  4.164164E-03  2.286185E-03
 1.024179E-02
  MODE     107
 2.013558E-07 -1.472432E-07  2.539398E-07 -1.060766E-07  4.055511E-07  2.506548E-08 -9.664777E-06  8.801833E-07 -2.587551E-06  2.312838E-06
 3.780610E-06  3.068329E-06  6.791922E-06  9.364472E-06  4.052119E-05  4.088641E-06 -8.824760E-04  1.174265E-02  8.954185E-06 -1.562743E-05
-3.456609E-06  3.320904E-03 -8.922236E-05 -8.061140E-04  1.592237E-03 -1.948933E-02 -4.662379E-06 -1.382466E-04 -3.727789E-04  1.208773E-05
-1.843497E-05  1.510932E-05  1.870733E-06  6.701302E-06 -1.184103E-05  2.559882E-06  1.716806E-05 -2.569847E-06 -4.922189E-05  8.643425E-06
 1.654412E-03 -1.997357E-03  7.967637E-02 -6.831635E-03 -1.698818E-05  4.339857E-05 -7.316158E-06 -4.440793E-05  5.372706E-02  1.450399E-04
-3.884803E-03  1.805784E-05  5.370878E-07  1.226603E-04  5.549771E-05  7.774233E-06 -2.169575E-06 -2.258897E-05  6.523682E-06  9.467552E-06
 7.922773E-03 -1.792895E-02 -4.993270E-01 -4.897983E-03 -2.219046E-03 -2.610767E-01  6.915233E-03 -2.667646E-02  3.556833E-02  1.347362E-02
-1.311803E-01 -4.534758E-04 -4.832503E-04  1.841242E-03  3.080719E-02  6.977296E-04 -7.566309E-04  8.390260E-05  3.539484E-04 -1.304447E-02
-1.038916E-01 -1.746194E-03  3.056283E-03 -2.763919E-01 -4.807901E-04  1.529892E-03 -2.605443E-03 -2.314988E-03 -1.026011E-01 -4.684434E-04
-2.313030E-03  7.866052E-04  2.200442E-01 -1.161696E-03  2.353203E-02 -1.020150E-02  2.435905E-03  6.960333E-02  4.765751E-03 -1.298715E-04
 3.285684E-03  1.645211E-04 -7.699546E-04  8.634851E-02  4.667437E-01 -5.069635E-01 -1.328396E-01 -5.512363E-03 -2.900569E-03 -2.158870E-03
 2.507628E-03
  MODE     108
-4.453451E-05  3.267614E-05 -5.624427E-05  2.427731E-05 -9.079325E-05 -5.283574E-06 -2.772556E-06 -1.067008E-06 -9.088360E-07  9.818834E-06
-4.264983E-06  3.886501E-05  1.551354E-05 -6.778202E-05  3.393364E-03  3.090107E-06 -3.968704E-04 -2.109530E-04  9.010732E-07  2.273069E-06
 3.096937E-07 -5.405206E-04 -1.014970E-03 -1.482138E-04  1.279066E-03  6.766015E-04 -2.687382E-05 -5.777283E-02 -9.251896E-02 -9.729496E-06
-1.096227E-06 -3.364535E-03  3.873408E-06  3.046362E-07  5.550334E-06 -1.585487E-06  1.489197E-05  2.169808E-06  4.452017E-06  3.620847E-07
 2.896241E-04  2.183639E-04  5.180737E-04  1.340029E-03 -3.075682E-06  2.484172E-06 -2.537833E-05 -8.937056E-06 -4.954841E-04 -1.437393E-02
-7.867248E-04  4.102746E-06 -1.710327E-05  1.633570E-05 -6.841708E-06  2.125586E-07  1.169366E-05 -3.567435E-02 -1.289855E-05  7.262393E-06
 4.128343E-04  1.740747E-03  3.788857E-03 -3.279835E-01 -1.501042E-01  3.302688E-03  1.454260E-04  3.184444E-03  3.989157E-03 -3.749007E-04
-8.405315E-04 -7.003464E-02 -1.690815E-01  5.690925E-03 -1.074395E-03  2.111056E-01  3.421957E-04 -5.780741E-02  5.865336E-03  3.096561E-03
-4.494445E-04 -4.758939E-01  5.736662E-03  1.234327E-03 -1.259787E-03  8.733083E-04 -2.473830E-03 -2.582815E-03 -1.923503E-03 -1.880961E-01
 4.996768E-03  1.119336E-01 -1.720789E-03  1.610861E-03  9.470788E-04 -4.298206E-04  1.755984E-03  1.759924E-04 -5.442366E-04  5.879159E-05
-1.018110E-03  1.364325E-02 -4.314041E-04 -8.671036E-03  5.036128E-03  7.013709E-03  1.344485E-03 -3.050627E-01  3.596882E-01 -5.186186E-01
 9.348652E-02
  MODE     109
-4.810785E-06  3.535507E-06 -6.081251E-06  2.626414E-06 -9.821924E-06 -5.685368E-07  9.660673E-08  3.575621E-06  5.267883E-07  6.555961E-06
-8.837479E-06  1.199027E-04 -2.413018E-04  9.515736E-04 -4.979103E-02 -5.964779E-07  3.496199E-03 -1.171501E-03 -8.095798E-06 -1.334799E-05
-1.544903E-06 -3.377117E-03  9.164638E-03  4.539229E-05 -1.137149E-02  2.932584E-03  7.890501E-04 -7.219433E-02  4.926598E-02 -1.560608E-05
-8.680469E-05 -2.786456E-02  4.353101E-06 -4.696223E-06  4.691864E-06  1.928238E-05  1.126798E-05 -7.314872E-05 -1.499362E-05  5.542515E-06
 8.009088E-05  2.383155E-04  4.397354E-03 -1.203437E-02  4.236899E-07  2.538481E-05  1.755453E-04 -1.891853E-05 -3.371953E-03  1.323668E-01
 6.831314E-03 -9.631018E-05  5.569309E-05  7.962535E-06  3.684812E-06 -1.726552E-05  3.902025E-06 -5.606761E-02  3.171146E-05  7.480441E-06
 3.097609E-04 -7.063941E-03 -4.487336E-03  6.982925E-03  3.647712E-03  1.220507E-02  6.304544E-04 -3.273200E-02 -3.192989E-02 -6.386176E-06
-8.917446E-03  2.122878E-01 -3.106887E-01 -5.257714E-02 -1.321156E-02 -1.739053E-01  6.719218E-04 -3.920668E-01 -5.103327E-02  1.877131E-02
-4.219959E-03  9.582449E-02  5.034610E-03  1.217420E-03 -1.643349E-03 -8.486679E-03  1.821220E-02 -2.594426E-03 -1.344020E-02 -2.704454E-01
-4.675009E-02 -2.205150E-01 -6.789022E-03  1.044329E-03 -7.445169E-03 -7.191297E-04  1.788317E-03  3.134783E-03  6.333542E-03  2.287697E-03
-5.420627E-04  2.267920E-03 -5.317293E-04 -1.066132E-02 -2.237708E-03 -7.662461E-03  8.841002E-05 -2.431888E-01  4.734104E-01  4.632269E-01
-4.596684E-02
  MODE     110
 3.176875E-08 -2.220445E-08  3.911594E-08 -1.476332E-08  6.003247E-08  4.726974E-09  1.088573E-05 -4.925718E-06  8.920219E-06 -6.106718E-06
 5.353702E-07  2.602729E-05 -3.379471E-05  1.263338E-04 -7.395235E-03  5.315917E-06 -2.379327E-02  1.666321E-04 -2.503478E-05 -1.381525E-05
 2.188257E-05  1.296254E-04 -6.163133E-02  1.208049E-04  7.753740E-02 -3.290017E-04  7.998564E-05 -9.704651E-03  8.803168E-03 -1.452545E-05
 2.285014E-05 -4.089981E-03  2.471598E-06  6.293361E-07  1.463942E-05 -7.014946E-05  2.817126E-05 -6.293967E-05  2.265939E-05 -1.601549E-05
 1.404383E-04  1.493375E-04  3.400687E-04  8.136452E-02  2.883623E-06 -8.595986E-06  9.150002E-06 -2.961681E-05 -2.853897E-04  1.985666E-02
-4.588816E-02  6.510459E-05  2.821597E-05  3.619882E-05  1.144095E-06  4.760027E-05 -7.624887E-06 -7.785278E-03 -2.431635E-04  5.322438E-06
 4.646796E-04  4.720931E-02  3.919941E-04  6.454588E-03  3.241847E-03 -8.693113E-04 -6.636965E-04  2.196659E-01  2.172421E-01  9.372700E-04
 2.204793E-03  3.277174E-02 -4.316407E-02  3.575904E-01  1.409943E-03 -2.911497E-02  9.392449E-05 -5.685976E-02  3.467481E-01 -5.693120E-04
-2.649302E-03  2.198746E-02  6.944450E-04 -7.953300E-03  2.074876E-04  5.834131E-02 -1.219685E-01 -5.790598E-04 -5.436172E-04 -3.701817E-02
 3.183626E-01 -3.420245E-02  4.632373E-03  2.112010E-04  5.028631E-02 -3.456993E-04  2.661923E-04  3.330342E-05 -4.376474E-02  5.792458E-04
-2.343375E-04  2.835441E-04  1.393466E-03 -3.670277E-03 -1.100281E-02  8.900874E-03 -2.226909E-03 -5.892851E-01 -3.822406E-01  8.089235E-02
-3.625653E-03
  MODE     111
 5.183030E-07 -3.868000E-07  6.614471E-07 -2.717606E-07  1.055810E-06  6.343431E-08 -8.473449E-06 -2.803391E-06  4.206226E-06 -2.720475E-06
 1.099975E-07  1.017728E-05  2.050701E-05 -6.496838E-05  2.268393E-03 -1.535169E-05 -1.750545E-04 -2.492981E-02  1.596866E-05  2.262447E-05
-1.494890E-05 -7.250968E-02 -4.095525E-04  2.379309E-05  9.006853E-04  6.602325E-02 -4.445213E-05  3.712536E-03 -1.487651E-03 -4.317193E-05
-1.725519E-05  1.309479E-03  1.532761E-06 -5.461940E-06 -5.030227E-05 -6.053706E-07  8.763198E-05 -3.408272E-06 -9.070359E-05  2.096593E-06
 2.788966E-05 -9.971039E-05  9.341743E-02  6.625217E-04  1.384282E-05  5.871576E-05 -1.651595E-05 -3.270901E-05 -5.585089E-02 -6.408381E-03
-4.219684E-04  2.233303E-05  1.302350E-05  5.563902E-05  2.276080E-05  4.750094E-06 -1.436078E-06  2.860063E-03 -3.419328E-05  7.037057E-06
 6.814269E-06  1.389775E-03 -8.718844E-02  1.912668E-03  2.519988E-04  2.660313E-01  5.230264E-03  1.668377E-03  3.912799E-03 -1.208207E-03
-1.934991E-01 -8.933072E-03  1.537793E-02  3.685645E-03 -2.746526E-01  7.492639E-03 -2.659760E-04  1.844479E-02  2.476863E-03  4.048584E-01
-9.942301E-02 -8.239211E-04 -2.080783E-04  8.712627E-03  1.019664E-04  4.303393E-04 -1.596394E-03  8.653261E-04 -2.944063E-01  1.376291E-02
 3.186523E-03  9.132243E-03 -1.420651E-01 -7.909530E-05  3.964853E-04 -2.025989E-04 -4.286867E-05  6.815677E-02 -6.794822E-04 -3.151838E-04
 4.495825E-04 -5.043032E-04 -2.661497E-03  5.946765E-05  4.286621E-05  1.750713E-04  1.100188E-02  2.174388E-02 -1.892260E-02  1.001793E-01
 6.993919E-01
--------------------------------------------------------------------------------------------------------------------------------------------
  END_DUSH_DATA_1
  BEGIN_DUSH_ORTH_TEST EPS =     0.100000E-02
  END_DUSH_ORTH_TEST
END_DUSH_1
BEGIN_DUSH_2     Delta DUSH =   75.31 %
  BEGIN_DUSH_INFORMATION2
  Qe = S(e,g) Qg + De
  END_DUSH_INFORMATION2
  BEGIN_DUSH_DATA_2
--------------------------------------------------------------------------------------------------------------------------------------------
  MODE       1
-5.434347E-01  5.082099E-01 -3.923589E-01 -1.672550E-01  3.170314E-01  4.049255E-01 -3.891913E-06 -2.406139E-06  3.587551E-06 -6.767214E-04
-1.960471E-04 -1.050631E-03 -1.403879E-03  4.662578E-04  6.399785E-04  2.284203E-05  7.442631E-06 -4.740797E-07  8.103449E-08 -1.702284E-05
 2.524247E-06  1.591250E-06 -2.113117E-07 -2.898215E-06 -1.275120E-06  1.278928E-06  3.707460E-04  7.943684E-04  1.167535E-05 -1.638238E-04
 3.159075E-07  1.310277E-06 -4.904877E-04 -7.921164E-05  6.136628E-07 -1.790133E-06 -4.678673E-04 -4.839527E-04 -1.186851E-06 -9.239150E-05
 3.014305E-04  2.671838E-06  2.022629E-06  5.740854E-07  8.968763E-04 -5.419260E-06 -1.447271E-06 -1.963124E-06  6.696611E-07  2.111471E-04
 2.112470E-04 -2.925618E-07 -7.745018E-04  5.139475E-06 -3.551290E-07  6.776389E-07  2.602091E-05 -2.038092E-04 -7.252092E-07  3.111289E-04
-6.282788E-06 -6.677052E-06  2.299086E-04  1.627416E-04 -2.492112E-07 -9.397885E-07 -2.163143E-04  1.105615E-05 -4.777428E-06 -2.392794E-04
-2.772244E-04 -1.300961E-04 -1.031909E-06 -2.529363E-07  1.690000E-04 -5.339542E-07  3.948360E-07  1.686941E-07  8.579373E-08 -7.360528E-07
 5.618262E-05 -2.763751E-04 -2.392386E-04  3.268632E-04  1.220683E-04 -2.084018E-06  1.828064E-06 -1.956478E-07  8.102840E-07 -1.645313E-05
-3.807641E-05 -2.837826E-04 -1.198446E-07 -2.467477E-08 -2.659798E-04 -6.214364E-07 -2.027361E-06 -1.429004E-04 -3.010609E-04 -3.593535E-05
 3.074349E-05 -3.014056E-06 -1.285686E-06  3.502534E-05 -2.714240E-06  7.591475E-06  2.013558E-07 -4.453451E-05 -4.810785E-06  3.176875E-08
 5.183030E-07
  MODE       2
-1.018244E-01  2.432091E-01  8.771422E-01  1.392859E-01  1.585865E-01  3.413921E-01  3.155524E-06  1.891081E-06 -3.645990E-06 -2.233877E-04
-2.562923E-04  7.422318E-04 -6.983032E-04 -4.703061E-04 -5.839177E-04  6.666150E-07 -9.765656E-06  8.959283E-06  5.018746E-06  8.433176E-05
-2.175714E-06 -1.109630E-06 -8.408090E-07  2.705033E-06 -7.122698E-07 -9.024355E-07 -2.725159E-04 -5.831575E-04  1.813017E-04 -7.552552E-05
-2.459432E-07 -5.547167E-07 -1.823909E-04 -6.433822E-04 -7.243381E-07  7.488322E-07  9.848835E-05 -5.007947E-04 -8.238140E-07  7.314286E-05
-2.182941E-04  1.524861E-06  4.291546E-07  2.642645E-07  3.544346E-04 -1.258296E-04 -2.732319E-07  2.589448E-07 -1.855727E-07 -1.550102E-04
-1.551148E-04  1.592361E-07 -3.096752E-04 -1.552523E-04  7.197773E-07 -2.911144E-07  3.736170E-04 -1.076617E-04  3.348890E-06 -2.279865E-04
 4.608253E-06  4.463859E-06 -1.687731E-04 -1.195494E-04  1.277104E-07  7.808159E-07  1.589445E-04 -8.046269E-06  3.531242E-06  1.755738E-04
 2.032078E-04  9.547190E-05  7.321098E-07  6.266205E-08 -1.239797E-04  3.293133E-07 -2.953610E-07 -9.409847E-08 -5.571165E-08  5.136942E-07
-4.122680E-05  2.027575E-04  1.755654E-04 -2.390826E-04 -8.947553E-05  1.833143E-06 -1.401525E-06  1.866845E-07 -6.187223E-07  1.241342E-05
 2.798807E-05  2.082633E-04 -6.982285E-08  1.829681E-07  1.954144E-04  5.030941E-07  1.620195E-06  1.048353E-04  2.211886E-04  2.635336E-05
-2.256295E-05  2.214571E-06  9.375485E-07 -2.570373E-05  1.990217E-06 -5.569219E-06 -1.472432E-07  3.267614E-05  3.535507E-06 -2.220445E-08
-3.868000E-07
  MODE       3
 4.305566E-02 -1.172830E-01 -2.397172E-01  8.954305E-01 -1.392704E-02  3.534541E-01 -5.207239E-06 -3.165418E-06  5.518234E-06 -1.552265E-04
 1.599321E-04 -1.296646E-03 -6.656049E-05  7.651308E-04  9.189791E-04  1.161411E-05  1.364684E-05 -9.159809E-06 -4.955366E-06 -9.248894E-05
 3.505075E-06  1.949341E-06  7.699472E-07 -4.258182E-06  1.276507E-07  1.577620E-06  4.687103E-04  1.003569E-03 -1.867510E-04 -1.468184E-05
 4.148638E-07  1.256125E-06 -9.049240E-05  6.404514E-04  1.064689E-06 -1.669107E-06 -3.767047E-04  2.528760E-04  1.180250E-07 -1.210242E-04
 3.776008E-04 -9.650930E-08  6.605998E-07  5.422577E-08  1.431391E-04  1.310171E-04 -4.601854E-07 -1.340517E-06  5.465637E-07  2.667277E-04
 2.669177E-04 -3.131803E-07 -1.197464E-04  1.686446E-04 -8.976183E-07  6.403822E-07 -3.835043E-04 -3.510889E-06 -3.891094E-06  3.926602E-04
-7.933078E-06 -8.014763E-06  2.904349E-04  2.056755E-04 -2.568823E-07 -1.283128E-06 -2.734065E-04  1.390184E-05 -6.054449E-06 -3.022142E-04
-3.499143E-04 -1.643133E-04 -1.280297E-06 -1.895179E-07  2.134055E-04 -6.109573E-07  5.039029E-07  1.824388E-07  9.579205E-08 -9.048758E-07
 7.096291E-05 -3.490201E-04 -3.021641E-04  4.121094E-04  1.540457E-04 -2.956271E-06  2.379001E-06 -2.920259E-07  1.052754E-06 -2.107706E-05
-4.813184E-05 -3.584476E-04  2.122904E-08 -2.072231E-07 -3.361270E-04 -8.324531E-07 -2.706185E-06 -1.804623E-04 -3.805103E-04 -4.537093E-05
 3.883235E-05 -3.809315E-06 -1.617929E-06  4.423922E-05 -3.426490E-06  9.586742E-06  2.539398E-07 -5.624427E-05 -6.081251E-06  3.911594E-08
 6.614471E-07
  MODE       4
 6.518379E-01 -4.553423E-02 -1.031065E-01 -1.424618E-01  7.013414E-01  2.241033E-01  2.293239E-06  1.265238E-06 -2.523004E-06 -8.319204E-05
 3.718269E-04  6.209016E-04  4.295780E-04  1.087420E-03 -4.308013E-04 -9.850399E-06 -4.974483E-06  3.135672E-07 -2.646557E-07  2.159909E-05
-1.504718E-06 -9.422215E-07  1.395271E-06  9.576661E-07  3.429139E-06 -7.477540E-07 -2.022565E-04 -4.323517E-04 -3.553780E-04  2.301787E-05
-1.222123E-07 -5.572246E-07 -1.489757E-05  1.223437E-03  1.365375E-07  1.807631E-06 -5.489112E-04  6.212479E-04 -1.227511E-06  7.739733E-05
-1.706345E-04 -1.599018E-06 -8.657552E-07 -1.522238E-08 -1.459678E-05  2.444692E-04  1.888463E-06  7.949740E-08 -2.308231E-07 -1.157447E-04
-1.148996E-04  1.923073E-07  2.032265E-05  3.140129E-04  4.003032E-07 -6.581748E-07 -7.252610E-04  5.968073E-05 -4.395008E-06 -1.690755E-04
 3.427753E-06  3.230405E-06 -1.255432E-04 -8.865166E-05  2.189640E-07  3.616735E-07  1.182629E-04 -5.912349E-06  2.739390E-06  1.301279E-04
 1.512535E-04  7.110459E-05  5.089322E-07  3.493390E-07 -9.242847E-05  3.262941E-07 -2.256217E-07 -1.222325E-07 -1.942237E-07  3.598224E-07
-3.052521E-05  1.506122E-04  1.306564E-04 -1.769958E-04 -6.737386E-05  5.325571E-07 -7.110577E-07  5.043604E-08 -2.944446E-07  1.011337E-05
 2.093205E-05  1.545961E-04  4.973999E-07 -3.198450E-07  1.462395E-04  3.180646E-07  7.248288E-07  7.783235E-05  1.641552E-04  1.958617E-05
-1.676885E-05  1.651558E-06  7.022492E-07 -1.910068E-05  1.483428E-06 -4.137532E-06 -1.060766E-07  2.427731E-05  2.626414E-06 -1.476332E-08
-2.717606E-07
  MODE       5
 5.924269E-03  5.029714E-01  2.208228E-02  3.581573E-01  3.310385E-01 -7.131744E-01 -8.638894E-06 -5.068812E-06  9.680541E-06  3.557886E-04
-9.623644E-06 -2.146512E-03  4.700036E-04 -3.230301E-04  1.591644E-03  1.384390E-05  2.356285E-05 -1.576830E-05 -8.281920E-06 -1.713881E-04
 5.843339E-06  3.228195E-06 -1.507564E-07 -6.206440E-06 -2.821588E-06  2.602113E-06  7.568513E-04  1.619257E-03  8.721287E-05  7.481272E-05
 6.126285E-07  1.800397E-06  2.424058E-04 -2.742024E-04  1.195987E-06 -3.608736E-06  3.598978E-04  8.061871E-05  2.567216E-06 -2.276056E-04
 6.166400E-04 -3.600983E-07  5.850858E-07 -3.343090E-07 -4.325071E-04 -5.763510E-05 -1.888818E-06 -8.774285E-07  6.924599E-07  4.313298E-04
 4.305859E-04 -5.381065E-07  3.710697E-04 -8.280642E-05 -1.740094E-06  1.350118E-06  1.721859E-04  8.197779E-05 -9.689482E-07  6.332037E-04
-1.280920E-05 -1.241184E-05  4.690967E-04  3.319547E-04 -5.061747E-07 -1.904546E-06 -4.417767E-04  2.229983E-05 -9.934479E-06 -4.874901E-04
-5.649848E-04 -2.654637E-04 -2.001280E-06 -5.405783E-07  3.448435E-04 -1.020855E-06  8.262011E-07  3.268096E-07  3.266208E-07 -1.409368E-06
 1.144341E-04 -5.633507E-04 -4.880569E-04  6.637823E-04  2.496339E-04 -4.097521E-06  3.512284E-06 -4.101369E-07  1.529462E-06 -3.540090E-05
-7.790835E-05 -5.785132E-04 -4.551376E-07  3.841462E-08 -5.440843E-04 -1.324567E-06 -3.937011E-06 -2.912334E-04 -6.143188E-04 -7.323532E-05
 6.269751E-05 -6.159527E-06 -2.612766E-06  7.142278E-05 -5.535584E-06  1.547448E-05  4.055511E-07 -9.079325E-05 -9.821924E-06  6.003247E-08
 1.055810E-06
  MODE       6
-5.172246E-01 -6.432397E-01  8.992149E-02  4.740446E-02  5.221854E-01 -1.889698E-01 -3.549558E-07 -2.754757E-07  6.846655E-08 -3.483821E-04
-2.069935E-05 -1.158906E-04 -5.900913E-04  4.251142E-04  3.037316E-05  6.750302E-06 -1.956962E-07  1.579046E-06  8.996723E-07  1.510498E-05
 2.008565E-07  1.777196E-07  1.635314E-07 -4.177664E-07  3.416224E-07  1.436443E-07  4.384918E-05  9.438732E-05 -6.538906E-05 -7.569898E-05
 4.949847E-08  2.780241E-07 -2.430281E-04  2.052390E-04  1.595820E-07 -7.432996E-08 -3.375832E-04 -1.133940E-04 -1.009798E-06 -2.018265E-06
 3.444807E-05  9.304371E-07  6.692235E-07  2.844092E-07  4.360371E-04  4.586175E-05 -9.991060E-08 -7.459065E-07  1.763514E-07  2.484609E-05
 2.511617E-05 -3.549358E-08 -3.749531E-04  6.514760E-05  1.048987E-07  3.435811E-08 -1.318535E-04 -8.763654E-05 -9.629124E-07  3.712429E-05
-7.448715E-07 -9.942324E-07  2.719849E-05  1.929996E-05 -1.553237E-08 -1.385648E-07 -2.551992E-05  1.357787E-06 -5.222700E-07 -2.847806E-05
-3.288947E-05 -1.537718E-05 -1.428683E-07  8.964317E-09  1.996562E-05 -6.475246E-08  4.273076E-08  1.670572E-08 -3.175437E-08 -1.044457E-07
 6.694643E-06 -3.280859E-05 -2.830743E-05  3.926823E-05  1.425522E-05 -3.672778E-07  2.893780E-07 -3.160806E-08  1.348222E-07 -1.551878E-06
-4.456446E-06 -3.369001E-05  8.297907E-08 -6.978821E-08 -3.114188E-05 -7.094422E-08 -3.272574E-07 -1.697626E-05 -3.565222E-05 -4.266890E-06
 3.643554E-06 -3.545156E-07 -1.532186E-07  4.152421E-06 -3.211445E-07  9.010596E-07  2.506548E-08 -5.283574E-06 -5.685368E-07  4.726974E-09
 6.343431E-08
  MODE       7
-3.244402E-07  3.646302E-07 -1.685025E-07  3.598606E-07  1.727663E-08 -2.930297E-07  3.391935E-03  9.998973E-01  3.689298E-04 -6.714470E-05
 4.496440E-04 -3.610755E-03  2.007074E-04  1.284424E-04 -1.553996E-03  1.643561E-05  1.092625E-05 -7.569392E-04 -5.366284E-04 -1.636012E-04
-2.271099E-03 -1.281143E-05  6.952274E-04 -3.338479E-04  4.186592E-04 -1.847534E-04 -2.030140E-04 -1.623015E-04  5.891376E-07  4.139415E-06
 1.063863E-02  1.641101E-06 -8.791172E-07  2.855744E-05  5.274628E-03  2.113270E-03  2.403150E-05 -1.985400E-05 -1.257706E-06  2.881628E-04
-2.262602E-04  6.129545E-05 -3.475862E-05  1.023723E-06  9.174487E-07 -3.278184E-05  3.515248E-05 -1.103094E-04 -8.704003E-06 -2.504484E-05
 1.371364E-05  3.910973E-03 -1.120435E-06  3.862257E-06  9.745795E-07  2.576011E-03  1.309525E-05 -8.560256E-07 -1.815115E-03 -2.361142E-04
-1.572432E-04 -1.125519E-04 -4.520216E-05 -1.430435E-04  1.185998E-05  7.467850E-05 -1.063252E-05  1.129215E-05  7.776528E-05  1.431396E-04
-8.028574E-05  2.065282E-05 -3.270907E-06 -5.276000E-05  2.595745E-05 -4.351095E-05 -3.874845E-05  1.699518E-06 -4.446618E-06  1.624564E-06
 9.755455E-06 -2.120791E-05 -1.548851E-05  1.957311E-04  9.746566E-06  9.427538E-05 -2.239201E-05 -2.814045E-05  1.005742E-05  1.284699E-04
-3.292080E-07 -2.693003E-05 -6.634891E-05 -4.500361E-05  1.484854E-04  6.338881E-06 -2.581389E-06 -7.634811E-06 -6.384396E-06 -1.297347E-06
-2.439883E-05  2.199976E-05 -1.924040E-05 -1.787079E-05 -1.254249E-05  3.098572E-06 -9.664777E-06 -2.772556E-06  9.660673E-08  1.088573E-05
-8.473449E-06
  MODE       8
 8.501733E-09  2.435306E-08 -2.346972E-08  3.905287E-08 -4.285986E-09 -4.882707E-08  9.997355E-01 -3.401205E-03 -1.669933E-02  1.875104E-04
-1.119443E-05 -4.088800E-03  2.104020E-04  1.384243E-04  4.247929E-04 -3.034625E-03  7.726192E-03 -6.548266E-04 -7.361255E-04  3.657819E-03
-1.915479E-05 -8.427047E-04  8.684207E-04 -3.500215E-04  1.206197E-03 -1.225405E-05  3.918121E-05  1.010427E-05 -9.423856E-06  1.308872E-06
 2.547128E-06 -6.890393E-03 -6.369618E-06  1.359554E-06  1.579279E-06  4.613886E-07  1.409324E-05  5.819878E-06 -7.201206E-03 -2.273386E-04
-1.873917E-04 -2.537410E-04 -1.996524E-04 -5.497227E-03  4.961447E-07 -3.013190E-06 -1.098502E-04 -2.474379E-04  2.153522E-03  5.895268E-06
-1.596185E-05  7.430090E-07 -3.803267E-06 -2.259869E-07 -6.034541E-04 -1.431496E-06 -3.591254E-06  9.400470E-07  4.200803E-07 -4.115413E-04
-1.417040E-04 -2.249072E-04 -2.428996E-05 -2.017653E-04  1.735737E-05  7.654030E-05  2.173945E-05  4.088400E-05 -2.792633E-05  1.800749E-04
 1.048085E-05  2.278796E-06  7.228186E-06 -4.771322E-05  5.521719E-05  1.315646E-05 -5.842759E-05 -5.008248E-05  8.075068E-06  3.492291E-05
-1.068281E-05  8.959312E-06 -1.492498E-05  8.499394E-05  2.999557E-05  2.986658E-05  1.030884E-05 -1.084991E-05 -1.778210E-05  2.938783E-05
-6.630518E-06 -1.038234E-05 -2.803113E-06 -3.286702E-06  4.914941E-06 -1.964797E-05 -2.029777E-05  2.698606E-05 -4.637834E-05  5.047911E-06
 4.907606E-06 -3.548389E-06 -3.982746E-06 -6.735359E-07 -3.629157E-06  8.688337E-07  8.801833E-07 -1.067008E-06  3.575621E-06 -4.925718E-06
-2.803391E-06
  MODE       9
-9.388570E-08  1.366281E-09 -2.156524E-08 -3.417177E-09  6.681729E-08  1.016266E-07  1.670032E-02 -4.003989E-04  9.992123E-01 -4.482253E-04
-7.496688E-05  6.282911E-03 -6.133993E-04 -5.881332E-05  6.988686E-04  1.623877E-02  1.075566E-02 -2.780846E-04  2.219408E-04 -7.037463E-03
 5.078516E-05  2.808280E-02 -5.488893E-04  3.831737E-04 -1.520345E-03 -4.837685E-05  1.402273E-05  2.213111E-05  1.504595E-05  1.383812E-05
-3.192435E-06 -1.123002E-03  1.111197E-06  4.837311E-06  3.617601E-06 -1.116620E-05 -3.585881E-05  5.814724E-06 -4.713883E-04 -9.417589E-04
 6.363753E-04  4.601794E-04  3.751298E-04 -3.324141E-03 -6.271746E-06  4.863678E-06  2.020841E-05 -9.094204E-05  2.734802E-03  6.745562E-06
 1.488351E-06 -6.289800E-07  7.683057E-06 -8.735243E-07  3.235970E-03  3.050807E-06  4.396480E-06  3.291561E-06 -3.868649E-06  1.227553E-03
 3.731030E-05  1.538223E-04  3.153880E-05  6.515753E-05 -2.501931E-05 -3.271592E-05 -1.609381E-05  1.555309E-05 -3.017595E-05 -6.385228E-04
 1.297629E-05 -8.208670E-06  2.519109E-05 -1.553858E-05  4.369214E-06  1.314850E-05  3.761821E-05  3.389078E-05  3.871141E-05 -1.009338E-05
-8.580607E-06  1.254585E-05 -6.646282E-06 -5.254182E-04  1.580856E-04  1.460126E-04 -5.745176E-05  2.338558E-05 -2.479557E-05 -3.281499E-04
-9.870654E-06  4.845112E-05 -1.098773E-04  6.275356E-05 -2.607803E-04  1.713474E-05  9.418949E-05  1.456695E-05  5.952385E-05 -1.430941E-06
 4.269110E-06  9.877459E-06  3.526249E-06  5.312012E-07 -1.127723E-06 -6.612212E-06 -2.587551E-06 -9.088360E-07  5.267883E-07  8.920219E-06
 4.206226E-06
  MODE      10
-6.251789E-04  2.283563E-05 -3.834936E-05 -8.558576E-05  3.435999E-04  6.281838E-04 -1.344997E-04 -3.550409E-05  3.831881E-04  9.684673E-01
 2.419114E-01  2.934327E-03  4.276942E-02 -1.499284E-02  4.074774E-03 -8.918336E-04  4.809768E-04 -1.542077E-03 -1.038463E-03 -1.136064E-02
 6.512535E-05  4.520906E-05 -2.244214E-04 -4.821596E-06 -2.938880E-04  1.328377E-04  9.018987E-06 -1.056249E-04 -9.451631E-04 -1.596939E-02
-2.076727E-06  2.270981E-05 -7.189116E-03 -1.270046E-04  3.205191E-06 -9.546861E-06 -2.202373E-02 -1.994335E-02 -6.594551E-05 -5.570274E-05
 1.499151E-04  3.829957E-05  5.028702E-05  1.352456E-06  7.662029E-03  6.766815E-05 -1.477178E-07  1.696370E-05  9.433092E-06 -1.807795E-06
-8.035439E-06  6.906809E-07  9.103423E-03 -2.746386E-04 -1.353983E-06  4.715102E-06  9.411152E-05  1.231116E-03 -5.972746E-06  1.315293E-03
 1.070327E-04  8.385234E-05  3.219737E-05  2.476508E-05  2.611678E-05 -2.744593E-05 -3.824290E-05  2.172467E-05 -7.654370E-06 -5.659740E-04
-4.010148E-05 -4.669992E-05 -6.742979E-06  1.000343E-05 -1.998182E-05 -1.962598E-05  1.016843E-07  2.953696E-05  7.492717E-06  9.936853E-06
-2.284017E-05  2.911562E-05 -2.272969E-05 -4.032697E-04  3.196056E-05 -1.954019E-05  1.855247E-05  1.148420E-05 -2.417990E-05 -1.729273E-04
-3.522519E-05 -5.551603E-06 -1.701674E-05  3.397163E-05 -1.337162E-04 -2.923002E-06  1.068756E-05 -9.210237E-06 -1.152459E-05  4.650324E-07
-9.015068E-06 -1.250191E-05 -6.888006E-06 -1.166229E-06 -3.715134E-06  6.084570E-06  2.312838E-06  9.818834E-06  6.555961E-06 -6.106718E-06
-2.720475E-06
  MODE      11
-1.703309E-04  1.245731E-04  1.659351E-04 -4.778097E-05 -1.540936E-04 -8.631137E-05  2.908150E-05 -4.581478E-04  5.576224E-06 -2.415047E-01
 9.669254E-01 -6.744161E-03 -2.483792E-02 -7.295682E-02  2.511640E-03  4.566966E-04 -1.287909E-04  3.032966E-04  8.924571E-05  3.660880E-03
 1.047129E-04  2.259531E-05  2.284221E-04 -1.559693E-04  8.563194E-04 -4.525517E-05  2.931605E-04 -2.318143E-04 -3.324607E-03  1.946480E-04
 1.672880E-04  1.577171E-06  3.531604E-04 -1.968258E-02  7.494505E-06  2.050265E-05  1.030903E-02 -1.138472E-02  2.690751E-05 -6.105262E-04
-6.025906E-05 -2.260001E-04 -2.884451E-04  5.714689E-07  2.380297E-05 -2.650310E-03 -5.232955E-05 -2.572786E-05  4.831970E-06  4.821908E-05
-3.557344E-05 -3.592209E-05 -2.775587E-05 -8.624156E-04  8.163949E-06 -1.189569E-05 -8.991615E-03  7.006518E-04 -4.586737E-05 -6.181789E-05
-6.627938E-05 -3.173406E-05  5.401398E-05 -2.837437E-05 -1.276749E-06  2.349795E-05 -4.077937E-05 -8.940518E-06 -1.047789E-05 -7.224562E-05
-5.108495E-05 -3.039095E-05  8.423466E-06 -2.148901E-07  2.803187E-05 -3.320598E-05 -1.637494E-05 -1.040093E-06  1.456851E-05  1.254359E-05
-3.414701E-05  6.022591E-05 -7.195908E-05 -1.094638E-04 -3.483612E-05 -7.595579E-05  2.839324E-05 -2.878721E-05 -5.379343E-06 -3.789678E-05
-6.854667E-05 -1.255730E-05  2.735388E-05 -6.321116E-05 -4.647747E-05 -2.853333E-05 -2.882683E-05  5.559769E-05 -1.088313E-04  2.990001E-07
-2.375103E-05  1.803915E-06  1.336718E-06 -1.585375E-05 -7.922768E-06 -1.019738E-05  3.780610E-06 -4.264983E-06 -8.837479E-06  5.353702E-07
 1.099975E-07
  MODE      12
 2.260294E-06 -2.586646E-06  2.932011E-06 -3.790439E-06 -1.587602E-06  1.740212E-06  2.513245E-03  3.360651E-03 -4.446252E-03 -2.345407E-03
 1.428266E-03  6.892363E-01 -4.271124E-02 -5.561588E-03  5.021938E-01 -4.441670E-05 -9.167153E-03  2.609209E-03  1.093504E-03  2.874334E-02
-2.742343E-03 -9.765841E-04 -8.919214E-04  1.820540E-03 -8.200914E-04 -8.535287E-04  1.341610E-04  4.707695E-01  8.718416E-04  2.742941E-04
 6.106375E-04 -3.427623E-04 -2.169017E-05 -2.311578E-05 -1.166002E-04  1.529903E-04 -6.064838E-05 -1.791231E-04  1.946956E-05 -5.752524E-03
-4.720624E-04  9.165991E-05 -5.862055E-05 -3.894060E-05 -1.077477E-04  9.965763E-05 -5.357251E-06 -2.370265E-04  2.543654E-04  3.137876E-03
 8.474785E-02 -2.719654E-05  8.072242E-05 -1.223504E-04  7.546312E-05 -1.585293E-05  7.825747E-05  4.110694E-05  3.825460E-05  7.193750E-04
-9.376384E-05  1.849370E-05 -8.113433E-04  3.291856E-04 -3.832710E-05  8.531091E-05  1.711967E-03 -3.962169E-05 -1.233695E-04 -3.319557E-04
 1.162728E-01 -1.027459E-03  1.514901E-04  1.208239E-05  1.315362E-04  1.099673E-01 -1.408919E-04 -1.778531E-04 -7.364645E-06 -7.718990E-05
-2.027507E-04  2.242575E-03  3.308687E-02  1.003561E-03  2.746832E-03  1.704795E-04 -1.482547E-04  2.598736E-05  1.436795E-04 -3.428860E-04
 1.071404E-01  3.472165E-03 -9.710908E-06  4.084691E-05  6.808188E-04 -2.614910E-05 -5.780327E-05  1.746462E-03  4.405737E-03  2.076015E-03
 5.278190E-02 -4.724197E-03 -2.729037E-03  2.993909E-03  1.268346E-03  8.038115E-04  3.068329E-06  3.886501E-05  1.199027E-04  2.602729E-05
 1.017728E-05
  MODE      13
-8.563729E-04  6.282352E-04  8.259249E-04 -2.326947E-04 -7.691580E-04 -4.356553E-04  2.851597E-05 -1.036997E-04 -6.057831E-05 -1.857283E-02
 7.492217E-02  4.448592E-02  3.207103E-01  9.391203E-01 -2.266673E-02 -3.876145E-03  7.529937E-04 -2.772489E-03 -1.898747E-03 -1.580741E-02
 1.158265E-04 -8.829309E-05  1.201769E-03 -5.826664E-04  2.545143E-03 -1.684462E-04 -3.611477E-04  7.201674E-05 -7.631878E-02  4.518832E-03
 7.018003E-05 -1.769319E-05 -2.992374E-04  1.705963E-02  7.889956E-06  3.921559E-05  3.806050E-03 -4.179974E-03 -9.751228E-06  7.969334E-04
-2.435554E-03 -8.268149E-04 -7.505172E-04 -7.037262E-06 -1.259028E-04  1.471566E-02  1.911705E-05 -9.419719E-05 -1.814833E-05  5.666147E-05
-7.562944E-05  1.696304E-06  2.334288E-04  7.800057E-03 -3.482405E-06 -5.888179E-06 -6.854644E-04  5.227315E-05 -1.906526E-06  3.382754E-04
-1.339048E-04 -1.301063E-04 -2.054516E-05  1.815625E-03 -4.087643E-06 -1.248573E-05  5.827371E-04  2.018211E-06  1.426699E-05 -9.805297E-05
 3.933166E-05  2.562677E-05  2.239396E-05  9.134336E-05  3.510767E-04  5.304645E-05 -2.955677E-05 -3.166919E-05 -2.188203E-05  2.841387E-05
-4.548026E-05  1.076494E-04 -5.962740E-05  2.452499E-05 -6.704217E-04 -3.555947E-04  1.508032E-04 -6.267825E-05  4.697087E-05  3.215800E-04
-2.256943E-05  2.812895E-04  2.322779E-04 -2.361604E-04  2.969969E-04 -5.828498E-05 -1.957282E-04  1.371627E-04 -2.025360E-04 -1.264074E-05
 1.245825E-05  4.414165E-06  1.035972E-05  1.002328E-05  5.856580E-06  7.859789E-06  6.791922E-06  1.551354E-05 -2.413018E-04 -3.379471E-05
 2.050701E-05
  MODE      14
-1.153555E-03  1.775540E-05 -4.516305E-05 -1.967048E-04  6.320034E-04  1.198507E-03 -1.484487E-04 -4.659892E-05  4.109276E-04 -4.518174E-02
-1.138285E-02 -1.052697E-02  9.398201E-01 -3.187612E-01  9.231695E-02 -7.866160E-03  2.104868E-03 -3.101175E-03 -2.097798E-03 -3.185326E-02
 1.743788E-04  1.348468E-04  4.012768E-04 -2.593109E-04  8.091817E-04  2.721666E-04  5.014885E-04  2.914889E-04 -3.021203E-03 -5.079966E-02
-8.940419E-06  1.864978E-05  1.960708E-02  3.531583E-04  1.758044E-05 -3.423032E-05 -3.760849E-03 -3.308051E-03  4.264190E-05 -1.749179E-03
 5.731319E-03 -1.538665E-04 -6.081144E-05 -6.590735E-06 -8.872160E-03 -5.939031E-05 -4.644829E-05 -4.438187E-06  3.841021E-05 -1.144961E-04
 9.197980E-05 -2.279322E-06  5.913580E-03 -1.806778E-04  1.440483E-05  2.872286E-06 -1.871209E-05 -2.495081E-04 -6.574160E-06  2.179840E-03
 4.183162E-05  6.592329E-06  2.098788E-05 -7.474662E-03  3.891705E-05  4.161474E-05 -2.344363E-03  6.602437E-05 -4.030042E-05 -1.088536E-03
-8.063478E-06 -1.489100E-05 -6.440311E-06 -7.929649E-05 -1.628954E-03 -7.179205E-05 -4.658784E-05 -3.308466E-06  1.134573E-05  2.522401E-05
 1.170346E-04 -2.466778E-04  8.110457E-05 -4.406354E-04  1.382157E-03  4.103764E-05  1.727253E-05 -3.608329E-06 -1.920120E-05 -5.992571E-04
-1.532932E-05 -1.657156E-03 -2.964987E-05  6.610099E-05 -3.617686E-04 -1.668788E-05 -2.061760E-05 -2.698683E-04 -6.346311E-05  5.400010E-05
 2.107218E-05 -1.971655E-05 -1.808142E-05  3.036392E-06  4.757434E-06  4.735025E-06  9.364472E-06 -6.778202E-05  9.515736E-04  1.263338E-04
-6.496838E-05
  MODE      15
-9.493712E-04  1.311868E-03 -1.400555E-03  1.902823E-03  6.273591E-04 -1.110172E-03  2.308614E-03  7.137449E-04 -2.297079E-03 -2.451013E-03
 1.455446E-03  5.000776E-01  5.739540E-02 -6.169988E-02 -6.851963E-01 -8.843615E-03 -3.154241E-03  1.019013E-03  9.058420E-04 -7.130289E-04
-5.665027E-04 -6.632348E-04  6.687827E-04  1.263277E-03  1.025022E-03 -1.014185E-03 -1.478422E-02 -3.336576E-04  7.702124E-04 -1.112637E-03
 1.585070E-04 -1.181138E-03  7.368352E-04  1.899926E-04 -5.126867E-04  9.128916E-04  1.773679E-03 -1.295051E-03 -5.443698E-04  1.789879E-02
-2.905579E-01 -2.841024E-04 -9.213392E-04 -1.035299E-04  1.416999E-04 -7.693471E-04 -2.293432E-04 -3.773438E-04 -9.356216E-04  8.015385E-03
-3.374274E-03  1.075905E-04 -7.514096E-05  8.481538E-05 -1.132067E-04  1.008387E-04 -2.859286E-05  9.351979E-05 -3.866358E-05 -2.634304E-03
 3.247628E-04 -1.602468E-03  2.794657E-04  3.869861E-01 -8.215520E-04 -8.341050E-05  1.218395E-01  4.496182E-04 -1.117417E-04  2.058210E-03
 5.408253E-03  6.110621E-04 -5.685712E-05 -2.273861E-05  8.747188E-02  6.624406E-03  1.539589E-04 -8.401876E-05  3.558497E-05 -1.303612E-04
-6.052143E-03  1.363024E-02 -4.304624E-03 -1.976313E-02 -6.826347E-02  2.192979E-04  4.570838E-04  5.286205E-06 -1.771174E-04  7.445518E-03
 1.610494E-03  8.756820E-02 -6.657607E-05 -1.916303E-05  1.073903E-03 -5.562852E-05  2.155438E-05  1.526308E-02  9.456992E-04 -2.284692E-03
 5.080705E-05  3.518622E-05  1.460062E-05 -1.454181E-04 -8.381489E-06 -4.144952E-05  4.052119E-05  3.393364E-03 -4.979103E-02 -7.395235E-03
 2.268393E-03
  MODE      16
-1.015204E-07 -7.828912E-08  9.299181E-08 -1.536335E-07  3.785327E-08  2.316570E-07 -8.390512E-03  6.420967E-05 -8.592493E-03 -1.859447E-04
-2.048885E-06  9.553311E-03 -2.165678E-03 -2.646445E-04  3.277324E-03 -6.320530E-02  9.966517E-01  2.007278E-03 -1.696235E-04  2.620054E-02
-1.273416E-04 -3.080517E-02  9.337997E-04 -5.498336E-04  2.034128E-03 -1.627069E-04  1.184448E-05  1.403256E-05 -8.712268E-06  7.953699E-06
 3.506985E-06 -6.833949E-03 -7.943843E-06 -4.239817E-06 -4.042569E-06  1.223208E-05  7.091149E-05  5.024266E-06 -2.315359E-02  7.014572E-04
-5.009639E-04 -3.712972E-04 -3.341619E-04 -1.194484E-02  3.697719E-06 -4.594035E-06 -5.808121E-05  4.393118E-04 -7.176906E-03 -1.965397E-05
 9.779039E-06  7.511928E-07 -3.619830E-06  6.598669E-07 -3.743252E-03 -3.183644E-06 -1.903072E-06  4.247971E-06  4.040632E-06 -1.266660E-03
-7.252516E-05 -6.359952E-05 -2.125079E-05 -9.122231E-05 -1.358116E-05  4.497024E-05  9.266186E-06 -2.940628E-05 -2.371090E-05  6.464758E-04
 2.836107E-06  1.600403E-05  1.861447E-05 -2.599221E-05 -1.187411E-06  2.698110E-06 -2.016735E-05 -5.937576E-05 -8.876603E-06  1.473003E-05
 6.821767E-06 -1.331722E-05  9.946918E-06  5.042876E-04 -1.183736E-04 -1.028157E-04  4.890617E-05 -2.629728E-05  2.559286E-05  3.145336E-04
 2.585001E-05 -4.504362E-05  6.241151E-05 -5.998096E-05  2.442008E-04 -2.592206E-05 -9.224052E-05 -7.663468E-07 -3.614847E-05 -2.806251E-06
 4.479559E-06  1.583518E-05 -7.013827E-06  1.227889E-06  4.059155E-06 -1.049079E-05  4.088641E-06  3.090107E-06 -5.964779E-07  5.315917E-06
-1.535169E-05
  MODE      17
-3.582370E-07  4.775467E-07 -2.450972E-07  5.026624E-07  8.394877E-09 -4.489945E-07  7.782100E-04  6.316212E-04 -2.628097E-04  7.355362E-04
 2.508883E-04 -7.674430E-04  1.831408E-03  1.145766E-03  5.104500E-04  2.609617E-03  6.496642E-04  1.497666E-01  9.102166E-01 -2.738458E-02
-1.276678E-03 -8.511605E-04  5.693297E-03 -9.824441E-03  5.916502E-02  3.383457E-01 -4.087955E-04  2.939428E-04  1.842032E-04  2.961419E-04
 1.235042E-04 -7.852337E-05 -1.542256E-05  3.951666E-05 -1.842283E-05 -6.662202E-06 -9.199227E-05 -1.368036E-04 -9.142267E-06 -9.205381E-05
 5.912733E-05 -5.922400E-02  6.268874E-02 -1.015463E-04  1.819204E-05  1.688136E-04 -3.010990E-02  1.821447E-02  1.248420E-03 -1.321663E-05
 1.758888E-06  2.684940E-06  2.168497E-05 -1.331759E-05 -4.220826E-05 -4.764842E-05 -4.390705E-06  1.413202E-05 -8.359503E-05  2.574949E-03
 7.061089E-02 -6.822376E-02 -1.895758E-03 -1.549121E-04  4.046595E-03 -8.788530E-04  7.604336E-05 -1.328955E-03 -6.310262E-03  8.709841E-04
-1.155797E-05  1.676645E-04 -5.676180E-02  5.849437E-03 -1.477409E-04  3.790354E-05  1.053288E-02 -1.261700E-02  2.512965E-02  2.398196E-02
 6.636693E-05  9.736255E-06  4.197932E-06 -1.867669E-05  7.196390E-05  3.821519E-03  1.624292E-02 -2.038879E-02 -3.104467E-02 -6.128481E-05
 6.675670E-05  3.521237E-05 -2.630328E-03 -5.039960E-03  4.310747E-05  6.484657E-02 -2.232379E-02 -4.346130E-05  2.623569E-05 -4.391570E-06
 1.556531E-04  1.258458E-03  6.764032E-05  2.199520E-03  4.225663E-04 -1.006496E-02 -8.824760E-04 -3.968704E-04  3.496199E-03 -2.379327E-02
-1.750545E-04
  MODE      18
 4.054298E-07  4.100283E-07 -4.489453E-07  7.510058E-07 -1.643217E-07 -1.087960E-06  1.127861E-04  3.785607E-04  7.084418E-04  8.581592E-04
-2.597346E-04 -1.340911E-03  6.445600E-04  1.226975E-04  8.294985E-04  1.333215E-03 -1.507437E-03  8.816818E-01 -1.749295E-01 -4.407287E-02
-2.369670E-03 -2.158742E-03  3.068098E-02 -3.933433E-02  3.908640E-01  5.916865E-03 -1.259665E-03  2.852018E-04 -9.569962E-04  2.385444E-04
-5.931140E-05 -1.776945E-06  4.917859E-05  6.231253E-05  1.935548E-05  7.047738E-05  8.416759E-05 -1.585309E-04  3.904235E-05 -1.744064E-04
 2.595483E-04 -6.575932E-02 -5.276524E-02 -3.137511E-04  1.029097E-04 -4.255619E-04 -9.662139E-03 -2.775793E-02 -2.297911E-03 -3.355169E-04
-1.592039E-04 -5.733489E-05 -1.939300E-04  1.245875E-04 -6.619222E-05  2.230118E-04 -8.933874E-05 -1.021949E-04 -2.410731E-06  3.673211E-04
 8.145320E-02  8.405446E-02  4.620551E-03  3.455681E-04  5.050626E-03  9.793108E-03  3.369284E-04 -3.385424E-03  1.690378E-04 -6.680083E-04
-5.447856E-05 -2.615181E-04 -7.980928E-03 -7.280660E-02 -1.209209E-04 -6.949388E-05 -7.011710E-03 -4.747540E-03  1.516676E-02 -2.487699E-02
-7.009817E-05  1.093215E-05 -1.123893E-05 -4.182764E-04  3.383284E-07 -1.678386E-02  9.294112E-03 -1.969142E-02  1.626570E-02  1.142034E-04
-3.489341E-05  2.282536E-05  4.265095E-03  9.850562E-03  5.706280E-04 -2.013543E-02 -6.575789E-02 -9.936030E-05  2.333673E-05 -4.852302E-05
-2.863801E-04  7.291544E-05 -5.384476E-03  8.901442E-05  4.327177E-04 -8.855556E-04  1.174265E-02 -2.109530E-04 -1.171501E-03  1.666321E-04
-2.492981E-02
  MODE      19
-9.608799E-08  5.344467E-08  1.076479E-07 -5.115962E-08 -8.519567E-08 -2.068764E-08 -1.443180E-05 -1.905494E-03  2.200536E-05 -2.654381E-05
 1.188186E-04 -2.833777E-03  9.886419E-05  8.436586E-05 -1.267370E-03 -7.965021E-05  6.429722E-05 -2.449834E-03 -1.109098E-03 -5.791571E-03
-9.975592E-01  5.708166E-05 -1.776922E-03  9.500247E-04 -1.413409E-03  6.168511E-05  2.433500E-04  5.997013E-05 -1.119870E-06 -6.998646E-06
-1.559350E-02 -2.352368E-06  4.740413E-06 -3.370329E-05 -5.047470E-02  4.259352E-02 -4.535060E-05  1.159592E-05  1.780159E-05 -1.156963E-03
 4.948253E-04  7.583255E-05  9.860674E-05  4.185336E-07  1.303414E-06  2.313576E-05 -8.298694E-05  1.505215E-04  1.239736E-05  1.977215E-05
-3.455026E-05  2.768090E-03  8.590753E-08 -4.743781E-06 -8.317311E-07 -7.946445E-03 -8.431420E-05  6.081464E-06  1.173188E-02  1.531673E-04
 1.106455E-04  3.102430E-05  2.979570E-05  2.170452E-04 -4.510101E-05 -3.585840E-05  2.929092E-05  3.359447E-06 -2.236403E-05 -6.263631E-05
 1.633834E-05 -2.123873E-05  1.385010E-05  5.998400E-05 -2.860801E-05  4.268632E-06  1.440583E-05  5.625431E-06  1.277809E-04  6.105301E-05
-7.773657E-06  1.954809E-05 -4.233159E-06 -1.394455E-04 -8.608530E-06  2.816003E-05  4.632338E-05 -7.374561E-05 -1.159363E-04 -1.212530E-04
-2.509048E-05  4.028707E-05 -8.297315E-05 -9.638321E-05 -1.158161E-04  6.247273E-05  3.175375E-05  3.333025E-06 -1.161507E-05  7.597714E-06
 1.124051E-05  3.713327E-05  1.997436E-05  8.021013E-06  3.054224E-06 -6.290391E-06  8.954185E-06  9.010732E-07 -8.095798E-06 -2.503478E-05
 1.596866E-05
  MODE      20
-1.301875E-06  2.414744E-07 -2.876194E-07  1.332186E-07  7.349266E-07  9.955994E-07 -2.158379E-03  5.691674E-06  2.568157E-02 -5.612246E-06
 1.291366E-05 -8.002981E-03 -6.868819E-03 -2.014156E-04  6.003776E-03 -9.357571E-01 -7.152552E-02  4.484764E-03  3.284692E-03  4.348436E-02
-1.929860E-04 -3.256843E-01 -1.891270E-03  1.315498E-03 -2.149219E-03 -4.173695E-04  1.788784E-04  1.142441E-04  6.957686E-06  2.027153E-04
 4.557320E-07  7.233650E-02 -2.571179E-04 -8.002585E-06 -4.503871E-06  2.864547E-06 -4.669801E-06 -5.273585E-05 -4.414491E-02 -2.816801E-04
 5.474385E-04  4.999972E-04  8.462647E-04 -2.237491E-02 -3.061226E-04  3.951540E-06 -1.157975E-04  3.770697E-03 -5.025535E-02 -1.656011E-04
 8.773856E-05 -6.836311E-07  6.415375E-05 -2.590363E-06 -1.421791E-02 -3.633780E-06 -6.746450E-06 -5.183331E-05  3.725096E-06 -1.400470E-03
-3.383070E-05 -2.600783E-04 -5.833570E-06  1.038824E-04 -1.635856E-04  1.234054E-04  5.646952E-05 -1.298037E-04 -2.771914E-04  6.077606E-04
 6.384471E-05  1.545032E-05  3.803654E-04 -1.152174E-04  8.718419E-05  3.129616E-05  1.538541E-04 -1.100164E-04  1.318524E-04  1.460296E-04
-9.527474E-06  1.128131E-05  1.960267E-05  2.835839E-04  2.026636E-04  4.085736E-04  1.341682E-05 -7.871014E-05 -3.644242E-04 -1.713887E-05
 3.085066E-05  9.305660E-05 -3.144810E-04  4.167011E-05 -7.895962E-05  6.032904E-06  1.488672E-04  2.148288E-05  1.544589E-04  5.015670E-06
 2.142230E-05  1.727257E-04 -2.438999E-05 -8.103850E-06 -2.251593E-06 -6.260749E-07 -1.562743E-05  2.273069E-06 -1.334799E-05 -1.381525E-05
 2.262447E-05
  MODE      21
 2.505973E-07 -6.699263E-08  6.323998E-08 -4.860819E-08 -1.314489E-07 -1.554828E-07 -1.581713E-04 -1.967518E-05  2.100144E-02  7.773384E-05
 2.369900E-05  1.198298E-03  2.747912E-03  3.682492E-05 -2.483160E-03  3.259920E-01 -9.455404E-03 -1.858936E-03 -1.780261E-03 -1.134307E-02
 1.474680E-05 -9.420005E-01 -7.267791E-03  3.522601E-03 -3.284002E-03  6.686662E-04  5.395663E-04 -1.504630E-04  4.160643E-05 -7.304310E-05
-4.064240E-06 -5.921191E-02  6.033612E-05  5.008469E-06  5.749212E-06 -1.254759E-05  6.464329E-05  7.410804E-05 -3.502389E-02 -1.533510E-03
 7.102595E-04  3.671720E-04  2.562769E-04 -2.791826E-02  9.480934E-05  1.605035E-06 -4.084988E-05 -5.337517E-04  7.827023E-03  8.067201E-05
-2.998200E-05 -3.104825E-07 -1.853362E-05 -1.731390E-06 -5.163383E-03  2.971276E-06  3.607868E-06  7.907566E-06 -4.456510E-06  1.405874E-03
-3.418949E-05  1.801763E-04  1.508955E-06 -4.653625E-05  2.011894E-05 -7.178108E-05 -4.148379E-05  1.158757E-04  1.036449E-05 -6.803680E-04
 7.861165E-06  8.276860E-05 -1.176047E-04  6.290722E-05  3.437508E-05  9.436565E-07 -1.032847E-04  4.325297E-05  4.686672E-05 -7.659937E-05
 1.299864E-05 -8.169610E-06 -1.674506E-05 -5.663964E-04  1.548773E-04  1.217913E-04 -1.429975E-05  3.185681E-05  2.023545E-04 -3.019929E-04
-1.122463E-05  3.179109E-05 -5.652870E-06  6.242990E-05 -2.385927E-04  2.154822E-05  9.492455E-05  8.686876E-05  2.542999E-05 -6.173290E-06
-2.228705E-06 -5.624561E-05  4.335103E-05  1.325711E-07  1.438672E-05 -3.610140E-05 -3.456609E-06  3.096937E-07 -1.544903E-06  2.188257E-05
-1.494890E-05
  MODE      22
-2.839188E-08 -1.640291E-07  1.861505E-07 -2.768037E-07 -1.037661E-08  2.921261E-07  4.849177E-04  3.679314E-04 -5.547533E-04 -1.157791E-04
 2.539779E-04 -1.897699E-03  5.098097E-04  6.683276E-04 -5.139653E-05 -8.440658E-05  8.066828E-04  5.912552E-02  1.514160E-02 -7.253271E-03
 7.027225E-04  2.526352E-03  1.178515E-01  7.164221E-01 -2.327598E-01 -9.153743E-03  2.536609E-04 -6.933096E-06  8.169305E-04 -1.395148E-04
-1.459141E-04 -5.910034E-04 -6.833359E-05  4.846003E-04  2.583862E-04  4.626153E-04  2.415863E-05 -7.215097E-04  4.187228E-04 -2.733081E-04
 5.664169E-04 -1.437386E-01 -1.100708E-01 -7.598812E-04 -2.151260E-04 -4.541725E-04 -7.823017E-02 -1.510864E-01 -1.129241E-02 -1.172257E-03
-3.227210E-04 -1.679186E-04 -2.822215E-04  1.906916E-04 -3.975490E-04  4.793312E-04  1.206715E-06 -2.277997E-04  2.375654E-04  6.141603E-04
 2.219328E-01  2.355255E-01  1.284230E-02  4.490229E-04 -2.820165E-02 -1.344146E-01  2.633575E-04  1.766562E-01 -5.060443E-02  1.041927E-02
 2.606405E-04  6.336306E-04  1.577244E-02  1.475885E-01  8.246710E-05 -8.319408E-05 -1.092632E-01 -1.135062E-01  1.058457E-01 -1.304423E-01
-6.243969E-04  1.182755E-04 -1.690285E-04 -1.054274E-03  2.661253E-04 -8.161532E-02  2.705275E-02 -2.376224E-01  1.757366E-01  1.757468E-03
-1.121880E-04 -1.476233E-06  7.527312E-02 -6.923540E-02  5.643777E-04 -1.894890E-02 -5.788574E-02  6.287625E-05 -7.093692E-05  6.440347E-04
 4.268817E-03  3.302674E-03  7.754823E-02  6.264365E-06  3.283866E-05 -2.324329E-04  3.320904E-03 -5.405206E-04 -3.377117E-03  1.296254E-04
-7.250968E-02
  MODE      23
 1.087648E-07 -7.093344E-08 -1.955356E-08 -2.332858E-08  1.738761E-08  2.018808E-08 -8.111359E-04 -6.009709E-04  7.245363E-04  3.072156E-04
-3.062283E-04  1.997844E-04 -8.117200E-04 -1.053896E-03  1.029943E-03  1.112238E-03 -1.058049E-03 -5.878675E-02  4.299967E-02  2.949404E-03
-1.310317E-03 -6.188229E-03  7.217946E-01 -8.941394E-02  9.330912E-02 -3.060789E-01 -1.237180E-03  4.610774E-05 -8.274261E-04  4.076943E-05
-3.506243E-04 -2.319226E-04  1.069262E-04 -6.989306E-05  9.807439E-05 -1.575081E-04  8.235874E-05  9.354328E-05 -8.327695E-06 -2.872823E-04
 7.655186E-05 -1.061136E-01  1.223932E-01  2.528956E-04  3.653941E-05  5.258795E-04 -1.469601E-01  8.212281E-02  5.205989E-03 -2.487929E-04
-1.654611E-04  1.587070E-05 -3.307405E-05  1.834095E-05 -1.426988E-06  3.470625E-05 -2.548087E-05 -3.728270E-05 -5.669768E-05  7.909664E-03
 2.018619E-01 -1.827743E-01 -5.346315E-03 -1.474856E-03 -1.329888E-01  2.864686E-02  2.509469E-04 -5.188387E-02 -1.701649E-01  4.169400E-03
-3.823350E-04 -3.298363E-04  1.646850E-01 -2.232015E-02  2.223350E-04 -6.157691E-05  1.080315E-01 -1.045665E-01  1.199698E-01  9.587983E-02
 4.079230E-04 -1.115818E-04  8.129261E-05 -5.479859E-04  1.182680E-03  2.909094E-02  7.871033E-02 -1.666057E-01 -2.295988E-01 -6.628713E-04
 1.785911E-04 -2.322443E-05 -6.863373E-02 -7.400471E-02  2.632014E-05  4.295281E-02 -1.955734E-02  1.047485E-04  2.294304E-05 -5.479252E-04
 7.112797E-03  8.091514E-02 -2.936042E-03 -2.644501E-04  5.078665E-05  1.355428E-03 -8.922236E-05 -1.014970E-03  9.164638E-03 -6.163133E-02
-4.095525E-04
  MODE      24
 4.199003E-07 -5.039593E-07  5.471439E-07 -7.257656E-07 -2.778902E-07  3.660310E-07  3.180494E-03 -1.365791E-04 -6.432337E-03 -1.011895E-02
 1.096677E-05  1.882478E-02 -3.667063E-02 -4.929356E-03  1.545348E-02 -4.528304E-02  2.224877E-02 -5.269786E-02 -2.055926E-02 -9.665943E-01
 5.583798E-03 -4.623612E-03  1.529160E-03 -4.765127E-03 -6.151691E-05  1.048263E-03 -1.401134E-01  5.113420E-03  1.246132E-04  3.048506E-03
 6.353471E-04  2.096717E-03 -1.986060E-03  3.029213E-04  8.632152E-04 -9.243805E-04 -2.272709E-03 -5.202650E-04  1.857450E-03 -1.812556E-02
 5.801636E-03 -1.938509E-05 -3.604302E-06  4.153447E-04  6.670050E-04 -2.074517E-05  1.195094E-04 -7.480759E-06 -4.548914E-04  5.669811E-02
 4.276394E-03  1.089721E-04 -5.186171E-05  2.763734E-05  2.943098E-04 -1.177891E-04 -1.874638E-05  4.283405E-05  1.838157E-04  1.661049E-02
-1.108289E-04  3.786070E-03 -6.487055E-02  1.828835E-03  5.343167E-04 -3.427669E-05 -2.697406E-03 -1.582298E-04  5.077095E-04 -3.755225E-03
 1.006905E-02  1.362814E-01  9.247171E-06 -8.215683E-04  4.476676E-03  3.939383E-03  9.177287E-05  4.546056E-04 -2.832728E-04 -1.869221E-04
 2.280174E-02 -1.432659E-02  6.202615E-03  7.763097E-03  1.569684E-03 -3.300075E-04 -1.143111E-04  4.284710E-04  3.258116E-04 -4.021408E-03
 7.874489E-03 -2.308416E-03  6.707683E-05  1.885501E-04 -2.530908E-03 -9.833094E-05 -2.967405E-05  9.791475E-02 -8.877304E-03 -1.144580E-04
 1.739332E-03 -2.916799E-04 -1.667755E-04 -1.491801E-02  2.058297E-02 -2.309636E-03 -8.061140E-04 -1.482138E-04  4.539229E-05  1.208049E-04
 2.379309E-05
  MODE      25
 3.894256E-07 -4.661863E-07  2.885170E-07 -5.171655E-07 -7.128374E-08  3.854298E-07 -7.283580E-04 -3.530931E-04  9.246989E-04  4.084959E-04
-6.333395E-04 -1.466816E-03 -1.027498E-03 -1.543874E-03  9.432270E-04 -4.176318E-04 -1.068974E-03 -2.447577E-01  2.185172E-01  7.838770E-03
-4.903501E-04 -1.737066E-03 -1.226875E-02  2.442184E-01  6.815855E-01 -3.860666E-01 -1.557084E-03  7.490653E-04 -1.714313E-03  2.768472E-04
-5.077207E-04  2.541949E-04  1.593326E-04 -1.610948E-04  9.276531E-05 -1.891144E-04  1.542441E-04  2.278868E-04 -5.949702E-05  8.562669E-05
-7.821470E-05  4.448291E-02 -5.499373E-02  1.101962E-04  9.077788E-05 -1.488301E-04 -2.267216E-02  5.842614E-03  3.048001E-04 -2.016356E-04
-6.791069E-05 -2.413993E-05 -2.145265E-04  9.207370E-05 -6.886872E-05  1.192921E-05 -3.929074E-05 -6.740852E-05 -8.246533E-05 -9.304567E-03
-2.830041E-01  2.560226E-01  6.922624E-03  1.224758E-03  4.944141E-02 -1.173913E-02 -1.911920E-04  7.875465E-03  2.231177E-02 -3.952522E-03
 2.211531E-04 -2.504544E-04  1.028205E-01 -2.077149E-02  1.905837E-04  7.258853E-05 -4.755090E-02  4.508123E-02 -6.554920E-02 -4.261898E-02
-8.570141E-05  6.142205E-05 -1.180885E-05 -2.341044E-04 -2.412147E-04 -1.563730E-02 -3.300572E-02  8.174991E-02  8.830426E-02  2.158782E-05
-5.071475E-05 -8.676821E-05 -4.338522E-03  1.449066E-03  1.505723E-05 -1.402284E-01  2.905453E-02  4.628677E-05 -2.126565E-05 -4.104118E-05
 5.428875E-04  6.297478E-03  1.008789E-04 -4.509354E-03 -8.665281E-04  2.044487E-02  1.592237E-03  1.279066E-03 -1.137149E-02  7.753740E-02
 9.006853E-04
  MODE      26
 8.668256E-08 -8.250404E-07  8.677521E-07 -1.295282E-06 -1.144274E-07  1.241454E-06  1.027681E-03  4.895820E-04 -1.008109E-03  2.159631E-04
 5.644505E-04 -2.506801E-03  2.004200E-03  1.715176E-03 -1.065349E-04  1.962921E-03  1.205331E-03  3.045262E-01  2.320342E-01 -2.324890E-02
 1.076696E-04  2.767398E-03 -2.284539E-01  7.531365E-02 -3.828794E-01 -6.922359E-01  3.443866E-04  3.920205E-04  1.257957E-03 -1.828686E-04
 1.852379E-04 -2.554014E-04 -2.106952E-04  1.105259E-04 -1.340843E-04  7.992684E-05 -5.034155E-04 -2.895152E-04  9.879953E-05  5.495944E-05
-5.640142E-05  3.349701E-02  2.170118E-02  2.197998E-06 -3.311631E-04  5.062524E-04 -2.832103E-02 -3.826820E-02 -2.324293E-03  4.843001E-05
 1.451934E-04  8.852957E-05  4.415744E-04 -2.195140E-04  4.899441E-04 -7.595687E-04  1.059043E-04  2.718089E-04 -3.151559E-04 -2.329004E-04
-2.317957E-01 -2.582210E-01 -1.404048E-02  1.312174E-04  3.069302E-03  2.949924E-02 -6.229511E-04  1.167467E-03  1.606321E-03  7.149563E-04
 2.215675E-05  6.376018E-04  9.160867E-03  1.162862E-01  4.942764E-04  2.128000E-04  3.500891E-02  3.192366E-02 -2.030947E-02  4.277539E-02
 1.367141E-04  1.070802E-04 -1.042520E-05 -1.083405E-04 -2.133114E-04  1.387149E-02 -1.445216E-02  5.450838E-02 -4.941365E-02  2.502715E-04
 1.356395E-04  1.290487E-04  1.398712E-02 -2.656177E-02 -8.326425E-04  3.391171E-02  1.129103E-01  3.652994E-04 -2.800603E-04  6.871205E-06
 1.034034E-03  2.969401E-04  1.963032E-02 -1.230354E-04 -6.874763E-04  1.334988E-03 -1.948933E-02  6.766015E-04  2.932584E-03 -3.290017E-04
 6.602325E-02
  MODE      27
 4.854016E-05 -2.994619E-05 -6.741471E-05  3.256829E-05  5.660575E-05  1.876517E-05  2.172417E-05 -3.139379E-07 -3.875502E-05 -3.074758E-03
 1.231656E-02  7.114803E-03  2.400593E-02  7.042857E-02 -1.014246E-03 -3.303098E-04  1.467127E-05 -3.737569E-04 -4.397320E-04 -9.881837E-04
-9.242232E-06  1.754725E-05  7.197085E-04 -2.885728E-04  2.938788E-03 -1.853497E-04 -6.954136E-04 -7.789862E-03  9.836843E-01 -5.811008E-02
-1.264588E-04  1.680534E-06 -1.597364E-03  8.950192E-02  4.305449E-05  7.513442E-05 -7.587751E-02  8.379836E-02 -1.252192E-04  2.696475E-03
 3.236600E-04  2.823258E-04  3.708442E-04  1.178362E-07  3.182856E-04 -3.759607E-02  5.834965E-06 -4.469317E-05 -1.413691E-05  7.500786E-05
-1.995724E-04 -1.194669E-05 -6.179282E-04 -2.064650E-02 -6.373363E-06  4.362219E-06  2.239960E-02 -1.745196E-03  1.509585E-04  1.742185E-04
 2.543240E-04 -1.236803E-05  4.536354E-05 -3.915618E-03 -1.286515E-05 -2.140557E-05 -6.368859E-04  3.111834E-06  4.601036E-05 -1.975978E-04
-1.299365E-04 -9.927924E-05 -8.642085E-05  1.882837E-05 -1.521924E-03 -1.817187E-04  4.628132E-05  7.864492E-06  2.876064E-06 -1.914127E-05
-6.057564E-05  1.052274E-04 -3.462711E-04  2.747394E-05  8.635756E-04  1.127311E-05 -4.975001E-06 -2.081327E-05 -1.782157E-05  7.276393E-05
-5.017016E-04 -9.401108E-04 -1.810552E-05  3.760515E-05  1.181839E-04  9.134250E-05 -5.660248E-06 -7.419863E-06  9.205314E-04 -1.298522E-05
 2.771596E-06 -4.040807E-06 -1.009532E-05 -2.480094E-06  4.711813E-06 -9.621310E-06 -4.662379E-06 -2.687382E-05  7.890501E-04  7.998564E-05
-4.445213E-05
  MODE      28
 9.882202E-04 -1.394373E-03  1.479860E-03 -2.020689E-03 -6.483080E-04  1.204009E-03 -1.336458E-03 -1.187350E-03  1.761285E-03  7.538635E-04
-9.148224E-04 -3.967384E-01  4.402332E-03  1.570390E-02 -2.469511E-02 -1.409533E-05  5.660061E-03 -3.823704E-03 -1.849992E-03 -5.467001E-02
 1.759151E-03  6.450516E-04  8.557782E-04 -1.449186E-03  3.926262E-04  6.733422E-04  3.656194E-01  5.927928E-01  8.502963E-03 -2.150644E-04
-2.619045E-04 -1.218880E-04  3.723089E-04  7.757339E-04  1.469356E-04 -5.506279E-04 -1.541834E-03  1.176587E-03  2.517857E-04 -6.215131E-02
-3.859386E-02 -6.149299E-05 -3.623642E-05 -5.944010E-05  3.248066E-05 -2.597224E-04  1.581912E-04  2.319393E-04  8.727488E-05 -4.918769E-02
 3.975993E-02 -1.021049E-04  9.586647E-06 -1.299148E-04 -5.203395E-04  4.311195E-04  9.536941E-05 -2.795904E-04 -5.983672E-04  1.682088E-01
-1.966468E-03  1.325833E-03 -3.891936E-03  3.895387E-01  6.449822E-05 -2.631284E-04  5.692259E-02  1.086828E-03 -4.407394E-04 -2.869967E-02
-1.124651E-02  6.906529E-03 -2.368800E-04 -4.332611E-04  1.343644E-01 -6.222291E-03  1.367127E-04 -1.144878E-04  9.618897E-05 -2.792477E-04
 2.130149E-02 -5.120453E-02  5.344290E-02  1.540376E-01 -7.661189E-02 -8.290395E-04  2.565110E-03 -8.458605E-04  1.754347E-03 -2.653127E-01
 4.878539E-02  8.849226E-02 -3.591943E-05 -3.423738E-06 -8.154593E-02 -2.042303E-04 -7.633353E-04 -5.093286E-02 -6.588537E-02  5.795841E-02
-3.697650E-03  7.049634E-04 -3.825850E-04 -6.052253E-04 -2.328314E-04 -1.278497E-04 -1.382466E-04 -5.777283E-02 -7.219433E-02 -9.704651E-03
 3.712536E-03
  MODE      29
-1.181800E-04  1.667369E-04 -1.767930E-04  2.415110E-04  7.738664E-05 -1.439994E-04  1.446161E-03  1.129674E-03 -2.795119E-03 -2.271611E-03
 3.571685E-04  2.770821E-01 -7.132382E-03 -1.160815E-02 -5.832951E-03 -6.632103E-03 -3.700015E-04 -3.367431E-03 -8.565435E-04 -8.269961E-02
-6.993333E-05  8.023323E-05  2.019959E-04  8.285582E-04  1.133351E-03 -1.403190E-03  5.823992E-01 -3.778522E-01 -4.867953E-03 -6.124663E-04
 3.742522E-04 -1.475853E-04  2.125118E-04 -1.624780E-04  2.260041E-04 -6.325621E-04 -1.622769E-03  3.969440E-04  5.575458E-04 -8.417341E-02
 6.614168E-02  3.261816E-04  1.597172E-04 -3.761468E-04 -6.120861E-04  4.041510E-04  1.999311E-04 -1.888467E-05  7.522984E-04 -5.476665E-02
 8.715743E-03 -1.048362E-04  4.368813E-04 -6.960743E-05 -8.199681E-05  3.751320E-04 -1.293139E-04 -5.576360E-04 -6.362781E-04  2.871923E-01
-5.405202E-03  4.477603E-03 -1.598483E-03 -1.984841E-01  1.329767E-03 -3.278230E-04 -3.780536E-02  2.054174E-03 -1.008043E-03 -6.509167E-02
-2.658610E-02 -1.025398E-02  6.592855E-06 -5.180797E-05 -1.048367E-01 -3.897143E-02 -4.179899E-06  9.550762E-05  5.005572E-05 -1.424430E-04
 2.665381E-02 -5.882636E-02  1.584352E-02  2.336100E-01  5.204501E-02 -1.332090E-03  2.148970E-03 -1.226449E-03  2.739444E-03 -4.084590E-01
-2.764746E-02 -5.425070E-02  2.029912E-04 -1.170717E-04 -1.156355E-01 -1.599708E-04 -8.325575E-04 -8.537103E-02  8.335577E-02  8.773239E-02
-1.309008E-03  6.130660E-04 -6.845480E-04  6.011277E-05  1.917906E-04  9.254451E-05 -3.727789E-04 -9.251896E-02  4.926598E-02  8.803168E-03
-1.487651E-03
  MODE      30
-2.651535E-04  9.568819E-06 -1.615738E-05 -3.647370E-05  1.457320E-04  2.666192E-04 -1.736853E-05 -5.265030E-06  2.493396E-05  1.640216E-02
 4.087545E-03  1.162433E-04  4.929695E-02 -1.673796E-02  4.133718E-03 -1.038633E-04  5.538882E-05 -1.661754E-04 -2.665473E-04  9.854329E-04
-1.281293E-05  2.513409E-05 -1.007224E-04 -1.372210E-05 -3.109409E-04 -2.355201E-04  7.769204E-04 -9.785781E-04  5.851553E-02  9.906587E-01
 4.339764E-07 -9.324245E-05 -1.229423E-02 -2.180575E-04 -5.928015E-06  1.665643E-05  7.932285E-02  7.188258E-02  2.674026E-04 -1.874258E-03
 2.320256E-05 -2.224953E-04 -8.772378E-05 -6.933476E-06 -1.609738E-02 -1.390039E-04  1.436590E-05  5.591912E-06  1.787042E-05  1.325743E-05
 5.854402E-06 -1.360574E-06 -1.671675E-02  5.022054E-04 -2.142457E-06  6.158974E-07  7.813680E-05  1.005999E-03 -2.706800E-06  9.355296E-04
 1.359971E-04  1.168116E-05  4.789564E-05  8.805613E-06  1.514894E-05 -4.598472E-06  4.653937E-05  2.721483E-05  1.010351E-05 -4.459488E-04
-4.692606E-06 -1.635721E-05 -2.425173E-05 -9.532059E-05  2.962274E-05  2.409707E-05 -5.275459E-05 -6.643239E-06  2.705736E-05 -8.453069E-06
-3.883730E-05  3.771080E-05 -1.830028E-06 -3.068172E-04 -8.598273E-06  4.427680E-05  3.290320E-05 -4.090162E-05  2.276533E-05 -1.462092E-04
 1.931481E-05  1.944897E-05 -7.255885E-06  1.461843E-05 -6.929752E-05 -1.075176E-05 -7.567217E-05  3.459439E-05 -9.714852E-06 -2.815350E-06
 4.651475E-06 -9.340136E-06 -8.983026E-06 -7.918051E-06  8.156411E-07 -2.072330E-06  1.208773E-05 -9.729496E-06 -1.560608E-05 -1.452545E-05
-4.317193E-05
  MODE      31
 7.796467E-07 -1.083268E-06  1.109521E-06 -1.538909E-06 -4.755562E-07  9.316028E-07 -4.475659E-05 -1.087250E-02  7.848995E-06  5.218344E-05
-1.723888E-04 -7.347443E-04  2.367631E-05 -2.296099E-05 -9.827570E-05  3.083782E-05 -8.626937E-06 -1.275409E-04  2.097001E-05  5.313486E-04
-6.705914E-03 -3.095855E-06  3.829171E-04  1.308393E-04  3.627196E-04 -2.779129E-04 -4.421611E-04 -1.926620E-04  1.195139E-04 -1.046887E-05
 9.826509E-01 -8.172799E-06  9.243989E-06  1.116347E-04 -1.127448E-02  1.801951E-01  3.464768E-05 -1.106143E-04  3.141112E-05 -1.676315E-03
 6.949980E-04  1.761541E-04  7.780891E-05  1.150593E-06  5.827353E-06 -1.744352E-04 -4.899191E-05  1.407557E-04  1.178166E-05  3.391769E-05
-4.588933E-05  3.544739E-02 -2.211896E-06  1.138543E-05 -1.548853E-06 -1.358011E-02 -3.502734E-05  1.340976E-06  1.378314E-02  4.034340E-04
 1.145091E-04  3.807837E-04  5.566628E-05  4.372613E-04 -6.919570E-06  5.362037E-06 -1.727108E-05 -9.590280E-05 -4.984394E-05 -1.617310E-04
 7.770211E-05 -2.159040E-05  1.048215E-04 -4.994243E-05  1.251914E-04  4.456825E-05  5.799323E-05  4.264637E-05 -5.155610E-05 -1.902922E-05
-3.260094E-05  2.437866E-05 -4.102557E-06 -1.975391E-04 -1.007696E-04 -8.403757E-05 -3.142431E-06  2.564962E-05  3.795216E-05 -1.584944E-04
 2.918275E-05  7.679176E-05 -3.995052E-06  6.338026E-05 -1.402029E-04 -1.048647E-04 -3.389763E-06  4.383438E-05 -1.811098E-04  7.323387E-06
 5.756712E-06  1.293392E-06 -2.517402E-05  3.272821E-06  5.566653E-06  1.710409E-05 -1.843497E-05 -1.096227E-06 -8.680469E-05  2.285014E-05
-1.725519E-05
  MODE      32
 1.845556E-05 -2.595527E-05  2.727461E-05 -3.740848E-05 -1.186688E-05  2.240754E-05 -1.312466E-04 -5.954195E-05  3.001735E-04  1.467468E-04
-2.877414E-04 -3.795201E-02 -6.676544E-04  2.027258E-03  1.816872E-02  6.960921E-04 -1.406779E-04  9.047405E-04  4.005532E-04  1.796990E-02
-2.131151E-04  2.502020E-04  1.248909E-04 -3.215232E-05  2.781533E-04  7.509312E-05  1.629329E-01  2.366843E-02  7.298976E-05 -4.759000E-04
-1.039215E-04 -2.319403E-03  1.693190E-03 -8.238808E-04 -2.090886E-03  4.162837E-03  1.225071E-02 -2.156165E-03 -6.250810E-03  4.699263E-01
-1.510687E-01 -1.618490E-04 -1.589092E-03 -6.514202E-04 -1.034555E-03 -3.806120E-04 -1.414068E-03 -1.396753E-03 -2.604595E-03  3.543139E-01
-1.746139E-01  4.206080E-04  5.065276E-04  1.139933E-04  4.116948E-04  4.311727E-04 -4.212216E-05 -2.933197E-04 -3.128981E-04  1.910262E-01
-2.733572E-03 -5.380574E-04  5.604867E-02 -1.446464E-01 -3.248210E-04 -1.156177E-03  3.176459E-02  8.731457E-03 -3.699444E-03 -1.845529E-01
 9.146240E-02  8.245886E-03 -2.604672E-04 -7.530114E-05  6.645382E-02  1.486752E-01  1.104837E-04  1.235747E-04 -2.099931E-04  7.703655E-04
-1.436475E-01  3.074046E-01 -1.637459E-01 -2.942561E-01 -5.781147E-02  2.622238E-03 -1.868302E-03 -3.305951E-04  3.620496E-04 -1.083415E-01
-2.501788E-03  2.796437E-02 -1.553622E-04  1.932433E-04 -1.518624E-01 -2.708548E-04 -1.859039E-03  3.744774E-01 -1.772862E-01  1.572674E-02
-1.281760E-04  1.130544E-04 -1.089162E-04  6.046179E-04  1.522610E-04  1.388341E-04  1.510932E-05 -3.364535E-03 -2.786456E-02 -4.089981E-03
 1.309479E-03
  MODE      33
-9.336766E-04  6.812678E-04  9.137299E-04 -2.661937E-04 -8.469274E-04 -4.711035E-04 -2.725250E-06 -2.944430E-05  9.143483E-07 -5.127040E-03
 2.053905E-02 -1.155608E-03 -8.296335E-03 -2.431153E-02  6.894741E-04  1.233245E-04 -3.140604E-05  8.241955E-05  3.820380E-05  9.479347E-04
-2.430036E-05  4.642957E-06 -2.072140E-05  2.176538E-05 -7.546208E-05  1.613276E-05  2.216484E-04  2.288057E-04 -1.167724E-01  6.895832E-03
-1.553864E-04 -2.424514E-05 -1.686128E-02  9.500655E-01  4.027295E-04  6.372527E-04 -1.898780E-01  2.097490E-01 -3.158065E-04  7.970200E-03
-1.312817E-03  7.047158E-04  9.417176E-04  9.270009E-06 -2.069523E-04  2.456609E-02  3.439243E-04 -6.131072E-05  2.554507E-06 -1.670749E-04
 1.905801E-04 -6.405526E-05  1.491334E-04  4.990098E-03  4.833501E-06  3.339965E-06  3.924132E-02 -3.052999E-03  3.159841E-04 -3.679464E-05
 1.081116E-04  5.817300E-05 -1.057782E-04  7.743277E-05  4.127538E-05 -4.830518E-05  3.918441E-05 -3.107009E-05  5.889377E-05  1.149332E-04
-2.669241E-04  5.645782E-05 -1.722897E-05 -3.607118E-06 -5.161094E-05 -1.295495E-04  4.327982E-05  1.615100E-05 -6.265470E-05 -3.189811E-05
 6.259735E-05 -8.886014E-05  3.051514E-05  2.531744E-04 -2.385776E-05  4.181550E-05 -1.682509E-05  3.472966E-05  2.291948E-06  2.246705E-04
 1.936255E-05  1.864905E-05 -4.753735E-06  5.299726E-05  2.049704E-04  1.256888E-05 -1.165012E-05 -7.509604E-05  1.000695E-04 -8.018887E-06
-3.865329E-05  8.154930E-06 -7.304295E-06 -2.371112E-05 -1.675338E-05  6.768803E-06  1.870733E-06  3.873408E-06  4.353101E-06  2.471598E-06
 1.532761E-06
  MODE      34
-2.638652E-08 -2.354785E-08  1.434024E-07 -1.270162E-07 -8.962307E-08  3.988244E-08 -6.319325E-06 -9.635475E-04  5.131346E-06  7.887872E-06
 7.423601E-06 -4.861394E-05  3.016439E-05  1.050976E-05  3.026935E-05  4.417610E-05 -2.018213E-05 -5.163880E-05 -7.223249E-05  7.060502E-04
-5.460640E-02  1.137790E-05 -1.587795E-04  1.577664E-04 -2.258848E-04 -5.164645E-05  2.573676E-05 -1.869872E-04  2.573741E-05 -4.855838E-06
 1.807802E-01  3.892983E-05 -6.497145E-06  5.199951E-04  1.986918E-01 -9.587222E-01  2.446396E-04  1.770117E-04 -1.810101E-04  8.515838E-03
-2.816739E-03 -1.082830E-03 -4.628208E-04 -5.907082E-06  8.060459E-08  1.310923E-04  2.123417E-04 -3.239727E-04 -2.966361E-05 -1.409404E-04
 2.476963E-04 -6.137861E-02  4.130896E-06  4.035975E-05 -9.228676E-07  2.782530E-02  1.994030E-04 -1.818923E-05 -3.291735E-02  6.316331E-04
 2.682402E-06 -6.816016E-05 -2.719088E-05 -1.924239E-05  2.930336E-05 -7.676535E-05  2.424010E-05  8.992760E-05  3.733011E-05 -2.750558E-04
 7.850036E-05  3.406984E-05 -6.792067E-05  9.670263E-05 -1.729538E-06  5.710333E-05 -2.390482E-06 -6.938410E-06 -3.942835E-05 -6.541752E-05
 2.374929E-05 -6.437402E-05  7.718475E-05  7.428383E-05 -8.246275E-05 -1.918373E-04  7.683478E-05  1.706834E-05  7.739903E-05  1.892940E-04
 7.408860E-05 -2.099767E-05  1.094690E-04 -4.054752E-05  1.891645E-04  1.633914E-05 -8.359746E-05 -5.948394E-05  2.720131E-06 -4.850445E-06
 1.624902E-05 -2.370678E-06  4.095883E-06  1.771019E-05  1.349874E-05 -4.935558E-06  6.701302E-06  3.046362E-07 -4.696223E-06  6.293361E-07
-5.461940E-06
  MODE      35
-6.997113E-05  2.545462E-06 -4.313793E-06 -9.572347E-06  3.848330E-05  7.033132E-05  1.519108E-05  7.044620E-07 -1.836237E-05 -7.470654E-03
-1.864581E-03 -3.175010E-05 -1.549616E-02  5.265238E-03 -1.258107E-03  7.503506E-05 -2.433329E-05  2.742330E-05 -1.943800E-05 -1.621880E-05
 1.856187E-06 -4.089057E-05  1.236903E-04 -1.184737E-04 -8.755435E-05  6.247663E-05  6.362201E-05 -9.506978E-05  3.982456E-03  6.731889E-02
-6.506506E-06  1.078788E-03  8.580218E-01  1.523679E-02  8.034433E-05 -9.039562E-05 -3.744126E-01 -3.392125E-01 -1.512372E-03  6.021897E-03
 2.112037E-04  1.020913E-03  2.973648E-04 -1.592430E-05  2.554328E-02  2.203900E-04  2.969551E-05  1.343646E-04 -7.353818E-05 -1.185863E-04
 7.152927E-05  7.872979E-06  5.237255E-02 -1.574103E-03 -1.775203E-05 -5.288077E-08 -1.953692E-05 -2.161086E-04  2.453317E-06 -8.984212E-04
-6.417667E-05  2.463938E-04  7.556425E-05 -4.264282E-05 -6.369419E-05 -3.259006E-05 -4.210068E-05 -1.150928E-04 -2.196989E-05  4.201489E-04
-2.098998E-05 -7.024698E-05  3.593286E-05 -3.291268E-05 -1.082151E-05 -1.614461E-05  5.148800E-06 -7.271506E-05  2.382062E-06  5.071972E-06
-5.235145E-05  2.765819E-05 -8.025041E-07  1.954834E-04  4.860232E-05 -2.115454E-05 -6.932492E-05 -9.928756E-05  7.924405E-05  6.058753E-05
-2.040916E-05 -1.018633E-05  2.978548E-05 -7.533390E-05  2.418647E-05 -4.299513E-05 -1.484094E-04 -2.849978E-05 -1.642269E-05 -1.402068E-07
-2.440026E-06  1.781082E-05  3.842096E-05  1.710035E-06 -1.877221E-06 -6.016965E-06 -1.184103E-05  5.550334E-06  4.691864E-06  1.463942E-05
-5.030227E-05
  MODE      36
 4.468404E-08  2.516039E-08 -2.738127E-07  2.245309E-07  1.903092E-07 -3.353572E-08 -2.250938E-05 -5.713735E-03  2.636756E-06  1.014890E-05
-1.524724E-05 -4.255191E-05  1.470750E-05  1.893459E-06  5.160308E-05  2.549932E-05 -1.299108E-05 -6.485599E-05  2.813191E-05  3.945998E-04
-4.070291E-02  4.619500E-06 -2.478193E-04 -2.660970E-04  4.099535E-05 -1.060823E-04  8.500055E-05 -1.869449E-05  1.037051E-05 -6.162324E-06
-2.722276E-02  3.593920E-05 -2.797724E-05 -4.503345E-04  9.765494E-01  1.959785E-01  3.039625E-04 -2.141472E-04 -4.017716E-05  1.900729E-03
-1.088958E-03  7.793032E-04  1.755866E-04 -2.614677E-06  4.278752E-06 -1.440142E-04  2.608109E-04 -2.874724E-04 -2.048606E-05 -4.410399E-05
 1.463734E-04  7.113445E-02 -5.274743E-06 -4.672127E-05 -6.778101E-07  1.621126E-02  7.264846E-05 -7.610382E-06 -1.354110E-02  5.744550E-04
 6.864638E-05 -1.126847E-04 -2.274838E-05 -8.948639E-06 -3.218860E-05  2.327522E-05  7.151522E-05  7.837206E-05  2.121010E-04 -2.047393E-04
 1.939499E-05  1.597605E-05 -8.405685E-05  7.945528E-05 -4.456539E-05  2.445383E-05  3.524059E-05 -2.992799E-05  8.880150E-06 -9.349460E-05
-5.310519E-06 -1.129730E-06  3.037820E-05 -6.776385E-06 -6.383521E-05  6.438665E-05  8.240137E-05 -2.002839E-04 -1.117595E-04  9.281767E-05
 4.010117E-05  3.267543E-06 -1.257342E-04 -1.941019E-04  9.128923E-05  3.160092E-04 -3.022068E-05  1.411625E-05  2.938752E-05 -1.670355E-06
 4.811683E-06  9.130635E-05 -1.039322E-05 -2.409773E-06  2.294975E-06  3.380079E-05  2.559882E-06 -1.585487E-06  1.928238E-05 -7.014946E-05
-6.053706E-07
  MODE      37
 2.491617E-06  3.032330E-09  1.292869E-07  4.375025E-07 -1.426078E-06 -2.672146E-06 -6.074347E-03  2.192407E-05  3.103538E-05 -1.723505E-04
-3.533404E-05 -1.005235E-03 -6.689826E-04 -2.875985E-05  3.270964E-04 -8.492926E-02 -9.724497E-03  2.764097E-04  1.328128E-04  1.740761E-03
-6.016292E-07  2.838088E-02  5.585148E-05 -8.797593E-05  5.420462E-04  1.335501E-04 -5.691527E-05  4.816094E-05  1.225935E-05  5.263684E-04
-2.442493E-07 -9.859380E-01 -2.208576E-03 -1.189717E-04  6.481996E-05 -7.795699E-05 -4.738579E-03 -3.829728E-03  1.064607E-01 -1.281500E-03
 3.938211E-03  1.786421E-03  1.652429E-03 -9.744545E-03 -1.052174E-03 -7.563291E-06  4.440825E-04  6.201408E-03 -8.769152E-02 -9.719827E-05
 7.924561E-05 -2.137255E-06  5.769048E-04 -1.623240E-05 -2.325228E-02 -5.374625E-06  5.947877E-06 -5.949587E-05  7.211012E-06 -2.184365E-03
 1.440919E-04  4.284479E-05 -8.147465E-05  2.941005E-05  2.946251E-05  2.965633E-05 -5.140510E-05  5.970407E-05 -6.459209E-06  9.299239E-04
 1.839589E-04  2.911140E-05 -7.170771E-06  7.767284E-05  1.993419E-05  1.884175E-04  9.339451E-05  1.250324E-04  1.889438E-05 -6.550590E-05
 5.167335E-06  1.132516E-04 -9.885906E-05  2.643055E-04  2.529093E-04  2.326027E-04 -1.040203E-04  2.431036E-04 -1.406571E-04 -3.343619E-05
 7.043216E-05  3.897058E-05 -1.971558E-04  2.193412E-04 -1.380139E-04  1.048988E-04  4.356223E-04  9.018450E-05  1.027023E-04  5.675041E-06
 4.398791E-05  7.803190E-06 -7.381643E-05 -3.164294E-05 -4.958017E-05 -2.009353E-05  1.716806E-05  1.489197E-05  1.126798E-05  2.817126E-05
 8.763198E-05
  MODE      38
 2.858142E-04 -2.088770E-04 -2.785439E-04  8.038327E-05  2.585311E-04  1.445649E-04 -4.967631E-07 -2.186278E-05  1.390263E-06  2.115549E-03
-8.497231E-03 -3.560710E-04 -1.530766E-03 -4.442965E-03  4.152069E-06 -2.894802E-05  1.082912E-05 -1.145019E-04 -8.892358E-06 -5.963776E-04
-9.101396E-06 -8.368776E-06  1.736707E-05 -2.480976E-04  4.027626E-04 -8.335719E-05 -2.041702E-04 -6.685472E-05  8.743942E-02 -5.164500E-03
-1.572145E-04 -1.923332E-04 -5.140740E-03  2.904566E-01 -1.559061E-04 -2.560454E-05  6.352035E-01 -7.013747E-01  1.003147E-03 -1.732290E-02
 6.129390E-03  1.752118E-03  3.039508E-04 -2.546781E-06 -9.156029E-04  1.059248E-01  2.657536E-04  2.776007E-04  3.751486E-05 -5.529680E-05
-3.379400E-04 -7.685707E-05  7.601520E-04  2.528593E-02  5.460314E-06 -3.651710E-05 -1.487259E-02  1.159713E-03 -7.368434E-05 -4.404445E-04
-1.541666E-05 -4.418076E-05  6.597898E-05  5.630074E-05  3.991379E-07  1.507586E-04 -1.106935E-04  6.589579E-05  8.153011E-05  2.607313E-06
 6.897085E-05 -6.153866E-05  1.593002E-06 -3.914902E-05  1.873233E-04 -2.164495E-05  3.572343E-05 -1.065809E-05  6.761362E-05  1.948275E-06
 3.637852E-06 -2.644066E-05 -3.995659E-05 -1.780168E-04  2.219275E-04  2.336406E-04 -1.843310E-05 -1.146030E-04 -1.613630E-04 -3.268479E-04
-1.384789E-04  5.753124E-05 -2.335362E-04 -2.407160E-05 -2.293100E-04  2.177972E-04  1.070537E-04 -5.567389E-05 -2.166050E-04 -5.501932E-07
 3.723279E-05  5.662998E-05 -7.502984E-06  2.094342E-05  3.567180E-06  2.858942E-05 -2.569847E-06  2.169808E-06 -7.314872E-05 -6.293967E-05
-3.408272E-06
  MODE      39
 6.600884E-04 -2.411162E-05  4.052842E-05  9.033741E-05 -3.628178E-04 -6.632678E-04  4.366404E-05 -4.161932E-07 -9.719708E-07 -2.784211E-02
-6.957346E-03 -3.574644E-04  8.339619E-03 -2.760522E-03  7.721306E-04  7.877033E-04  5.526793E-05  8.900856E-05 -3.958537E-05  2.866596E-03
-2.228550E-05 -2.542435E-04  5.063488E-04 -2.238756E-04  3.739610E-04  6.589965E-05  2.180236E-04 -1.189592E-04  5.116566E-03  8.667819E-02
 8.146822E-06  6.176738E-03 -5.123470E-01 -9.082297E-03  4.328107E-05 -1.270746E-04 -6.308245E-01 -5.716683E-01 -7.473490E-04  1.382003E-02
-1.406471E-03  2.434984E-03  1.083971E-03  3.161169E-04  1.751465E-02  1.647869E-04  4.871961E-04  4.467501E-04  1.188353E-03 -1.572203E-04
 1.063020E-04 -1.214292E-06  6.044383E-02 -1.818684E-03  1.916884E-04  1.083434E-05  1.790703E-04  2.267038E-03 -9.437403E-06  3.185346E-03
 2.391820E-04  7.766989E-04 -1.015912E-04  5.838730E-04 -7.264574E-05 -2.104293E-04  1.914436E-05 -1.429846E-04  2.204513E-05 -1.133106E-03
-5.794602E-05  1.050322E-04  2.171827E-05  1.331759E-04 -1.568065E-04  1.862857E-05  3.395108E-05 -6.753812E-05 -6.566764E-05  3.883067E-06
 6.349766E-05 -6.245520E-05  3.927758E-05 -1.802290E-04 -2.226490E-04 -2.268610E-04 -1.086685E-05 -1.980560E-04  1.997875E-04  1.505743E-04
 7.481167E-05 -1.218321E-05  9.762666E-05 -1.684151E-04  2.415691E-04 -7.266281E-05 -3.277234E-04 -9.546676E-06  1.031163E-04 -7.992198E-06
 1.566831E-05  3.440693E-05  9.098968E-05 -4.312600E-06 -1.328402E-05 -7.422955E-06 -4.922189E-05  4.452017E-06 -1.499362E-05  2.265939E-05
-9.070359E-05
  MODE      40
-1.872556E-06  1.137731E-07 -1.134999E-07 -2.188417E-07  9.909165E-07  1.797429E-06  7.827955E-03 -2.859851E-05  2.208410E-03  7.500700E-05
 6.814465E-06 -1.540838E-04 -2.366435E-04  3.616805E-05  5.452648E-04 -2.775305E-02  2.176399E-02  2.862285E-04  9.117563E-05  3.939293E-03
-2.362199E-05 -5.473659E-02 -3.011213E-04  2.126424E-04  4.501782E-05 -5.231082E-05  1.513388E-04 -6.055581E-05 -6.230075E-06 -1.664902E-04
 4.631750E-07  9.879155E-02  1.234900E-03  1.037798E-05  1.877042E-05 -6.051115E-05 -9.415677E-04  2.011013E-04  9.860179E-01  1.233854E-02
-2.264866E-03  1.049028E-03  1.241918E-03  8.348369E-02 -4.652390E-04 -2.558996E-05  2.750577E-04 -5.230473E-03  7.428801E-02 -9.582377E-05
 4.358313E-05 -4.263375E-07 -5.771008E-05 -4.601957E-06  3.163030E-02  8.125513E-06 -2.312502E-05 -3.549543E-05 -7.253258E-06  2.457387E-03
 4.195175E-04  8.960173E-05  6.526473E-05  2.794527E-04  7.825589E-05 -7.849292E-05  7.859978E-05  1.085141E-05  1.484949E-04 -1.014630E-03
-3.017361E-04  4.147114E-06 -9.723041E-05  5.477884E-05 -1.171174E-04 -2.199017E-04  1.890371E-05  9.159111E-05 -3.945121E-05 -5.010257E-05
-8.378722E-06 -1.651391E-04  1.190314E-04 -1.922851E-04 -1.303513E-04 -2.826389E-05 -8.105829E-06  3.580589E-05  6.777675E-06  1.562093E-05
-8.894001E-05 -1.212377E-05  6.483905E-05  3.839520E-05  1.008566E-04  1.851511E-06 -1.398636E-05 -1.323201E-04  1.207996E-04 -2.922585E-06
-6.934753E-05 -2.023552E-05  2.232061E-06  2.404366E-05  5.847691E-05  2.402298E-05  8.643425E-06  3.620847E-07  5.542515E-06 -1.601549E-05
 2.096593E-06
  MODE      41
-1.581725E-07  2.314119E-08 -2.081859E-08  9.352071E-10  8.226072E-08  1.293010E-07 -4.763337E-04  2.314280E-04  1.840841E-05  7.914374E-04
-3.046558E-04 -7.739982E-03  1.376359E-03  2.556387E-03  2.138664E-02  4.425479E-03 -1.598329E-03  5.304285E-03  1.860778E-03  9.896005E-02
-1.501801E-04  1.081731E-03 -4.043999E-04  6.759142E-04  1.636833E-04  7.624799E-05  2.341023E-02 -1.839026E-02  1.147736E-04 -4.896645E-04
-1.617741E-04  1.643504E-03 -1.041694E-03  1.986852E-03  2.459272E-03 -5.640170E-03 -1.666550E-02  2.705034E-03  8.542927E-03 -7.090563E-01
-4.752349E-02  1.687728E-04  1.965713E-03  6.196261E-05  5.361460E-04  3.734132E-04 -2.272700E-03 -2.319788E-03 -5.965898E-04  4.950815E-01
-1.352542E-02 -5.820702E-04 -2.834615E-04 -1.120502E-04 -6.194076E-04 -3.293721E-05  1.384461E-05 -2.868315E-04 -3.545996E-04  7.447367E-03
 3.920612E-03  1.202121E-02 -2.772554E-01  1.869879E-02  4.232841E-04 -1.749011E-04  6.999472E-04 -1.373912E-05  3.391889E-04 -2.533265E-03
-1.704033E-02  1.300346E-01  1.365868E-04 -6.530535E-04  1.823328E-03 -2.008190E-02  1.201049E-04  3.617386E-04  1.895075E-04 -4.166536E-05
 6.977716E-02  2.470305E-01  9.911714E-03  4.744914E-03  4.196084E-03 -8.108477E-06 -8.178487E-05  2.632212E-04  1.805159E-04  8.328596E-03
-7.613165E-03  4.399742E-04  1.208502E-04  1.436845E-04  5.525531E-03 -1.256664E-04 -2.227830E-04  2.711316E-01  5.747594E-04  1.870005E-04
-1.099148E-02  9.108678E-04  5.133194E-04  3.745342E-02 -4.115251E-02  6.131158E-03  1.654412E-03  2.896241E-04  8.009088E-05  1.404383E-04
 2.788966E-05
  MODE      42
-3.171187E-08  2.024807E-07 -2.498452E-07  3.417803E-07  6.515816E-08 -2.855080E-07 -2.507962E-04  1.829921E-04  2.841031E-04  2.970062E-05
-5.041881E-04 -9.882455E-03 -1.997932E-02  1.221134E-02  2.856731E-01  1.325190E-03 -1.013423E-03 -5.998256E-04 -1.886841E-04 -1.070324E-02
-5.216851E-04 -5.187957E-04  1.827549E-05 -2.313314E-05 -4.101501E-04  1.436223E-04  6.903050E-03 -5.135713E-02  1.084313E-04 -7.349623E-05
 2.235938E-04 -3.165343E-03  6.916788E-04  1.536518E-04 -1.341937E-03  2.229917E-03  4.816145E-03 -3.105746E-03 -2.006818E-03  4.763128E-02
-7.043685E-01  1.532272E-04 -1.360836E-03 -1.403640E-03  4.285235E-04 -1.731020E-03 -2.152095E-04 -4.710999E-04 -1.886241E-03 -2.013864E-02
-9.572365E-02  1.447999E-04 -4.138050E-04  7.385223E-04  2.066090E-04  1.093646E-04 -3.923020E-04  3.437290E-06 -9.559462E-05  4.857081E-03
-6.290399E-04 -8.420698E-04  2.222797E-02  2.260261E-03  8.319039E-06 -1.530246E-04  1.385113E-02 -1.807444E-04  2.347154E-04  1.363405E-02
-3.766368E-01  2.218066E-03 -2.341296E-04  2.027621E-05 -4.742378E-03 -3.952072E-01  7.155090E-05  2.161845E-04  7.239713E-06  1.422028E-04
 1.816680E-03 -3.336678E-02  2.130519E-01 -1.486499E-02 -4.420011E-03 -6.708234E-04 -4.776690E-05  1.279277E-04 -8.089263E-05  2.365909E-03
-1.709746E-01  7.397119E-03  2.063945E-04  2.334931E-05  1.820760E-02 -1.148122E-04  1.228932E-04 -1.034295E-02  1.716104E-02 -4.325784E-03
-1.256813E-01  1.108106E-02  6.676729E-03  9.270398E-02  7.762829E-02  2.342050E-02 -1.997357E-03  2.183639E-04  2.383155E-04  1.493375E-04
-9.971039E-05
  MODE      43
 6.498333E-07 -3.381728E-09  8.630121E-09  1.283197E-07 -3.470439E-07 -6.836869E-07 -1.851330E-04  5.595425E-05  2.194027E-04 -1.330023E-04
-1.750424E-04  1.062793E-05 -4.411348E-04 -3.777444E-04  8.239806E-05 -4.760118E-04 -1.432641E-04 -6.878641E-02 -5.240140E-02  4.443069E-03
 3.923635E-04  9.803194E-04 -1.459843E-01  4.961493E-02  5.670636E-02 -9.050404E-03  7.792906E-05 -2.711289E-05  7.056903E-05  7.391856E-05
 4.275019E-06 -4.743743E-04 -2.874560E-04  7.685392E-04  3.436135E-04  9.022962E-04 -8.212257E-04 -2.540415E-03  9.265449E-04  5.431651E-04
 3.420306E-06 -7.979338E-01  2.306318E-01 -3.507129E-03 -3.413207E-04 -1.887944E-03  2.561314E-03 -2.106645E-01 -1.569660E-02 -1.071533E-03
-2.430240E-04 -4.988163E-05 -6.880087E-04  2.719637E-04 -4.281701E-04  9.492347E-05 -2.223294E-04 -1.122088E-04 -1.960901E-04  1.120710E-03
 6.062050E-02  1.183540E-02  1.413662E-03 -1.789984E-05  8.566453E-03  2.624377E-02  2.093184E-04  1.481709E-02 -1.132506E-02  1.051655E-03
-2.486966E-04 -5.280996E-04 -1.110214E-02 -9.311841E-02 -2.727955E-04 -2.268762E-04  1.213898E-01  1.227090E-01  7.734921E-02 -1.156640E-01
-4.179688E-04 -1.374577E-04  4.417939E-04  2.667053E-04 -1.284340E-04  6.165373E-02 -2.161856E-02  2.119357E-01 -1.512950E-01 -1.788702E-03
 2.576465E-04 -1.506803E-04 -3.252072E-02  6.153479E-02 -2.427689E-03  6.714180E-02  2.469435E-01  2.183823E-04  3.749401E-04 -9.031660E-04
-5.524619E-03 -3.005319E-03 -1.020102E-01  7.385444E-04  3.186196E-03 -5.635316E-03  7.967637E-02  5.180737E-04  4.397354E-03  3.400687E-04
 9.341743E-02
  MODE      44
 8.291740E-08  5.041400E-08 -3.573333E-07  3.131225E-07  2.210307E-07 -1.022907E-07  1.922294E-04  5.478527E-05 -4.247080E-04 -8.658392E-05
 3.237324E-04 -1.133799E-04  3.095540E-04  6.725933E-04 -3.299346E-04  5.391671E-04  3.717509E-04  5.294484E-02 -5.667799E-02 -2.240107E-03
 1.677006E-05  6.075208E-04  5.866240E-02  1.378718E-01  2.815505E-03  4.008771E-02 -8.461417E-05  1.684793E-04 -2.254271E-04 -9.189699E-06
-4.326844E-05  1.388618E-03  3.294688E-04 -1.188902E-03  5.720798E-05 -6.993208E-04  7.228536E-04  1.312290E-03 -1.618567E-03  2.516667E-03
-1.548511E-03  2.331604E-01  8.016342E-01  2.224140E-03 -6.334320E-04  4.400778E-03 -2.031686E-01  2.007145E-02  2.382221E-03 -6.010398E-04
-3.918150E-05  6.931622E-04  9.775945E-05 -5.386695E-04 -9.478330E-04 -1.460030E-04  2.533202E-04  4.338937E-05  2.001333E-04  1.403090E-03
 4.177721E-02 -3.762782E-02 -7.717588E-04 -1.664766E-04  3.451042E-02 -1.494883E-02  2.506229E-05  9.363990E-03 -2.453860E-02  1.272812E-03
 2.108811E-04  2.349951E-04 -1.221005E-01  9.608115E-03 -6.192233E-05  2.109329E-04 -1.176617E-01  1.273239E-01  1.356108E-01  9.549866E-02
 9.604219E-05 -3.655798E-04 -2.861422E-04  7.058511E-04 -1.295512E-03 -3.521751E-02 -7.634665E-02  1.593898E-01  1.966076E-01  6.531004E-04
 1.189428E-04 -3.591774E-07  4.997111E-02  6.074090E-02 -1.163512E-05 -2.180696E-01  5.643688E-02 -2.666911E-04  7.183265E-05  6.391327E-04
-8.407662E-03 -9.847521E-02  3.622131E-03  1.969352E-02  3.778703E-03 -9.115491E-02 -6.831635E-03  1.340029E-03 -1.203437E-02  8.136452E-02
 6.625217E-04
  MODE      45
-4.171955E-05  1.539891E-06 -2.565711E-06 -5.693088E-06  2.292171E-05  4.189192E-05 -5.598437E-03  2.080108E-05 -4.499845E-03  3.424148E-04
 8.475399E-05 -2.651291E-04 -5.680971E-04  1.686216E-04 -2.498950E-04 -8.709347E-03 -7.307621E-03  4.594569E-05 -1.366264E-06 -3.528662E-04
 4.432979E-06  2.628365E-02  2.985934E-04 -2.130984E-04  1.320807E-04 -6.266376E-06 -1.770698E-05  1.688051E-05 -4.046481E-05 -6.408417E-04
 7.161414E-07 -1.396133E-02  7.133811E-04  1.758356E-05  3.551917E-07 -6.706009E-06 -1.052853E-03 -8.900513E-04  5.567170E-02  1.024821E-03
 1.770090E-04  3.414446E-03  6.441671E-04 -9.352200E-01 -5.295950E-02 -5.912390E-04 -2.312344E-03 -2.195346E-02  3.431689E-01  1.081887E-03
 9.735997E-05 -2.745918E-06  3.499437E-03 -1.150723E-04  1.031429E-02 -1.046167E-06  3.389035E-06  2.749181E-04  8.067194E-06 -1.357546E-03
 4.801487E-04  4.758787E-04  3.467236E-05  4.891911E-04 -1.651423E-04 -1.173965E-04 -4.329789E-05 -1.638275E-04 -1.631392E-04  4.819530E-04
 4.000990E-04  7.011240E-06  1.301997E-04  1.880699E-04 -1.495818E-04  3.854540E-04  7.373261E-05  8.798048E-05  1.317032E-04  8.493493E-05
-2.542308E-05  6.142704E-05 -2.577367E-04  2.099590E-04 -1.956193E-04 -2.013157E-04  2.127044E-04 -2.272086E-05 -1.106166E-05  9.756285E-05
 8.129031E-05 -5.662839E-05  6.089300E-05 -1.122662E-04  5.828667E-05 -3.559086E-05  5.630794E-05  6.527371E-05 -9.538311E-05  8.259224E-06
 1.239067E-04  1.490584E-05 -5.703224E-07 -9.448143E-05 -8.264631E-05 -6.146540E-05 -1.698818E-05 -3.075682E-06  4.236899E-07  2.883623E-06
 1.384282E-05
  MODE      46
 7.764131E-04 -2.837933E-05  4.769058E-05  1.062273E-04 -4.267576E-04 -7.801228E-04 -3.013232E-04  1.279471E-06 -2.225080E-04 -6.451836E-03
-1.614135E-03  9.641200E-05  9.353247E-03 -3.172215E-03  7.959524E-04 -8.509990E-04 -4.199052E-04 -7.455790E-06 -4.869279E-06  4.779525E-04
-1.416785E-06  1.427293E-03 -8.355110E-05  5.149154E-05 -1.449233E-04 -2.756919E-05  1.114837E-05 -1.432238E-05  7.019527E-04  1.182139E-02
-5.245374E-06 -1.709249E-03 -1.196449E-02 -2.203087E-04 -1.115276E-05  1.060361E-05  1.818654E-02  1.646336E-02  3.702837E-03  6.371605E-04
 7.425923E-04  5.608551E-04  3.748255E-04 -5.025231E-02  9.958295E-01  8.607542E-03 -1.389807E-03 -3.143761E-03  1.655606E-02  1.327756E-04
-8.300006E-06  4.598348E-07 -6.596496E-02  1.979779E-03  3.719032E-04  1.008096E-05 -4.153388E-04 -5.251756E-03 -1.411235E-05  1.772145E-03
-1.387841E-04 -2.656659E-04 -4.120905E-05 -4.352375E-04 -3.027542E-06 -2.753330E-06  4.649746E-05  1.176837E-04 -1.818944E-05 -9.770448E-04
-2.563716E-05  1.032053E-05 -1.802333E-05 -1.050660E-04  3.423712E-05  1.421429E-05  1.364209E-05  3.217461E-05  4.543271E-05 -6.214723E-05
 4.880818E-06  2.325253E-05 -1.062959E-05 -2.294709E-04  7.922076E-05  1.484603E-04 -2.746435E-05  1.124658E-04 -1.143812E-04 -1.205014E-04
 1.499292E-05 -4.239169E-05  2.644541E-05  3.187407E-05 -7.266655E-05  7.436206E-05  1.824572E-04  2.216149E-05  1.376689E-05  3.533826E-06
 2.649345E-06 -7.473564E-06 -4.955551E-05 -2.842318E-06 -6.873983E-06 -4.376533E-06  4.339857E-05  2.484172E-06  2.538481E-05 -8.595986E-06
 5.871576E-05
  MODE      47
-1.735263E-04  1.266758E-04  1.696136E-04 -4.927622E-05 -1.572770E-04 -8.762204E-05  5.820582E-09  2.765001E-05  1.516731E-06 -6.807900E-04
 2.724414E-03 -7.189837E-04 -3.861666E-03 -1.131837E-02  2.295932E-04  4.955956E-05 -8.924773E-06 -3.650181E-05 -2.774796E-05  2.240493E-04
 2.086213E-05  1.215977E-06  6.982273E-05  1.825970E-05  3.056935E-04 -2.637050E-05  3.147494E-05 -2.416727E-04  3.441311E-02 -2.033537E-03
 1.407618E-04  5.627394E-06  9.633490E-04 -5.389867E-02  8.533471E-05  1.539699E-04 -6.711277E-02  7.412184E-02 -7.718702E-05  2.431183E-03
-3.280134E-03 -3.371262E-03 -3.381946E-03 -1.484227E-04 -8.405092E-03  9.727700E-01  3.762043E-03  1.726977E-04  5.167311E-05  1.076862E-05
 5.933439E-04  6.263437E-04  5.815821E-03  1.934442E-01 -2.385460E-05  9.305419E-05  4.337966E-02 -3.376395E-03  2.217462E-04 -2.430626E-04
 1.099204E-04  8.698375E-05 -1.210675E-04  1.038463E-04 -7.878561E-06 -7.748583E-05 -8.105476E-05 -5.673022E-05  2.452655E-05 -5.110873E-06
 3.953074E-04  3.840261E-05 -3.501712E-05 -6.985296E-05 -1.219055E-04  2.732422E-04  2.278958E-05  6.238811E-06 -6.015508E-05 -6.405553E-05
 3.346328E-05 -7.854890E-06  1.640121E-04  2.701343E-04  3.581038E-04  2.140324E-04 -4.100909E-05  6.427994E-09 -4.201660E-05  1.654182E-04
 2.837152E-04 -2.133124E-04 -9.575167E-05  1.130969E-04 -3.324316E-05  1.170987E-04  3.208767E-05  5.815394E-06  7.119399E-04  2.256689E-05
 3.770238E-05  1.221627E-05 -1.933878E-05  1.749825E-05  4.808725E-06  1.584255E-05 -7.316158E-06 -2.537833E-05  1.755453E-04  9.150002E-06
-1.651595E-05
  MODE      48
-1.257983E-06  1.316555E-08 -9.856430E-08 -1.848715E-07  7.364973E-07  1.329305E-06  1.646796E-03 -5.320485E-06  6.563763E-04  6.798007E-06
 8.655495E-06  6.811227E-04  4.580011E-04  3.213147E-06 -3.601828E-04  5.790239E-02 -4.133743E-03 -2.206062E-04 -9.136994E-05 -2.380117E-03
 9.775155E-06  1.368087E-02 -7.417777E-06  6.807564E-05 -1.215256E-04 -1.023843E-04 -1.166230E-06  3.757629E-05 -1.263618E-05  1.628949E-05
 3.245467E-08  9.432924E-02 -3.415730E-04  8.331722E-06  1.467470E-06 -1.668283E-05 -4.880930E-04 -3.187789E-04  9.530949E-02 -2.842684E-04
 2.380220E-03  2.676270E-03  1.803536E-03 -3.357525E-01 -1.576115E-03 -1.808117E-05  2.765637E-03  6.538593E-02 -9.182718E-01 -3.037153E-03
 6.293242E-04  5.985649E-06  8.811956E-06 -1.054355E-05 -1.348544E-01 -5.968217E-07  4.437230E-05  5.766307E-05 -3.283204E-06  6.332046E-04
-4.500683E-04 -3.464796E-04 -6.128877E-05 -3.122300E-04  3.967346E-05  1.069660E-04  5.991178E-05  6.146228E-06 -5.441330E-05 -1.579866E-04
-7.222786E-05  9.704065E-06 -3.249697E-05  1.135277E-05  4.776481E-05 -3.386430E-05 -1.118759E-04 -8.552885E-05 -7.469904E-05  1.140299E-04
 1.862013E-05 -1.168342E-04  5.826706E-05  5.263884E-05 -1.667896E-04 -1.317344E-04  1.726158E-04 -1.389910E-04  9.663890E-05  1.690860E-04
 1.829399E-05 -1.264181E-05  1.125156E-04 -9.396074E-05  1.947330E-04  4.451180E-05 -2.361317E-04 -8.732212E-05 -1.134334E-04 -9.989863E-06
-2.524127E-06 -1.632958E-05  5.579502E-05  1.649976E-05  2.876382E-05 -1.350940E-05 -4.440793E-05 -8.937056E-06 -1.891853E-05 -2.961681E-05
-3.270901E-05
  MODE      49
-1.135169E-06  1.850967E-06 -2.010781E-06  2.752482E-06  8.071851E-07 -1.775103E-06  2.651222E-05  1.610007E-04 -2.133437E-05 -1.056357E-04
-7.008062E-05  5.431228E-04 -1.400139E-04 -1.062960E-04 -1.000688E-04 -3.142628E-04  1.331427E-04 -3.445268E-02 -3.487035E-02  1.780839E-03
 5.750452E-04  1.610540E-03 -1.803315E-01  7.684076E-02 -3.444918E-02  8.346293E-03  3.150518E-04  1.473652E-04  4.008616E-04 -5.835460E-05
 6.611607E-06 -7.561805E-04 -2.468327E-04  5.907148E-04  4.629069E-04  1.731873E-04 -4.958067E-04 -6.811414E-04  7.742032E-04 -1.663813E-03
 8.754375E-04 -2.421623E-01 -7.618687E-02  5.946367E-04  4.501420E-04  1.062548E-03 -5.418172E-01  4.681907E-01  3.087311E-02 -2.037940E-03
-4.170507E-03  7.785039E-06 -1.116795E-05  3.220371E-05  2.468409E-04 -5.663016E-05 -6.922471E-05  6.786539E-05 -1.182324E-04 -3.992830E-04
-8.521973E-02 -1.121328E-01 -5.696306E-03 -1.272145E-03  3.618161E-02  3.129719E-01  9.624904E-04 -4.049306E-02  2.788867E-02 -3.410303E-03
-4.240649E-04 -7.514578E-04 -2.521925E-02 -1.572915E-01  2.190793E-04 -2.175275E-04  7.667968E-02  6.313356E-02  9.692658E-03 -1.432432E-02
-3.860904E-05  1.185040E-04 -5.497807E-04 -2.772433E-03 -8.724872E-04 -1.949433E-01  6.691039E-02 -1.202504E-01  9.932957E-02  4.036886E-04
-7.460440E-04  2.067995E-03 -8.092783E-02  4.542762E-02  3.543440E-03 -9.405690E-02 -3.628994E-01 -6.969993E-04 -2.664460E-03 -3.354229E-04
-1.320075E-03 -1.340911E-03 -2.394047E-02  5.873610E-04  2.010244E-03 -3.719490E-03  5.372706E-02 -4.954841E-04 -3.371953E-03 -2.853897E-04
-5.585089E-02
  MODE      50
 2.156144E-04 -3.040739E-04  3.222052E-04 -4.402710E-04 -1.409990E-04  2.625558E-04 -3.198893E-04 -3.800047E-04  8.272739E-04  5.605706E-04
-1.276575E-04 -8.557686E-02  2.104513E-03  3.222052E-03 -2.031526E-03  1.588384E-03  2.150543E-04  6.765355E-04  1.304813E-04  1.957996E-02
-4.555740E-05  8.356643E-05 -1.046727E-03  1.559588E-04 -5.911088E-05  1.130570E-04  7.288170E-03 -3.204547E-02 -1.330664E-04 -1.231208E-04
 2.422010E-05 -1.126545E-03  8.634314E-04 -4.836856E-04 -1.205766E-03  2.450257E-03  6.799273E-03 -1.602227E-03 -3.231685E-03  2.295645E-01
-1.292636E-01 -1.695561E-03 -1.721687E-03 -1.116006E-04 -2.635550E-04 -1.361494E-03 -5.551492E-03  8.745379E-04 -1.391130E-03  2.820537E-01
 6.361485E-01 -4.910443E-04 -6.704998E-05 -4.842670E-04  2.076051E-05  2.394463E-04 -2.014247E-04 -8.633265E-05 -2.061087E-04  5.326205E-02
 3.799762E-04  6.543045E-05 -2.979604E-02  1.743620E-01 -7.665092E-04  1.667631E-03 -1.197364E-01  4.504946E-03 -1.994429E-03 -9.629330E-02
 4.459708E-02  2.411491E-02 -8.107798E-05 -1.161060E-03 -4.017602E-02  4.030648E-02  4.653912E-04  3.024326E-04  4.441798E-05  5.939082E-06
 3.811892E-04  3.789564E-03  4.598322E-02  7.610550E-02  2.267381E-01 -2.133334E-03 -1.499719E-03 -5.033311E-04  6.107671E-04  9.519368E-02
 8.123117E-02 -3.117793E-01 -4.713648E-04  1.301898E-04 -4.198379E-02 -8.775705E-04 -2.826909E-03  2.212795E-02  4.252246E-01  1.990543E-02
-3.571110E-03  4.186030E-04 -7.152941E-05 -9.927867E-05 -2.715196E-04  2.343048E-05  1.450399E-04 -1.437393E-02  1.323668E-01  1.985666E-02
-6.408381E-03
  MODE      51
-2.018156E-09 -5.746742E-08  4.922631E-08 -8.398684E-08  5.876848E-09  9.747016E-08  1.103561E-04  3.847344E-05 -1.320629E-04 -2.999954E-05
 8.859669E-05 -3.987928E-04  8.358295E-05  1.489355E-04  2.348843E-05  4.007735E-05  1.283523E-04  2.516311E-02 -3.244187E-02 -1.059672E-03
 9.453440E-05  1.858111E-04  7.696753E-02  1.924760E-01  2.205829E-03 -5.011386E-02  3.017730E-05  8.986887E-06 -1.316768E-04 -4.475228E-05
-5.525388E-05  1.747231E-04  2.264262E-04 -2.755153E-04 -2.149635E-05 -7.034976E-05  4.101458E-04  3.543960E-04 -5.579495E-04  6.730809E-04
-1.503249E-03 -6.941570E-02  1.961327E-01  4.508009E-04  1.692985E-03 -1.595860E-03  4.808011E-01  5.353026E-01  3.961515E-02  4.681886E-03
 1.230393E-03  1.015574E-04  3.601963E-04  7.048075E-06  1.541289E-04 -1.958018E-05  6.592145E-05  1.031940E-04  1.412491E-04 -4.210076E-03
-9.192544E-02  7.073404E-02  1.966076E-03  1.103704E-03  3.174700E-01 -1.967814E-02 -2.977579E-04  3.560605E-03  5.984447E-02 -4.285819E-03
 1.897993E-04  3.765982E-04 -1.506581E-01 -4.129808E-03 -2.678321E-04  7.875151E-05 -6.911007E-02  1.066494E-01  2.670807E-02 -2.156325E-02
-8.549787E-05 -3.487968E-05  5.933369E-05 -1.094747E-03  2.425074E-03  8.903383E-02  2.150677E-01 -9.423467E-02 -1.202422E-01  1.419791E-04
 9.681279E-05 -1.709281E-04  5.632771E-02  7.536130E-02 -3.327831E-05  3.638419E-01 -8.778211E-02 -2.005574E-04  3.088183E-04  2.217708E-04
-2.659845E-03 -3.115472E-02  1.297344E-03  1.016484E-02  1.943542E-03 -4.680808E-02 -3.884803E-03 -7.867248E-04  6.831314E-03 -4.588816E-02
-4.219684E-04
  MODE      52
-3.152891E-07  4.142068E-07 -3.172385E-07  5.090794E-07  9.927966E-08 -3.615761E-07  1.342787E-05  3.737422E-03  1.478770E-06  1.059211E-05
-3.823363E-05 -2.845587E-05 -3.277918E-06 -1.014899E-05 -2.023301E-05 -2.302280E-06  1.901099E-06 -1.983832E-05 -2.745074E-05 -9.480276E-05
-8.351084E-04 -1.671853E-06  8.652388E-06 -1.003331E-04  7.859393E-05 -2.662320E-05 -3.729519E-05 -4.317718E-05  2.166925E-05 -1.871084E-06
 1.934034E-02  2.212104E-06  8.491714E-06 -1.904216E-04  6.128065E-02  7.111977E-02 -5.643735E-05  5.548156E-05 -3.911038E-07  2.413765E-04
-1.916707E-04  2.639001E-04  5.571204E-04  1.761532E-06  1.073564E-06  3.859314E-04  4.849761E-05  2.488936E-04  9.710400E-06 -2.690875E-04
-4.168279E-04 -9.745287E-01  4.683055E-05  1.069935E-03  1.381378E-05 -1.938127E-01 -7.789903E-05 -1.192090E-05  5.937670E-02  2.011110E-04
 1.948366E-04 -1.219015E-06 -7.540037E-06 -6.242938E-05 -6.221756E-05 -1.837288E-05  1.129240E-04  9.625866E-05  3.445910E-05 -1.056552E-04
 2.123027E-04 -3.099933E-05 -1.003346E-04  1.500170E-04 -8.178330E-06  5.858620E-05 -1.796119E-05  1.843911E-04  2.111730E-04  1.928667E-05
-7.031903E-06  2.609914E-05 -1.187162E-05 -1.340131E-04 -1.605734E-04 -1.994454E-04 -3.775410E-05  1.170071E-04  1.430257E-04 -1.657496E-04
-3.174840E-05  2.460921E-04 -3.082341E-05 -1.043008E-04 -2.885489E-05 -1.932999E-04  8.497827E-05  2.183033E-06 -2.664408E-04 -9.647617E-06
 2.560238E-05 -3.956242E-05  1.530086E-05  3.635021E-05  1.753451E-05 -7.668726E-05  1.805784E-05  4.102746E-06 -9.631018E-05  6.510459E-05
 2.233303E-05
  MODE      53
-5.296320E-05  3.851187E-05  5.226488E-05 -1.551952E-05 -4.830420E-05 -2.657255E-05  1.664996E-06 -1.283185E-05 -1.804923E-06 -4.343472E-04
 1.739303E-03 -1.005276E-04 -1.206713E-03 -3.546482E-03  6.048723E-05  1.560247E-05 -2.980685E-06  3.650166E-05  2.652754E-05  1.125415E-04
-6.685337E-06  6.579940E-07 -5.232268E-05 -3.948200E-05 -1.229583E-04 -1.568366E-05 -6.510493E-05 -4.261017E-05  8.635163E-03 -5.100014E-04
-8.174194E-05  1.053384E-05  1.268302E-04 -7.254866E-03 -4.131473E-05 -9.301368E-05  1.092338E-03 -1.211201E-03  8.849359E-06 -3.957893E-04
 1.036213E-03  9.747131E-04  1.116953E-03  2.066961E-05  1.734734E-03 -2.003283E-01 -8.176892E-04 -9.227067E-05 -3.070004E-06 -8.256648E-05
 4.269132E-04  1.019473E-03  2.875793E-02  9.557758E-01 -2.384814E-05  1.036018E-04  2.123720E-01 -1.652769E-02  1.551276E-03  2.701215E-04
-1.766712E-04 -2.810195E-04 -1.963827E-05  9.758455E-05  4.336423E-06  9.779134E-05 -1.238487E-05  4.920448E-05  1.534614E-05 -6.494340E-04
 2.446507E-04 -5.661765E-05 -1.497453E-05  3.564966E-05 -6.088511E-05  1.663022E-04 -4.213104E-05  6.775263E-06  3.734645E-05  7.332278E-05
-1.389430E-05  8.458338E-05  7.625533E-06 -3.990449E-05 -4.841125E-05 -1.181324E-04 -8.995015E-06  2.366939E-05  5.722287E-05 -2.238988E-05
 5.124053E-05 -2.346259E-04  7.712441E-05 -1.138070E-04  4.100391E-05 -9.092320E-05 -5.639515E-05  5.554165E-05  3.951215E-05 -8.939915E-06
 2.895817E-05 -1.834400E-05  1.070784E-06  3.082935E-05  5.773529E-06 -3.099223E-05  5.370878E-07 -1.710327E-05  5.569309E-05  2.821597E-05
 1.302350E-05
  MODE      54
-6.438504E-04  2.351242E-05 -3.953006E-05 -8.812124E-05  3.538963E-04  6.469624E-04  4.289922E-06  6.844915E-07 -8.597477E-06 -6.750898E-03
-1.685128E-03 -1.069477E-04 -4.189739E-03  1.429161E-03 -3.828519E-04  8.535492E-05 -5.818072E-06  2.273416E-05 -1.146375E-05  1.143936E-04
-6.129973E-07  4.999557E-07  1.255747E-04 -9.181970E-05  1.953361E-05  9.676287E-05  1.300061E-05  1.694223E-05  5.271926E-04  8.935193E-03
 1.494114E-06  7.132743E-05 -1.492056E-02 -2.639990E-04 -3.849990E-06  1.616350E-05  6.071921E-02  5.502020E-02  1.931121E-04 -1.446528E-03
-4.669858E-04 -8.439322E-04 -3.326202E-05 -2.991200E-05  6.379428E-02  5.529398E-04 -4.749683E-04 -5.185429E-04 -7.969891E-05  1.144313E-04
 1.383480E-05  1.209688E-05  9.895608E-01 -2.977248E-02 -4.188606E-04 -3.689578E-07  7.244532E-03  9.310141E-02 -1.459780E-05 -9.700019E-04
 6.092555E-05  1.089860E-03 -3.129250E-05  1.978639E-04 -1.478512E-04 -1.174216E-04 -2.039038E-04 -2.846683E-04  4.921444E-06  4.938463E-04
-4.609386E-05  3.841115E-05  4.210916E-05 -1.419271E-04 -6.431038E-05 -4.250378E-05  2.559728E-04  7.212574E-05  1.012985E-04 -1.841381E-04
 1.693544E-05 -3.235989E-05  5.869056E-05  1.917553E-04  2.888545E-05 -6.663237E-05 -1.731833E-04  1.516390E-04 -7.002242E-05  1.077768E-04
-5.898563E-06 -1.757136E-05  2.125387E-05 -1.103138E-04  6.251875E-05 -6.218353E-06  4.198721E-05 -1.414004E-05 -1.192175E-05  1.804320E-06
-1.064469E-05  3.475822E-05 -5.822941E-05  1.571775E-05  2.053959E-05 -1.987654E-05  1.226603E-04  1.633570E-05  7.962535E-06  3.619882E-05
 5.563902E-05
  MODE      55
-2.668514E-08  3.702609E-08  5.114168E-08 -1.043260E-08 -5.997538E-08 -5.140337E-08  3.804065E-04 -7.692616E-07 -2.763498E-03  3.281435E-06
-7.380123E-06 -1.585063E-04 -3.834408E-05  1.388811E-05  5.294125E-05 -5.148255E-03  1.246784E-03 -1.262558E-05  1.938209E-05  6.182832E-04
-2.959411E-06 -5.792529E-03  9.645830E-05 -1.110833E-05 -4.342695E-05  7.119200E-05 -2.399252E-05  3.333632E-05  1.092801E-05  1.267691E-05
-3.304587E-07 -1.261470E-02 -3.417778E-05 -2.956296E-06  3.477304E-06 -1.046108E-05 -2.570085E-05  6.438881E-06 -1.750434E-02 -1.291424E-03
 8.341741E-04  2.663875E-04  1.365056E-03 -3.937638E-02 -2.916231E-05  2.553834E-05  5.295632E-05  9.044274E-03 -1.338570E-01 -4.556653E-04
 1.450797E-04  1.270268E-05  4.151488E-04  3.527882E-05  9.899022E-01  1.292449E-05 -8.541262E-05  3.556882E-05  1.402621E-06  7.854417E-04
 4.848862E-04  1.125137E-03  2.936991E-05  7.736524E-04  1.645970E-04 -1.827254E-04  7.719455E-05 -1.288016E-04  2.773231E-04 -1.910535E-04
-1.538845E-04 -3.908822E-05 -1.261046E-04  1.356429E-04 -2.225108E-04 -2.772216E-05  1.624237E-04  1.421023E-04 -4.442173E-05 -1.321852E-04
-9.043512E-06  6.891616E-05 -1.517579E-05  1.548533E-04 -3.193596E-04 -4.849669E-04 -1.431630E-04 -8.888561E-06 -6.654412E-06  1.233233E-04
-1.189632E-06 -6.303484E-05  2.125352E-04 -9.283858E-05  1.320707E-04 -4.916250E-05 -7.953065E-05 -1.681461E-06 -2.249546E-05  1.011309E-06
-8.124932E-06 -2.879913E-05 -1.933787E-05  5.593652E-06 -2.261778E-05  4.254955E-05  5.549771E-05 -6.841708E-06  3.684812E-06  1.144095E-06
 2.276080E-05
  MODE      56
 3.266450E-07 -3.872623E-08 -1.020731E-06  7.584709E-07  7.333785E-07 -4.967549E-08 -7.592930E-06 -2.564171E-03 -3.769897E-06 -9.984921E-06
 1.464588E-05 -3.908303E-06 -9.332154E-06  8.333793E-07 -4.834519E-05 -1.828713E-05  9.607745E-06 -6.069919E-05 -1.835215E-05 -4.190720E-04
-1.102437E-02 -3.119016E-07 -7.825755E-05 -7.471975E-05 -8.428144E-05 -7.765700E-05 -8.931024E-06 -8.012786E-05 -2.240536E-05  2.338140E-06
 1.541728E-02 -3.647407E-06  3.358393E-06 -2.644149E-05 -1.914641E-02  5.494288E-02  2.694009E-05 -4.865903E-05  5.840475E-06 -3.106933E-04
 4.135252E-05  3.141379E-04  3.307723E-04  2.461402E-07 -1.118607E-05 -4.259867E-05  9.480700E-05  1.602612E-04  1.225570E-05 -1.177298E-04
-2.002532E-04 -1.801237E-01 -1.176593E-05 -1.084489E-05 -1.755137E-06  7.153667E-01  5.432576E-03 -3.971737E-04 -6.723198E-01 -2.949867E-03
-3.898591E-04 -5.661795E-04  1.450667E-04 -4.959202E-04 -7.050371E-05 -6.206006E-05  9.219780E-05  3.394828E-04 -2.960623E-05  7.479055E-04
 4.545493E-04 -3.850305E-05 -1.001983E-04  1.370553E-04  8.529029E-06  1.973073E-04 -1.363867E-04  4.522225E-05  2.042752E-04  2.261261E-07
-4.854888E-05  4.854707E-05  7.068449E-05  8.002067E-05  3.009758E-05 -6.785270E-05 -8.615653E-06 -3.726134E-07  9.207847E-05 -9.782840E-05
 4.363421E-05  1.181629E-04 -4.530322E-05 -1.092658E-04  4.140585E-06 -2.191734E-05  6.712455E-05  2.884634E-05  4.055910E-05 -8.761455E-06
 3.794124E-05 -1.674740E-05  2.084852E-05  4.754555E-05  2.632960E-05 -7.142352E-05  7.774233E-06  2.125586E-07 -1.726552E-05  4.760027E-05
 4.750094E-06
  MODE      57
 5.572882E-04 -4.065186E-04 -5.457757E-04  1.592585E-04  5.057540E-04  2.810674E-04  3.205564E-06 -1.234631E-06 -3.007273E-06 -1.810248E-03
 7.254221E-03 -6.518100E-05  1.894946E-04  5.572426E-04 -8.192951E-06 -9.161704E-06  3.374824E-06  1.389133E-05 -2.981406E-06 -4.612649E-05
 6.764346E-06 -1.921987E-06  1.223247E-05  3.592314E-06  2.915262E-05  2.864975E-05  3.411737E-05  8.786229E-05 -2.012756E-02  1.189299E-03
-5.489496E-05  1.175590E-06  5.752535E-04 -3.215518E-02  7.720825E-06 -1.143717E-04  2.199607E-02 -2.428642E-02  4.575728E-05 -4.915499E-04
-2.216190E-04 -3.545627E-04 -3.867874E-04 -5.889543E-06 -1.046733E-05  1.835277E-03 -3.254670E-05  2.876548E-05  3.220136E-05 -3.445203E-06
 1.345896E-05  2.049760E-04 -6.523057E-03 -2.168221E-01  1.026745E-04 -3.611103E-04  9.719010E-01 -7.564185E-02  7.455586E-03  5.354678E-05
 7.512239E-05  1.349118E-04 -2.204986E-04 -2.012814E-05 -3.867334E-05  1.475255E-05 -4.767950E-05 -1.954733E-04  1.690843E-05  4.848945E-04
-4.907766E-04  5.591916E-05 -3.799248E-07 -1.083372E-04  3.463856E-05 -1.775009E-04  3.734358E-05  1.530951E-05 -3.847143E-05  1.084568E-06
 2.516859E-05  1.320408E-06 -8.853508E-05 -1.183221E-04  1.293669E-04  1.543950E-04 -6.605565E-05  2.411264E-05 -5.316245E-05 -7.151502E-05
-2.575463E-05  7.853329E-05 -6.566591E-05  9.972725E-05 -6.759748E-05 -4.938968E-06  6.239209E-05  2.979895E-05  7.668848E-05  2.865568E-06
-5.185778E-05  1.948316E-07 -1.076130E-05 -4.380729E-05 -3.320591E-05  1.170476E-05 -2.169575E-06  1.169366E-05  3.902025E-06 -7.624887E-06
-1.436078E-06
  MODE      58
 2.938362E-04 -4.145992E-04  4.399650E-04 -6.007889E-04 -1.927219E-04  3.580070E-04  3.068979E-04  1.178245E-04 -3.007756E-05  1.291168E-05
 2.965012E-04  6.095993E-02  4.587341E-04 -2.899604E-03 -3.741073E-03  4.020345E-04 -1.249610E-03  1.058914E-03  3.975640E-04  1.822146E-02
-4.137356E-04 -1.856841E-04 -4.081748E-06  5.438356E-04  1.212707E-04  1.861481E-05 -1.820159E-02  1.592119E-02 -6.685817E-05  2.036522E-05
 3.558265E-05 -2.643656E-04  6.760753E-04 -8.541361E-04 -6.450106E-04  1.569366E-03  5.068758E-03 -9.084555E-05 -2.854171E-03  2.381229E-01
 1.992465E-01 -1.191489E-04 -5.845049E-04 -3.903986E-05 -6.352341E-04  5.719616E-04 -1.976238E-03 -1.979038E-03 -1.611084E-03  5.357702E-01
-2.138915E-01 -9.409916E-05  1.979168E-04  7.804408E-05 -1.142854E-04  3.857192E-04  1.303817E-04 -1.807448E-04 -3.523782E-04  9.719897E-02
-7.142571E-04  2.037697E-03 -5.358121E-02  2.818015E-02 -9.899900E-04 -1.406989E-03  2.793802E-02  9.750051E-03 -4.368591E-03 -1.926492E-01
-1.248762E-01 -9.222866E-03  1.452418E-04 -6.340789E-04 -3.038460E-02 -1.346538E-01  6.543021E-04 -1.801424E-04  1.718099E-04 -1.296416E-03
 1.027712E-01 -2.319064E-01  7.960831E-02  4.448815E-01 -9.307315E-02 -3.368653E-03  4.545077E-03  6.251625E-04 -1.651021E-03  3.284092E-01
-2.672598E-02  1.255226E-01  7.890068E-05  7.939637E-06 -3.436145E-02 -1.797038E-04  2.989314E-04 -2.418300E-01 -1.185354E-01  2.012496E-02
 3.755385E-04  1.129955E-04 -2.222833E-04 -8.939707E-05  1.823859E-04  1.763292E-04 -2.258897E-05 -3.567435E-02 -5.606761E-02 -7.785278E-03
 2.860063E-03
  MODE      59
-7.311992E-08  1.134439E-08 -3.941042E-08  2.205826E-08  6.299942E-08  6.513349E-08  1.245904E-07  9.129302E-05 -5.199573E-07 -4.124219E-06
 1.072532E-05  1.027620E-06 -2.618261E-06 -2.803476E-06 -8.206093E-06 -3.382998E-06  1.814682E-06  3.945974E-05 -1.877791E-04 -8.748238E-05
-2.822484E-03  1.248432E-06  9.911994E-05  3.112709E-04 -1.619436E-04  4.742325E-04  1.298086E-05 -2.139208E-05 -1.048463E-05 -9.192796E-07
-1.976972E-03 -8.649037E-07  1.082643E-06  3.376687E-05 -5.441440E-03 -1.129104E-03  6.056174E-06 -8.128292E-06 -2.346492E-06  2.946688E-04
-8.301261E-05  2.398906E-04  2.326171E-04 -1.420719E-06 -3.279827E-06 -5.376246E-05  2.502732E-06 -4.484463E-05 -7.283024E-07  3.061076E-05
 1.926545E-06  8.797033E-02 -6.583729E-05 -2.933135E-05  8.344557E-06 -6.703647E-01  5.387438E-03  1.260787E-04 -7.367466E-01 -7.726464E-04
 4.484040E-04  1.316846E-03  1.398382E-04 -3.522507E-05  1.369218E-04  1.182536E-04  1.820761E-05 -3.667468E-04 -4.819923E-04  7.111467E-06
 1.689029E-04  1.835122E-05  5.350879E-04 -1.968253E-04  3.715221E-05  6.139769E-05  4.417208E-04 -2.364361E-04 -3.850473E-04 -1.724254E-04
-6.071509E-06  8.972043E-06  3.565174E-05  1.048327E-04 -1.118594E-05 -2.198028E-04  2.010915E-04 -1.815795E-04 -3.198835E-04 -3.911640E-06
 1.372961E-05 -4.628689E-06  3.172724E-04  4.066492E-04  2.219116E-06 -7.408478E-05 -4.811937E-05 -5.786644E-06 -2.545164E-06  6.120252E-06
 1.076368E-05 -2.113590E-05 -3.666775E-05 -5.356053E-05 -2.270606E-07  3.475515E-04  6.523682E-06 -1.289855E-05  3.171146E-05 -2.431635E-04
-3.419328E-05
  MODE      60
-1.054710E-04  3.848619E-06 -6.477897E-06 -1.443627E-05  5.797725E-05  1.059868E-04 -1.159470E-06  2.882280E-07 -3.250221E-06 -5.701229E-04
-1.439072E-04 -7.293191E-05  5.302894E-04 -1.731878E-04  2.711792E-04 -7.951458E-05 -3.527298E-06 -2.404783E-05 -1.446660E-05 -1.313773E-04
 2.137140E-06 -9.869501E-06  5.655175E-05 -1.608672E-05  7.142022E-05 -2.740560E-06  5.853781E-04 -2.455111E-04 -1.146866E-04 -1.956888E-03
 2.105850E-06 -8.275739E-05  2.720729E-03  4.768552E-05  7.545898E-06 -4.008798E-06 -4.299009E-03 -3.887766E-03  2.466382E-05 -1.504814E-04
-2.885204E-05 -3.954196E-05 -6.211703E-05  1.611851E-05 -7.301807E-04 -6.455850E-06 -6.729216E-05 -6.631786E-05  4.394190E-05  4.007944E-04
-1.015473E-04 -6.272593E-05 -9.328525E-02  2.805925E-03  1.449235E-05  3.467763E-04  7.725032E-02  9.926092E-01  4.198803E-04  1.051714E-03
 3.657570E-04  4.330644E-04  4.069046E-04  2.286716E-04  2.556425E-05 -3.183767E-05 -2.943762E-05 -6.340893E-05  2.920507E-05  2.089099E-04
 8.009617E-05 -5.037890E-04  8.355971E-07  7.483450E-05 -8.405203E-05  8.161539E-05  5.509425E-05  4.286252E-05 -1.134750E-05 -1.403228E-05
-2.162245E-04  4.022777E-04 -1.251514E-04  1.012842E-04  9.861396E-07 -6.673395E-05  1.949001E-05  1.832353E-05  1.543803E-05  1.385043E-04
 5.232783E-05  3.460282E-06  2.200858E-05 -1.902048E-05  1.527220E-04  7.385426E-06 -2.150660E-05 -1.885619E-04  1.833460E-05 -5.486272E-06
-1.838199E-06  2.677988E-07 -2.630155E-06  2.036253E-05 -1.972591E-04 -3.304026E-06  9.467552E-06  7.262393E-06  7.480441E-06  5.322438E-06
 7.037057E-06
  MODE      61
 4.493936E-07 -3.689522E-07  4.032864E-07 -5.032645E-07 -2.805874E-07  1.170475E-07  1.743132E-04  8.864771E-05 -1.223389E-04 -6.319013E-04
-1.184055E-04 -2.151823E-03 -1.086642E-02  4.245607E-03  1.114042E-01 -3.844725E-03  1.987449E-03 -7.039937E-03 -2.602637E-03 -1.278938E-01
 6.237317E-04 -1.155355E-03  4.254166E-04 -1.273914E-03  1.501992E-03 -4.327752E-04  3.151720E-01 -1.204355E-01  4.776917E-05  6.666800E-04
 3.962840E-04  1.698357E-03 -1.740755E-03 -8.173119E-05  5.221643E-04 -3.414214E-04 -1.056969E-03 -8.773818E-04  1.414853E-03  1.469725E-02
-8.429667E-03 -4.452640E-04 -1.881662E-05  8.378993E-04  1.301361E-03 -2.749887E-04 -1.113004E-03 -6.215662E-04 -1.179741E-03  1.294668E-01
-9.634632E-02  2.241678E-04 -6.184882E-04  5.902197E-05  4.321811E-04 -1.037807E-03  1.747128E-04 -1.085763E-04  1.714814E-03 -6.746570E-01
 1.267703E-02 -1.749143E-02  1.213758E-01  2.183886E-01 -2.304095E-03  1.814339E-04 -6.232212E-02  6.072490E-03 -3.591849E-03 -8.060358E-02
 9.376635E-02 -2.835076E-01 -7.518949E-04  2.301935E-03  1.050615E-02  4.040803E-02 -5.521881E-04 -2.842724E-04 -2.754889E-04  9.287392E-04
-6.315737E-02  2.301909E-01 -1.151917E-02  2.355167E-03  1.022742E-02  6.394406E-04 -7.478451E-06 -1.579918E-04  3.644270E-04  3.496223E-03
-8.765025E-03 -1.384514E-02 -3.663744E-04 -2.074899E-05 -1.255319E-02  4.032852E-04  3.876709E-04 -1.937000E-01  2.968418E-03 -1.232758E-03
-1.896704E-02  2.088688E-03  7.587893E-04  2.335856E-01 -2.442601E-01  3.959525E-02  7.922773E-03  4.128343E-04  3.097609E-04  4.646796E-04
 6.814269E-06
  MODE      62
 1.604427E-06 -2.309323E-06  2.569773E-06 -3.437536E-06 -1.158489E-06  2.002020E-06  2.006541E-04  3.418470E-05 -9.611326E-05 -7.713633E-05
 1.942442E-05  5.739912E-04  1.333762E-04  1.821121E-05 -3.909710E-04 -7.564776E-05  8.461102E-05 -7.625404E-02  9.367992E-02  3.012415E-03
 1.139144E-04 -2.639305E-04 -1.093326E-01 -2.530844E-01 -1.075454E-02 -3.261343E-01 -4.433575E-04  3.439091E-04 -2.139755E-04 -2.186146E-04
-1.728176E-04  6.960176E-05  1.913813E-04 -1.083148E-04 -2.441075E-04 -1.441208E-04  1.506431E-04  3.711162E-04 -3.105588E-04 -8.404300E-04
 3.565816E-04  4.985163E-02 -5.599503E-02  5.098122E-04  1.322264E-04  7.960997E-05 -6.107659E-02  2.780657E-02  1.324435E-03 -2.311961E-04
-2.785200E-04  1.445164E-04 -3.636569E-04  1.543089E-04 -7.734701E-04  2.624733E-04 -6.741163E-05 -4.421178E-04 -2.683244E-04  5.665910E-03
 6.148302E-01  3.763066E-01  2.621143E-02  4.448540E-05  5.461482E-02  1.224144E-01  8.775916E-04  2.305049E-02  2.398514E-01 -5.651715E-03
 2.437629E-05  6.046249E-04 -2.441151E-01 -2.803503E-03 -4.763641E-04 -6.265050E-04 -5.647574E-02  9.763682E-02  1.048391E-01  5.312260E-02
 1.750305E-04 -8.490911E-04 -1.930649E-05  7.513957E-04 -7.690468E-04 -2.657555E-02 -6.063920E-02  7.664942E-02  9.847191E-02  1.192798E-03
-5.853093E-04  8.747942E-05 -8.876700E-02 -8.417541E-02 -9.737704E-04  1.595913E-01 -4.013142E-02 -1.420744E-04 -5.155670E-05 -3.768871E-04
 4.047520E-03  4.139743E-02 -2.130288E-03  4.459569E-02  9.745948E-03 -2.044944E-01 -1.792895E-02  1.740747E-03 -7.063941E-03  4.720931E-02
 1.389775E-03
  MODE      63
 2.259254E-06 -3.181062E-06  3.387165E-06 -4.616743E-06 -1.491019E-06  2.739286E-06 -2.595449E-04 -3.774812E-05  2.741625E-04 -6.877280E-05
-1.849921E-04  9.659591E-05 -4.796870E-04 -4.408012E-04 -6.059406E-04 -5.317573E-04 -2.250549E-04 -6.384640E-02 -4.822041E-02  3.571111E-03
 2.112287E-04  5.883695E-04 -1.397938E-01  5.890117E-02  1.869668E-01 -8.416513E-03 -1.205354E-03  9.481792E-04 -4.777685E-04  8.008528E-05
 5.872327E-05  5.700681E-05 -1.779243E-05  3.177976E-05 -3.349494E-05  7.789100E-05 -3.575705E-04 -3.337721E-04  4.618018E-05 -2.247758E-03
 7.541300E-04 -2.015461E-02 -5.195168E-02 -3.996088E-04 -3.316366E-04  9.455491E-05 -9.418143E-02 -1.283052E-01 -9.397129E-03 -8.284670E-04
 8.350560E-04 -8.143657E-05  5.924666E-04 -1.776545E-05  3.009904E-04 -1.073921E-04  7.996431E-06  7.226611E-05 -1.511142E-04  1.151432E-02
 2.739218E-01 -3.632234E-01 -6.254133E-03 -2.100650E-03  5.223636E-01 -3.535840E-03  1.225125E-03 -8.276263E-03 -1.770624E-01  3.217544E-03
-1.296703E-03  7.297553E-04  2.864273E-02  1.221354E-01  5.413458E-04 -8.689518E-04 -4.758992E-02 -3.883918E-02 -1.409955E-01  1.532214E-01
 6.661270E-04 -8.091277E-04 -1.483859E-05 -1.072625E-03  8.864527E-04 -1.809160E-02  4.956371E-02 -1.380756E-01  7.126788E-02  2.217589E-03
-3.765397E-04  3.019593E-04 -6.774605E-02  1.463786E-01 -2.972060E-03  5.527434E-02  1.220512E-01  3.866071E-04  1.041043E-04 -5.394930E-04
-2.827178E-03 -1.277943E-03 -5.554765E-02 -6.135137E-03 -1.780192E-02  3.691604E-02 -4.993270E-01  3.788857E-03 -4.487336E-03  3.919941E-04
-8.718844E-02
  MODE      64
-3.213946E-04  4.534670E-04 -4.812527E-04  6.571387E-04  2.108313E-04 -3.915476E-04 -2.941702E-04 -3.943618E-04  1.214789E-03  1.049446E-03
 2.579270E-04 -1.891995E-02  8.117773E-03 -2.905306E-03 -7.406989E-02  2.570381E-03 -1.447162E-03  2.402620E-03  1.170197E-03  5.149492E-02
-4.561596E-04 -2.847033E-04 -1.398545E-03 -3.614861E-04  8.028678E-04 -1.045594E-03 -2.200778E-02  5.075746E-02  9.588703E-05  2.242019E-04
 1.637065E-04 -5.652606E-04  2.700604E-04 -7.322157E-04 -1.020327E-03  2.338962E-03  6.561614E-03 -1.664840E-03 -2.839294E-03  2.620080E-01
-8.344576E-02 -3.620652E-04 -9.382219E-04  1.033913E-04  1.528203E-04 -6.161875E-04 -9.900263E-04 -1.985191E-04 -4.838096E-04 -1.000174E-01
-8.728544E-02  3.165035E-04 -3.077616E-04  1.719838E-04  4.286360E-04 -2.799607E-04 -1.215328E-04  5.623740E-04  5.719093E-04 -1.618239E-01
 1.539253E-02  2.770765E-02 -6.998183E-01 -1.114821E-01  4.559954E-03 -1.727874E-04 -2.084635E-01 -6.310093E-03  4.047158E-04  9.780935E-02
 9.886726E-02  8.533097E-02 -9.625430E-05  4.170778E-06 -2.751758E-02  8.106260E-02  8.089698E-05 -7.168775E-05 -9.454477E-04  1.142272E-03
 1.762381E-02  3.224973E-02  1.083431E-01  1.506548E-01 -6.297514E-02 -1.299522E-03  2.289974E-03 -1.207403E-03  1.379580E-03 -1.454484E-01
 7.132433E-02 -9.334920E-03  1.225084E-04  5.062850E-04  2.517634E-01  1.495907E-03  2.509151E-03  4.657954E-02 -2.515718E-03  2.127838E-02
 3.278785E-02 -2.981174E-03 -2.260875E-03  2.104980E-01  2.688514E-02  4.778219E-02 -4.897983E-03 -3.279835E-01  6.982925E-03  6.454588E-03
 1.912668E-03
  MODE      65
-1.463314E-04  2.065316E-04 -2.191706E-04  2.992926E-04  9.598427E-05 -1.783845E-04 -2.256463E-04  3.386071E-05  6.178499E-04  4.925529E-04
-1.101926E-04 -1.729999E-02 -1.004460E-02  7.626748E-03  1.644723E-01  2.173008E-03 -9.175700E-04 -2.145814E-04  1.118726E-04  1.733874E-03
-2.770674E-04 -4.805136E-04  7.107872E-05 -3.687318E-04  5.827183E-04 -6.232347E-04  6.582380E-02 -1.385453E-01 -1.450105E-04  1.522577E-04
 1.467105E-04  3.353665E-04 -3.917318E-04 -4.418577E-04 -3.272016E-04  8.881714E-04  2.735345E-03 -1.025316E-03 -8.845544E-04  1.221016E-01
-1.597606E-02 -1.958944E-04 -5.525815E-04  4.073298E-04  6.059854E-04 -2.007400E-04 -1.021661E-03 -1.137242E-03 -9.964831E-04  1.629002E-01
 7.704089E-02  8.996005E-05 -2.413137E-04  4.245405E-04  1.358124E-04 -3.882746E-04 -2.388600E-04 -1.178210E-04  5.345572E-04 -1.352838E-01
 2.546570E-03  4.929225E-03 -1.241076E-01  1.143313E-01  3.473513E-03  2.080018E-03  5.335209E-01 -2.177561E-02  1.185117E-02  4.538171E-01
-7.037098E-02 -3.812107E-02 -3.161993E-04  6.221543E-04 -2.524365E-02  3.214082E-02 -5.501861E-04 -1.935008E-04  1.716294E-06  2.444221E-04
-6.080457E-02 -5.286085E-02 -2.076011E-01  4.236619E-02 -5.634939E-02  4.635865E-04  1.132968E-03 -4.328959E-04  1.032640E-03 -1.086335E-01
 3.644581E-02  5.603578E-02 -9.165446E-04  1.687593E-04  1.649385E-01  6.739936E-04  1.411881E-03  8.338605E-03  2.253939E-02  6.175658E-03
-7.830631E-02  7.185210E-03  3.594836E-03 -4.620959E-01 -5.923845E-02 -1.036225E-01 -2.219046E-03 -1.501042E-01  3.647712E-03  3.241847E-03
 2.519988E-04
  MODE      66
 6.500630E-07 -9.508808E-07  1.006531E-06 -1.381156E-06 -4.272770E-07  8.468936E-07  3.530731E-04  2.650634E-04 -3.179033E-04 -6.427572E-05
 1.212657E-04 -2.645828E-04  4.632831E-05  5.874976E-04  4.925962E-03  2.876214E-04  3.393849E-04  2.367222E-02  1.990496E-02 -1.373091E-03
 2.697683E-04  1.107162E-03 -8.428856E-02  3.769526E-02 -1.057100E-01  1.717995E-03 -3.147393E-04 -5.882658E-03  3.966483E-04 -8.595515E-05
-1.530738E-04 -7.938781E-05  5.000879E-05  4.325529E-05  2.167699E-04 -3.128089E-05  3.549857E-04  1.784140E-04 -1.662155E-05 -7.596747E-05
 8.123980E-05  1.821577E-02  2.374921E-02  5.382898E-04  1.169109E-04  1.984821E-04 -7.105760E-03  2.232076E-02  1.502194E-03  1.230734E-03
-3.899020E-03 -2.195086E-04 -5.529078E-04  9.550006E-05 -4.398807E-04  1.008324E-03 -8.924755E-05 -2.355512E-04  5.305230E-04 -2.348058E-03
 2.849341E-02  3.585067E-01  1.750706E-02  1.198117E-02 -4.032641E-02  1.616274E-02 -2.200644E-03 -5.063689E-01 -5.506224E-01 -1.148756E-02
 4.754892E-03  1.855217E-04  1.189577E-03 -1.012414E-01 -7.733710E-04  2.107263E-03  1.271297E-01  8.189906E-02 -1.013858E-01  6.975206E-02
 7.691267E-05 -2.189542E-03 -1.647128E-03 -1.853353E-03  2.402535E-04 -7.207067E-02  5.845954E-02  6.586348E-02 -5.797228E-02 -4.814113E-06
-1.186762E-03  7.209921E-06  2.242615E-01 -1.612516E-01  1.947455E-04  6.873865E-03 -7.654565E-02  8.112597E-04 -7.141284E-06 -4.704397E-05
-9.897836E-04  5.090539E-04  7.943976E-03 -2.848108E-03 -2.558865E-03  2.015653E-02 -2.610767E-01  3.302688E-03  1.220507E-02 -8.693113E-04
 2.660313E-01
  MODE      67
-3.928807E-07  6.034773E-07 -6.421991E-07  8.831190E-07  2.637143E-07 -5.575721E-07  9.582529E-05 -4.743754E-04  8.617364E-05 -1.826202E-04
 3.889335E-04  9.395447E-03  1.787217E-02 -1.274246E-02 -2.765387E-01 -3.469237E-03  1.390039E-03 -1.078088E-03 -1.010341E-04 -3.467730E-02
 4.130956E-04 -1.954174E-04 -1.504859E-03 -4.135764E-04 -1.963723E-03 -5.405397E-04  4.846466E-02  3.186565E-01  5.931748E-04  4.694323E-04
 4.334863E-04  3.428313E-04 -5.709230E-04 -2.081152E-05  1.495973E-04 -1.500066E-04 -7.212591E-04 -4.037492E-04  5.827313E-04 -1.197461E-02
-3.763648E-03 -3.444718E-05  6.662826E-04 -1.183665E-05 -7.488636E-05  8.022932E-05 -1.522268E-03  1.687297E-03  4.866615E-04 -1.793530E-02
 2.445604E-01 -3.782633E-05  4.141767E-05  1.507278E-05  5.162261E-04 -3.287819E-04 -6.858164E-05  4.515461E-04  4.623370E-04 -1.974865E-01
 4.269397E-03  5.933561E-03 -3.209167E-02 -5.898754E-01 -2.624178E-03 -5.125036E-03  2.685892E-01  1.499224E-03 -1.323223E-02 -1.967536E-01
-3.051132E-01 -5.649587E-02 -9.024003E-04 -1.136167E-03  3.957114E-02 -1.281010E-01  2.654298E-03  1.862001E-03 -1.770054E-03  8.620590E-04
 6.144279E-06  9.399882E-02  5.022980E-02  1.624814E-02  1.480484E-02 -1.825938E-03  8.223920E-04  9.749670E-04 -1.350721E-03 -1.393244E-02
 7.007672E-02  4.709570E-03  4.491110E-03 -2.847480E-03 -7.573164E-03  1.290017E-04 -1.422732E-03 -4.940031E-02  1.300494E-03  2.190126E-03
 7.336681E-02 -6.135371E-03 -3.799288E-03 -7.073700E-02 -3.367048E-01 -2.774388E-02  6.915233E-03  1.454260E-04  6.304544E-04 -6.636965E-04
 5.230264E-03
  MODE      68
-6.237921E-07  8.831005E-07 -9.303545E-07  1.275332E-06  4.036020E-07 -7.662541E-07 -8.969183E-05 -1.093815E-04  4.914611E-06  4.451140E-05
 5.289798E-06 -6.344676E-04  7.603557E-05 -3.961001E-05 -1.818524E-03  1.973871E-05  3.513413E-05  6.353074E-03 -9.387633E-03 -1.202821E-03
-2.278096E-05  1.470887E-04  9.529216E-02  2.285050E-01  4.656958E-04  7.760155E-02  2.819420E-04  2.048525E-03  5.647338E-06  5.418692E-05
 3.002125E-05  9.245723E-06 -5.159351E-05 -2.957686E-05 -8.398365E-05  4.757027E-05 -9.257023E-05 -7.629470E-05 -4.620832E-06  1.688330E-04
-2.094813E-04  4.984244E-02 -5.120433E-02 -7.821333E-04 -8.116435E-05 -1.003175E-03  2.889427E-01 -2.050766E-01 -1.329370E-02  5.164085E-04
 1.111722E-03 -1.714902E-05  2.922338E-04 -1.146558E-04  4.956642E-04 -2.041334E-04 -1.491373E-06  1.387290E-04 -1.692778E-04  1.109705E-03
-1.372228E-02 -1.706904E-01 -8.430043E-03 -4.587035E-03 -6.876626E-02  7.049321E-01  1.661104E-03 -1.069241E-01  9.287441E-03 -8.156793E-03
-1.008246E-03 -7.834830E-04  8.230364E-02 -8.199264E-02  5.914851E-04 -6.639082E-04 -3.868114E-02 -2.794461E-03 -1.576704E-02  3.344330E-02
 1.504850E-04  4.199030E-04  8.716718E-04 -3.701220E-05  9.097966E-04  3.696147E-02  7.342910E-02  1.143134E-01  7.847959E-02  1.802099E-04
 3.332346E-04  3.151531E-04 -1.270852E-01 -1.201312E-01  6.779085E-04  9.325516E-04 -3.710324E-02 -3.342970E-04  2.590624E-04  6.263477E-05
-2.287541E-04 -1.632485E-02  1.357277E-03  7.830250E-02  1.450103E-02 -3.578749E-01 -2.667646E-02  3.184444E-03 -3.273200E-02  2.196659E-01
 1.668377E-03
  MODE      69
 1.744400E-07 -2.453422E-07  2.739568E-07 -3.650297E-07 -1.259865E-07  2.082665E-07  4.306406E-05 -2.539967E-05 -3.020620E-05 -6.635697E-06
 2.009212E-05 -2.937149E-04  2.253838E-05  1.586592E-05 -1.069213E-04 -2.795726E-05  8.387333E-05  1.407577E-03 -1.631521E-03 -6.128316E-04
 3.656988E-05  7.486860E-05  6.984477E-02  1.776245E-01 -1.314892E-03 -7.629828E-03  1.399153E-05  8.025071E-05 -5.573145E-05 -2.723067E-05
-4.952036E-05 -5.695832E-05  6.192843E-05 -7.059792E-05 -7.646149E-05 -3.117919E-06  8.703149E-05 -1.940800E-06 -2.012950E-04 -1.775105E-04
-1.448494E-04  1.535154E-02 -3.673900E-04 -9.682602E-05 -1.993880E-05 -1.185206E-04  2.518816E-02 -2.344964E-02 -1.582827E-03  4.661046E-04
-4.576388E-04 -6.238458E-05  2.778637E-05  1.722411E-05 -1.311248E-04  8.824639E-05 -1.058215E-04 -1.951564E-05 -2.394943E-04  3.186360E-03
 1.708925E-01 -1.887605E-01 -4.087889E-03 -2.368000E-04 -2.773932E-02 -1.198056E-01 -1.206484E-03 -5.914618E-01  4.404076E-01 -3.569221E-02
 4.471903E-05 -3.274482E-04 -4.780924E-02 -6.919325E-02 -2.843559E-04  1.237612E-04 -4.833935E-02  9.423492E-02 -1.032260E-01 -1.188056E-01
-6.493680E-04 -2.921345E-04  5.894649E-04 -2.951196E-04  3.615644E-04  1.027196E-02  4.364850E-02  4.410943E-02  2.308476E-02  2.939847E-04
-9.302779E-05  1.050366E-04 -1.291515E-01 -1.215815E-01 -8.179294E-05 -1.484262E-02 -9.788208E-03  1.639076E-05  7.666021E-05  4.909938E-04
-5.221007E-03 -5.422541E-02  2.252633E-03 -9.632403E-02 -1.710875E-02  4.423273E-01  3.556833E-02  3.989157E-03 -3.192989E-02  2.172421E-01
 3.912799E-03
  MODE      70
 1.004788E-06 -1.560960E-06  1.658522E-06 -2.284864E-06 -6.738747E-07  1.454906E-06 -5.478422E-05  3.648268E-04 -3.871406E-04 -1.077546E-05
-3.462877E-04 -7.389824E-03 -1.292207E-02  9.369692E-03  1.977370E-01  2.626815E-03 -9.718252E-04  2.210223E-03  1.109058E-03  4.049462E-02
-3.876161E-04  4.871171E-04  2.112568E-03  2.613237E-05 -2.626040E-03 -2.373417E-06 -1.330448E-01 -1.820381E-01 -4.978797E-04 -5.838825E-04
-3.725618E-04 -1.001567E-03  1.097105E-03 -4.493919E-05 -3.736571E-04  3.300441E-04  1.028775E-03  5.479908E-04 -1.141554E-03  7.385366E-03
 1.299200E-03  2.829516E-04  9.629594E-05 -3.192371E-04 -7.091537E-04  9.173077E-05  5.873521E-05 -1.785298E-03  7.802480E-04 -2.639812E-01
-2.430823E-02  1.978510E-05  4.093980E-04 -4.849943E-04 -5.190199E-04  6.084819E-04  1.286257E-04  1.324062E-04 -7.586247E-04  1.368220E-01
 1.938848E-03  9.300889E-03 -2.465864E-01  2.802858E-01  1.125275E-03 -2.074482E-03  3.018371E-01  2.571988E-02 -1.004281E-02 -5.569179E-01
 2.459896E-02  1.447694E-01 -4.736013E-04 -3.551483E-03 -3.461017E-02  2.425803E-02  1.378370E-03  4.626098E-04 -1.383961E-04 -1.581905E-03
 1.114780E-01  4.564589E-04 -1.376246E-01 -1.575133E-02 -3.700108E-03  1.373566E-03 -7.640114E-04  2.316803E-05  2.718749E-04  1.047897E-02
-3.028612E-02 -1.204127E-02 -1.002857E-03 -9.890157E-06 -5.159703E-04  2.693916E-04 -7.417440E-04  2.107915E-02 -1.179019E-03 -3.412047E-03
-9.919818E-02  9.267859E-03  5.076467E-03  1.485133E-02 -4.585332E-01 -1.715067E-02  1.347362E-02 -3.749007E-04 -6.386176E-06  9.372700E-04
-1.208207E-03
  MODE      71
 9.936333E-07 -1.446229E-06  1.537793E-06 -2.104509E-06 -6.583866E-07  1.281328E-06  2.142860E-05 -1.831370E-04 -1.322254E-04  8.530154E-05
 1.669274E-04  6.417163E-04  5.078455E-04  2.691331E-04 -1.913241E-03  5.706276E-04  4.516707E-05  5.572432E-02  4.610109E-02 -2.549887E-03
-6.062380E-04 -1.876254E-03  3.071790E-01 -1.263694E-01 -2.395569E-01  7.241570E-03  1.337069E-03  1.687636E-03  5.471374E-04 -7.103733E-05
-5.981092E-05 -1.699163E-04 -1.366934E-04  4.528738E-05  5.434892E-05  2.323772E-05 -5.943574E-05 -3.343050E-05  2.803073E-04  1.301826E-04
 9.694690E-04 -1.576839E-02  2.269828E-02 -5.697517E-04 -8.226363E-04  7.164959E-04 -1.721438E-01 -2.875738E-01 -2.066838E-02  3.227552E-04
 2.809777E-04 -3.225112E-04 -5.690051E-04  4.178797E-05 -5.085647E-04  3.741067E-04 -5.419167E-05 -8.331439E-05  1.909546E-04 -1.556040E-02
-3.481230E-01  3.410116E-01  1.244778E-02  3.504640E-04  5.047327E-01  8.829149E-02 -2.909543E-03 -8.588069E-02  1.688975E-01 -1.215619E-02
-1.518028E-03 -2.357699E-03 -4.715478E-02 -2.211949E-01 -1.784633E-04 -3.998696E-04  1.131697E-01 -2.168057E-02  3.699777E-02 -1.136783E-01
-1.380480E-03 -5.029079E-06  1.196936E-03  5.301348E-04 -3.599231E-04  1.313932E-01 -8.124834E-02 -4.036865E-02  1.840115E-02 -1.305876E-04
-2.993109E-04 -5.489977E-04 -8.823688E-02  6.164233E-02  3.941007E-04  1.890574E-02 -6.310467E-02 -1.571789E-04 -5.879649E-04  2.379969E-04
 3.045916E-03  8.629167E-04  3.969357E-02 -1.969632E-03 -8.937654E-04  1.237085E-02 -1.311803E-01 -8.405315E-04 -8.917446E-03  2.204793E-03
-1.934991E-01
  MODE      72
 3.207781E-04 -4.526645E-04  4.805112E-04 -6.560638E-04 -2.105274E-04  3.908810E-04  6.160807E-04  4.633535E-04 -9.747018E-04 -6.521027E-04
 2.364256E-04  1.151393E-01 -1.917655E-03 -4.431182E-03  2.261989E-03 -1.228571E-03 -7.963187E-04 -4.395307E-04 -1.354606E-04 -6.954489E-03
-1.921962E-04 -2.844895E-05 -6.937504E-04  8.789538E-04  5.958124E-04 -1.252468E-04  1.243457E-03  2.260067E-02 -7.187542E-05  4.220121E-06
-4.283123E-05  8.366978E-04 -5.846120E-05 -4.865456E-04  3.582319E-04 -4.080297E-04 -2.675436E-04  1.220980E-03 -3.550857E-04  5.131260E-02
 3.140704E-01  4.297530E-04  4.931075E-04  2.879756E-04 -2.737094E-04  1.246901E-03  8.126697E-04  5.991480E-04  1.006302E-03 -2.494875E-02
 8.386815E-02 -3.328285E-04  1.269456E-04 -8.043145E-07 -3.935550E-04  2.996397E-04 -2.289358E-04 -4.954136E-05 -5.752227E-04  4.426685E-02
 1.876713E-03  3.157413E-03 -8.071638E-02  2.482037E-01 -6.415890E-04  9.135653E-04 -2.254656E-01 -1.620857E-03  6.363110E-04  3.602846E-02
-6.457496E-01 -9.724467E-02 -2.168659E-04  6.552653E-04  2.487577E-02 -1.639606E-02 -2.820401E-04  3.590296E-04 -4.151061E-04  6.269661E-04
-5.293823E-02  1.169645E-01 -1.449458E-01 -1.161143E-01  4.989052E-03  7.928798E-04 -7.021684E-04  1.481208E-04  1.254620E-04 -4.499662E-02
-1.304779E-01 -2.983483E-01  2.481267E-05 -3.917893E-05  9.515521E-02  2.001926E-04  8.850548E-04  6.232732E-02 -3.196389E-01 -4.807321E-02
 5.395289E-03 -1.009284E-03 -4.329883E-05  8.090422E-04  1.813540E-03  8.146680E-07 -4.534758E-04 -7.003464E-02  2.122878E-01  3.277174E-02
-8.933072E-03
  MODE      73
 1.862704E-04 -2.628527E-04  2.790214E-04 -3.809612E-04 -1.222484E-04  2.269753E-04  2.697368E-04  1.262974E-04 -7.140115E-04 -7.199550E-04
 1.990234E-05  3.466678E-02 -2.239671E-03 -1.401245E-03  7.010175E-05 -2.344514E-03  7.888942E-04 -2.079683E-03 -8.191961E-04 -3.960744E-02
 1.543734E-04 -2.243631E-05 -7.963783E-05  6.032092E-05  7.881482E-05  1.076376E-04  3.992353E-03  5.238951E-02  4.707480E-05  4.350116E-05
 2.339802E-05 -4.546757E-05  3.063042E-05  7.031369E-05  1.268060E-04 -2.802012E-04 -9.502125E-04  4.061635E-04  2.877614E-04 -3.419793E-02
 1.318322E-02 -5.054839E-05  1.933355E-04 -2.101917E-04 -2.477984E-04  1.803505E-04 -5.562297E-05 -8.511654E-05  2.166084E-04  7.145971E-03
 8.078865E-02 -7.001317E-05  1.837407E-04 -1.012605E-05  9.036660E-05  2.064707E-04 -3.998505E-05 -2.575996E-04 -3.570296E-04  1.384043E-01
-7.541922E-04  6.422859E-03 -1.032559E-01 -5.117182E-02  7.887436E-04 -3.895546E-04 -5.311578E-02  3.944665E-05  1.477223E-05 -1.856754E-02
 2.231993E-01 -3.142086E-01 -1.232171E-03  1.029588E-03  2.995882E-01 -3.038232E-01  4.861290E-04  1.589261E-04 -2.538928E-05  4.325173E-05
-2.873700E-02 -1.969072E-04 -3.294153E-01 -2.620056E-03  4.370206E-01 -6.868220E-05 -4.828908E-03  3.307250E-04 -5.198938E-04  4.781468E-02
-3.551113E-01  2.582609E-02  4.775126E-04  9.002066E-05  1.562987E-01  1.862196E-04  1.577092E-03 -4.400172E-02 -6.286470E-02 -1.819927E-01
 1.385389E-02 -2.336083E-03  5.811855E-04  5.985571E-04  1.057563E-03  5.793850E-04 -4.832503E-04 -1.690815E-01 -3.106887E-01 -4.316407E-02
 1.537793E-02
  MODE      74
-5.037588E-09  2.096801E-09 -1.136311E-09  1.517641E-09  1.913988E-09  1.710127E-09  1.967924E-05  2.322019E-05  4.140148E-05  5.431683E-06
-3.658183E-05  4.396586E-04  1.307518E-05 -1.089453E-04 -3.376167E-06  5.893672E-05 -1.040582E-04  3.742969E-02 -4.256830E-02 -4.544055E-04
 3.044202E-05 -1.547793E-05 -5.433137E-02 -1.321723E-01  1.611817E-02  1.074826E-01 -1.164241E-04  2.369923E-05  3.602479E-05  8.415336E-05
 4.877563E-05  8.861310E-05  4.267854E-05  5.939607E-07 -7.299592E-05 -1.825656E-05  7.406062E-05  8.457986E-05  5.904584E-05  3.456874E-04
-2.730424E-04 -8.354747E-02  1.090528E-01  2.485640E-04  1.157100E-04  5.141513E-04 -9.596141E-02  6.398613E-02  4.196756E-03 -1.849718E-04
-1.091031E-04  1.507609E-04 -2.117046E-04 -3.894278E-05 -2.612019E-04 -1.106537E-04  6.225009E-05 -8.036958E-05 -2.122641E-05 -4.422836E-03
-1.521363E-01  1.538454E-01  4.085775E-03  1.081375E-03  6.476264E-02  5.675881E-02  1.516967E-04 -8.764868E-02  1.388543E-02 -8.189556E-03
-2.115203E-04  2.781150E-03  1.050724E-01  6.845130E-01  2.164215E-04 -8.505694E-05 -2.220323E-02 -2.983550E-02  9.745024E-02 -1.094454E-02
-1.813315E-04  4.123719E-05 -5.282970E-05  3.060158E-05  8.924587E-04  3.014701E-02  7.300594E-02 -8.239009E-02 -6.318960E-02  1.227609E-04
-6.375831E-05 -7.549254E-05 -1.484550E-01 -1.957370E-01  1.595245E-04  2.798731E-02  1.098953E-02  1.891743E-04 -5.511258E-05 -2.848905E-03
 3.603136E-02  4.110391E-01 -1.596610E-02 -1.912653E-03  2.326939E-04  8.044737E-03  1.841242E-03  5.690925E-03 -5.257714E-02  3.575904E-01
 3.685645E-03
  MODE      75
-1.995471E-07  2.802250E-07 -2.960132E-07  4.049100E-07  1.295963E-07 -2.412726E-07  5.057337E-04  2.751819E-04 -5.742200E-04 -1.126824E-04
 3.011748E-04 -9.619146E-05  6.506970E-04  8.599388E-04 -2.545257E-04  7.103149E-04  6.509676E-04  5.681773E-02  4.962715E-02 -4.475399E-03
 3.034016E-04  1.590236E-03 -1.148551E-01  5.021982E-02 -1.388349E-01  4.439168E-05  5.812919E-04 -1.677522E-04  4.181386E-04 -1.062898E-04
-1.029447E-04  3.738732E-04  9.301263E-05 -2.712084E-04  6.606609E-05 -2.506564E-04  2.227403E-04  4.981398E-04 -3.848263E-04  6.808212E-04
-3.358171E-04  1.149423E-01  1.012953E-01  9.093167E-04  2.431993E-04  4.616698E-04  5.206181E-02  1.142087E-01  8.335516E-03  7.377930E-04
 2.369252E-04 -1.228469E-04 -1.354870E-04  4.823785E-05 -2.470495E-04  7.822950E-04 -9.881454E-06 -1.228764E-04  5.207389E-04 -1.352821E-03
 1.643654E-01  2.062649E-01  1.104840E-02  5.678820E-04 -9.598971E-03 -3.110009E-02  4.300567E-04 -1.943069E-02  3.292042E-02 -2.185879E-03
-2.032121E-05 -3.409305E-04  6.974465E-01 -7.585082E-02  1.197764E-03 -7.327500E-04  8.047491E-02  3.844471E-02 -9.413377E-02  1.186461E-02
 4.390115E-05  1.092852E-04 -4.770461E-04 -3.633380E-05  1.050826E-03 -2.814215E-02  3.664043E-02  9.016178E-02 -6.417517E-02 -8.958270E-04
-3.733472E-04 -5.776961E-05 -1.511525E-01  1.929146E-01 -6.514834E-04  8.750219E-03  2.819698E-02  1.543842E-05 -6.223988E-05 -2.182795E-03
-2.338032E-02 -1.661491E-02 -4.311929E-01  2.951129E-04  1.256605E-03 -1.697996E-03  3.080719E-02 -1.074395E-03 -1.321156E-02  1.409943E-03
-2.746526E-01
  MODE      76
-3.779702E-05  5.330122E-05 -5.649144E-05  7.718332E-05  2.472702E-05 -4.601883E-05 -1.039695E-04  1.365937E-04  5.332415E-04  9.735594E-04
 2.842055E-04  5.675704E-02  2.992797E-03 -1.915815E-03  5.765075E-04  4.081137E-03 -2.746609E-03  4.379942E-03  1.647563E-03  7.937395E-02
-7.143297E-04  6.971082E-05  2.828713E-04  2.344587E-04  4.424901E-04 -4.195902E-05  3.821210E-03  1.699534E-02 -3.288605E-05  1.462403E-04
 1.071975E-04  7.674965E-04 -4.736596E-04 -5.298601E-04 -1.394014E-05  5.171711E-04  1.732659E-03 -2.869661E-04 -6.931008E-04  1.226643E-01
 1.207480E-01 -5.092436E-04 -7.784423E-05  3.368697E-04  2.973354E-04  2.268087E-04 -1.353362E-04 -1.598863E-04 -5.249864E-05 -8.851860E-03
 3.076897E-02  4.984973E-05 -2.636885E-04  2.413820E-04  3.941983E-04 -3.983973E-04 -5.282128E-05  6.477996E-04  6.704654E-04 -2.714491E-01
 4.004963E-03 -4.039957E-03 -2.913771E-03  2.693917E-02 -5.296221E-04  7.249883E-04 -6.305260E-02 -4.072973E-03  1.776701E-03  1.002464E-01
-6.251420E-04  6.173590E-01 -5.666804E-04 -2.106541E-03  1.238819E-01 -2.431613E-01  7.740921E-05 -7.606341E-05  2.008787E-04  2.826638E-04
-1.461813E-02  2.708795E-02 -1.624674E-01  5.909308E-02  2.084176E-01 -2.181734E-04 -1.336420E-03 -4.200827E-04  7.299575E-04 -1.105500E-01
-1.772586E-01 -1.629604E-02  4.629006E-04 -6.555154E-04 -1.615751E-01 -4.772213E-04 -1.414036E-03  3.699348E-03 -6.487083E-02  4.370577E-01
-9.002547E-03  3.831530E-03 -1.972474E-03  5.676126E-04  5.180419E-04 -5.262234E-05  6.977296E-04  2.111056E-01 -1.739053E-01 -2.911497E-02
 7.492639E-03
  MODE      77
-7.263045E-08  1.261737E-07 -1.294663E-07  1.832514E-07  4.601233E-08 -1.277045E-07  1.174646E-04 -1.311201E-04  2.263766E-05 -9.502750E-05
 1.695155E-04  4.759082E-03  7.520582E-03 -5.438418E-03 -1.158225E-01 -1.421707E-03  5.578406E-04 -6.220617E-04 -2.657444E-04 -1.279783E-02
 2.341453E-04 -1.178163E-04  4.878197E-05  4.787139E-05  7.325112E-06 -9.535345E-05  1.880764E-02  2.385895E-01  4.294780E-04  2.963036E-04
 2.021673E-04  1.464823E-04 -1.089512E-04  8.382053E-06  6.634245E-05 -1.241746E-04 -1.161765E-04 -4.496060E-05  9.696449E-05 -3.029032E-03
 6.053486E-03 -1.078440E-05 -4.089501E-05  1.443376E-04  8.179730E-05  6.502668E-05 -8.168329E-05 -4.517904E-05 -6.769489E-05  3.744894E-03
 1.255567E-02  8.565275E-06 -7.473251E-05 -1.230236E-05 -1.036891E-04 -6.689874E-05  3.998694E-06  9.397451E-06  4.805692E-05 -2.574130E-02
 7.810663E-05 -1.067904E-03  1.184702E-02 -4.532036E-02 -2.429639E-04  1.507760E-04 -9.566216E-03 -3.322147E-04 -1.649780E-04  8.734729E-03
 7.718584E-02 -1.015334E-02  1.121395E-03  2.248388E-04 -7.045493E-01  3.424249E-02 -5.243198E-04  3.019883E-04  2.366214E-05  3.432053E-04
-1.128190E-02  1.743026E-02 -1.895609E-01  1.778029E-02  1.261876E-02  2.280630E-04  2.963507E-04  4.878195E-06 -4.264583E-04  1.377721E-02
-3.502150E-01 -3.658181E-03  1.280481E-04  8.743182E-05  4.515685E-03 -7.706320E-05  2.918748E-04  8.920523E-03  1.344413E-02 -1.869009E-02
-5.056422E-01  4.518417E-02  2.600368E-02  4.797460E-02  3.191181E-02  1.118285E-02 -7.566309E-04  3.421957E-04  6.719218E-04  9.392449E-05
-2.659760E-04
  MODE      78
-2.306916E-04  3.255283E-04 -3.455184E-04  4.717737E-04  1.513719E-04 -2.810970E-04  3.730609E-04  2.899058E-04 -6.297108E-04 -3.841055E-04
 1.652646E-04  4.616730E-02 -9.872892E-04 -1.412469E-03  3.129065E-03 -4.594660E-04 -1.296132E-04 -2.083647E-04  2.212498E-06 -2.249494E-03
 1.381323E-06  1.903928E-04 -1.057607E-04  5.289020E-05  1.778943E-05 -2.368647E-04 -3.049774E-05 -1.953397E-02 -1.593408E-04 -1.049028E-04
-1.106764E-04  7.604859E-04  1.436829E-04 -4.430517E-04  1.820080E-04 -1.852360E-04  5.799686E-04  1.097824E-03 -7.885605E-04  8.244242E-02
 3.251575E-01  5.118959E-04  5.237346E-04  1.341165E-04 -3.784970E-04  8.930890E-04  8.823135E-05  4.206189E-04  8.382796E-04 -1.003264E-02
-1.836640E-02 -8.707833E-05  2.522812E-04 -1.182194E-04 -2.892901E-04  1.506556E-04 -2.487449E-05 -6.680543E-05 -2.929319E-04  5.068249E-02
-3.011333E-04  1.199233E-03 -2.293525E-02  1.455929E-01 -5.428424E-05  5.285496E-05 -4.712274E-03  1.444399E-04 -1.351907E-04 -4.312770E-03
-3.140066E-02 -7.894431E-02  1.774695E-04  5.239303E-04 -2.478232E-01 -5.404440E-01 -6.084507E-04 -1.320146E-04 -4.522044E-04  5.905714E-04
-1.190488E-01  1.590703E-01  2.129138E-01 -2.230766E-01 -1.289866E-01  1.594451E-03 -3.496963E-04 -1.264088E-04  3.969865E-04 -5.168225E-02
 3.068342E-01  4.838555E-02  5.931529E-05  1.917421E-04  3.716145E-02  3.759045E-04 -3.611398E-05  1.461761E-01  2.550672E-01 -2.476179E-02
-4.451919E-03  9.228500E-05  3.354718E-04 -2.373927E-03 -3.978012E-04 -5.366329E-04  8.390260E-05 -5.780741E-02 -3.920668E-01 -5.685976E-02
 1.844479E-02
  MODE      79
 1.547172E-07 -2.111300E-07  2.087436E-07 -2.940416E-07 -8.771904E-08  1.802956E-07 -3.395138E-05 -5.308185E-06  4.162229E-05  1.134312E-05
-2.737197E-06  3.091511E-04  7.954236E-07 -3.397888E-05 -1.311744E-04  2.189226E-05 -6.985844E-05 -2.096567E-02  2.509541E-02  1.157186E-03
-6.292770E-05 -9.467067E-05 -8.514025E-02 -2.042156E-01  1.452409E-03 -8.077325E-02 -1.051098E-05 -6.420182E-05  8.754283E-06 -6.624579E-05
 3.950257E-05 -7.581346E-05 -3.855108E-05  1.564022E-05  1.403313E-05  1.769942E-05 -4.724013E-06 -6.525075E-05  6.984776E-05 -7.109488E-05
-4.614250E-04 -7.304659E-02  9.677595E-02  7.166654E-06  6.980380E-07  3.403457E-04 -7.253301E-02  4.996945E-02  3.381416E-03 -8.850174E-05
 9.816535E-05 -7.131441E-05 -1.264733E-05 -2.996618E-06  6.716526E-05 -2.729868E-06  1.735155E-05  3.291419E-05  5.695927E-05  1.953933E-04
-2.874504E-03  2.749642E-02  1.021774E-03 -2.104822E-04 -4.218775E-02 -1.870649E-03  2.023490E-04 -4.862926E-02 -1.109049E-01 -3.424013E-04
-2.540299E-04 -2.817895E-05  6.502375E-02 -7.443675E-02  2.256374E-04 -9.327965E-06 -3.046067E-01 -6.094854E-01  1.203058E-02 -3.021854E-01
-1.162035E-03  7.233985E-05 -1.269787E-04 -1.269232E-03  2.013091E-03  7.986445E-02  1.574443E-01 -4.395252E-02  8.616946E-02  1.076149E-03
-4.870391E-04 -2.497665E-06  9.252946E-02  6.376540E-02 -3.931896E-04  1.454985E-01  2.552507E-02 -1.726837E-05 -3.235909E-04  2.544715E-03
-3.269362E-02 -3.727323E-01  1.354056E-02  2.945387E-03  2.304723E-04 -1.482034E-02  3.539484E-04  5.865336E-03 -5.103327E-02  3.467481E-01
 2.476863E-03
  MODE      80
-4.295118E-08  7.480382E-08 -7.964128E-08  1.107079E-07  2.969197E-08 -7.519149E-08 -1.496138E-04 -1.512009E-04  1.956786E-04  9.725567E-05
-3.668587E-05  2.783738E-04 -8.953736E-06 -1.612240E-04  1.768968E-04  1.237254E-04 -2.575350E-04  3.301787E-02  3.169499E-02 -1.155145E-03
-6.313219E-04 -2.115328E-03  2.652562E-01 -1.105135E-01 -1.085286E-01 -3.590574E-03  2.902075E-05 -9.514560E-05  2.202433E-04  7.582026E-07
-7.550605E-05 -3.161391E-04 -4.357888E-05  2.596586E-04  1.112864E-04  2.127950E-04 -5.754113E-05 -4.072367E-04  2.847650E-04 -1.783101E-04
 3.153456E-04 -8.764008E-02 -7.694551E-02 -5.369203E-04 -7.473629E-05 -3.339074E-04 -4.065092E-02 -5.468604E-02 -4.174883E-03 -5.035126E-04
-9.009645E-05  5.741472E-06 -1.469692E-06  2.892655E-05 -3.116954E-05 -1.705535E-04  2.708511E-06 -1.150676E-05 -1.304219E-04 -6.238591E-04
-5.949106E-02  1.870030E-02 -9.984491E-05  2.150855E-05  3.561519E-02 -6.986971E-03 -1.643415E-04  1.247559E-01 -3.218976E-02  6.256606E-03
 2.803806E-04  5.625959E-04  1.221877E-03  7.011294E-02  6.690761E-04  1.900128E-05 -5.597246E-01  2.994195E-01 -3.301283E-01 -1.284735E-01
-3.745732E-04  5.264713E-04 -4.904103E-04 -5.539394E-04 -2.118066E-04 -1.645368E-01  2.424980E-02  4.328062E-02  6.782526E-02  4.955917E-04
-3.444339E-04  5.446722E-05 -9.668195E-02  1.091705E-01  1.328198E-03 -3.217809E-02 -1.008304E-01 -1.431529E-04  9.025097E-05 -2.879770E-03
-1.731502E-02 -1.253853E-02 -3.139405E-01  1.227812E-04 -1.011248E-04  7.715857E-04 -1.304447E-02  3.096561E-03  1.877131E-02 -5.693120E-04
 4.048584E-01
  MODE      81
-1.889715E-08  2.017409E-09 -4.032854E-09  5.718033E-10  1.176168E-08  1.716856E-08 -6.098631E-05 -3.394502E-05  2.138049E-05  1.449600E-05
-5.026869E-05 -4.492147E-05 -3.779135E-05 -5.253934E-05 -6.306288E-05 -6.624919E-05 -2.898980E-06 -1.292917E-03 -8.439977E-03  3.200623E-05
 1.633102E-04  4.123977E-04 -4.603087E-02  1.542615E-02 -1.526107E-02  1.278242E-02 -2.926238E-05 -7.947491E-05  1.914431E-04 -4.002638E-05
 1.134439E-04 -4.563128E-04 -1.715659E-04  3.654587E-04  1.618061E-04  1.408489E-04 -2.011189E-04 -4.515893E-04  4.907003E-04 -3.239095E-04
 1.527379E-04 -1.449656E-01 -1.048289E-01 -6.772191E-04  3.519297E-04 -1.056687E-03  6.259011E-02  1.044478E-01  7.249410E-03  7.625799E-04
 3.711917E-04  7.152165E-05  2.872254E-05  2.310167E-05  4.555162E-04 -5.846306E-04 -6.628307E-05  1.261330E-04 -4.515573E-04 -5.703357E-04
-9.404688E-02 -7.103995E-02 -4.249827E-03 -1.023842E-04  4.303534E-02 -1.132341E-01 -3.140413E-04 -6.685408E-02 -4.866718E-02 -2.133592E-03
-3.205878E-04 -4.127893E-04  6.851132E-02 -1.412268E-01  4.434413E-04 -4.247305E-04 -3.964376E-01 -4.786737E-02  3.831416E-01  3.130113E-01
 3.821464E-04 -3.197624E-04  2.085741E-05  5.546970E-03 -5.086991E-03  2.328936E-01 -4.400404E-01  3.908216E-02  2.195120E-02 -8.382919E-05
-3.294136E-04  1.522285E-04 -3.164784E-03 -3.656277E-01  9.743206E-04 -2.940030E-02 -1.278026E-01 -6.517925E-05 -7.597373E-05 -1.983256E-03
-1.401163E-02 -1.287560E-02 -2.530053E-01 -8.451421E-04 -3.717839E-03  7.933449E-03 -1.038916E-01 -4.494445E-04 -4.219959E-03 -2.649302E-03
-9.942301E-02
  MODE      82
 1.765810E-05 -2.490770E-05  2.639885E-05 -3.606902E-05 -1.155290E-05  2.150930E-05  4.299123E-05  9.780576E-05 -4.195753E-04 -3.271319E-04
-1.027193E-04 -1.359804E-03 -9.303059E-04  2.993863E-04 -7.144454E-06 -9.035684E-04  6.559022E-04 -7.805061E-04 -2.981367E-04 -1.378229E-02
 2.247046E-04  2.044521E-04  1.108899E-04 -2.135383E-04 -1.785063E-05  6.311774E-05 -1.888027E-03  6.448632E-04 -1.834127E-05 -1.013327E-04
-7.774015E-05  2.925966E-04 -2.085059E-04  4.758306E-04  5.671410E-04 -1.323778E-03 -3.868340E-03  8.016401E-04  1.759332E-03 -1.588559E-01
 1.733516E-02  9.095648E-05  3.577010E-04 -4.865373E-05 -1.728660E-05  1.658537E-04  3.468410E-04  3.228268E-05  3.590646E-04  3.938825E-03
 2.354280E-03 -1.118580E-04  7.367883E-05 -1.329951E-04 -1.301732E-04  5.034267E-05  8.780906E-05 -5.866310E-05 -1.508724E-04  1.406433E-02
 2.881993E-04 -8.746565E-04  1.819713E-03  5.309682E-03 -7.198982E-04 -5.711585E-04  3.051352E-02  6.564232E-03 -2.665107E-03 -1.232060E-01
 3.203514E-04  1.541846E-02 -9.718888E-07  6.838532E-05  1.772655E-02  5.247190E-02  3.844506E-04  3.087585E-04 -4.633005E-04  2.043220E-03
-6.562854E-01 -2.161560E-01  9.319319E-02 -1.783962E-01  2.735414E-02  9.686355E-05 -2.010202E-03  3.114171E-04 -1.086967E-03  1.858532E-01
-8.374349E-02  6.900443E-02 -1.345763E-04  2.242720E-05 -1.149499E-01 -5.580719E-04 -4.631207E-04 -5.900394E-02  2.020244E-02  3.689845E-01
-9.543152E-03  2.839964E-03 -3.002455E-03 -8.678539E-04  3.180399E-04  4.492046E-05 -1.746194E-03 -4.758939E-01  9.582449E-02  2.198746E-02
-8.239211E-04
  MODE      83
-9.024435E-09 -1.318469E-08  1.302310E-08 -2.230142E-08  4.379265E-09  3.104665E-08 -6.064324E-05  9.083944E-05  6.444625E-05  1.665683E-04
-9.682818E-05 -2.203407E-03 -3.724639E-03  2.930247E-03  6.423472E-02  1.377285E-03 -6.201711E-04  1.055744E-03  3.757574E-04  2.185184E-02
-2.064051E-04 -3.017357E-05 -1.807322E-04  2.272027E-04 -4.359403E-04 -7.357675E-05 -2.267520E-01 -7.883159E-02 -2.943905E-04 -8.102343E-06
-2.326516E-04 -1.498265E-04  7.264387E-05  5.587670E-05 -2.052312E-05 -5.306395E-05 -1.734312E-04  8.635825E-05 -1.615058E-05 -8.844727E-03
 5.882044E-03 -3.341786E-05 -3.283079E-05  1.572386E-04 -1.801620E-05  2.559772E-04 -9.984481E-04 -8.078520E-04 -2.990720E-04  1.551410E-01
 3.728280E-01  1.659677E-05  4.232952E-05 -1.199078E-04 -1.486642E-04  5.159048E-05  6.936314E-05  7.046381E-05 -1.943404E-05 -8.270404E-03
-1.042242E-03 -5.528929E-03  1.204642E-01 -1.012565E-02 -5.234928E-04  1.960208E-05 -5.380081E-02  2.382225E-03 -1.239427E-03 -4.667321E-02
 3.240110E-02 -2.039544E-02  4.755297E-05  3.331010E-04 -1.473077E-02 -8.685084E-02  5.833157E-04 -1.277398E-04 -5.099183E-04 -4.804961E-04
-7.416692E-02 -1.302840E-01 -2.227445E-01  7.852470E-03 -5.111839E-01  1.144172E-03  5.706620E-03 -1.185372E-03  1.773762E-03 -3.585264E-01
-2.318182E-01  2.924794E-01  2.052944E-04  1.532647E-04  1.387109E-01  3.306696E-04  1.304694E-03 -3.608514E-02 -1.368351E-02  7.727704E-03
 2.133337E-01 -1.887336E-02 -1.084935E-02  2.701639E-01 -3.240387E-02  5.762943E-02  3.056283E-03  5.736662E-03  5.034610E-03  6.944450E-04
-2.080783E-04
  MODE      84
-3.988091E-09 -5.210629E-08  5.593095E-08 -8.460170E-08 -3.205582E-09  8.817619E-08  2.420097E-05 -2.397055E-05  4.951212E-05  1.028221E-04
 1.776081E-05  1.590764E-04  1.671820E-04 -1.569515E-05  1.121963E-04  2.008301E-04 -1.190934E-04  4.368941E-02  3.615427E-02 -2.139967E-03
-4.865489E-04 -1.442575E-03  1.764161E-01 -7.752262E-02 -6.537474E-02  2.306000E-03  3.118319E-04 -2.260985E-05  9.577645E-05  2.445129E-05
-1.264117E-04 -9.625044E-05  5.711826E-05  1.425343E-04  1.787298E-04  6.019674E-05  2.253418E-04 -1.789327E-05  3.610584E-05 -1.831831E-04
-2.208423E-04 -6.389159E-02 -6.553276E-02  1.047906E-04  1.047834E-03 -1.228337E-03  2.025535E-01  3.520116E-01  2.511036E-02  2.407934E-03
 2.520592E-04  2.725231E-04 -4.961497E-06  6.140161E-05  1.089658E-04 -1.324967E-04 -1.736610E-05  9.361640E-06 -3.826588E-05  1.691155E-03
 3.544795E-02 -4.974252E-02 -1.823146E-03 -3.311965E-04  1.345464E-02  3.179718E-02 -9.964895E-05  5.437184E-02 -5.150555E-02  4.681369E-03
-6.785317E-05  3.648468E-04 -3.659153E-03  7.276674E-02 -7.357238E-04 -2.382818E-05  2.435742E-01 -5.316770E-02  2.019522E-02 -4.508285E-01
-9.910126E-04  2.232143E-04 -2.943057E-04  9.260238E-04 -3.740528E-03 -1.759698E-01 -3.683170E-01  1.509085E-01  3.318936E-01  6.525552E-04
 1.201315E-04 -2.989035E-04 -8.334256E-02 -1.117306E-01 -1.652490E-03 -2.075805E-01  2.448036E-01  2.104175E-04  1.890862E-05 -3.524729E-04
-1.433092E-03 -1.465884E-03 -2.540919E-02 -2.599312E-03 -1.011633E-02  2.049005E-02 -2.763919E-01  1.234327E-03  1.217420E-03 -7.953300E-03
 8.712627E-03
  MODE      85
 2.989163E-08  3.124592E-08 -3.349893E-08  5.651350E-08 -1.260314E-08 -8.200120E-08 -1.175412E-04 -1.103284E-04  4.712430E-04  3.775770E-04
 5.950889E-05 -2.078801E-04 -3.151908E-04  5.896960E-04  2.105030E-02  1.293472E-03 -7.931219E-04  7.597296E-04  6.491685E-04  1.780379E-02
-2.504884E-04 -3.521536E-04 -2.968829E-04 -6.398094E-04 -3.926685E-04 -4.253676E-04 -2.002110E-01 -3.827916E-02 -2.216464E-04  2.034541E-04
-6.695928E-05  1.866707E-05 -1.852478E-04 -3.215190E-05 -7.252495E-05  1.292592E-04  2.765849E-04 -2.084951E-04  2.829042E-05  4.436781E-03
-1.940738E-02  6.436915E-04 -1.084677E-03  2.042047E-04  1.719790E-04 -1.124861E-04  2.712107E-04  7.632320E-04  6.281873E-04 -1.947322E-01
 5.834591E-02  3.150356E-05 -6.687541E-05 -1.565675E-04 -1.653276E-04 -3.365216E-05  1.325239E-04 -1.601063E-04  1.557018E-04  8.503147E-03
-1.596267E-03 -6.792115E-03  1.335376E-01  2.327872E-02  3.190701E-04  3.473465E-04  3.415581E-02 -8.957178E-04 -8.802091E-04  1.546984E-02
 1.144121E-01 -1.162095E-01  8.861042E-04 -7.622900E-04  1.031601E-02 -6.766391E-02  6.122653E-04  3.170114E-03  3.360456E-03 -3.523931E-03
-3.215236E-01  3.911343E-01  1.139781E-01  6.624639E-01 -1.005956E-01  4.805802E-04  9.210352E-03 -1.725025E-04  2.057064E-03  1.065548E-02
-7.413909E-02 -1.299082E-01  3.153593E-03  7.712919E-04 -9.815567E-02 -1.625545E-03 -1.562843E-03  2.909595E-01 -1.409996E-01  7.925094E-05
 1.179076E-02  7.036357E-04 -7.650574E-04 -9.468707E-02 -9.801601E-03 -2.097003E-02 -4.807901E-04 -1.259787E-03 -1.643349E-03  2.074876E-04
 1.019664E-04
  MODE      86
-2.475796E-08  3.048303E-08 -3.104668E-08  4.258525E-08  1.471751E-08 -2.326920E-08 -1.922033E-05 -3.433194E-05 -1.081544E-05  3.896891E-07
-7.738747E-06  1.130798E-04 -8.985526E-06  1.384290E-05 -2.847406E-04  3.321115E-05  2.831517E-05 -2.521441E-02  3.422613E-02  6.166192E-04
-1.918445E-05 -2.175997E-05 -3.943584E-02 -9.444270E-02  6.791603E-03 -3.163299E-02  1.769344E-03  3.291288E-04 -2.621697E-05 -5.246926E-05
 4.520904E-05  9.871204E-06 -4.442547E-05  1.515421E-05 -3.392088E-05 -7.652818E-05 -1.598946E-04  4.286879E-05  6.401304E-06 -3.049764E-04
 4.097728E-04  8.897277E-02 -1.160286E-01  2.102479E-04 -1.798163E-04 -1.764285E-05 -3.145487E-02 -2.235813E-02 -1.850330E-03  1.470439E-03
-5.015829E-04  3.258752E-05  1.672986E-04  1.691591E-05  3.537262E-04 -1.522158E-04 -1.017046E-05  3.837855E-05 -9.342188E-05  3.695430E-03
 1.068646E-01 -1.399001E-01 -5.829682E-03 -9.943736E-04  5.234442E-02  2.081181E-02 -2.498587E-04  5.920889E-03 -9.179633E-02  3.544863E-03
-1.252575E-03  5.807887E-04  1.414842E-01 -6.621275E-02  2.966298E-04  6.370461E-04 -5.962107E-02  3.770397E-01  3.679730E-01 -4.044551E-01
 1.512015E-03 -3.989289E-03 -9.901883E-05 -6.380428E-03  4.234197E-03  4.282309E-01  2.597002E-01 -4.478460E-02  1.163375E-01  1.313856E-03
 7.662611E-04  1.308859E-03  3.414404E-01  8.846918E-02  1.497949E-03 -1.673188E-01 -4.575837E-02 -2.680514E-03  1.176176E-03 -1.062269E-03
 1.429660E-02  1.646231E-01 -6.095686E-03 -2.308895E-03 -3.091934E-04  1.469730E-02  1.529892E-03  8.733083E-04 -8.486679E-03  5.834131E-02
 4.303393E-04
  MODE      87
 1.210946E-08 -3.060364E-09 -4.102569E-08  2.899436E-08  3.124214E-08  1.860810E-09 -1.143472E-05 -2.228892E-05 -1.345590E-04  1.815246E-06
 1.161486E-04 -3.802545E-04  7.724249E-05  3.135137E-04 -1.233667E-04  2.282448E-04  1.006364E-04  2.567846E-02 -2.784308E-02 -1.395998E-03
-3.579968E-05  2.418407E-04  6.198453E-02  1.370682E-01  1.643739E-04  2.307321E-02 -2.142919E-04  8.495062E-05 -5.445737E-05  2.572794E-05
 2.173695E-05  1.971983E-04 -6.995935E-05 -5.202037E-05  1.308632E-04 -1.341439E-04 -1.792691E-04  2.550075E-05  6.017199E-05 -2.188723E-04
-1.448013E-04  3.739744E-03  6.184993E-03  3.281743E-04 -1.113058E-04  5.438114E-04 -2.031412E-01  1.185161E-01  7.637278E-03 -1.008868E-04
-3.612328E-04 -2.384617E-04  1.806170E-05  1.077861E-04  3.107292E-04  5.691121E-05 -1.240973E-04  3.558046E-05 -1.085391E-04  1.383924E-03
 2.101758E-02  1.593167E-03  2.354640E-04 -4.439335E-04 -1.710778E-01  1.504586E-02  1.388933E-04 -3.405696E-02 -5.132894E-02  5.488852E-04
-4.003865E-04  6.544532E-04 -8.070070E-02  3.283804E-02 -3.437239E-05  1.753116E-04  2.284345E-02 -1.355137E-01 -3.894493E-01  1.546401E-02
 2.975754E-04 -1.125422E-03  1.332835E-03  4.804682E-03 -1.541406E-04  6.218264E-01 -1.554388E-01  2.215303E-01  2.594428E-01  1.047477E-03
-1.881568E-04  2.976589E-04 -4.981078E-02  1.476874E-01 -3.728888E-04  2.715681E-01 -2.379288E-03 -2.093151E-04 -8.090540E-05 -1.482238E-03
 2.230366E-02  2.576005E-01 -8.871493E-03  4.459380E-03  1.055888E-03 -1.956299E-02 -2.605443E-03 -2.473830E-03  1.821220E-02 -1.219685E-01
-1.596394E-03
  MODE      88
-1.276356E-07  2.103300E-07 -2.253085E-07  3.108067E-07  8.828382E-08 -2.038460E-07  9.890221E-05  5.085076E-05 -5.548755E-05 -2.538882E-04
-9.908110E-05  3.635354E-03 -1.428733E-03 -3.343558E-04  3.391089E-03 -1.557481E-03  5.280651E-04 -1.720664E-03 -7.343119E-04 -3.183367E-02
 2.234376E-04 -1.339128E-04  3.016747E-05  2.641065E-04  1.168351E-03  1.551683E-04  3.428793E-01  2.432359E-02  3.517529E-04 -1.274209E-04
 2.095400E-04 -8.554117E-05  2.869930E-05 -5.629690E-05 -9.290386E-05  1.270735E-04  2.861002E-04 -8.600764E-05 -9.343320E-05  3.058888E-03
 5.062229E-03  6.051064E-04  4.589912E-04  2.333750E-04  1.085912E-04  8.763201E-05  1.048997E-04  3.342071E-04  5.626383E-04 -1.357894E-01
 7.257441E-02 -2.668670E-06 -3.731777E-05 -1.040186E-04 -1.165576E-04  7.675266E-06  8.010037E-05 -3.088052E-05  1.835538E-05 -1.244211E-02
 1.827445E-03  4.968129E-03 -1.217916E-01 -2.052847E-02 -4.366968E-05  4.847812E-04  2.191659E-02 -1.091145E-03  4.731937E-04  1.926664E-02
 1.846437E-01  7.215864E-02  1.199806E-04 -4.063609E-04  3.141391E-04 -1.236062E-01  5.983548E-04 -5.413190E-05 -3.386076E-04 -1.424514E-03
 1.438788E-01  3.640807E-02  4.002962E-02 -1.322213E-01 -4.703368E-01  1.863317E-03  1.951823E-03 -3.696847E-04 -3.721997E-03  4.274035E-01
-3.895276E-01 -2.765146E-01 -2.768542E-04  3.842954E-04 -2.679072E-02  4.180932E-04  2.240678E-04  4.594557E-02  2.307029E-02  1.098581E-02
 2.760803E-01 -2.446992E-02 -1.459629E-02 -1.716495E-01  4.167578E-02 -3.507109E-02 -2.314988E-03 -2.582815E-03 -2.594426E-03 -5.790598E-04
 8.653261E-04
  MODE      89
-4.723800E-08  1.079492E-07 -1.130805E-07  1.615686E-07  3.349544E-08 -1.245272E-07 -1.161400E-04 -3.149960E-05  2.251737E-04  6.101650E-05
-9.950801E-05  2.899558E-04 -1.127850E-04 -3.411299E-04  1.771921E-04 -1.233761E-04 -2.620497E-04  1.619033E-02  1.588294E-02 -4.483080E-04
-3.658697E-04 -1.371351E-03  1.658921E-01 -6.750674E-02 -7.775235E-02 -4.951463E-03  9.103127E-04 -8.188320E-05  2.578427E-04 -1.447463E-05
-8.407210E-05 -5.999592E-04 -5.227675E-05  4.853583E-04  2.696115E-04  3.963617E-04 -7.444251E-06 -6.887242E-04  4.979245E-04 -3.830663E-04
 5.928776E-04 -1.697258E-01 -1.520290E-01 -6.176228E-04  3.278009E-04 -1.032959E-03  2.153022E-02  4.758331E-02  2.957086E-03 -1.148034E-04
 2.167360E-04  9.403157E-05 -1.124337E-05  7.238449E-05  2.153348E-04 -1.928178E-04 -1.048297E-05 -3.000299E-05 -1.955968E-04 -1.506178E-04
-4.707129E-02 -8.496104E-03 -1.206366E-03  4.948329E-05 -1.621337E-03 -1.657878E-01 -3.660866E-04  3.321219E-02 -5.163870E-03  2.380874E-03
 6.930091E-04  4.328981E-04  1.081402E-02  6.747581E-02  3.248914E-04 -2.443966E-04 -8.207450E-02 -1.858594E-02  3.746190E-02  2.497349E-01
 1.219554E-03  4.840700E-05 -2.182049E-04 -5.263513E-03  2.780241E-03 -1.360897E-01  4.606796E-01  6.088242E-01  2.440613E-01  1.567976E-03
-1.274468E-03 -4.854673E-04  6.884244E-02 -4.357767E-02  1.027185E-03 -7.756019E-02 -6.860404E-02  5.062507E-05  6.708579E-05  1.400037E-03
 9.405873E-03  7.126334E-03  1.557315E-01 -1.380790E-03 -4.007944E-03  7.648030E-03 -1.026011E-01 -1.923503E-03 -1.344020E-02 -5.436172E-04
-2.944063E-01
  MODE      90
 2.747781E-04 -3.877318E-04  4.115186E-04 -5.619051E-04 -1.802796E-04  3.348103E-04 -2.374397E-04 -7.125441E-05  4.873256E-04  5.393235E-04
-5.635986E-05 -5.489694E-03  1.456333E-03  1.411502E-04 -1.405280E-03  1.553546E-03 -8.087772E-04  1.571419E-03  5.933625E-04  2.725513E-02
-1.828022E-04 -7.400707E-05  5.235668E-05 -3.427536E-05  8.491262E-05  3.937695E-05  2.194393E-03 -1.313362E-02  4.667722E-05  8.739125E-05
 4.259326E-05  3.392296E-05 -4.601036E-04  3.125657E-04  2.098494E-04 -3.942304E-04 -1.640603E-03 -5.224467E-04  1.213466E-03 -8.501731E-02
-1.578718E-01 -3.743964E-04 -1.411624E-04  1.707160E-04  5.105012E-04 -3.774119E-04 -3.413297E-05 -6.604700E-05 -3.672931E-04 -2.522444E-02
-1.049344E-03  1.051338E-05 -3.232242E-04  7.667505E-05  1.582921E-04 -2.917492E-04  2.513207E-05  3.924232E-04  4.522892E-04 -2.137195E-01
 3.391031E-03 -5.052523E-03  3.255236E-02 -3.931711E-02 -1.321109E-03  1.080580E-04 -1.267993E-01  3.038909E-03 -1.439638E-03 -4.400907E-02
-3.769923E-02 -4.640158E-03  3.570257E-04  2.452833E-04 -6.314805E-02 -3.562846E-02 -2.599860E-04 -1.368370E-04 -2.428338E-04 -2.657924E-04
 2.491626E-02 -4.376838E-01 -3.774276E-01  9.788184E-02 -1.339762E-01  1.004334E-05  2.702317E-03 -1.488757E-04  4.509317E-04  8.306785E-03
 3.142642E-01 -3.011602E-01 -5.405807E-04  9.676070E-05 -3.462433E-01 -7.512801E-04 -3.285179E-03  2.481192E-01 -1.289584E-01 -1.824847E-01
 3.128773E-03 -1.450444E-03  1.404045E-03 -2.315226E-03  1.018919E-04 -3.633419E-04 -4.684434E-04 -1.880961E-01 -2.704454E-01 -3.701817E-02
 1.376291E-02
  MODE      91
-8.517964E-09  2.122753E-08 -4.445977E-08  4.766005E-08  2.520580E-08 -2.041334E-08  9.934879E-06  6.710348E-05 -8.586357E-05 -3.123474E-05
 3.807817E-05 -4.432820E-04  1.797874E-05  1.796576E-04  5.073464E-05  5.625730E-05  1.105246E-04  1.494052E-02 -1.812232E-02 -1.164160E-03
 4.233435E-05  1.407327E-04  8.366121E-02  2.006149E-01 -1.065432E-02  4.646398E-02 -6.497033E-05  1.380736E-05  1.735296E-05  6.753557E-05
-3.579446E-05  1.959630E-04 -4.919651E-05  4.490699E-05  1.929246E-04 -1.076973E-04 -1.931548E-04  1.045306E-04  4.783357E-05 -4.334316E-04
 5.448687E-04  1.661986E-01 -2.107771E-01  6.341458E-04 -1.527691E-04  2.925042E-04 -1.418557E-01  7.083003E-02  4.277466E-03 -2.834813E-04
-5.377741E-05 -6.311119E-05  4.105577E-05  8.704782E-05  1.578723E-04  7.587737E-05 -5.292846E-05 -3.100936E-06  1.540115E-05  1.339200E-03
 5.939969E-02 -5.435861E-02 -1.427519E-03 -1.695685E-04  7.282236E-02 -4.555103E-02 -9.300024E-05  8.233056E-03 -9.290210E-02  3.173719E-03
 2.355348E-05  5.733883E-04 -1.413508E-01  3.872661E-02 -2.586587E-04  7.991361E-05 -1.285140E-02 -2.274692E-02  1.716837E-01 -1.160140E-01
-7.312769E-04 -2.180398E-04 -9.469460E-05  2.291635E-03 -2.671338E-03 -9.463155E-02 -2.681910E-01  4.218334E-01 -5.028406E-01 -4.666930E-03
 4.200518E-04  6.346314E-06  5.038356E-02  3.644655E-01 -3.835484E-04  7.299786E-02 -6.224310E-02  5.309560E-05  1.922101E-04 -5.143657E-04
 3.799150E-03  4.179745E-02 -9.099140E-04  1.231938E-02  2.572200E-03 -5.711688E-02 -2.313030E-03  4.996768E-03 -4.675009E-02  3.183626E-01
 3.186523E-03
  MODE      92
 7.257671E-05 -1.024015E-04  1.086607E-04 -1.483837E-04 -4.759643E-05  8.842267E-05  7.497330E-06 -1.931248E-04 -9.792330E-05 -5.085377E-04
-2.252147E-04 -3.662986E-02 -1.683782E-03  9.221042E-04 -6.622568E-04 -2.465443E-03  1.445875E-03 -2.610635E-03 -1.061014E-03 -4.520439E-02
 3.333480E-04 -2.011818E-04  2.914576E-04 -9.010488E-05 -8.655617E-06  7.132928E-05 -4.607618E-03 -2.600355E-03  9.350414E-05 -1.030246E-04
-2.913848E-05 -1.078502E-03  4.798259E-04  3.957556E-04 -2.347285E-04  6.036726E-05 -4.313633E-04 -3.328624E-04  2.798219E-04 -8.517841E-02
-2.139775E-01 -7.443644E-05 -7.526678E-04 -2.766697E-04 -1.149433E-04 -3.990389E-04 -4.256278E-04 -5.332885E-04 -3.430940E-04  1.298752E-02
-1.312466E-02 -6.996405E-05  7.679905E-05 -2.221673E-05 -2.695088E-04  3.551563E-04 -4.608592E-05 -6.028486E-04 -5.532927E-04  2.260334E-01
-4.177394E-03  3.163778E-03  1.716979E-02 -6.352305E-02  1.215307E-03  1.773029E-04 -8.760756E-02 -1.227631E-03  3.313824E-04 -1.182403E-03
 1.452693E-02  1.198430E-02 -1.859331E-04 -2.426761E-04 -7.291478E-02  3.846710E-02  4.948767E-04  1.962395E-04 -1.562003E-05  4.739331E-04
-1.306589E-01  2.584960E-01 -3.299000E-01  2.422340E-02 -1.597128E-01  6.712059E-04  1.386989E-03  3.624945E-04 -4.306363E-04  1.121991E-01
 3.293855E-01 -2.622576E-01  7.768989E-04  4.733265E-04  3.236551E-01  1.040563E-03  3.375192E-03 -4.428047E-01 -1.031328E-01  3.003412E-01
-1.015109E-02  3.018387E-03 -2.347123E-03 -1.490063E-03  1.965097E-04 -5.650658E-04  7.866052E-04  1.119336E-01 -2.205150E-01 -3.420245E-02
 9.132243E-03
  MODE      93
-8.668400E-08  1.092655E-07 -1.121978E-07  1.537261E-07  5.244961E-08 -8.538833E-08 -2.009675E-04 -8.835771E-05  3.375036E-04  9.815494E-05
-1.455533E-04  2.379737E-04 -2.252695E-04 -4.731792E-04  1.869951E-04 -2.699323E-04 -3.935803E-04 -7.223808E-03  2.657150E-03  1.282653E-03
-4.379626E-04 -1.513289E-03  1.422022E-01 -6.387194E-02  2.101752E-02 -4.418075E-03  1.349351E-06  1.900742E-05 -8.889591E-05  5.900436E-05
-9.060080E-05 -3.025328E-04 -2.548397E-05  2.468749E-04  1.490044E-04  2.105528E-04  5.014795E-05 -3.420103E-04  2.232651E-04  3.718705E-05
 4.825956E-04 -8.319244E-02 -9.032913E-02 -3.770602E-04  5.314566E-05 -4.130244E-04 -2.224458E-02 -9.591015E-03 -9.736133E-04 -3.482149E-04
-2.457423E-05 -5.631072E-05 -9.154054E-05  2.490266E-05 -1.489730E-04  1.432637E-04 -4.731151E-05 -3.707163E-05  1.052542E-05 -1.886639E-03
-4.689216E-02 -2.066411E-02 -1.428668E-03  3.302073E-04  1.696765E-02  1.629778E-01  6.342328E-04 -2.409518E-01  9.718525E-02 -1.578305E-02
-3.193007E-04  9.155817E-04  1.074981E-02  1.803919E-01  1.651643E-04  3.887839E-05 -7.432592E-03  2.729237E-02  1.491843E-02  1.913837E-01
 7.893968E-04 -1.722271E-04 -1.906209E-04  5.117454E-04 -2.506621E-03 -2.190169E-01 -2.085314E-01 -1.138430E-01  2.553030E-01  1.532405E-03
-1.917229E-04  3.287867E-04  6.084325E-01  2.579178E-01 -2.695392E-03  1.977375E-01  2.188797E-01  8.973351E-04 -4.547141E-05 -1.887355E-03
-9.157462E-03 -4.292178E-03 -1.718512E-01  1.909756E-03  8.183945E-03 -1.579007E-02  2.200442E-01 -1.720789E-03 -6.789022E-03  4.632373E-03
-1.420651E-01
  MODE      94
 3.879231E-08 -3.657602E-08  3.886638E-08 -5.031979E-08 -2.382862E-08  1.794526E-08 -1.073465E-05 -4.839514E-05  1.608252E-04  2.786418E-05
-6.868682E-05 -4.173610E-03 -2.391675E-03  1.378917E-03  3.250037E-02 -2.674735E-04  4.553871E-05 -7.931439E-04 -3.105296E-04 -1.537944E-02
 3.617178E-05 -7.707891E-05  3.521871E-04  1.174834E-05  8.985232E-04  9.652118E-05  3.170789E-01 -2.625397E-02  1.458567E-04 -1.661995E-04
 2.621335E-04  4.068893E-05  8.604752E-06 -2.298796E-04 -1.430548E-04  2.150185E-04  5.676825E-04 -1.623697E-04 -1.738786E-04  9.547072E-03
 1.472742E-02  3.791691E-05  1.208767E-04  1.271361E-04  1.003099E-04 -9.633947E-05  5.654772E-04  5.873773E-04  7.292917E-04 -1.714725E-01
 7.062466E-02 -7.664491E-05 -4.885178E-05  5.812691E-05 -7.003340E-05 -2.496091E-05 -8.412765E-05 -1.703325E-04  1.648985E-05 -9.949753E-03
-1.693492E-03 -5.683464E-03  1.351534E-01 -3.333289E-03 -2.879609E-04 -1.463065E-04 -2.244840E-02  1.481147E-03 -5.762428E-04 -2.200453E-02
-2.153275E-01  1.390301E-01  1.414611E-04 -1.072434E-03  1.606606E-02  8.422462E-02  6.459911E-04  2.023181E-05  1.085351E-04 -4.482119E-04
-2.707314E-02 -7.174659E-03 -2.691630E-01  1.712632E-01  5.530713E-02 -8.345712E-04  2.785514E-04  1.136034E-03 -2.300605E-03  3.873032E-01
 1.375022E-01  3.972914E-01 -3.463972E-05 -1.621499E-04  3.586296E-01  6.986220E-04  2.737160E-03  3.702804E-01  1.723066E-01  1.636756E-03
 3.283248E-03 -3.860356E-04  1.105979E-04  1.875181E-01  7.326333E-02  4.414464E-02 -1.161696E-03  1.610861E-03  1.044329E-03  2.112010E-04
-7.909530E-05
  MODE      95
 3.124752E-08 -4.759932E-08  5.636767E-08 -7.364484E-08 -2.582891E-08  4.244681E-08  9.856802E-06 -3.032308E-05 -4.374185E-05 -6.578764E-06
 3.092493E-05  1.079651E-05  1.539478E-05  9.181494E-05  2.752634E-04  4.909460E-05  2.377798E-05 -2.757437E-02  3.406073E-02  8.281179E-04
-3.250737E-05 -3.706545E-05 -3.001425E-02 -7.368214E-02 -4.688216E-03 -9.298852E-02  1.454561E-04 -5.145139E-04 -5.503372E-05 -6.023300E-05
-2.972499E-05 -1.367618E-05  1.004918E-05 -3.792234E-05 -6.467984E-05  7.975107E-05  1.212588E-04 -6.622762E-05 -7.160122E-06  5.298766E-05
 3.518760E-05 -4.215076E-02  3.778568E-02 -7.888716E-04  1.216474E-04 -1.026711E-03  2.609044E-01 -1.509281E-01 -9.704995E-03 -1.846389E-04
 1.490405E-03  1.439877E-05  1.941275E-05  3.859867E-05  1.230236E-04 -2.756888E-05 -1.564554E-05  2.706780E-05  3.054302E-05 -2.060864E-04
-3.671188E-02  2.331948E-02 -1.315128E-03 -1.556552E-04 -1.598384E-01  3.788550E-02  2.613728E-04 -5.931845E-02 -2.525803E-01  3.181152E-03
-5.549969E-04 -9.032588E-05 -1.041267E-01  2.462970E-02 -6.724837E-05 -1.443763E-04  4.613469E-02 -4.476242E-03  3.078344E-01  8.941106E-02
 4.910905E-04  1.353644E-03 -9.504991E-04 -3.216145E-04 -1.120094E-03 -7.246565E-02 -6.965857E-02 -8.060922E-02  3.125262E-01  2.787965E-03
 9.844793E-05  2.021876E-03 -3.505924E-01  4.888749E-01  1.154723E-04  8.464896E-02 -2.965883E-01 -1.515702E-03 -5.188420E-04 -5.453786E-04
 6.772581E-03  8.582614E-02 -1.528770E-03 -6.549973E-02 -1.135790E-02  3.001007E-01  2.353203E-02  9.470788E-04 -7.445169E-03  5.028631E-02
 3.964853E-04
  MODE      96
-2.964283E-08  4.382650E-08 -4.507259E-08  6.279221E-08  1.839630E-08 -3.966151E-08  3.948990E-05  1.187217E-04 -2.612105E-04 -2.818450E-04
-1.189556E-04 -2.272019E-03 -5.023181E-03  2.832494E-03  6.076947E-02 -5.683292E-04  4.390731E-04 -1.100296E-03 -6.799642E-04 -2.200890E-02
 9.962873E-05 -5.220939E-05  2.152718E-04  3.359977E-04  1.151782E-04  5.736343E-04  1.243985E-02 -1.062711E-01 -1.532473E-04 -4.994081E-05
-7.797925E-05  4.289705E-05 -7.527118E-05 -1.691193E-05 -3.826270E-05  3.458060E-05  5.946943E-05 -8.896465E-05 -1.197401E-05  1.055414E-03
-1.123870E-02  2.338989E-04 -1.964515E-04  2.779969E-05  3.491859E-05 -6.186026E-05 -1.071778E-03  1.037681E-03  6.073128E-04 -1.313077E-01
 3.041433E-01  3.349798E-05  8.713105E-06  1.655099E-05  1.078342E-05  4.480388E-05 -1.462061E-04  6.981363E-05 -9.279703E-05 -1.224690E-03
 4.155269E-03  1.262035E-02 -2.999825E-01  5.722438E-03  8.797060E-04 -2.839022E-04  1.210347E-02 -1.487166E-04  1.677515E-03  9.861952E-03
-7.680848E-02 -1.126918E-01  1.221105E-04  4.864658E-04 -7.190130E-03 -7.829531E-03 -3.033654E-04  8.236047E-05 -1.573236E-03 -5.370272E-04
 7.809840E-02  2.770075E-01 -1.296874E-01 -4.374042E-02 -3.815341E-02  1.108046E-03  3.594577E-04  8.735859E-04 -2.222630E-03  1.784670E-01
 1.314353E-01  3.990414E-01  1.104430E-03 -2.136679E-03 -5.303690E-01 -1.459475E-03 -2.370649E-03 -2.240319E-01 -1.560105E-01 -4.802549E-03
-9.244756E-02  7.458927E-03  4.967883E-03 -4.478485E-03  2.986282E-01  1.095820E-02 -1.020150E-02 -4.298206E-04 -7.191297E-04 -3.456993E-04
-2.025989E-04
  MODE      97
 1.647320E-08 -1.483590E-08  1.460042E-08 -1.943061E-08 -9.057448E-09  6.753447E-09 -3.180406E-05 -7.641104E-06  1.214840E-04  1.115802E-04
-7.556470E-05  3.575795E-03  2.905704E-04 -2.854145E-04 -1.567656E-03  2.066612E-04 -2.882694E-04  4.215806E-04  2.066149E-04  7.219677E-03
-4.808345E-05  4.728464E-05  1.706444E-04 -2.456693E-06  5.578056E-04  3.827889E-05  1.484954E-01 -1.299213E-01 -8.278934E-05 -2.644420E-04
-7.697816E-05 -1.686796E-04  3.345338E-05 -2.011481E-05 -1.596777E-04  2.193455E-04  2.214588E-04 -6.718784E-05 -6.106309E-05  2.617389E-03
-7.075444E-03 -2.099234E-04  1.036252E-04  1.534163E-04  3.322293E-05  8.412888E-05 -3.017144E-04 -4.448061E-04  1.678706E-04  2.627975E-02
 3.705861E-01  3.269218E-05 -5.857955E-05 -1.703314E-04  3.586510E-05  9.702263E-06  1.408695E-04 -1.611604E-05  7.159239E-05 -8.999044E-03
-6.136819E-04 -3.347735E-03  7.919229E-02 -3.870140E-03 -3.331541E-05  7.953554E-05  4.789280E-03 -1.943888E-04 -4.788259E-05  5.910661E-04
 2.446961E-01  8.643900E-02  2.167577E-04 -3.172162E-04 -9.880083E-03 -1.138056E-01 -1.787707E-04  4.354318E-05  1.458561E-04 -2.007377E-05
 4.563755E-02 -1.497043E-01  3.225284E-01 -9.359786E-02  3.955363E-02 -3.707764E-04 -1.568754E-03  2.766525E-04 -6.817774E-04  7.863467E-02
 1.675136E-01  2.394342E-02 -2.213312E-04  1.686238E-04  2.411554E-01  3.982997E-04  1.743611E-03  8.781929E-02 -6.513482E-01 -9.511944E-03
-2.578403E-01  2.322215E-02  1.330760E-02  2.407071E-02 -6.667359E-02  1.848457E-03  2.435905E-03  1.755984E-03  1.788317E-03  2.661923E-04
-4.286867E-05
  MODE      98
 1.390356E-08 -7.051253E-09  6.574937E-09 -7.693870E-09 -7.193548E-09 -3.141212E-09  1.780002E-04  1.269273E-04 -2.183577E-04 -3.106718E-05
 1.005765E-04  1.500062E-05  3.032851E-04  4.211264E-04 -9.245755E-05  3.811036E-04  2.501208E-04  4.269814E-02  4.144333E-02 -3.021859E-03
-1.586151E-05  2.427934E-04  1.382953E-02 -9.902006E-03 -1.154972E-01  1.829387E-03  1.596640E-04 -1.564621E-04  4.014222E-04 -5.959045E-05
-7.158670E-05 -2.436748E-04 -7.024877E-05  3.226681E-04  3.964006E-04  8.081865E-05 -7.461964E-05 -3.732548E-04  3.045091E-04 -2.241187E-04
-8.875825E-05 -1.268902E-01 -1.090449E-01 -2.682199E-04  7.341721E-04 -1.229604E-03  9.810717E-02  2.244436E-01  1.560919E-02  1.279500E-03
 1.887671E-04 -6.277785E-05  4.954834E-07  1.972555E-04  2.027653E-04  3.665628E-04 -1.742130E-04 -2.860719E-05  7.895753E-05 -1.664433E-03
 8.878360E-02  1.694256E-01  8.196947E-03  5.590060E-04  5.651971E-02  1.110537E-01  7.136029E-04 -1.343704E-01  3.038101E-02 -9.824642E-03
-1.723769E-04 -3.334513E-05  4.531280E-03  1.786071E-03  2.296746E-04 -2.156715E-04 -2.073620E-01 -9.624855E-02 -4.769372E-02  2.598679E-01
 8.215110E-04 -6.314686E-05  2.844420E-04  2.056308E-03  4.227567E-05  2.069280E-01  1.618708E-03 -1.315726E-01 -1.147691E-01 -1.379045E-04
 1.158783E-05 -1.070989E-04 -8.302689E-02  3.327332E-01 -1.026688E-03 -5.754164E-01  3.108618E-01  4.306116E-04  1.935126E-04  2.356673E-03
 1.508685E-02  1.375382E-02  2.694527E-01  6.011137E-04  2.491523E-03 -5.890266E-03  6.960333E-02  1.759924E-04  3.134783E-03  3.330342E-05
 6.815677E-02
  MODE      99
 2.968504E-08 -5.331611E-08  8.713772E-08 -1.005959E-07 -4.667690E-08  4.789098E-08 -1.409794E-05 -2.720313E-07 -8.398436E-05 -4.268548E-06
-4.055258E-07 -4.289636E-05  1.332858E-05  1.841623E-04  1.311409E-04  8.962483E-05  3.259091E-05  3.620459E-02 -3.549709E-02 -1.290079E-03
 5.356238E-05  1.250516E-04  3.505116E-02  6.590925E-02  1.460743E-02  1.029005E-01 -1.650349E-04  1.713889E-05 -2.894285E-05  1.063930E-04
 3.818427E-05  3.076707E-04 -8.635245E-05  5.385556E-05  4.157816E-05 -2.824495E-04 -3.989687E-04  2.832608E-04  2.030364E-04 -2.307306E-04
 2.735641E-04  1.496195E-01 -1.768953E-01  1.029264E-03 -2.216639E-04  7.721073E-04 -2.586855E-01  1.031139E-01  6.164023E-03 -5.479497E-04
-5.069123E-05  3.716282E-05 -2.935712E-05  9.302843E-05  3.241955E-04 -1.630828E-04 -4.308205E-05  1.616332E-05 -5.947976E-05 -3.141929E-03
-1.282206E-01  8.503411E-02  1.662031E-03  3.503036E-04 -1.074839E-01  6.230964E-02  1.553179E-04 -3.883119E-02 -1.292301E-01 -1.415827E-04
 1.569497E-04  9.622686E-05 -3.896557E-02 -1.671688E-02  4.229066E-04 -1.641380E-05 -8.616860E-02  2.443119E-01  2.739728E-01  4.119198E-02
-2.595545E-05 -1.454901E-04  3.625400E-05 -1.415302E-03  1.667043E-03  1.168460E-02  1.551249E-01 -2.953741E-02  7.315941E-02  1.832900E-04
-7.233526E-05 -1.413759E-04 -3.331543E-01 -2.971355E-02 -4.920639E-03  3.256127E-01  5.744699E-01  8.221610E-04  3.984016E-05  1.678874E-03
-2.201518E-02 -2.506198E-01  1.153254E-02 -1.172716E-02 -2.646931E-03  5.351316E-02  4.765751E-03 -5.442366E-04  6.333542E-03 -4.376474E-02
-6.794822E-04
  MODE     100
-3.329802E-05  4.698489E-05 -4.986345E-05  6.808810E-05  2.184313E-05 -4.057200E-05  2.304979E-04  1.897012E-04 -3.810414E-04 -2.197873E-04
 1.417001E-04  5.635044E-02 -8.342288E-04 -2.118371E-03  1.953076E-03 -3.704099E-04 -5.431488E-04  1.117152E-04  1.018636E-04  1.569778E-04
-1.731890E-04 -2.714681E-05  6.324889E-04  3.312635E-04  1.256221E-04 -1.677023E-04  5.851170E-05 -1.121707E-03 -2.859137E-05  4.119618E-06
 1.131238E-05  3.773908E-04 -1.326078E-04 -8.244829E-05  2.107819E-04 -3.133718E-04 -7.065397E-04  4.466051E-04  2.176491E-04 -2.200465E-03
 1.260403E-01 -9.432411E-05 -5.094454E-04  3.281140E-05 -1.321318E-04  3.943506E-04  1.288022E-04  6.869705E-05  4.832614E-04 -1.547386E-04
-1.306678E-03 -9.114290E-05  1.162298E-04 -4.237104E-05  6.373414E-05 -9.582231E-06  1.929256E-05  7.036229E-05  1.903020E-06  5.731464E-04
-2.550964E-05  1.160336E-03  4.057054E-04 -1.046443E-01 -7.542435E-05  3.175156E-04 -1.054999E-01 -1.427896E-04  3.351347E-04 -4.268547E-04
-1.126054E-03 -8.079329E-05 -2.700663E-03  3.077088E-03  5.230421E-01  1.248275E-03  3.373557E-03  3.407414E-05 -8.460645E-05  2.493989E-04
-8.825282E-04  5.007279E-04 -5.168240E-03 -8.059463E-04 -3.474091E-01  2.922358E-03  4.265868E-03 -1.629871E-04 -4.789572E-04  1.047677E-03
-1.075189E-02 -7.451225E-02  3.575712E-05  9.130965E-05  7.716072E-04 -1.916092E-03 -1.340625E-03 -1.743941E-03  2.427891E-01 -1.779445E-02
-7.033793E-01  5.821325E-02  3.248887E-02 -1.366303E-02 -1.188758E-02 -4.636418E-03 -1.298715E-04  5.879159E-05  2.287697E-03  5.792458E-04
-3.151838E-04
  MODE     101
 2.575119E-07 -3.330838E-07  3.517089E-07 -4.768941E-07 -1.646307E-07  2.652958E-07 -9.558997E-05 -4.418050E-05  1.426593E-04  2.121434E-05
-6.739806E-05 -2.552656E-04 -1.443246E-04 -1.878754E-04  8.037212E-05 -1.429405E-04 -1.512374E-04 -5.711641E-04 -1.083794E-03 -3.919815E-04
-2.012985E-04 -7.683049E-04  6.800325E-02 -4.098416E-02  1.989072E-02  2.652979E-03 -6.100352E-03 -3.195299E-05 -8.361306E-05  4.271443E-05
-3.892532E-05 -1.582768E-04 -4.402393E-06  1.551715E-04  1.012222E-04  1.197029E-04  1.318258E-05 -2.634870E-04  1.530690E-04  7.984210E-07
-4.743799E-04 -8.659835E-02 -5.520020E-02 -4.084202E-04  1.013684E-04 -4.698733E-04 -6.962052E-03 -9.715674E-03 -9.816728E-04 -1.748989E-03
 1.636065E-05  9.785777E-06 -7.021714E-05  6.857839E-05 -6.046346E-05  4.229849E-05 -5.491592E-05 -8.330908E-05 -7.696364E-05  6.103816E-04
 3.967677E-02  3.222874E-02  2.008270E-03  6.569896E-04  1.251357E-02  3.194003E-02  1.139435E-03  1.229111E-02 -5.261868E-03  5.288072E-04
-1.474416E-04 -2.501447E-02  1.157801E-01  4.388919E-01 -2.932476E-03  3.081785E-04  1.787459E-01  2.451051E-01 -5.857165E-02  5.759042E-02
 2.278770E-02 -5.421983E-03  6.963896E-04  3.527563E-03  8.501554E-04  2.652269E-01 -1.512365E-01  3.706270E-02 -1.888705E-02  3.027281E-05
-1.651429E-04  3.735143E-04 -1.657309E-03  8.428405E-03  2.173268E-03 -3.693006E-02 -2.734612E-01  1.536816E-02 -1.602854E-03  4.465942E-02
-5.254737E-02 -6.918713E-01  1.330811E-01 -3.243918E-04 -6.291594E-04  2.705457E-03  3.285684E-03 -1.018110E-03 -5.420627E-04 -2.343375E-04
 4.495825E-04
  MODE     102
-8.357612E-08  1.201654E-07 -1.267383E-07  1.739139E-07  5.435391E-08 -1.056157E-07 -4.992521E-05  1.782325E-05  9.224261E-05  1.580622E-04
-2.059849E-05  4.217832E-04  4.945163E-04  8.745880E-05  9.587187E-05  6.551532E-04 -3.520740E-04  7.090813E-04  3.152365E-04  1.453112E-02
-8.142892E-05  1.021306E-04  6.290635E-03  1.789722E-03  1.457444E-03 -1.023214E-03  1.063445E-01  6.373522E-04  6.565221E-05 -1.403289E-04
 3.957976E-05 -5.072257E-05  5.963569E-05 -5.688988E-06 -1.739579E-05  2.884243E-05  2.838355E-05  3.055268E-06 -2.861757E-05 -2.115584E-03
 6.342842E-04 -1.549322E-03 -8.171051E-03 -2.743297E-05 -1.267779E-05 -2.660734E-05  1.238673E-04 -1.084087E-03 -1.626501E-04  2.828480E-02
-1.192271E-03 -1.795597E-05 -1.298838E-05  3.689255E-05  5.808694E-06  1.522445E-05 -6.876423E-06 -2.255494E-05 -8.490075E-06  3.727225E-03
 4.551657E-04  4.155684E-03  7.639229E-04 -1.193862E-04 -1.032866E-03  2.323453E-03 -3.778199E-04  1.109873E-03  3.442132E-04 -9.158423E-04
 1.280890E-03  4.829525E-01 -1.815939E-02  2.886767E-02  2.622486E-03 -2.647470E-03  2.497627E-02  3.329867E-03 -3.347619E-04  8.160963E-03
-4.006355E-01  9.517899E-02 -1.510364E-03 -4.280874E-04 -2.185802E-03  2.403971E-02  7.478691E-03  8.349380E-04 -3.065721E-03  2.830317E-04
 1.456977E-04 -1.127644E-03 -5.404385E-04  2.302268E-04  2.476629E-03 -1.837069E-02 -1.255579E-02 -2.854979E-01  2.324839E-03 -7.043473E-01
 1.818496E-02 -5.209051E-02 -2.836696E-02  1.783133E-03 -2.243387E-03  7.261365E-04  1.645211E-04  1.364325E-02  2.267920E-03  2.835441E-04
-5.043032E-04
  MODE     103
 2.552449E-07 -3.616949E-07  3.994613E-07 -5.354233E-07 -1.809393E-07  3.100441E-07 -1.674848E-05 -2.817286E-05  7.422067E-06  4.623837E-07
-1.177603E-05 -5.589625E-04 -5.154404E-05  2.180986E-06  6.215014E-05 -7.747026E-05  1.169255E-05 -1.135720E-03  9.026537E-04 -1.010571E-03
-1.132602E-05 -1.047061E-04  4.183101E-02  6.806760E-02  2.002042E-03 -2.032481E-02 -6.292317E-03 -4.417674E-05 -4.511948E-05  1.212749E-05
-2.568174E-05  1.465727E-05 -9.295031E-07  1.992568E-05 -6.094813E-06 -7.740922E-06 -3.889868E-05  1.502971E-05  1.935741E-05  3.002397E-05
-6.916364E-04  5.542759E-02 -8.663915E-02  9.606238E-05 -1.217811E-05 -1.689331E-04  9.968824E-03 -7.168532E-03 -5.593800E-04 -1.656121E-03
 9.258718E-05 -6.450876E-06  1.656295E-05  2.542953E-05  8.321348E-05 -7.999854E-06 -2.420998E-05 -9.061795E-06 -2.656559E-05 -1.251794E-03
-3.103601E-02  3.828334E-02  1.105412E-03  8.030989E-04 -2.822348E-02  1.205013E-02  4.057933E-04  5.439577E-03  1.009733E-02  2.034170E-04
-2.270426E-05 -2.685647E-02 -4.387680E-01  1.161189E-01 -4.252136E-03  3.243310E-04  2.468849E-01 -1.765945E-01  5.539217E-02  5.812374E-02
 2.400655E-02 -5.984005E-03  6.234551E-04 -1.560984E-03  5.328021E-03  1.547902E-01  2.662665E-01 -1.845057E-02 -3.526606E-02  2.541959E-04
 1.376166E-04  6.533943E-04 -7.318935E-03 -3.102463E-03  7.547598E-05 -2.758521E-01  3.573567E-02  1.696682E-02 -1.655196E-03  3.620191E-02
-4.335508E-02 -1.220479E-01 -6.933070E-01 -4.159966E-04 -1.024584E-04  3.384429E-03 -7.699546E-04 -4.314041E-04 -5.317293E-04  1.393466E-03
-2.661497E-03
  MODE     104
 4.113048E-05 -5.803858E-05  6.160191E-05 -8.411215E-05 -2.698776E-05  5.011667E-05  4.384694E-05  1.487954E-05 -9.207850E-05 -1.561665E-04
 6.951162E-05 -1.584584E-03 -3.549602E-04  3.957572E-05 -1.506254E-04 -4.802740E-04  2.972240E-04 -1.092621E-03  9.904823E-04 -1.083428E-02
 9.346710E-05 -1.493067E-05 -1.806643E-04 -2.138583E-04 -8.597023E-04 -2.299247E-03  1.576251E-04  2.134306E-04  2.062496E-05  1.305002E-05
-8.770914E-06  2.230156E-04  4.961527E-05 -1.370408E-04 -3.575390E-06  3.895246E-06  3.559965E-04  3.127784E-04 -3.121986E-04  3.099997E-02
 1.028240E-01  1.001324E-02 -5.094763E-03  1.417010E-05 -1.234283E-04  2.577691E-04  3.350691E-03 -4.715081E-04  3.483870E-04 -3.381138E-04
-7.249312E-05 -5.721332E-05  1.855274E-04  9.187114E-05 -9.567272E-05  1.227544E-04 -7.958563E-05 -2.306403E-04 -2.344328E-04  1.832629E-01
 1.189121E-02 -2.585288E-03  2.353020E-03 -2.492797E-02  5.646757E-02  8.579872E-03  4.691742E-01 -1.564903E-02 -3.528222E-02  3.482900E-01
 1.688999E-03 -4.113957E-04 -1.279129E-03 -4.354684E-04  5.128354E-02 -1.082595E-03  2.932165E-03 -7.585144E-03 -9.819342E-03 -3.615985E-03
-1.481678E-03 -1.403227E-03 -3.168235E-04 -4.849550E-03  2.169454E-02 -5.475781E-04 -5.106003E-03  1.788277E-02  1.088911E-02  1.172354E-01
 3.295216E-03 -2.499662E-01 -1.212895E-02 -2.639157E-02 -1.622083E-01 -5.965253E-03  2.862092E-03  2.870499E-05 -1.536308E-02  1.703306E-03
-1.337077E-02  2.007640E-03  8.479033E-04  6.794661E-01 -4.987021E-02  1.679355E-01  8.634851E-02 -8.671036E-03 -1.066132E-02 -3.670277E-03
 5.946765E-05
  MODE     105
-3.776707E-06  5.331103E-06 -5.663681E-06  7.730083E-06  2.482767E-06 -4.603668E-06 -5.424610E-05  3.054018E-05  3.308669E-05  1.350039E-04
-1.688142E-05 -9.633026E-04  3.957534E-04  1.530778E-04 -1.604969E-04  5.334781E-04 -1.822147E-04 -4.864003E-03  5.846957E-03  1.041603E-02
-3.104274E-05  6.365511E-05 -5.390974E-04 -1.123229E-03  4.712452E-04 -1.449603E-02 -1.166175E-04  1.069300E-04 -5.764075E-05 -2.431366E-05
 7.010700E-06  2.965018E-04 -1.833163E-04  5.456453E-05  2.307309E-04 -3.902719E-04 -1.168728E-03  2.946886E-04  4.829617E-04 -3.196969E-02
 5.248973E-02  3.972953E-02 -5.190193E-02  1.331701E-04 -4.766566E-05  7.805808E-05  1.686350E-02 -9.840895E-03 -5.027811E-04 -1.027515E-04
 2.055761E-04  4.009175E-05  8.400968E-05 -2.847241E-04  1.066755E-04 -1.345983E-04  2.189893E-04  3.450890E-04  2.834411E-04 -1.772191E-01
 8.465290E-02 -8.847292E-02 -5.088428E-03 -6.836882E-03  3.012899E-01 -8.699004E-02  2.401503E-01 -6.816902E-02 -2.520890E-01 -3.353636E-01
-1.229285E-03  1.076942E-05 -7.317608E-03  6.727489E-04  2.729813E-02  3.954899E-04  3.596719E-02 -3.022665E-02 -4.753338E-02 -4.073157E-02
 3.748521E-04  2.265398E-04  6.088940E-04  4.681516E-03  1.095535E-02 -1.221300E-02 -2.627472E-02  6.716253E-02  1.049969E-01 -1.118274E-01
 2.253651E-04 -1.286521E-01 -1.265965E-01 -1.163064E-01  1.551015E-01 -3.970954E-02  9.469661E-03  3.111509E-04 -7.687732E-03 -1.859401E-03
-8.388130E-03  1.664875E-03 -7.538675E-04 -8.771917E-03  5.288791E-01 -4.826400E-02  4.667437E-01  5.036128E-03 -2.237708E-03 -1.100281E-02
 4.286621E-05
  MODE     106
 2.410705E-06 -3.400620E-06  3.611740E-06 -4.929823E-06 -1.583683E-06  2.935126E-06 -3.397162E-05  1.072974E-05  3.233938E-06  1.154669E-04
 1.595629E-05 -1.202558E-03  3.497910E-04  1.851721E-04 -1.024718E-04  4.732410E-04 -1.256586E-04  6.584759E-03 -5.159670E-03  8.182844E-03
-1.026479E-05  1.087582E-04  6.007712E-04  1.383420E-03 -1.814443E-03  1.499081E-02 -1.228855E-04  1.003244E-04 -4.950054E-05 -1.595852E-06
 4.157229E-06  3.235801E-04 -1.680478E-04  9.833189E-06  1.815232E-04 -3.956036E-04 -1.074898E-03  3.326579E-04  4.218073E-04 -2.617390E-02
 6.555125E-02 -3.503334E-02  5.808543E-02  7.311473E-05 -4.995441E-05  3.527076E-04 -1.625339E-02  1.230974E-02  1.108569E-03 -7.318395E-05
 1.778950E-04  5.441660E-06  2.319221E-05 -2.693566E-04 -7.317039E-05 -8.927100E-05  1.882165E-04  3.079496E-04  2.848401E-04 -1.466396E-01
-7.075811E-02  8.792796E-02  8.234033E-04 -1.035731E-02 -3.070135E-01  1.177558E-01  3.007729E-01  1.301324E-01  2.373076E-01 -2.724015E-01
-7.796709E-04 -5.062309E-05  7.253576E-03 -1.187653E-03  3.368042E-02  4.785954E-04 -3.998954E-02  2.638720E-02  4.540279E-02  4.686662E-02
 5.723942E-04  5.829567E-05  7.551604E-04  3.889762E-03  1.452294E-02  1.539942E-02  2.613145E-02 -5.825953E-02 -1.141483E-01 -9.166042E-02
 9.342775E-04 -1.609565E-01  1.428323E-01  1.065191E-01  1.257794E-01  4.227287E-02 -3.432511E-03  1.988030E-04 -9.881575E-03 -1.349281E-03
-9.893774E-03 -9.133603E-04  2.001003E-03  5.893967E-02  4.627312E-01  1.589157E-01 -5.069635E-01  7.013709E-03 -7.662461E-03  8.900874E-03
 1.750713E-04
  MODE     107
 2.075602E-06 -2.944038E-06  3.125170E-06 -4.269177E-06 -1.363623E-06  2.553507E-06 -4.798597E-05 -1.203277E-05  7.570014E-05  2.288010E-05
-5.956728E-05 -1.066467E-04 -7.026810E-05 -1.413822E-04  5.026521E-06 -1.254108E-04 -9.441259E-05 -7.692329E-03 -8.224347E-03  7.632647E-04
-4.364442E-06 -6.955647E-05 -1.394450E-03  1.052001E-03  2.101591E-02  1.567856E-03  1.645253E-04  9.309729E-05 -3.126748E-05  7.248059E-06
 1.691197E-06 -2.029031E-04 -5.246068E-05  1.769679E-04  6.639007E-05  1.127445E-04 -4.959613E-05 -2.480140E-04  2.576354E-04 -6.217683E-04
 9.835344E-03 -7.871229E-02 -5.446479E-02 -3.829653E-04 -4.135976E-06 -4.049577E-04 -1.597153E-02 -2.281270E-02 -1.813618E-03 -2.695540E-04
-5.656459E-05  2.796787E-05 -8.633490E-05  4.462436E-05  1.126003E-04 -3.197523E-04 -5.766437E-05  5.488251E-05 -3.003239E-04 -3.621789E-03
-1.190311E-01 -1.013783E-01 -6.264844E-03 -1.885074E-03 -1.439897E-01 -4.356284E-01  4.308995E-02 -3.472429E-01  1.402886E-01 -2.139276E-02
-5.789902E-05 -4.435501E-04  2.527493E-03  1.316444E-02  4.651589E-03 -1.839056E-04  4.286363E-02  5.385712E-02  6.313280E-02 -6.427460E-02
-9.751613E-04 -6.368580E-04 -4.422471E-05 -6.836604E-04  2.434758E-03 -3.549222E-02  1.939145E-02 -1.531976E-01  9.061179E-02 -3.511951E-04
 1.153677E-04 -2.338868E-02 -1.576246E-01  1.905248E-01  2.347178E-03 -9.399878E-03 -5.950295E-02  1.650701E-04 -1.384760E-03 -3.073316E-05
-6.300574E-04 -3.760333E-03 -2.428417E-03  1.859716E-01  5.954126E-02 -6.664628E-01 -1.328396E-01  1.344485E-03  8.841002E-05 -2.226909E-03
 1.100188E-02
  MODE     108
-5.952777E-08  9.453476E-08 -9.985180E-08  1.382370E-07  3.960702E-08 -8.964408E-08 -5.604616E-05  3.414929E-05  6.261863E-05  6.539081E-05
-5.411630E-05 -8.693171E-04 -1.351935E-03  1.025768E-03  2.310980E-02  4.686526E-04 -2.664373E-04 -1.550175E-02 -1.399209E-02  9.456166E-03
 3.711995E-05  3.535688E-04 -5.433091E-02  2.460380E-02  5.332179E-02 -1.194607E-03 -4.676917E-02 -4.637218E-02 -2.722595E-04 -2.313959E-05
-3.588264E-05  1.234104E-04  5.015759E-05 -1.304059E-04 -1.119862E-04 -5.252723E-05 -2.952615E-06  1.801236E-04 -1.715155E-04 -9.265919E-04
-5.154864E-04  4.967356E-02  4.211082E-02  2.099171E-04 -1.637284E-04  4.347455E-04 -2.768959E-02 -5.044232E-02 -3.449108E-03 -7.440913E-04
 6.594800E-02 -4.845309E-05  2.076065E-05 -7.006866E-05 -1.219017E-04  1.545093E-04  3.732579E-05 -1.046548E-05  1.219078E-04 -1.151296E-03
 2.175847E-03 -1.046806E-03  1.639048E-01  9.948577E-05  3.472657E-02  1.546503E-01 -8.759899E-04 -2.084787E-01  6.334449E-02 -1.397257E-02
-1.165908E-01  1.075721E-01  2.846205E-02  2.144544E-01 -1.826369E-03  2.343868E-01 -1.730947E-01 -1.823112E-01  1.618848E-01 -2.003604E-01
 1.759058E-01  1.288578E-01  1.313600E-01 -1.695825E-04 -1.038902E-03 -5.236418E-02  2.496412E-02  1.429638E-01 -1.084740E-01 -4.394785E-03
-1.075850E-01  3.899327E-03 -3.410104E-02  4.111650E-02  3.445360E-03 -1.141416E-02 -5.509168E-02 -4.577841E-02 -7.956910E-04 -7.118807E-03
-1.232347E-03  2.148261E-04 -1.707400E-03 -4.997104E-03 -8.245533E-04  1.824807E-03 -5.512363E-03 -3.050627E-01 -2.431888E-01 -5.892851E-01
 2.174388E-02
  MODE     109
-8.343879E-09  3.253416E-08 -3.398281E-08  4.986997E-08  6.906058E-09 -4.379136E-08  2.141502E-05 -2.556669E-05 -2.775775E-05 -1.245184E-04
 1.582437E-05  9.353451E-04  1.538283E-03 -1.405625E-03 -2.919648E-02 -7.987697E-04  3.075448E-04 -1.327852E-02 -1.147406E-02 -9.927917E-03
 1.978822E-04  2.449922E-04 -4.321832E-02  1.941660E-02  4.282687E-02 -1.052004E-03  5.779320E-02  5.861063E-02  2.600309E-05  7.153514E-05
 9.517674E-05  1.508590E-04  4.805034E-06 -9.892363E-05 -5.946890E-05 -8.172489E-05  1.404766E-05  1.102872E-04 -1.115599E-04  1.426437E-03
-6.736884E-05  3.970233E-02  3.376379E-02  1.348681E-04 -1.343897E-04  3.175054E-04 -2.197360E-02 -4.024854E-02 -2.843622E-03  2.381815E-04
-8.324525E-02 -2.275545E-05 -8.522036E-06 -1.275959E-06 -6.041118E-05  1.208998E-04 -1.837514E-05 -1.600539E-05  5.554216E-05 -1.883303E-04
 6.177266E-03  1.313935E-02 -2.027893E-01  3.276820E-04  2.762873E-02  1.245577E-01  3.068805E-04 -1.662525E-01  5.035878E-02 -1.044630E-02
 1.463714E-01 -1.310539E-01  2.169918E-02  1.727071E-01  2.523705E-03 -2.958470E-01 -1.385605E-01 -1.452409E-01  1.283588E-01 -1.592331E-01
-2.201205E-01 -1.591356E-01 -1.661166E-01 -4.998564E-04  1.746025E-03 -4.115440E-02  1.980175E-02  1.142438E-01 -8.713074E-02  3.465630E-03
 1.357322E-01 -4.000734E-03 -2.695598E-02  3.256348E-02 -3.067574E-03 -9.200531E-03 -4.441883E-02  5.639876E-02  1.153111E-03  8.658242E-03
 1.054608E-03 -4.597815E-04 -1.205156E-03  3.600927E-03 -5.235021E-04  4.164164E-03 -2.900569E-03  3.596882E-01  4.734104E-01 -3.822406E-01
-1.892260E-02
  MODE     110
-2.309477E-08  3.080074E-08 -3.429305E-08  4.550323E-08  1.636076E-08 -2.490270E-08 -1.993690E-05 -4.462612E-05  1.010081E-04  1.475043E-04
 6.438426E-05  1.014904E-03  2.786772E-03 -1.480272E-03 -3.350849E-02  3.883276E-04 -2.207753E-04  3.795141E-03 -2.995672E-03  1.363468E-02
-5.552087E-05  4.363002E-05  5.204115E-03  1.138686E-02 -3.818077E-04  1.116274E-02 -7.885745E-02  6.645335E-02  5.179719E-05  9.833218E-05
 5.040471E-06 -6.805034E-06  8.958780E-06  3.911756E-05  4.134838E-05 -5.538838E-05 -8.459670E-05  1.628127E-05  5.479710E-05 -1.713828E-03
-1.803527E-05  8.520295E-03 -1.067032E-02  1.284112E-05 -2.049911E-05  4.262081E-05 -9.639972E-03  5.765837E-03  2.986393E-04 -4.145403E-03
-9.157583E-02  5.803571E-06  3.273859E-05 -8.279892E-06  8.761889E-06 -2.678343E-06  6.642723E-05 -1.250246E-05  4.298757E-05  1.278789E-03
-2.674499E-03 -1.321805E-02  2.766868E-01 -1.264007E-04  3.226170E-02 -8.540546E-03 -2.941169E-04  1.402361E-02  4.360464E-02 -3.019599E-03
 1.690792E-01  1.770691E-01  4.594633E-02 -8.092536E-03  1.887992E-03 -3.433020E-01  4.006483E-02 -3.595549E-02  4.274401E-02  3.464171E-02
 3.051303E-01  2.220277E-01 -1.947974E-01  7.063644E-04 -4.154949E-04  5.215886E-03  1.125153E-02  2.160222E-02  3.196776E-02 -6.061672E-04
 1.572397E-01  5.947002E-04  7.768208E-03  7.893732E-03  5.140821E-04  1.164645E-02 -2.491744E-03 -7.648658E-02 -1.605722E-04 -8.797020E-03
 1.298796E-03 -3.943866E-04 -7.001360E-04  1.853703E-03  1.058017E-02  2.286185E-03 -2.158870E-03 -5.186186E-01  4.632269E-01  8.089235E-02
 1.001793E-01
  MODE     111
-2.617397E-08  4.058606E-08 -5.214033E-08  6.577884E-08  2.526694E-08 -3.579247E-08 -1.789464E-07  2.463093E-05 -2.663157E-05 -2.740573E-05
-4.339766E-06 -2.435911E-04 -4.724316E-04  2.500995E-04  5.604333E-03 -5.688120E-05  4.841778E-05  1.741826E-02 -1.988159E-02 -3.086368E-03
 2.600800E-05  4.899991E-05  2.993246E-02  6.772096E-02  1.015049E-03  6.639122E-02  1.336612E-02 -1.111390E-02  1.957195E-05  3.622188E-05
 1.494680E-05  5.331254E-05 -7.494353E-06 -2.678252E-06  3.850253E-05 -2.855007E-05 -4.652023E-05  5.143859E-05  1.042892E-05  2.932320E-04
-5.971695E-05  5.228721E-02 -6.158538E-02  2.821629E-04 -4.721238E-05  2.070508E-04 -5.851091E-02  3.216643E-02  2.020609E-03  5.387849E-04
 1.534485E-02 -1.740874E-05  2.916703E-06 -1.159845E-05  3.710421E-05  3.102404E-05  5.745246E-06 -1.697010E-05 -9.317048E-06 -6.501147E-04
 7.901953E-03 -5.948840E-03 -4.698003E-02  4.220030E-04  1.941531E-01 -4.375234E-02 -7.618565E-04  7.822163E-02  2.610420E-01 -1.916167E-03
-2.821670E-02 -3.115085E-02  2.707777E-01 -3.605309E-02 -3.636543E-04  5.743434E-02  2.303757E-01 -2.191308E-01  2.565773E-01  2.053514E-01
-5.123957E-02 -3.795609E-02  3.257359E-02 -9.410428E-04  5.918234E-04  2.685346E-02  6.688386E-02  1.341805E-01  1.845564E-01  1.144783E-03
-2.643792E-02  2.081853E-04  4.672997E-02  4.697491E-02 -2.741242E-04  6.913426E-02 -1.753876E-02  1.293740E-02  6.244445E-05  1.313441E-03
-5.458572E-04 -9.383382E-05 -2.598166E-03 -2.714542E-03 -2.620905E-03  1.024179E-02  2.507628E-03  9.348652E-02 -4.596684E-02 -3.625653E-03
 6.993919E-01
--------------------------------------------------------------------------------------------------------------------------------------------
  END_DUSH_DATA_2
  BEGIN_DUSH_ORTH_TEST EPS =     0.100000E-02
  END_DUSH_ORTH_TEST
END_DUSH_2
