#!awk.bdf.output
====================== BDF version information ============================
commit b9f8d8323d948e506af552ea571d509107820b9d
Author: Zikuan Wang <zwang@kofo.mpg.de>
Date:   Sat Jan 3 15:39:18 2026 +0800

    added the functionality of turning off certain terms in X-TDDFT NACME
===========================================================================
BDFHOME     = /apps/users/wzk/bdf/bdf-pkg/build/bdf-pkg-full 
BDF_TMPDIR  = /tmp 
BDF_MPIRUN  = None 
BDF_MPIROOT = None 
|---------------------------------------------------------------------|
 Could not find mpirun. Set to serial running ...


(' BDFHOME     = ', '/apps/users/wzk/bdf/bdf-pkg/build/bdf-pkg-full')
(' BDF_WORKDIR = ', '/apps/users/wzk/bdf/test/CH2O')
(' BDF_TMPDIR  = ', '/apps/users/wzk/scratch/CH2O-XTDDFT-B3LYP_186')
(' BDFTASK     = ', 'CH2O-XTDDFT-B3LYP')

  BDF parallel running information ...
('  BDF_MASTER_NODE', 'cnode02')
('  BDF_MPIROOT = ', 'None')
  Total number of computational nodes   = 1
  Number of processes per node          = 1
  Number of openmp threads per process  = 8


('  Singlepoint_task = ', True)
('  Fragmp2_task     = ', False)


$compass
title
ch2o
basis
aug-cc-pvtz
geometry
C 0.0000000000 0.0000000000 -0.9898897512
O 0.0000000000 0.0000000000 1.2590015543
H -1.8503676573 0.0000000000 -2.0663369637
H 1.8503676573 0.0000000000 -2.0663369637
end geometry
unit
bohr
$end
$xuanyuan
$end
$scf
roks
dft
b3lyp
charge
1
spinmulti
2
threshconv
1.d-10 1.d-8
grid
ultra fine
gridtol
1.d-9
$end
$tddft
iroot
4
crit_e
1.d-10
crit_vec
1.d-8
istore
1
grid
ultra fine
gridtol
1.d-9
$end
$resp
iprt
3
quad
fnac
single
norder
1
method
2
nfiles
1
states
7 
1 2 1 
1 3 1 
1 2 2 
1 1 1 
1 1 2 
1 4 1 
1 2 3 
ignore
1
grid
ultra fine
rtol
1.d-12
gridtol
1.d-9
$end
$resp
iprt
3
quad
fnac
double
norder
1
method
2
nfiles
1
pairs
21
1 2 1 1 3 1 
1 2 1 1 2 2 
1 2 1 1 1 1 
1 2 1 1 1 2 
1 2 1 1 4 1 
1 2 1 1 2 3 
1 3 1 1 2 2 
1 3 1 1 1 1 
1 3 1 1 1 2 
1 3 1 1 4 1 
1 3 1 1 2 3 
1 2 2 1 1 1 
1 2 2 1 1 2 
1 2 2 1 4 1 
1 2 2 1 2 3 
1 1 1 1 1 2 
1 1 1 1 4 1 
1 1 1 1 2 3 
1 1 2 1 4 1 
1 1 2 1 2 3 
1 4 1 1 2 3 
ignore
1
grid
ultra fine
rtol
1.d-12
gridtol
1.d-9
noresp
$end
$compass
title
ch2o
basis
aug-cc-pvtz
geometry
C 0.0000000000 0.0000000000 -0.9898897512
O 0.0000000000 0.0000000000 1.2590015543
H -1.8503676573 0.0000000000 -2.0663369637
H 1.8503676573 0.0000000000 -2.0663369637
end geometry
unit
bohr
$end
('tmpstdin ', True)
('npro is ', 1)
('\n BDF command: ', '/apps/users/wzk/bdf/bdf-pkg/build/bdf-pkg-full/bin/compass.x /apps/users/wzk/scratch/CH2O-XTDDFT-B3LYP_186/CH2O-XTDDFT-B3LYPXX0.compass.inp')
  BDF process        0 of        1 on Serial  
 
|******************************************************************************|
 
    Start running module compass
    Current time   2026-02-03  11:04:31
 
|******************************************************************************|

 ++++++++++ Reading compass input ++++++++++++++++++
 TITLE
 BASIS
 Input Basis set is aug-cc-pVTZ
 Spherical GTO 5d,7f
 GEOMETRY
 C       0.00000000      0.00000000     -0.98988975
 O       0.00000000      0.00000000      1.25900155
 H      -1.85036766      0.00000000     -2.06633696
 H       1.85036766      0.00000000     -2.06633696
 Number of atoms:        4
 UNIT
 $END
 ++++++++++ End of reading compass input +++++++++++++


|-------------------------------------------------------------------------------------------|

 Atom           Cartcoord(Bohr)                 Charge Basis Auxbas Uatom Nstab Alink  Mass
  C        0.000000     0.000000    -0.989890     6.00    1     0     0     0   E     11.9967
  O        0.000000     0.000000     1.259002     8.00    2     0     0     0   E     15.9949
  H       -1.850368     0.000000    -2.066337     1.00    3     0     0     0   E      1.0073
  H        1.850368     0.000000    -2.066337     1.00    3     0     0     0   E      1.0073
 
|--------------------------------------------------------------------------------------------|

  End of reading atomic basis sets ..
 Printing basis sets for checking ....

 Atomic label:  C    6
 Maximum L  3 11s6p3d2f ----> 5s4p3d2f NBF =  46
 #--->s function
      Exp Coef          Norm Coef       Con Coef
          8236.000000   0.218425E+04    0.000542   -0.000196    0.000000    0.000000    0.000000
          1235.000000   0.526339E+03    0.004196   -0.001526    0.000000    0.000000    0.000000
           280.800000   0.173306E+03    0.021541   -0.007890    0.000000    0.000000    0.000000
            79.270000   0.671192E+02    0.083615   -0.031515    0.000000    0.000000    0.000000
            25.590000   0.287454E+02    0.239872   -0.096910    0.000000    0.000000    0.000000
             8.997000   0.131247E+02    0.443752   -0.220542    0.000000    0.000000    0.000000
             3.319000   0.621256E+01    0.353580   -0.296069    0.000000    0.000000    0.000000
             0.364300   0.118470E+01   -0.009176    1.040503    0.000000    0.000000    0.000000
             0.905900   0.234598E+01    0.000000    0.000000    1.000000    0.000000    0.000000
             0.128500   0.542241E+00    0.000000    0.000000    0.000000    1.000000    0.000000
             0.044020   0.242802E+00    0.000000    0.000000    0.000000    0.000000    1.000000
 #--->p function
      Exp Coef          Norm Coef       Con Coef
            18.710000   0.113521E+03    0.039426    0.000000    0.000000    0.000000
             4.133000   0.171916E+02    0.244089    0.000000    0.000000    0.000000
             1.200000   0.366405E+01    0.815492    0.000000    0.000000    0.000000
             0.382700   0.878127E+00    0.000000    1.000000    0.000000    0.000000
             0.120900   0.207978E+00    0.000000    0.000000    1.000000    0.000000
             0.035690   0.452551E-01    0.000000    0.000000    0.000000    1.000000
 #--->d function
      Exp Coef          Norm Coef       Con Coef
             1.097000   0.306825E+01    1.000000    0.000000    0.000000
             0.318000   0.351380E+00    0.000000    1.000000    0.000000
             0.100000   0.464012E-01    0.000000    0.000000    1.000000
 #--->f function
      Exp Coef          Norm Coef       Con Coef
             0.761000   0.106691E+01    1.000000    0.000000
             0.268000   0.101933E+00    0.000000    1.000000
 

 Atomic label:  O    8
 Maximum L  3 11s6p3d2f ----> 5s4p3d2f NBF =  46
 #--->s function
      Exp Coef          Norm Coef       Con Coef
         15330.000000   0.348074E+04    0.000520   -0.000197    0.000000    0.000000    0.000000
          2299.000000   0.838821E+03    0.004023   -0.001535    0.000000    0.000000    0.000000
           522.400000   0.276069E+03    0.020729   -0.007951    0.000000    0.000000    0.000000
           147.300000   0.106824E+03    0.081082   -0.032113    0.000000    0.000000    0.000000
            47.550000   0.457486E+02    0.236226   -0.100270    0.000000    0.000000    0.000000
            16.760000   0.209277E+02    0.443518   -0.234047    0.000000    0.000000    0.000000
             6.207000   0.993519E+01    0.358671   -0.301411    0.000000    0.000000    0.000000
             0.688200   0.190898E+01   -0.008350    1.034920    0.000000    0.000000    0.000000
             1.752000   0.384738E+01    0.000000    0.000000    1.000000    0.000000    0.000000
             0.238400   0.861975E+00    0.000000    0.000000    0.000000    1.000000    0.000000
             0.073760   0.357586E+00    0.000000    0.000000    0.000000    0.000000    1.000000
 #--->p function
      Exp Coef          Norm Coef       Con Coef
            34.460000   0.243573E+03    0.041163    0.000000    0.000000    0.000000
             7.749000   0.377174E+02    0.257763    0.000000    0.000000    0.000000
             2.280000   0.817340E+01    0.802419    0.000000    0.000000    0.000000
             0.715600   0.192009E+01    0.000000    1.000000    0.000000    0.000000
             0.214000   0.424621E+00    0.000000    0.000000    1.000000    0.000000
             0.059740   0.861620E-01    0.000000    0.000000    0.000000    1.000000
 #--->d function
      Exp Coef          Norm Coef       Con Coef
             2.314000   0.113283E+02    1.000000    0.000000    0.000000
             0.645000   0.121132E+01    0.000000    1.000000    0.000000
             0.214000   0.175693E+00    0.000000    0.000000    1.000000
 #--->f function
      Exp Coef          Norm Coef       Con Coef
             1.428000   0.439692E+01    1.000000    0.000000
             0.500000   0.414661E+00    0.000000    1.000000
 

 Atomic label:  H    1
 Maximum L  2 6s3p2d ----> 4s3p2d NBF =  23
 #--->s function
      Exp Coef          Norm Coef       Con Coef
            33.870000   0.354712E+02    0.025495    0.000000    0.000000    0.000000
             5.095000   0.856788E+01    0.190363    0.000000    0.000000    0.000000
             1.159000   0.282213E+01    0.852162    0.000000    0.000000    0.000000
             0.325800   0.108950E+01    0.000000    1.000000    0.000000    0.000000
             0.102700   0.458345E+00    0.000000    0.000000    1.000000    0.000000
             0.025260   0.160081E+00    0.000000    0.000000    0.000000    1.000000
 #--->p function
      Exp Coef          Norm Coef       Con Coef
             1.407000   0.447046E+01    1.000000    0.000000    0.000000
             0.388000   0.893355E+00    0.000000    1.000000    0.000000
             0.102000   0.168165E+00    0.000000    0.000000    1.000000
 #--->d function
      Exp Coef          Norm Coef       Con Coef
             1.057000   0.287515E+01    1.000000    0.000000
             0.247000   0.225813E+00    0.000000    1.000000
 
 

 Molecular center of mass
         0.00000000     0.00000000     0.13662030

 Molecular center of nuclear charge
         0.00000000     0.00000000    -0.00000000
 [molesym]
 
 Auto decide molecular point group! Rotate coordinates into standard orientation!
 Threshold= 0.10000E-08 0.10000E-11 0.10000E-03
 
 zgeomsort being called!
gsym: C02V, noper=    4
 Exiting zgeomsort....
 Representation generated
  Binary group is observed ...
  Point group name C(2V)   
  User set point group as C(2V)   
  Largest Abelian Subgroup C(2V)                        4
 Representation generated
 C|2|V|                     2
 Symmetry check OK
 Molecule has been symmetrized
  Number of symmery unique centers:                      3

|-------------------------------------------------------------------------------------------|

 Atom           Cartcoord(Bohr)                 Charge Basis Auxbas Uatom Nstab Alink  Mass
  C        0.000000    -0.000000    -0.989890     6.00    1     0     0     0   E     11.9967
  O       -0.000000     0.000000     1.259002     8.00    2     0     0     0   E     15.9949
  H       -1.850368     0.000000    -2.066337     1.00    3     0     0     0   E      1.0073
  H        1.850368    -0.000000    -2.066337     1.00    3     0     0     0   E      1.0073
 
|--------------------------------------------------------------------------------------------|

 rep A1       * A1       = A1                           1
 rep A1       * A2       = A2                           1
 rep A1       * B1       = B1                           1
 rep A1       * B2       = B2                           1
 rep A2       * A2       = A1                           1
 rep A2       * B1       = B2                           1
 rep A2       * B2       = B1                           1
 rep B1       * B1       = A1                           1
 rep B1       * B2       = A2                           1
 rep B2       * B2       = A1                           1
Number of irreps:    4
IRREP:   3   4   1
DIMEN:   1   1   1

 Irreps of multipole moment operators ...
 Operator  Component    Irrep       Row
  Dipole       x           B1          1
  Dipole       y           B2          1
  Dipole       z           A1          1
  Quadpole     xx          A1          1
  Quadpole     xy          A2          1
  Quadpole     yy          A1          1
  Quadpole     xz          B1          1
  Quadpole     yz          B2          1
  Quadpole     zz          A1          1
 
 Generate symmetry adapted orbital ...
 Print Multab
  1  2  3  4
  2  1  4  3
  3  4  1  2
  4  3  2  1

|--------------------------------------------------|
          Symmetry adapted orbital                   

  Total number of basis functions:     138     138

  Number of irreps:   4
  Irrep :   A1        A2        B1        B2      
  Norb  :     54        17        38        29
|--------------------------------------------------|

Total number of shells:       14
 
Number of atoms:       4
Number of basis functions:     138
 
|******************************************************************************|
 
    Total cpu     time:          0.02  S
    Total system  time:          0.02  S
    Total wall    time:          0.08  S
 
    Current time   2026-02-03  11:04:31
    End running module compass
|******************************************************************************|
 
$xuanyuan
$end
('tmpstdin ', True)
('npro is ', 1)
('\n BDF command: ', '/apps/users/wzk/bdf/bdf-pkg/build/bdf-pkg-full/bin/xuanyuan.x /apps/users/wzk/scratch/CH2O-XTDDFT-B3LYP_186/CH2O-XTDDFT-B3LYPXX1.xuanyuan.inp')
  BDF process        0 of        1 on Serial  
 
|******************************************************************************|
 
    Start running module xuanyuan
    Current time   2026-02-03  11:04:32
 
|******************************************************************************|
 $xuanyuan                                                                      
                                          
 $end                                                                           
                                          
  Mass polarization term:  F
 Total nuclear charge :         16.00
 Nuclear repulsion energy :      31.4241631051 a.u.

 Total number of primitive  basis sets :          166
 Total number of prim-cart  basis sets :          188
 Total number of contracted basis sets :          138

  Estimate memory for calculating 2e integrals...
 Minium memory to calculate ERIs:        3.725 M

[aoint_1e]
  Calculating one electron integrals ...
  S T and V integrals ....
  Dipole and Quadupole integrals ....
  Finish calculating one electron integrals ...
 
 ---------------------------------------------------------------
  Timing to calculate 1-electronic integrals                                      
 
  CPU TIME(S)      SYSTEM TIME(S)     WALL TIME(S)
          0.040            0.090               0.020
 ---------------------------------------------------------------
 
 Finish calculating 1e integral ...
 Direct SCF required. Skip 2e integral!
 Set significant shell pairs!

 Number of significant pairs:       72
 Timing caluclate K2 integrals.
 CPU:       0.03 SYS:       0.01 WALL:       0.01
 lenk2                  1864                    10
|******************************************************************************|
 
    Total cpu     time:          0.14  S
    Total system  time:          0.10  S
    Total wall    time:          0.20  S
 
    Current time   2026-02-03  11:04:32
    End running module xuanyuan
|******************************************************************************|
 
$scf
roks
dft
b3lyp
charge
1
spinmulti
2
threshconv
1.d-10 1.d-8
grid
ultra fine
gridtol
1.d-9
$end
('tmpstdin ', True)
('npro is ', 1)
('\n BDF command: ', '/apps/users/wzk/bdf/bdf-pkg/build/bdf-pkg-full/bin/scf.x /apps/users/wzk/scratch/CH2O-XTDDFT-B3LYP_186/CH2O-XTDDFT-B3LYPXX2.scf.inp')
  BDF process        0 of        1 on Serial  
 
|******************************************************************************|
 
    Start running module scf
    Current time   2026-02-03  11:04:32
 
|******************************************************************************|

|-------------------------------------------------------------------------------------------|

 Atom           Cartcoord(Bohr)                 Charge Basis Auxbas Uatom Nstab Alink  Mass
  C        0.000000    -0.000000    -0.989890     6.00    1     0     1     4   E     11.9967
  O       -0.000000     0.000000     1.259002     8.00    2     0     1     4   E     15.9949
  H       -1.850368     0.000000    -2.066337     1.00    3     0     1     2   E      1.0073
  H        1.850368    -0.000000    -2.066337     1.00    3     0     0     0   E      1.0073
 
|--------------------------------------------------------------------------------------------|

  [ SCF control ] 
 $scf
 roks
 dft
 Exchange and Correlation functional(ALL): B3LYP     
 charge
 spinmulti
 threshconv
 grid
 gridtol
 $end
 Finegrid                     5                     1
 
  --- PRINT: Information about SCF Calculation --- 
 ICTRL_FRAGSCF=  0
 IPRT  =  3
 IPRTMO=  1
 MAXITER=  100
 THRENE= 0.10E-09 THRDEN= 0.10E-07
 DAMP= 0.00 VSHIFT= 0.00
 IsXiisEnabled = T
 XiisId = 7
 MinXiis =  2    MaxXiis =  8
 XiisMode = 0
 IsOrthogonalizeDiisErrorMatrix = T
 IsSmhEnabled = T
 SmhVersion = 1
 SmhEnablingThreshold = 1.00E-03
 iCHECK=  0
 iAUFBAU=  1
 INIGUESS=  0
 IfMPEC= F
 IfCOSX= F
 Occupation number:
  Without occupation number in input.

 Wave function information ...
 Total Nuclear charge    :      16
 Total electrons         :      15
 ECP-core electrons      :       0
 Spin multiplicity(2S+1) :       2
 Num. of alpha electrons :       8
 Num. of beta  electrons :       7
 

 Threshold in dft prescreening ...
 Thresh_shellvalue_dft :  0.10000E-09
 ThreshRho     :  0.10000E-11

  DFT options:
 upden=  1
 fullvxc=  0
 Romega= 0.120E+31  F  0.000000   1.000000
 
  RO-FOCK parameters:
 irofock=  0
 fca=   0.500 foa=   0.500 fva=   0.500
  --- END:  Information about SCF Calculation  --- 
 
 Warning: SMH cannot be used in this calculation. Turning off SMH...
 Numerical grid implemented by Yong Zhang 
 Finish scf input!

 DirectHF  T
 Number of significient shell pairs :       72
 Estimate memory for direct ERI calculations:           4.129 M

 IF USE_LIBCINT :    F

 Nuclear repulsion energy =    31.42416311
 
 iniguess                     0                     0
 [ATOM SCF control]
  heff=                      0
 After initial atom grid ...
 Finish atom    1  C             -37.7297683935
 After initial atom grid ...
 Finish atom    2  O             -74.9103828624
 After initial atom grid ...
 Finish atom    3  H              -0.7447203919
 
 
 Superposition of atomic densities as initial guess.
 [dft_init]  T
 Libxc version: 7.0.0
 xcfun_xc_libxc is    475 xcfun_ex_libxc is      0
 The functional 'B3LYP with VWN functional 5 instead of RPA' is an exchange-correlation functional, it belongs to the 'Hybrid GGA. Coeff of Exx=  0.2000' family and is defined in the reference(s):
 [1] P. J. Stephens, F. J. Devlin, C. F. Chabalowski, and M. J. Frisch.,  J. Phys. Chem. 98, 11623 (1994)
 
  Switch to Ultra Fine grid ...

 Intialize DFT grid written by Y. Zhang

   1  C     Second Kind Chebyshev (100)  Lebedev (-1202)         
   2  O     Second Kind Chebyshev (100)  Lebedev (-1202)         
   3  H     Second Kind Chebyshev (100)  Lebedev (-1202)         
  Partition Function:  SSF   Partitioning with Scalar=  0.64.
  Gtol, Npblock, Icoulpot, Iop_adaptive :  0.10E-08    128      0          0
  Numerical Grid Generated SUCCESSFULLY! 
 Total and symmetry independent Grid Number:    174404     46169
  Using OCTREE to redorder grids ...
 Gridinfo: Npoints/Nmax/NpointsU =     46336   174404    46169
 Saving Gridinfo to HARDISK record = Gridinfo
 
  --- PRINT: Information about DFT Calculation --- 
 No. of ATOMS =          4
 No. of Shells =         0
 No. of Batches =        0
 No. of Grids =          0
 No. of Basis Functions =      138
 No. of Records for [basval] =               0
 Estimated DiskSpace for storage [basval] =           0.000M
 
 Max No. of Rad point per atom =     0
 Max No. of Ang point per atom =     0
 Max No. of Grids per batch =          0
 Max No. of Basis per shell =          0
 Max No. of Records in one batch =               0
 Estimated Mem for [basval] =      0.000M
 Estimated Mem for [func] in R-DFT =      0.000M
 Estimated Mem for [func] in U-DFT =      0.000M
 DirectGrid:        T
 LogicOctree:       T
  --- END : Information about DFT Calculation --- 
 
 Zhang Yong numint ...
 
  Initializing informations for ZY-Numerical Integration...
  Number of atoms     =       4
  Total Prim and Cont =     166    138
  Timing for ZY-NI-INIT:       0.020 S      0.000 S      0.000 S

 Time to calculate dft grid and perform basis seiving ...
 CPU:       3.020 S    Sys:       0.090 S    Wall:        0.390 S

 Check basis set linear dependence! Tolerance =   1.000000E-05
 No. of occupied and virtual orbitals:        8      130
 Initial guess energy =   -114.1295920397
 
 [scf_cycle_init_ecdenpot]
Memory for coulpotential         0.00  G

 Start SCF iteration......


Iter.   idiis  vshift       SCF Energy            DeltaE          RMSDeltaD          MaxDeltaD      Damping    Times(S) 
   1      0    0.000    -114.5395321984      -0.4099401587       0.0026805284       0.1755285213    0.0000      0.19
   2      1    0.000    -114.0269452505       0.5125869479       0.0014168537       0.0826590390    0.0000      0.19
   3      2    0.000    -113.7329466847       0.2939985658       0.0010121940       0.0631922926    0.0000      0.19
   4      3    0.000    -114.0927812197      -0.3598345350       0.0001225792       0.0084462533    0.0000      0.18
   5      4    0.000    -114.0938968512      -0.0011156315       0.0000444163       0.0029117871    0.0000      0.18
   6      5    0.000    -114.0940337620      -0.0001369107       0.0000127558       0.0008007080    0.0000      0.19
   7      6    0.000    -114.0940621318      -0.0000283699       0.0000067377       0.0004215932    0.0000      0.19
   8      7    0.000    -114.0940664047      -0.0000042728       0.0000004164       0.0000279173    0.0000      0.18
   9      8    0.000    -114.0940664486      -0.0000000440       0.0000000442       0.0000023229    0.0000      0.19
  10      2    0.000    -114.0940664491      -0.0000000004       0.0000000041       0.0000002346    0.0000      0.18
  11      3    0.000    -114.0940664491      -0.0000000000       0.0000000008       0.0000000426    0.0000      0.18
 diis/vshift is closed at iter =  11
  12      1    0.000    -114.0940664491      -0.0000000000       0.0000000004       0.0000000267    0.0000      0.18

  Label              CPU Time        SYS Time        Wall Time
 SCF iteration time:        17.800 S        0.080 S        2.250 S

 Final DeltaE = -2.842170943040401E-014
 Final DeltaD =  4.271545798335179E-010  1.000000000000000E-007
 
 Final scf result
   E_tot =              -114.09406645
   E_ele =              -145.51822955
   E_nn  =                31.42416311
   E_1e  =              -211.79471199
   E_ne  =              -325.22630925
   E_kin =               113.43159725
   E_ee  =                77.80707545
   E_xc  =               -11.53059301
   Virial Ratio            2.005840
 

 [Final occupation pattern: ]
 
 Irreps:        A1      A2      B1      B2  
 
 detailed occupation for iden/irep:      1   1
    1.00 1.00 1.00 1.00 1.00 0.00 0.00 0.00 0.00 0.00
    0.00 0.00 0.00 0.00 0.00 0.00 0.00 0.00 0.00 0.00
    0.00 0.00 0.00 0.00 0.00 0.00 0.00 0.00 0.00 0.00
    0.00 0.00 0.00 0.00 0.00 0.00 0.00 0.00 0.00 0.00
    0.00 0.00 0.00 0.00 0.00 0.00 0.00 0.00 0.00 0.00
    0.00 0.00 0.00 0.00
 detailed occupation for iden/irep:      1   2
    0.00 0.00 0.00 0.00 0.00 0.00 0.00 0.00 0.00 0.00
    0.00 0.00 0.00 0.00 0.00 0.00 0.00
 detailed occupation for iden/irep:      1   3
    1.00 1.00 0.00 0.00 0.00 0.00 0.00 0.00 0.00 0.00
    0.00 0.00 0.00 0.00 0.00 0.00 0.00 0.00 0.00 0.00
    0.00 0.00 0.00 0.00 0.00 0.00 0.00 0.00 0.00 0.00
    0.00 0.00 0.00 0.00 0.00 0.00 0.00 0.00
 detailed occupation for iden/irep:      1   4
    1.00 0.00 0.00 0.00 0.00 0.00 0.00 0.00 0.00 0.00
    0.00 0.00 0.00 0.00 0.00 0.00 0.00 0.00 0.00 0.00
    0.00 0.00 0.00 0.00 0.00 0.00 0.00 0.00 0.00
 Alpha       5.00    0.00    2.00    1.00
 
 detailed occupation for iden/irep:      2   1
    1.00 1.00 1.00 1.00 1.00 0.00 0.00 0.00 0.00 0.00
    0.00 0.00 0.00 0.00 0.00 0.00 0.00 0.00 0.00 0.00
    0.00 0.00 0.00 0.00 0.00 0.00 0.00 0.00 0.00 0.00
    0.00 0.00 0.00 0.00 0.00 0.00 0.00 0.00 0.00 0.00
    0.00 0.00 0.00 0.00 0.00 0.00 0.00 0.00 0.00 0.00
    0.00 0.00 0.00 0.00
 detailed occupation for iden/irep:      2   2
    0.00 0.00 0.00 0.00 0.00 0.00 0.00 0.00 0.00 0.00
    0.00 0.00 0.00 0.00 0.00 0.00 0.00
 detailed occupation for iden/irep:      2   3
    1.00 0.00 0.00 0.00 0.00 0.00 0.00 0.00 0.00 0.00
    0.00 0.00 0.00 0.00 0.00 0.00 0.00 0.00 0.00 0.00
    0.00 0.00 0.00 0.00 0.00 0.00 0.00 0.00 0.00 0.00
    0.00 0.00 0.00 0.00 0.00 0.00 0.00 0.00
 detailed occupation for iden/irep:      2   4
    1.00 0.00 0.00 0.00 0.00 0.00 0.00 0.00 0.00 0.00
    0.00 0.00 0.00 0.00 0.00 0.00 0.00 0.00 0.00 0.00
    0.00 0.00 0.00 0.00 0.00 0.00 0.00 0.00 0.00
 Beta        5.00    0.00    1.00    1.00
 

 [Orbital energies:]

 Energy of occ-orbsA:    A1            5
           -19.591838       -10.635936       -1.4695870      -0.97265444      -0.82977818    
 Energy of vir-orbsA:    A1           49
          -0.20792560      -0.16425979      -0.12043447      -0.59768347E-01  -0.49117186E-01
          -0.60634099E-02   0.70281562E-01   0.96764080E-01   0.10613744       0.16420425    
           0.19324156       0.26388095       0.32616010       0.45290629       0.48136748    
           0.57025380       0.59315604       0.62968914       0.69242775       0.81723415    
           0.93665363       0.98567372        1.1174069        1.2357248        1.4812329    
            1.5403688        1.7342436        1.8971492        2.0178698        2.2228235    
            2.3589833        2.5069835        2.8179140        3.0126074        3.1962924    
            3.4697143        3.5535458        3.8653908        4.0667817        4.4896280    
            4.5760065        5.0720320        5.4530871        6.1094430        6.2867876    
            6.5437776        6.7933315        14.112681        14.679158    
 Energy of vir-orbsA:    A2           17
          -0.53236959E-01   0.11312551       0.42776556       0.46749340       0.62928364    
           0.68982663        1.0805398        1.5295611        1.7230987        2.2082974    
            2.5533083        2.9848730        3.5525909        4.0304798        4.4901701    
            6.0668635        6.2590012    

 Energy of occ-orbsA:    B1            2
          -0.85092470      -0.60617707    
 Energy of vir-orbsA:    B1           36
          -0.15673227      -0.67293954E-01  -0.47677308E-01   0.26437744E-01   0.82548911E-01
           0.13884759       0.15640078       0.31691449       0.42084671       0.46763003    
           0.55739583       0.66424004       0.68236331       0.89081392        1.0223098    
            1.1033410        1.2142531        1.4340318        1.6855187        1.7800936    
            1.9794531        2.3179327        2.4245666        2.8884062        3.0668783    
            3.2537283        3.4740595        3.5014076        4.2766636        4.4430141    
            4.5772851        5.3700876        5.7115126        5.8099201        6.7670546    
            6.8499016    

 Energy of occ-orbsA:    B2            1
          -0.78268035    
 Energy of vir-orbsA:    B2           28
          -0.38851743      -0.12013082      -0.29622135E-01   0.44810261E-01   0.12305407    
           0.21797026       0.41782466       0.53607857       0.61662610       0.62201290    
           0.81694021       0.93935545        1.1504254        1.3099852        1.7162942    
            1.9057605        2.1047225        2.4361045        2.7669613        2.9094071    
            3.3033550        3.6620954        4.0005297        4.2985962        4.4217299    
            5.7492853        6.2624180        6.6045525    
 

 Energy of occ-orbsB:    A1            5
           -19.591838       -10.635936       -1.4695870      -0.97265444      -0.82977818    
 Energy of vir-orbsB:    A1           49
          -0.20792560      -0.16425979      -0.12043447      -0.59768347E-01  -0.49117186E-01
          -0.60634099E-02   0.70281562E-01   0.96764080E-01   0.10613744       0.16420425    
           0.19324156       0.26388095       0.32616010       0.45290629       0.48136748    
           0.57025380       0.59315604       0.62968914       0.69242775       0.81723415    
           0.93665363       0.98567372        1.1174069        1.2357248        1.4812329    
            1.5403688        1.7342436        1.8971492        2.0178698        2.2228235    
            2.3589833        2.5069835        2.8179140        3.0126074        3.1962924    
            3.4697143        3.5535458        3.8653908        4.0667817        4.4896280    
            4.5760065        5.0720320        5.4530871        6.1094430        6.2867876    
            6.5437776        6.7933315        14.112681        14.679158    
 Energy of vir-orbsB:    A2           17
          -0.53236959E-01   0.11312551       0.42776556       0.46749340       0.62928364    
           0.68982663        1.0805398        1.5295611        1.7230987        2.2082974    
            2.5533083        2.9848730        3.5525909        4.0304798        4.4901701    
            6.0668635        6.2590012    

 Energy of occ-orbsB:    B1            1
          -0.85092470    
 Energy of vir-orbsB:    B1           37
          -0.60617707      -0.15673227      -0.67293954E-01  -0.47677308E-01   0.26437744E-01
           0.82548911E-01   0.13884759       0.15640078       0.31691449       0.42084671    
           0.46763003       0.55739583       0.66424004       0.68236331       0.89081392    
            1.0223098        1.1033410        1.2142531        1.4340318        1.6855187    
            1.7800936        1.9794531        2.3179327        2.4245666        2.8884062    
            3.0668783        3.2537283        3.4740595        3.5014076        4.2766636    
            4.4430141        4.5772851        5.3700876        5.7115126        5.8099201    
            6.7670546        6.8499016    

 Energy of occ-orbsB:    B2            1
          -0.78268035    
 Energy of vir-orbsB:    B2           28
          -0.38851743      -0.12013082      -0.29622135E-01   0.44810261E-01   0.12305407    
           0.21797026       0.41782466       0.53607857       0.61662610       0.62201290    
           0.81694021       0.93935545        1.1504254        1.3099852        1.7162942    
            1.9057605        2.1047225        2.4361045        2.7669613        2.9094071    
            3.3033550        3.6620954        4.0005297        4.2985962        4.4217299    
            5.7492853        6.2624180        6.6045525    
 
 Alpha   HOMO energy:      -0.60617707 au     -16.49492447 eV  Irrep: B1      
 Alpha   LUMO energy:      -0.38851743 au     -10.57210163 eV  Irrep: B2      
 Beta    HOMO energy:      -0.78268035 au     -21.29782512 eV  Irrep: B2      
 Beta    LUMO energy:      -0.60617707 au     -16.49492447 eV  Irrep: B1      
 HOMO-LUMO gap:       0.00000000 au       0.00000000 eV
 
 [Alpha MOs]
 Frontier orbitals of each irrep:
 
  Symmetry   1 A1      
 
         Orbital                 1              2              3              4              5              6
         Energy            -19.59184      -10.63594       -1.46959       -0.97265       -0.82978       -0.20793
         Occ No.             1.00000        1.00000        1.00000        1.00000        1.00000        0.00000
      1 1C|1S0               0.00092       -0.98318        0.02406       -0.01769        0.00021       -0.00352
      2 1C|2S0               0.00204       -0.02011       -0.23261        0.40505       -0.00313       -0.28149
      3 1C|3S0               0.00161       -0.05394       -0.05659        0.10832        0.00242       -0.09471
      4 1C|4S0              -0.00604       -0.03054       -0.11757        0.25531       -0.12627       -0.26286
      5 1C|5S0               0.00009       -0.00877       -0.00607        0.01229       -0.00111        0.21646
      6 1C|2P0               0.00057       -0.00163       -0.11452       -0.09187        0.22251        0.12762
      7 1C|3P0               0.00225       -0.00607       -0.07239       -0.09879        0.22709        0.14748
      8 1C|4P0              -0.00149        0.00421        0.03368       -0.04253        0.06349        0.12039
      9 1C|5P0               0.00005        0.00027        0.00255       -0.00098       -0.00137        0.00973
     10 1C|3D0               0.00038       -0.00253       -0.01862       -0.00302        0.01611       -0.00168
     11 1C|4D0              -0.00231        0.00053       -0.00912       -0.00619        0.00717       -0.01416
     12 1C|5D0              -0.00281        0.00497        0.01809        0.01481        0.00964       -0.00243
     13 1C|3D2              -0.00004       -0.00179       -0.00226        0.00833       -0.00466        0.01267
     14 1C|4D2              -0.00044       -0.00055       -0.01888        0.01691       -0.00546        0.06795
     15 1C|5D2               0.00106       -0.00309       -0.01041       -0.00257       -0.01039        0.05580
     16 1C|4F0              -0.00082       -0.00222       -0.00894        0.00247        0.00690        0.00355
     17 1C|5F0              -0.00084        0.00396       -0.00221        0.00103       -0.01242        0.00942
     18 1C|4F2               0.00032        0.00131        0.00379       -0.00287       -0.00058       -0.00410
     19 1C|5F2               0.00087       -0.00243        0.00422       -0.00384        0.00702       -0.01513
     20 2O|1S0               0.97140       -0.00086        0.01673        0.00015        0.00030       -0.00060
     21 2O|2S0              -0.00269       -0.00217       -0.46568       -0.24506       -0.18202       -0.02425
     22 2O|3S0               0.05137       -0.00107       -0.13574       -0.07583       -0.05679       -0.00813
     23 2O|4S0               0.00575        0.01102       -0.23756       -0.22538       -0.22589       -0.11169
     24 2O|5S0               0.00070        0.00570       -0.02795       -0.02172       -0.04085       -0.05205
     25 2O|2P0              -0.00175        0.00086        0.10341       -0.10905       -0.30664       -0.03379
     26 2O|3P0               0.00023       -0.00387        0.12150       -0.12059       -0.34762       -0.03596
     27 2O|4P0               0.00268       -0.01531        0.02988       -0.05007       -0.15974        0.00436
     28 2O|5P0               0.00021       -0.00171        0.00126        0.00094        0.00246       -0.03178
     29 2O|3D0               0.00041       -0.00020       -0.00765        0.00417        0.01171       -0.00061
     30 2O|4D0              -0.00090        0.00451       -0.02009        0.00804        0.02426       -0.00852
     31 2O|5D0              -0.00172        0.00532        0.00159        0.00296        0.00497       -0.02446
     32 2O|3D2               0.00002       -0.00001       -0.00002        0.00011       -0.00009        0.00113
     33 2O|4D2              -0.00016        0.00005       -0.00054       -0.00025       -0.00174        0.00509
     34 2O|5D2              -0.00045        0.00118        0.00058        0.00114       -0.00139        0.01097
     35 2O|4F0              -0.00007       -0.00043        0.00377       -0.00102       -0.00317        0.00016
     36 2O|5F0               0.00076       -0.00223        0.00349       -0.00013       -0.00402        0.00331
     37 2O|4F2              -0.00001        0.00011        0.00017       -0.00036       -0.00027       -0.00052
     38 2O|5F2               0.00026       -0.00018       -0.00022        0.00004        0.00023       -0.00180
     39 3H|1S0               0.00033       -0.00096       -0.01752        0.14497       -0.09496        0.08745
     40 3H|2S0               0.00313        0.00391        0.03753        0.15686       -0.11394        0.08718
     41 3H|3S0              -0.00080        0.02089        0.07575       -0.02029        0.01975        0.48342
     42 3H|4S0              -0.00001        0.00162        0.00263       -0.00203       -0.00014        0.27226
     43 3H|2P0               0.00021        0.00061       -0.00113        0.00624       -0.00210       -0.00400
     44 3H|3P0              -0.00062        0.00314        0.01102        0.00250       -0.00037       -0.03564
     45 3H|4P0              -0.00181        0.00619        0.02337        0.00551        0.01231       -0.04261
     46 3H|2P1               0.00023        0.00085        0.00051        0.01391       -0.01079       -0.01732
     47 3H|3P1               0.00124        0.00541        0.01869        0.01609       -0.01552       -0.10380
     48 3H|4P1               0.00143        0.00266        0.01110       -0.01852        0.00138       -0.16687
     49 3H|3D0              -0.00027       -0.00030       -0.00180       -0.00133        0.00317        0.00302
     50 3H|4D0              -0.00043        0.00070        0.00200       -0.00161       -0.00507        0.00455
     51 3H|3D1               0.00005        0.00179        0.00087        0.00267       -0.00128       -0.00455
     52 3H|4D1              -0.00038        0.00088        0.00528        0.00060        0.00276       -0.00944
     53 3H|3D2               0.00007        0.00144        0.00135        0.00335       -0.00303       -0.00530
     54 3H|4D2               0.00027        0.00163        0.00228       -0.00007       -0.00354       -0.00909
 
         Orbital                 7              8              9             10             11
         Energy             -0.16426       -0.12043       -0.05977       -0.04912       -0.00606
         Occ No.             0.00000        0.00000        0.00000        0.00000        0.00000
      1 1C|1S0              -0.00294        0.00406       -0.00217       -0.00224        0.00461
      2 1C|2S0              -0.11027        0.08478       -0.00050        0.12304        0.12183
      3 1C|3S0              -0.03466        0.04112       -0.00007        0.05542        0.05786
      4 1C|4S0              -0.10546       -1.13375       -0.03341       -2.09183       -0.07789
      5 1C|5S0              -0.38564        0.22299        0.12018       -7.14621       -0.60358
      6 1C|2P0              -0.01364       -0.04726        0.00577       -0.04595        0.08455
      7 1C|3P0              -0.04078        0.02566       -0.12814       -0.17259        0.13373
      8 1C|4P0              -0.29114        0.33876       -1.25867       -0.25934       -0.75206
      9 1C|5P0              -0.66539       -0.12628       -0.71311        0.37589       -2.45415
     10 1C|3D0               0.02678        0.00933       -0.02174       -0.00821       -0.02762
     11 1C|4D0               0.07706        0.00471       -0.14627       -0.06306       -0.15308
     12 1C|5D0               0.01884       -0.18995       -0.33482        0.13004       -0.88512
     13 1C|3D2               0.00276       -0.02640       -0.00484        0.00625        0.00176
     14 1C|4D2               0.02287       -0.14852       -0.01806       -0.06751       -0.00009
     15 1C|5D2               0.07752       -0.17107       -0.05657       -0.26750        0.35013
     16 1C|4F0               0.00783       -0.00474       -0.00468       -0.00825       -0.01258
     17 1C|5F0               0.01504       -0.04646       -0.06598       -0.02351       -0.02451
     18 1C|4F2              -0.00227        0.00792       -0.00189        0.00312        0.00545
     19 1C|5F2              -0.01275        0.05709        0.01639        0.02317       -0.02828
     20 2O|1S0               0.00866        0.00168       -0.00432       -0.00319       -0.01031
     21 2O|2S0               0.18519       -0.02671       -0.01724        0.02067       -0.16733
     22 2O|3S0               0.06396       -0.00895       -0.00622        0.00540       -0.06058
     23 2O|4S0               0.36830        0.01781        0.69565        0.50709        0.24235
     24 2O|5S0               0.21322       -0.09196        2.38827        2.43609        2.81216
     25 2O|2P0              -0.05647       -0.01855        0.10049        0.04009        0.06163
     26 2O|3P0              -0.06550       -0.02645        0.08976        0.02860        0.04390
     27 2O|4P0              -0.07938        0.02582       -0.21102       -0.38953        0.05525
     28 2O|5P0               0.05639        0.19914       -1.45358       -0.96100        1.51141
     29 2O|3D0              -0.00005        0.00048       -0.00428       -0.00050        0.00377
     30 2O|4D0               0.00637       -0.00538        0.00022        0.02508        0.03352
     31 2O|5D0              -0.00599       -0.02436        0.02452        0.11704       -0.12894
     32 2O|3D2              -0.00006       -0.00295       -0.00108        0.00173        0.00005
     33 2O|4D2               0.00228       -0.01428       -0.00574        0.00017        0.01217
     34 2O|5D2              -0.00238       -0.05008       -0.02154        0.04660       -0.01652
     35 2O|4F0              -0.00058        0.00031        0.00065       -0.00108       -0.00447
     36 2O|5F0              -0.00200        0.00320       -0.00171       -0.01062        0.01882
     37 2O|4F2              -0.00005        0.00046       -0.00002        0.00053       -0.00048
     38 2O|5F2              -0.00099        0.00895        0.00403       -0.00602        0.00020
     39 3H|1S0               0.03453       -0.13904       -0.03857        0.00210       -0.00398
     40 3H|2S0               0.00953       -0.01755       -0.09054        0.20751       -0.08814
     41 3H|3S0               0.03379        0.28095       -2.03036        1.82612       -0.48269
     42 3H|4S0              -0.11654        0.54245       -0.44670        2.98720       -0.58285
     43 3H|2P0              -0.01204       -0.00381        0.00388        0.00438        0.00825
     44 3H|3P0              -0.05588        0.00936        0.01502        0.08598        0.07270
     45 3H|4P0              -0.22679       -0.13181        0.01789        0.41245        0.14157
     46 3H|2P1              -0.00021        0.00860        0.00244        0.00227       -0.00425
     47 3H|3P1              -0.00775        0.13632       -0.08646        0.09545        0.02805
     48 3H|4P1               0.04218        0.70005       -0.47640       -0.04718        0.25256
     49 3H|3D0              -0.00008       -0.00331       -0.00167       -0.00035       -0.00199
     50 3H|4D0               0.01188       -0.02665        0.00758        0.00209        0.05054
     51 3H|3D1              -0.00279        0.00305       -0.00387        0.00565        0.00471
     52 3H|4D1              -0.00157        0.01261        0.00787       -0.00858        0.04797
     53 3H|3D2              -0.00010        0.00241       -0.00561        0.00493        0.00017
     54 3H|4D2               0.00609        0.02254       -0.04720       -0.01110        0.04005
 
 
  Symmetry   2 A2      
 
         Orbital                55             56             57             58             59             60
         Energy             -0.05324        0.11313        0.42777        0.46749        0.62928        0.68983
         Occ No.             0.00000        0.00000        0.00000        0.00000        0.00000        0.00000
      1 1C|3D-2              0.03261       -0.00691        0.00205       -0.02131       -0.05718        0.05620
      2 1C|4D-2             -0.01090       -0.24555        1.03066        0.50718        0.39141       -0.26712
      3 1C|5D-2              0.33727       -2.96817       -1.31841        3.02949        1.74886        0.00637
      4 1C|4F-2             -0.00013       -0.00854        0.00615       -0.01396        0.00700       -0.00000
      5 1C|5F-2              0.03860        0.13995       -0.39097        0.03314       -0.60009        0.85870
      6 2O|3D-2              0.00496       -0.00604        0.01263       -0.03721        0.00286        0.00538
      7 2O|4D-2              0.01894       -0.04749        0.00296        0.03330       -0.05086        0.01758
      8 2O|5D-2              0.03625       -0.05250        0.56766       -1.53798        0.52114       -0.57874
      9 2O|4F-2             -0.00176        0.00007        0.00543       -0.01026        0.00797       -0.01713
     10 2O|5F-2             -0.00361        0.00956       -0.04920        0.07274       -0.00470        0.09448
     11 3H|2P-1             -0.01647        0.01363       -0.00688       -0.00817       -0.03590        0.04301
     12 3H|3P-1             -0.10747       -0.22772       -0.08024       -0.06607        0.56848       -0.88456
     13 3H|4P-1             -0.87704       -4.45720       -0.06444        3.80177        2.80839       -1.12739
     14 3H|3D-2             -0.00144        0.00276        0.00692        0.00090        0.02155        0.01846
     15 3H|4D-2             -0.07863       -0.30519        0.66641        0.31739        0.57730       -1.96176
     16 3H|3D-1             -0.00327        0.00952        0.00997        0.00180       -0.03351       -0.03059
     17 3H|4D-1             -0.04550       -0.18478        0.15793        0.34486        1.35335        0.28754
 
 
  Symmetry   3 B1      
 
         Orbital                72             73             74             75             76             77
         Energy             -0.85092       -0.60618       -0.15673       -0.06729       -0.04768        0.02644
         Occ No.             1.00000        1.00000        0.00000        0.00000        0.00000        0.00000
      1 1C|2P1               0.26012       -0.10334        0.22038        0.11932        0.13867        0.07058
      2 1C|3P1               0.30298       -0.12897        0.27357        0.10164        0.13917       -0.01948
      3 1C|4P1               0.09260       -0.19854        0.20186        0.56354       -1.29346       -0.99065
      4 1C|5P1              -0.00558       -0.00334       -0.19465        0.37097       -2.91499        5.05571
      5 1C|3D1               0.00057        0.03054        0.00713        0.01225        0.00831        0.01989
      6 1C|4D1              -0.01972        0.05353        0.00701       -0.10673        0.04684        0.33234
      7 1C|5D1              -0.03442        0.01499       -0.08914       -0.77755        0.28267        1.33845
      8 1C|4F1               0.00542        0.00791       -0.00071       -0.01108        0.00093        0.00160
      9 1C|5F1               0.00108        0.00838       -0.01127       -0.03093       -0.02381        0.17827
     10 1C|4F3               0.00186       -0.00220       -0.00052       -0.00022       -0.00031       -0.00937
     11 1C|5F3               0.00190       -0.00484       -0.00468        0.01231       -0.03393       -0.06917
     12 2O|2P1               0.17092        0.36410       -0.02918       -0.13128        0.00046       -0.00653
     13 2O|3P1               0.20331        0.43172       -0.03416       -0.16687       -0.00061       -0.02584
     14 2O|4P1               0.13067        0.27607       -0.02025        0.07082        0.08575       -0.63150
     15 2O|5P1               0.01102        0.01228       -0.06102        1.01730       -0.02297       -3.58395
     16 2O|3D1              -0.00821       -0.00470       -0.00593       -0.00041       -0.00479       -0.00868
     17 2O|4D1              -0.02463       -0.00967       -0.02258       -0.02496       -0.01609        0.00125
     18 2O|5D1              -0.01844       -0.01102       -0.04310       -0.08855       -0.09771        0.22334
     19 2O|4F1               0.00451       -0.00078        0.00301        0.00048        0.00125        0.00366
     20 2O|5F1               0.00382        0.00074        0.00767        0.01721        0.01076       -0.02634
     21 2O|4F3               0.00020        0.00234       -0.00004        0.00057       -0.00031       -0.00086
     22 2O|5F3              -0.00023        0.00195       -0.00022       -0.00378        0.00217        0.00564
     23 3H|1S0              -0.16944        0.14961        0.03283        0.07354        0.04301        0.09873
     24 3H|2S0              -0.19755        0.20780        0.06991        0.38444       -0.08178       -0.21957
     25 3H|3S0               0.01713       -0.10808        0.69206        2.17199       -2.32323       -3.59474
     26 3H|4S0              -0.00518       -0.00251        0.83959        0.08791       -7.63319        6.59406
     27 3H|2P0              -0.01166        0.00433       -0.01121       -0.01012       -0.00431       -0.00534
     28 3H|3P0              -0.01306       -0.00180       -0.03796       -0.04961       -0.05694       -0.23519
     29 3H|4P0              -0.01199       -0.03309       -0.13286       -0.85631       -0.33944       -0.94185
     30 3H|2P1              -0.01230        0.00785       -0.01405       -0.00338       -0.00713       -0.00253
     31 3H|3P1               0.00515        0.00645       -0.04881        0.01284       -0.07686       -0.08281
     32 3H|4P1               0.01504       -0.03810       -0.11948        0.00111       -0.45607       -0.92838
     33 3H|3D0              -0.00218       -0.00193       -0.00120        0.00047       -0.00154       -0.00245
     34 3H|4D0              -0.00225        0.00150       -0.00922       -0.04222       -0.01062       -0.02893
     35 3H|3D1              -0.00557        0.00073       -0.00447        0.00033       -0.00426       -0.00706
     36 3H|4D1               0.00298        0.00312        0.00117       -0.04114        0.00345       -0.09926
     37 3H|3D2              -0.00137        0.00142       -0.00201        0.00063       -0.00467       -0.00445
     38 3H|4D2               0.00383        0.00087        0.00021       -0.04804        0.02572        0.01729
 
         Orbital                78             79
         Energy              0.08255        0.13885
         Occ No.             0.00000        0.00000
      1 1C|2P1               0.12717       -0.14393
      2 1C|3P1               0.13860       -0.90551
      3 1C|4P1               3.63936       -9.19895
      4 1C|5P1               5.82654        0.57779
      5 1C|3D1               0.00080       -0.00356
      6 1C|4D1               0.08879        0.34727
      7 1C|5D1              -0.64718        0.76893
      8 1C|4F1               0.00187       -0.00737
      9 1C|5F1              -0.16775       -0.17753
     10 1C|4F3              -0.00827       -0.01778
     11 1C|5F3               0.14620       -0.05674
     12 2O|2P1               0.02493        0.04854
     13 2O|3P1               0.06664        0.04978
     14 2O|4P1              -0.09063        0.57879
     15 2O|5P1              -1.00961       -1.49603
     16 2O|3D1              -0.00253        0.00662
     17 2O|4D1              -0.01314       -0.00189
     18 2O|5D1               0.11239       -0.12261
     19 2O|4F1               0.00487       -0.00200
     20 2O|5F1              -0.01564        0.00975
     21 2O|4F3               0.00147        0.00024
     22 2O|5F3              -0.01377       -0.00070
     23 3H|1S0               0.01603       -0.04462
     24 3H|2S0               0.41179       -1.34165
     25 3H|3S0               5.60254      -21.08126
     26 3H|4S0               7.90622       -1.47713
     27 3H|2P0              -0.00884        0.01200
     28 3H|3P0               0.23997       -0.19371
     29 3H|4P0               1.92050       -4.31797
     30 3H|2P1              -0.00399        0.01278
     31 3H|3P1              -0.20842       -0.62394
     32 3H|4P1              -1.16735       -8.08471
     33 3H|3D0               0.00356        0.00825
     34 3H|4D0               0.24262        0.10991
     35 3H|3D1              -0.00346       -0.01243
     36 3H|4D1              -0.01339       -0.24136
     37 3H|3D2               0.00329       -0.01628
     38 3H|4D2              -0.22710       -0.26957
 
 
  Symmetry   4 B2      
 
         Orbital               110            111            112            113            114            115
         Energy             -0.78268       -0.38852       -0.12013       -0.02962        0.04481        0.12305
         Occ No.             1.00000        0.00000        0.00000        0.00000        0.00000        0.00000
      1 1C|2P-1              0.18576       -0.31387       -0.14812        0.03927        0.15355       -0.04266
      2 1C|3P-1              0.21996       -0.41207       -0.20577        0.02427        0.33840        0.04093
      3 1C|4P-1              0.07054       -0.32107       -0.04345       -0.03497        1.63593       -0.13938
      4 1C|5P-1             -0.00099       -0.03388        0.95605       -1.13832        1.94274        0.40958
      5 1C|3D-1              0.02039        0.01456       -0.00450        0.00082        0.01663        0.00929
      6 1C|4D-1              0.02887        0.05214       -0.01663       -0.09885       -0.01053        0.41512
      7 1C|5D-1             -0.01082        0.03834        0.01529       -0.26566        0.12164        2.64075
      8 1C|4F-3              0.00108       -0.00157       -0.00132       -0.00033       -0.00538        0.00476
      9 1C|5F-3             -0.00194       -0.00042        0.00920        0.00228        0.07019       -0.11201
     10 1C|4F-1              0.00783        0.00366       -0.00280       -0.00789       -0.00456        0.00153
     11 1C|5F-1              0.00572        0.01262       -0.00177       -0.02208        0.03311        0.18374
     12 2O|2P-1              0.32657        0.23819       -0.01470       -0.11857       -0.02504       -0.08107
     13 2O|3P-1              0.38965        0.28742       -0.02152       -0.14224       -0.01397       -0.07039
     14 2O|4P-1              0.23098        0.22147        0.01549        0.02553       -0.27339       -1.30922
     15 2O|5P-1              0.00911        0.05125        0.00786        2.05294       -1.20310       -2.23329
     16 2O|3D-1             -0.01039        0.00393        0.00539        0.00154       -0.00600       -0.00808
     17 2O|4D-1             -0.02936        0.01630        0.01248        0.00728       -0.02292        0.05282
     18 2O|5D-1             -0.01427        0.02707        0.03040       -0.15993        0.04873        0.37309
     19 2O|4F-3              0.00032        0.00024        0.00010       -0.00025        0.00061       -0.00201
     20 2O|5F-3              0.00059        0.00033       -0.00044        0.00010       -0.00687        0.01421
     21 2O|4F-1              0.00528       -0.00217       -0.00231       -0.00337        0.00317        0.00359
     22 2O|5F-1              0.00366       -0.00548       -0.00345        0.02407       -0.00066       -0.06493
     23 3H|2P-1              0.00394       -0.01202        0.00071       -0.00276       -0.00536       -0.01089
     24 3H|3P-1              0.01505       -0.04800       -0.00090       -0.01638       -0.11686        0.14858
     25 3H|4P-1             -0.00613       -0.02762        0.06531       -0.57389       -2.05307        2.16456
     26 3H|3D-2              0.00207       -0.00558       -0.00200        0.00267        0.00490       -0.00610
     27 3H|4D-2             -0.00116       -0.00643       -0.01515       -0.06451       -0.15869        0.15429
     28 3H|3D-1              0.00174       -0.00257       -0.00102       -0.00048        0.00392        0.00730
     29 3H|4D-1              0.00385       -0.00086       -0.01761        0.02666       -0.08299        0.14818
 
         Orbital               116
         Energy              0.21797
         Occ No.             0.00000
      1 1C|2P-1             -0.22661
      2 1C|3P-1             -0.12403
      3 1C|4P-1              5.72741
      4 1C|5P-1              0.67392
      5 1C|3D-1             -0.01498
      6 1C|4D-1              0.32644
      7 1C|5D-1             -0.26436
      8 1C|4F-3             -0.00450
      9 1C|5F-3              0.15066
     10 1C|4F-1              0.00997
     11 1C|5F-1              0.25681
     12 2O|2P-1             -0.00734
     13 2O|3P-1             -0.00391
     14 2O|4P-1             -1.36223
     15 2O|5P-1             -1.19047
     16 2O|3D-1             -0.00051
     17 2O|4D-1              0.07491
     18 2O|5D-1              0.76261
     19 2O|4F-3              0.00323
     20 2O|5F-3             -0.02303
     21 2O|4F-1              0.00644
     22 2O|5F-1             -0.10805
     23 3H|2P-1              0.03496
     24 3H|3P-1             -0.36125
     25 3H|4P-1             -2.96352
     26 3H|3D-2              0.00700
     27 3H|4D-2             -0.30688
     28 3H|3D-1              0.00269
     29 3H|4D-1             -0.19238
 
 
 [Beta MOs]
 Frontier orbitals of each irrep:
 
  Symmetry   1 A1      
 
         Orbital                 1              2              3              4              5              6
         Energy            -19.59184      -10.63594       -1.46959       -0.97265       -0.82978       -0.20793
         Occ No.             1.00000        1.00000        1.00000        1.00000        1.00000        0.00000
      1 1C|1S0               0.00092       -0.98318        0.02406       -0.01769        0.00021       -0.00352
      2 1C|2S0               0.00204       -0.02011       -0.23261        0.40505       -0.00313       -0.28149
      3 1C|3S0               0.00161       -0.05394       -0.05659        0.10832        0.00242       -0.09471
      4 1C|4S0              -0.00604       -0.03054       -0.11757        0.25531       -0.12627       -0.26286
      5 1C|5S0               0.00009       -0.00877       -0.00607        0.01229       -0.00111        0.21646
      6 1C|2P0               0.00057       -0.00163       -0.11452       -0.09187        0.22251        0.12762
      7 1C|3P0               0.00225       -0.00607       -0.07239       -0.09879        0.22709        0.14748
      8 1C|4P0              -0.00149        0.00421        0.03368       -0.04253        0.06349        0.12039
      9 1C|5P0               0.00005        0.00027        0.00255       -0.00098       -0.00137        0.00973
     10 1C|3D0               0.00038       -0.00253       -0.01862       -0.00302        0.01611       -0.00168
     11 1C|4D0              -0.00231        0.00053       -0.00912       -0.00619        0.00717       -0.01416
     12 1C|5D0              -0.00281        0.00497        0.01809        0.01481        0.00964       -0.00243
     13 1C|3D2              -0.00004       -0.00179       -0.00226        0.00833       -0.00466        0.01267
     14 1C|4D2              -0.00044       -0.00055       -0.01888        0.01691       -0.00546        0.06795
     15 1C|5D2               0.00106       -0.00309       -0.01041       -0.00257       -0.01039        0.05580
     16 1C|4F0              -0.00082       -0.00222       -0.00894        0.00247        0.00690        0.00355
     17 1C|5F0              -0.00084        0.00396       -0.00221        0.00103       -0.01242        0.00942
     18 1C|4F2               0.00032        0.00131        0.00379       -0.00287       -0.00058       -0.00410
     19 1C|5F2               0.00087       -0.00243        0.00422       -0.00384        0.00702       -0.01513
     20 2O|1S0               0.97140       -0.00086        0.01673        0.00015        0.00030       -0.00060
     21 2O|2S0              -0.00269       -0.00217       -0.46568       -0.24506       -0.18202       -0.02425
     22 2O|3S0               0.05137       -0.00107       -0.13574       -0.07583       -0.05679       -0.00813
     23 2O|4S0               0.00575        0.01102       -0.23756       -0.22538       -0.22589       -0.11169
     24 2O|5S0               0.00070        0.00570       -0.02795       -0.02172       -0.04085       -0.05205
     25 2O|2P0              -0.00175        0.00086        0.10341       -0.10905       -0.30664       -0.03379
     26 2O|3P0               0.00023       -0.00387        0.12150       -0.12059       -0.34762       -0.03596
     27 2O|4P0               0.00268       -0.01531        0.02988       -0.05007       -0.15974        0.00436
     28 2O|5P0               0.00021       -0.00171        0.00126        0.00094        0.00246       -0.03178
     29 2O|3D0               0.00041       -0.00020       -0.00765        0.00417        0.01171       -0.00061
     30 2O|4D0              -0.00090        0.00451       -0.02009        0.00804        0.02426       -0.00852
     31 2O|5D0              -0.00172        0.00532        0.00159        0.00296        0.00497       -0.02446
     32 2O|3D2               0.00002       -0.00001       -0.00002        0.00011       -0.00009        0.00113
     33 2O|4D2              -0.00016        0.00005       -0.00054       -0.00025       -0.00174        0.00509
     34 2O|5D2              -0.00045        0.00118        0.00058        0.00114       -0.00139        0.01097
     35 2O|4F0              -0.00007       -0.00043        0.00377       -0.00102       -0.00317        0.00016
     36 2O|5F0               0.00076       -0.00223        0.00349       -0.00013       -0.00402        0.00331
     37 2O|4F2              -0.00001        0.00011        0.00017       -0.00036       -0.00027       -0.00052
     38 2O|5F2               0.00026       -0.00018       -0.00022        0.00004        0.00023       -0.00180
     39 3H|1S0               0.00033       -0.00096       -0.01752        0.14497       -0.09496        0.08745
     40 3H|2S0               0.00313        0.00391        0.03753        0.15686       -0.11394        0.08718
     41 3H|3S0              -0.00080        0.02089        0.07575       -0.02029        0.01975        0.48342
     42 3H|4S0              -0.00001        0.00162        0.00263       -0.00203       -0.00014        0.27226
     43 3H|2P0               0.00021        0.00061       -0.00113        0.00624       -0.00210       -0.00400
     44 3H|3P0              -0.00062        0.00314        0.01102        0.00250       -0.00037       -0.03564
     45 3H|4P0              -0.00181        0.00619        0.02337        0.00551        0.01231       -0.04261
     46 3H|2P1               0.00023        0.00085        0.00051        0.01391       -0.01079       -0.01732
     47 3H|3P1               0.00124        0.00541        0.01869        0.01609       -0.01552       -0.10380
     48 3H|4P1               0.00143        0.00266        0.01110       -0.01852        0.00138       -0.16687
     49 3H|3D0              -0.00027       -0.00030       -0.00180       -0.00133        0.00317        0.00302
     50 3H|4D0              -0.00043        0.00070        0.00200       -0.00161       -0.00507        0.00455
     51 3H|3D1               0.00005        0.00179        0.00087        0.00267       -0.00128       -0.00455
     52 3H|4D1              -0.00038        0.00088        0.00528        0.00060        0.00276       -0.00944
     53 3H|3D2               0.00007        0.00144        0.00135        0.00335       -0.00303       -0.00530
     54 3H|4D2               0.00027        0.00163        0.00228       -0.00007       -0.00354       -0.00909
 
         Orbital                 7              8              9             10             11
         Energy             -0.16426       -0.12043       -0.05977       -0.04912       -0.00606
         Occ No.             0.00000        0.00000        0.00000        0.00000        0.00000
      1 1C|1S0              -0.00294        0.00406       -0.00217       -0.00224        0.00461
      2 1C|2S0              -0.11027        0.08478       -0.00050        0.12304        0.12183
      3 1C|3S0              -0.03466        0.04112       -0.00007        0.05542        0.05786
      4 1C|4S0              -0.10546       -1.13375       -0.03341       -2.09183       -0.07789
      5 1C|5S0              -0.38564        0.22299        0.12018       -7.14621       -0.60358
      6 1C|2P0              -0.01364       -0.04726        0.00577       -0.04595        0.08455
      7 1C|3P0              -0.04078        0.02566       -0.12814       -0.17259        0.13373
      8 1C|4P0              -0.29114        0.33876       -1.25867       -0.25934       -0.75206
      9 1C|5P0              -0.66539       -0.12628       -0.71311        0.37589       -2.45415
     10 1C|3D0               0.02678        0.00933       -0.02174       -0.00821       -0.02762
     11 1C|4D0               0.07706        0.00471       -0.14627       -0.06306       -0.15308
     12 1C|5D0               0.01884       -0.18995       -0.33482        0.13004       -0.88512
     13 1C|3D2               0.00276       -0.02640       -0.00484        0.00625        0.00176
     14 1C|4D2               0.02287       -0.14852       -0.01806       -0.06751       -0.00009
     15 1C|5D2               0.07752       -0.17107       -0.05657       -0.26750        0.35013
     16 1C|4F0               0.00783       -0.00474       -0.00468       -0.00825       -0.01258
     17 1C|5F0               0.01504       -0.04646       -0.06598       -0.02351       -0.02451
     18 1C|4F2              -0.00227        0.00792       -0.00189        0.00312        0.00545
     19 1C|5F2              -0.01275        0.05709        0.01639        0.02317       -0.02828
     20 2O|1S0               0.00866        0.00168       -0.00432       -0.00319       -0.01031
     21 2O|2S0               0.18519       -0.02671       -0.01724        0.02067       -0.16733
     22 2O|3S0               0.06396       -0.00895       -0.00622        0.00540       -0.06058
     23 2O|4S0               0.36830        0.01781        0.69565        0.50709        0.24235
     24 2O|5S0               0.21322       -0.09196        2.38827        2.43609        2.81216
     25 2O|2P0              -0.05647       -0.01855        0.10049        0.04009        0.06163
     26 2O|3P0              -0.06550       -0.02645        0.08976        0.02860        0.04390
     27 2O|4P0              -0.07938        0.02582       -0.21102       -0.38953        0.05525
     28 2O|5P0               0.05639        0.19914       -1.45358       -0.96100        1.51141
     29 2O|3D0              -0.00005        0.00048       -0.00428       -0.00050        0.00377
     30 2O|4D0               0.00637       -0.00538        0.00022        0.02508        0.03352
     31 2O|5D0              -0.00599       -0.02436        0.02452        0.11704       -0.12894
     32 2O|3D2              -0.00006       -0.00295       -0.00108        0.00173        0.00005
     33 2O|4D2               0.00228       -0.01428       -0.00574        0.00017        0.01217
     34 2O|5D2              -0.00238       -0.05008       -0.02154        0.04660       -0.01652
     35 2O|4F0              -0.00058        0.00031        0.00065       -0.00108       -0.00447
     36 2O|5F0              -0.00200        0.00320       -0.00171       -0.01062        0.01882
     37 2O|4F2              -0.00005        0.00046       -0.00002        0.00053       -0.00048
     38 2O|5F2              -0.00099        0.00895        0.00403       -0.00602        0.00020
     39 3H|1S0               0.03453       -0.13904       -0.03857        0.00210       -0.00398
     40 3H|2S0               0.00953       -0.01755       -0.09054        0.20751       -0.08814
     41 3H|3S0               0.03379        0.28095       -2.03036        1.82612       -0.48269
     42 3H|4S0              -0.11654        0.54245       -0.44670        2.98720       -0.58285
     43 3H|2P0              -0.01204       -0.00381        0.00388        0.00438        0.00825
     44 3H|3P0              -0.05588        0.00936        0.01502        0.08598        0.07270
     45 3H|4P0              -0.22679       -0.13181        0.01789        0.41245        0.14157
     46 3H|2P1              -0.00021        0.00860        0.00244        0.00227       -0.00425
     47 3H|3P1              -0.00775        0.13632       -0.08646        0.09545        0.02805
     48 3H|4P1               0.04218        0.70005       -0.47640       -0.04718        0.25256
     49 3H|3D0              -0.00008       -0.00331       -0.00167       -0.00035       -0.00199
     50 3H|4D0               0.01188       -0.02665        0.00758        0.00209        0.05054
     51 3H|3D1              -0.00279        0.00305       -0.00387        0.00565        0.00471
     52 3H|4D1              -0.00157        0.01261        0.00787       -0.00858        0.04797
     53 3H|3D2              -0.00010        0.00241       -0.00561        0.00493        0.00017
     54 3H|4D2               0.00609        0.02254       -0.04720       -0.01110        0.04005
 
 
  Symmetry   2 A2      
 
         Orbital                55             56             57             58             59             60
         Energy             -0.05324        0.11313        0.42777        0.46749        0.62928        0.68983
         Occ No.             0.00000        0.00000        0.00000        0.00000        0.00000        0.00000
      1 1C|3D-2              0.03261       -0.00691        0.00205       -0.02131       -0.05718        0.05620
      2 1C|4D-2             -0.01090       -0.24555        1.03066        0.50718        0.39141       -0.26712
      3 1C|5D-2              0.33727       -2.96817       -1.31841        3.02949        1.74886        0.00637
      4 1C|4F-2             -0.00013       -0.00854        0.00615       -0.01396        0.00700       -0.00000
      5 1C|5F-2              0.03860        0.13995       -0.39097        0.03314       -0.60009        0.85870
      6 2O|3D-2              0.00496       -0.00604        0.01263       -0.03721        0.00286        0.00538
      7 2O|4D-2              0.01894       -0.04749        0.00296        0.03330       -0.05086        0.01758
      8 2O|5D-2              0.03625       -0.05250        0.56766       -1.53798        0.52114       -0.57874
      9 2O|4F-2             -0.00176        0.00007        0.00543       -0.01026        0.00797       -0.01713
     10 2O|5F-2             -0.00361        0.00956       -0.04920        0.07274       -0.00470        0.09448
     11 3H|2P-1             -0.01647        0.01363       -0.00688       -0.00817       -0.03590        0.04301
     12 3H|3P-1             -0.10747       -0.22772       -0.08024       -0.06607        0.56848       -0.88456
     13 3H|4P-1             -0.87704       -4.45720       -0.06444        3.80177        2.80839       -1.12739
     14 3H|3D-2             -0.00144        0.00276        0.00692        0.00090        0.02155        0.01846
     15 3H|4D-2             -0.07863       -0.30519        0.66641        0.31739        0.57730       -1.96176
     16 3H|3D-1             -0.00327        0.00952        0.00997        0.00180       -0.03351       -0.03059
     17 3H|4D-1             -0.04550       -0.18478        0.15793        0.34486        1.35335        0.28754
 
 
  Symmetry   3 B1      
 
         Orbital                72             73             74             75             76             77
         Energy             -0.85092       -0.60618       -0.15673       -0.06729       -0.04768        0.02644
         Occ No.             1.00000        0.00000        0.00000        0.00000        0.00000        0.00000
      1 1C|2P1               0.26012       -0.10334        0.22038        0.11932        0.13867        0.07058
      2 1C|3P1               0.30298       -0.12897        0.27357        0.10164        0.13917       -0.01948
      3 1C|4P1               0.09260       -0.19854        0.20186        0.56354       -1.29346       -0.99065
      4 1C|5P1              -0.00558       -0.00334       -0.19465        0.37097       -2.91499        5.05571
      5 1C|3D1               0.00057        0.03054        0.00713        0.01225        0.00831        0.01989
      6 1C|4D1              -0.01972        0.05353        0.00701       -0.10673        0.04684        0.33234
      7 1C|5D1              -0.03442        0.01499       -0.08914       -0.77755        0.28267        1.33845
      8 1C|4F1               0.00542        0.00791       -0.00071       -0.01108        0.00093        0.00160
      9 1C|5F1               0.00108        0.00838       -0.01127       -0.03093       -0.02381        0.17827
     10 1C|4F3               0.00186       -0.00220       -0.00052       -0.00022       -0.00031       -0.00937
     11 1C|5F3               0.00190       -0.00484       -0.00468        0.01231       -0.03393       -0.06917
     12 2O|2P1               0.17092        0.36410       -0.02918       -0.13128        0.00046       -0.00653
     13 2O|3P1               0.20331        0.43172       -0.03416       -0.16687       -0.00061       -0.02584
     14 2O|4P1               0.13067        0.27607       -0.02025        0.07082        0.08575       -0.63150
     15 2O|5P1               0.01102        0.01228       -0.06102        1.01730       -0.02297       -3.58395
     16 2O|3D1              -0.00821       -0.00470       -0.00593       -0.00041       -0.00479       -0.00868
     17 2O|4D1              -0.02463       -0.00967       -0.02258       -0.02496       -0.01609        0.00125
     18 2O|5D1              -0.01844       -0.01102       -0.04310       -0.08855       -0.09771        0.22334
     19 2O|4F1               0.00451       -0.00078        0.00301        0.00048        0.00125        0.00366
     20 2O|5F1               0.00382        0.00074        0.00767        0.01721        0.01076       -0.02634
     21 2O|4F3               0.00020        0.00234       -0.00004        0.00057       -0.00031       -0.00086
     22 2O|5F3              -0.00023        0.00195       -0.00022       -0.00378        0.00217        0.00564
     23 3H|1S0              -0.16944        0.14961        0.03283        0.07354        0.04301        0.09873
     24 3H|2S0              -0.19755        0.20780        0.06991        0.38444       -0.08178       -0.21957
     25 3H|3S0               0.01713       -0.10808        0.69206        2.17199       -2.32323       -3.59474
     26 3H|4S0              -0.00518       -0.00251        0.83959        0.08791       -7.63319        6.59406
     27 3H|2P0              -0.01166        0.00433       -0.01121       -0.01012       -0.00431       -0.00534
     28 3H|3P0              -0.01306       -0.00180       -0.03796       -0.04961       -0.05694       -0.23519
     29 3H|4P0              -0.01199       -0.03309       -0.13286       -0.85631       -0.33944       -0.94185
     30 3H|2P1              -0.01230        0.00785       -0.01405       -0.00338       -0.00713       -0.00253
     31 3H|3P1               0.00515        0.00645       -0.04881        0.01284       -0.07686       -0.08281
     32 3H|4P1               0.01504       -0.03810       -0.11948        0.00111       -0.45607       -0.92838
     33 3H|3D0              -0.00218       -0.00193       -0.00120        0.00047       -0.00154       -0.00245
     34 3H|4D0              -0.00225        0.00150       -0.00922       -0.04222       -0.01062       -0.02893
     35 3H|3D1              -0.00557        0.00073       -0.00447        0.00033       -0.00426       -0.00706
     36 3H|4D1               0.00298        0.00312        0.00117       -0.04114        0.00345       -0.09926
     37 3H|3D2              -0.00137        0.00142       -0.00201        0.00063       -0.00467       -0.00445
     38 3H|4D2               0.00383        0.00087        0.00021       -0.04804        0.02572        0.01729
 
         Orbital                78
         Energy              0.08255
         Occ No.             0.00000
      1 1C|2P1               0.12717
      2 1C|3P1               0.13860
      3 1C|4P1               3.63936
      4 1C|5P1               5.82654
      5 1C|3D1               0.00080
      6 1C|4D1               0.08879
      7 1C|5D1              -0.64718
      8 1C|4F1               0.00187
      9 1C|5F1              -0.16775
     10 1C|4F3              -0.00827
     11 1C|5F3               0.14620
     12 2O|2P1               0.02493
     13 2O|3P1               0.06664
     14 2O|4P1              -0.09063
     15 2O|5P1              -1.00961
     16 2O|3D1              -0.00253
     17 2O|4D1              -0.01314
     18 2O|5D1               0.11239
     19 2O|4F1               0.00487
     20 2O|5F1              -0.01564
     21 2O|4F3               0.00147
     22 2O|5F3              -0.01377
     23 3H|1S0               0.01603
     24 3H|2S0               0.41179
     25 3H|3S0               5.60254
     26 3H|4S0               7.90622
     27 3H|2P0              -0.00884
     28 3H|3P0               0.23997
     29 3H|4P0               1.92050
     30 3H|2P1              -0.00399
     31 3H|3P1              -0.20842
     32 3H|4P1              -1.16735
     33 3H|3D0               0.00356
     34 3H|4D0               0.24262
     35 3H|3D1              -0.00346
     36 3H|4D1              -0.01339
     37 3H|3D2               0.00329
     38 3H|4D2              -0.22710
 
 
  Symmetry   4 B2      
 
         Orbital               110            111            112            113            114            115
         Energy             -0.78268       -0.38852       -0.12013       -0.02962        0.04481        0.12305
         Occ No.             1.00000        0.00000        0.00000        0.00000        0.00000        0.00000
      1 1C|2P-1              0.18576       -0.31387       -0.14812        0.03927        0.15355       -0.04266
      2 1C|3P-1              0.21996       -0.41207       -0.20577        0.02427        0.33840        0.04093
      3 1C|4P-1              0.07054       -0.32107       -0.04345       -0.03497        1.63593       -0.13938
      4 1C|5P-1             -0.00099       -0.03388        0.95605       -1.13832        1.94274        0.40958
      5 1C|3D-1              0.02039        0.01456       -0.00450        0.00082        0.01663        0.00929
      6 1C|4D-1              0.02887        0.05214       -0.01663       -0.09885       -0.01053        0.41512
      7 1C|5D-1             -0.01082        0.03834        0.01529       -0.26566        0.12164        2.64075
      8 1C|4F-3              0.00108       -0.00157       -0.00132       -0.00033       -0.00538        0.00476
      9 1C|5F-3             -0.00194       -0.00042        0.00920        0.00228        0.07019       -0.11201
     10 1C|4F-1              0.00783        0.00366       -0.00280       -0.00789       -0.00456        0.00153
     11 1C|5F-1              0.00572        0.01262       -0.00177       -0.02208        0.03311        0.18374
     12 2O|2P-1              0.32657        0.23819       -0.01470       -0.11857       -0.02504       -0.08107
     13 2O|3P-1              0.38965        0.28742       -0.02152       -0.14224       -0.01397       -0.07039
     14 2O|4P-1              0.23098        0.22147        0.01549        0.02553       -0.27339       -1.30922
     15 2O|5P-1              0.00911        0.05125        0.00786        2.05294       -1.20310       -2.23329
     16 2O|3D-1             -0.01039        0.00393        0.00539        0.00154       -0.00600       -0.00808
     17 2O|4D-1             -0.02936        0.01630        0.01248        0.00728       -0.02292        0.05282
     18 2O|5D-1             -0.01427        0.02707        0.03040       -0.15993        0.04873        0.37309
     19 2O|4F-3              0.00032        0.00024        0.00010       -0.00025        0.00061       -0.00201
     20 2O|5F-3              0.00059        0.00033       -0.00044        0.00010       -0.00687        0.01421
     21 2O|4F-1              0.00528       -0.00217       -0.00231       -0.00337        0.00317        0.00359
     22 2O|5F-1              0.00366       -0.00548       -0.00345        0.02407       -0.00066       -0.06493
     23 3H|2P-1              0.00394       -0.01202        0.00071       -0.00276       -0.00536       -0.01089
     24 3H|3P-1              0.01505       -0.04800       -0.00090       -0.01638       -0.11686        0.14858
     25 3H|4P-1             -0.00613       -0.02762        0.06531       -0.57389       -2.05307        2.16456
     26 3H|3D-2              0.00207       -0.00558       -0.00200        0.00267        0.00490       -0.00610
     27 3H|4D-2             -0.00116       -0.00643       -0.01515       -0.06451       -0.15869        0.15429
     28 3H|3D-1              0.00174       -0.00257       -0.00102       -0.00048        0.00392        0.00730
     29 3H|4D-1              0.00385       -0.00086       -0.01761        0.02666       -0.08299        0.14818
 
         Orbital               116
         Energy              0.21797
         Occ No.             0.00000
      1 1C|2P-1             -0.22661
      2 1C|3P-1             -0.12403
      3 1C|4P-1              5.72741
      4 1C|5P-1              0.67392
      5 1C|3D-1             -0.01498
      6 1C|4D-1              0.32644
      7 1C|5D-1             -0.26436
      8 1C|4F-3             -0.00450
      9 1C|5F-3              0.15066
     10 1C|4F-1              0.00997
     11 1C|5F-1              0.25681
     12 2O|2P-1             -0.00734
     13 2O|3P-1             -0.00391
     14 2O|4P-1             -1.36223
     15 2O|5P-1             -1.19047
     16 2O|3D-1             -0.00051
     17 2O|4D-1              0.07491
     18 2O|5D-1              0.76261
     19 2O|4F-3              0.00323
     20 2O|5F-3             -0.02303
     21 2O|4F-1              0.00644
     22 2O|5F-1             -0.10805
     23 3H|2P-1              0.03496
     24 3H|3P-1             -0.36125
     25 3H|4P-1             -2.96352
     26 3H|3D-2              0.00700
     27 3H|4D-2             -0.30688
     28 3H|3D-1              0.00269
     29 3H|4D-1             -0.19238
 
 
 [Mulliken Population Analysis]
  Atomic charges and Spin densities : 
     1C       0.0086    0.1398
     2O       0.0158    0.7089
     3H       0.4878    0.0756
     4H       0.4878    0.0756
     Sum:     1.0000    1.0000
 
 [Lowdin Population Analysis]
  Atomic charges and Spin densities : 
     1C       0.4098    0.2688
     2O       0.7440    0.5932
     3H      -0.0769    0.0690
     4H      -0.0769    0.0690
     Sum:     1.0000    1.0000
 
 
 [Dipole moment: Debye]
              X          Y          Z         |u|
   Elec:-.7270E-16 -.5341E-32 -.3159E+01
   Nucl:0.0000E+00 -.1253E-30 -.2258E-14
   Totl:   -0.0000    -0.0000    -3.1591     3.1591
 
 ---------------------------------------------------------------
  Timing of SCF calculation                                                       
 
  CPU TIME(S)      SYSTEM TIME(S)     WALL TIME(S)
         21.550            0.210               2.810
 ---------------------------------------------------------------
 
|******************************************************************************|
 
    Total cpu     time:         21.57  S
    Total system  time:          0.21  S
    Total wall    time:          2.82  S
 
    Current time   2026-02-03  11:04:35
    End running module scf
|******************************************************************************|
 
$tddft
iroot
4
crit_e
1.d-10
crit_vec
1.d-8
istore
1
grid
ultra fine
gridtol
1.d-9
$end
('tmpstdin ', True)
('npro is ', 1)
('\n BDF command: ', '/apps/users/wzk/bdf/bdf-pkg/build/bdf-pkg-full/bin/tddft.x /apps/users/wzk/scratch/CH2O-XTDDFT-B3LYP_186/CH2O-XTDDFT-B3LYPXX3.tddft.inp')
  BDF process        0 of        1 on Serial  
 
|******************************************************************************|
 
    Start running module tddft
    Current time   2026-02-03  11:04:35
 
|******************************************************************************|
 
 [postscf_readinfo]
  Ground state information: 
  KS Ground State 
  ROKS orbitals 
 
 [postscf_trsint1e]
 
 [postscf_gsorb]
  Nc=    7 No=    1 Nv=  130 Ntot=  138
  NA=    8 NB=    7
  Ground-state spin: Si= 0.500
 
 [postscf_spinsim]
  <S^2>_U= 0.7500  Deviation= 0.0000
 Number of significient shell pairs :       72
 Estimate memory for direct ERI calculations:           4.129 M

 IF USE_LIBCINT :    F


 Binary group is used in TDDFT ...

  AO TDDFT
 
 [tddft_input]

 ROHF/ROKS calculation observed. Do spin-adapted TDDFT ...
 If you want to use U-TDDFT with ROHF/ROKS orbital,
 please set imethod=2, icorrect=0, itest=0, itrans=0

 Warning! In X-TDDFT,you may need to set itrans=1
 for spin-orbit coupling calculation or analyzing wave function.
 However, if you will calculate X-tddft gradient. You should use itrans=0.

 Threshold in dft prescreening ...
 Thresh_shellvalue_dft :  0.10000E-09
 ThreshRho     :  0.10000E-11

 Finegrid                     5                     1
  Switch to Ultra Fine grid ...
 
    --------------------------------------------------   
    --- PRINT: Information about TDDFT calculation ---   
    --------------------------------------------------   
 ERI Maxblk=     8M
 [print level]
  iprt= 0
 [method]
  X-TD-DFT 
  isf= 0
  SC Excitations 
  RPA: (A-B)(A+B)Z=w2*Z 
 [special choice for method]
  ialda= 0
  itest= 1
  icorrect= 1
 [active space]
  Full active space 
 [algorithm]
  Target Excited State in each rep / Diag method :
  1   A1       4   1
  2   A2       4   1
  3   B1       4   1
  4   B2       4   1
 [dvdson_parameters]
  iupdate =   3
  Nfac =  50
  Nmaxcycle=    50
  nblock   =500000
  crit_e   = 0.10E-09
  crit_vec = 0.10E-07
  crit_demo= 0.10E-07
  crit_indp= 0.10E-09
  guess    =  20
  dump     =   0
 [output eigenvector control]
  cthrd= 0.100
    -------------------------------------------------   
    --- END : Information about TDDFT calculation ---   
    -------------------------------------------------   
 [TDDFT algorithm] 
  AOTDDFT
  AOKXC
  Direct Grid
 Fragtomole calculation:  0
 
 [tddft_moval_drv]
 [dft_init]  T
 Libxc version: 7.0.0
 xcfun_xc_libxc is    475 xcfun_ex_libxc is      0
 The functional 'B3LYP with VWN functional 5 instead of RPA' is an exchange-correlation functional, it belongs to the 'Hybrid GGA. Coeff of Exx=  0.2000' family and is defined in the reference(s):
 [1] P. J. Stephens, F. J. Devlin, C. F. Chabalowski, and M. J. Frisch.,  J. Phys. Chem. 98, 11623 (1994)
 
  Switch to Ultra Fine grid ...
 
  --- PRINT: Information about DFT Calculation --- 
 No. of ATOMS =          4
 No. of Shells =         0
 No. of Batches =        0
 No. of Grids =          0
 No. of Basis Functions =      138
 No. of Records for [basval] =               0
 Estimated DiskSpace for storage [basval] =           0.000M
 
 Max No. of Rad point per atom =     0
 Max No. of Ang point per atom =     0
 Max No. of Grids per batch =          0
 Max No. of Basis per shell =          0
 Max No. of Records in one batch =               0
 Estimated Mem for [basval] =      0.000M
 Estimated Mem for [func] in R-DFT =      0.000M
 Estimated Mem for [func] in U-DFT =      0.000M
 DirectGrid:        T
 LogicOctree:       F
  --- END : Information about DFT Calculation --- 
 

 Time to calculate dft grid and perform basis seiving ...
 CPU:       0.000 S    Sys:       0.000 S    Wall:        0.000 S

 iXCFun (if using xcfun) =    2
  ex_fun=  20 co_fun=   0
  logic_gga =   T
 
  Initializing informations for TDDFT numerical integration...
 [ATOM SCF control]
  heff=                      0
 After initial atom grid ...
 After initial atom grid ...
 After initial atom grid ...
   1  C     Second Kind Chebyshev (100)  Lebedev (-1202)         
   2  O     Second Kind Chebyshev (100)  Lebedev (-1202)         
   3  H     Second Kind Chebyshev (100)  Lebedev (-1202)         
  Partition Function:  SSF   Partitioning with Scalar=  0.64.
  Gtol, Npblock, Icoulpot, Iop_adaptive :  0.10E-08    128      0          0
  Numerical Grid Generated SUCCESSFULLY! 
 Total and symmetry independent Grid Number:    174720    174404
 Gridinfo: Npoints/Nmax/NpointsU =    174720   174720   174720
  TDDFT EX-CO/Coul Matrix Numerical Integration Initialization done.
 
 Timing for TDDFT-ZY-NI-INIT:       3.370 S      0.100 S      0.440 S
 
 Number of frozen orbitals of each irrep:
  1   A1  Occ:      0  Vir:      0
  2   A2  Occ:      0  Vir:      0
  3   B1  Occ:      0  Vir:      0
  4   B2  Occ:      0  Vir:      0
 
 [postscf_fockhf]
 
 Total number of electronic repulsion integrals      11689278
 
 [tddft_actorb]
 
 [tddft_orbspread_analytic_int]
 
         Print [Active] Orbital List         
              ---[Alpha set]---
   idx irep (rep,ibas,type)       F_av(eV)     iact 
 ---------------------------------------------------
    1    1   A1     1   2          -533.12128   -0.31
    2    1   A1     2   2          -289.41866   -1.94
    3    1   A1     3   2           -39.98951    0.71
    4    1   A1     4   2           -26.46729   -1.00
    5    3   B1     1   2           -23.15485   -0.85
    6    1   A1     5   2           -22.57942    0.67
    7    4   B2     1   2           -21.29783    1.54
    8    3   B1     2   1           -16.49492    0.63
    9    4   B2     2   0           -10.57210    1.00
   10    1   A1     6   0            -5.65795   -2.87
   11    1   A1     7   0            -4.46974    4.52
   12    3   B1     3   0            -4.26490   -0.82
   13    1   A1     8   0            -3.27719    1.81
   14    4   B2     3   0            -3.26893   17.96
   15    3   B1     4   0            -1.83116    4.47
   16    1   A1     9   0            -1.62638    2.17
   17    2   A2     1   0            -1.44865    3.20
   18    1   A1    10   0            -1.33655    1.47
   19    3   B1     5   0            -1.29737   -3.64
   20    4   B2     4   0            -0.80606   14.93
   21    1   A1    11   0            -0.16499   11.30
   22    3   B1     6   0             0.71941    7.11
   23    4   B2     5   0             1.21935   16.90
   24    1   A1    12   0             1.91246    4.80
   25    3   B1     7   0             2.24627    4.57
   26    1   A1    13   0             2.63309    6.08
   27    1   A1    14   0             2.88815    3.09
   28    2   A2     2   0             3.07830    4.16
   29    4   B2     6   0             3.34847   10.04
   30    3   B1     8   0             3.77824   -1.29
   31    3   B1     9   0             4.25588    1.45
   32    1   A1    15   0             4.46823    1.17
   33    1   A1    16   0             5.25837    5.31
   34    4   B2     7   0             5.93128    6.55
   35    1   A1    17   0             7.18057    3.30
   36    3   B1    10   0             8.62369    4.30
   37    1   A1    18   0             8.87527    4.51
   38    4   B2     8   0            11.36959    5.37
   39    3   B1    11   0            11.45183    1.97
   40    2   A2     3   0            11.64010    3.81
   41    1   A1    19   0            12.32421    4.61
   42    2   A2     4   0            12.72115    5.27
   43    3   B1    12   0            12.72487    2.97
   44    1   A1    20   0            13.09868    2.71
   45    4   B2     9   0            14.58745    1.05
   46    3   B1    13   0            15.16752   -0.24
   47    1   A1    21   0            15.51740    3.51
   48    1   A1    22   0            16.14060    3.63
   49    4   B2    10   0            16.77926    3.64
   50    4   B2    11   0            16.92584    4.86
   51    2   A2     5   0            17.12369   -0.11
   52    1   A1    23   0            17.13472    3.30
   53    3   B1    14   0            18.07490   -5.39
   54    3   B1    15   0            18.56806    1.99
   55    2   A2     6   0            18.77115   -1.80
   56    1   A1    24   0            18.84193   -0.36
   57    4   B2    12   0            22.23008    0.59
   58    1   A1    25   0            22.23808    1.13
   59    3   B1    16   0            24.24029    1.64
   60    1   A1    26   0            25.48765   -0.23
   61    4   B2    13   0            25.56117    3.56
   62    1   A1    27   0            26.82156    2.45
   63    3   B1    17   0            27.81848    0.83
   64    2   A2     7   0            29.40300    1.48
   65    3   B1    18   0            30.02345    0.94
   66    1   A1    28   0            30.40620    1.67
   67    4   B2    14   0            31.30468    1.11
   68    3   B1    19   0            33.04152   -1.07
   69    1   A1    29   0            33.62580    3.42
   70    4   B2    15   0            35.64653    1.98
   71    3   B1    20   0            39.02201   -1.25
   72    1   A1    30   0            40.30641   -2.77
   73    2   A2     8   0            41.62149   -1.30
   74    1   A1    31   0            41.91559   -0.57
   75    3   B1    21   0            45.86532    1.65
   76    4   B2    16   0            46.70276    2.30
   77    2   A2     9   0            46.88792    2.04
   78    1   A1    32   0            47.19119    2.77
   79    3   B1    22   0            48.43883    1.55
   80    1   A1    33   0            51.62408    0.14
   81    4   B2    17   0            51.85840    2.41
   82    3   B1    23   0            53.86368    1.27
   83    1   A1    34   0            54.90906    2.15
   84    4   B2    18   0            57.27244    2.61
   85    2   A2    10   0            60.09086    2.24
   86    1   A1    35   0            60.48613    1.49
   87    3   B1    24   0            63.07418    1.31
   88    1   A1    36   0            64.19123    1.72
   89    3   B1    25   0            65.97584    0.92
   90    4   B2    19   0            66.28981    2.88
   91    1   A1    37   0            68.21852   -2.04
   92    2   A2    11   0            69.47908   -1.46
   93    4   B2    20   0            75.29288   -0.54
   94    1   A1    38   0            76.67938    0.28
   95    3   B1    26   0            78.59757   -1.69
   96    4   B2    21   0            79.16903   -1.64
   97    2   A2    12   0            81.22256   -0.97
   98    1   A1    39   0            81.97725   -1.42
   99    3   B1    27   0            83.45404   -1.82
  100    1   A1    40   0            86.97558   -2.09
  101    3   B1    28   0            88.53849   -1.05
  102    4   B2    22   0            89.88890    1.65
  103    1   A1    41   0            94.41577   -0.41
  104    3   B1    29   0            94.53401   -1.21
  105    3   B1    30   0            95.27819   -1.56
  106    2   A2    13   0            96.67096   -2.86
  107    1   A1    42   0            96.69694    0.27
  108    4   B2    23   0            99.65073   -3.19
  109    1   A1    43   0           105.18268   -1.67
  110    4   B2    24   0           108.86000   -4.03
  111    2   A2    14   0           109.67498   -5.11
  112    1   A1    44   0           110.66281   -3.55
  113    3   B1    31   0           116.37399    0.06
  114    4   B2    25   0           116.97080    0.44
  115    4   B2    26   0           120.32144   -0.77
  116    3   B1    32   0           120.90062   -4.79
  117    1   A1    45   0           122.16905   -3.35
  118    2   A2    15   0           122.18380   -3.51
  119    1   A1    46   0           124.51953   -2.12
  120    3   B1    33   0           124.55432   -4.67
  121    1   A1    47   0           138.01707   -2.24
  122    3   B1    34   0           146.12758   -0.39
  123    1   A1    48   0           148.38611    0.97
  124    3   B1    35   0           155.41823    0.91
  125    4   B2    27   0           156.44608    0.59
  126    3   B1    36   0           158.09604    0.01
  127    2   A2    16   0           165.08783    0.45
  128    1   A1    49   0           166.24647    0.71
  129    2   A2    17   0           170.31616    0.53
  130    4   B2    28   0           170.40914    0.82
  131    1   A1    50   0           171.07227    0.52
  132    1   A1    51   0           178.06533    0.46
  133    4   B2    29   0           179.71909    0.59
  134    3   B1    37   0           184.14100    0.43
  135    1   A1    52   0           184.85603    0.29
  136    3   B1    38   0           186.39539    0.53
  137    1   A1    53   0           384.02576    1.12
  138    1   A1    54   0           399.44038   -0.95
              ---[Beta  set]---
   idx irep (rep,ibas,type)       F_av(eV)     iact 
 ---------------------------------------------------
    1    1   A1     1   2          -533.12128    0.05
    2    1   A1     2   2          -289.41866    0.10
    3    1   A1     3   2           -39.98951    1.58
    4    1   A1     4   2           -26.46729    4.74
    5    3   B1     1   2           -23.15485    4.33
    6    1   A1     5   2           -22.57942    4.38
    7    4   B2     1   2           -21.29783    2.87
    8    3   B1     2   1           -16.49492    4.62
    9    4   B2     2   0           -10.57210    4.98
   10    1   A1     6   0            -5.65795   18.24
   11    1   A1     7   0            -4.46974   23.12
   12    3   B1     3   0            -4.26490   26.30
   13    1   A1     8   0            -3.27719   23.91
   14    4   B2     3   0            -3.26893   33.85
   15    3   B1     4   0            -1.83116   26.76
   16    1   A1     9   0            -1.62638   25.65
   17    2   A2     1   0            -1.44865   17.13
   18    1   A1    10   0            -1.33655   65.76
   19    3   B1     5   0            -1.29737   76.12
   20    4   B2     4   0            -0.80606   33.08
   21    1   A1    11   0            -0.16499   45.13
   22    3   B1     6   0             0.71941   43.03
   23    4   B2     5   0             1.21935   37.22
   24    1   A1    12   0             1.91246   25.94
   25    3   B1     7   0             2.24627   47.45
   26    1   A1    13   0             2.63309   47.09
   27    1   A1    14   0             2.88815   33.67
   28    2   A2     2   0             3.07830   25.54
   29    4   B2     6   0             3.34847   26.68
   30    3   B1     8   0             3.77824   34.26
   31    3   B1     9   0             4.25588   29.46
   32    1   A1    15   0             4.46823   29.61
   33    1   A1    16   0             5.25837   27.90
   34    4   B2     7   0             5.93128   22.68
   35    1   A1    17   0             7.18057   20.53
   36    3   B1    10   0             8.62369   32.63
   37    1   A1    18   0             8.87527   23.71
   38    4   B2     8   0            11.36959   15.35
   39    3   B1    11   0            11.45183   27.22
   40    2   A2     3   0            11.64010   13.90
   41    1   A1    19   0            12.32421   19.64
   42    2   A2     4   0            12.72115   16.97
   43    3   B1    12   0            12.72487   17.71
   44    1   A1    20   0            13.09868   27.15
   45    4   B2     9   0            14.58745   14.60
   46    3   B1    13   0            15.16752   19.25
   47    1   A1    21   0            15.51740   22.26
   48    1   A1    22   0            16.14060   23.07
   49    4   B2    10   0            16.77926   16.28
   50    4   B2    11   0            16.92584   16.28
   51    2   A2     5   0            17.12369   15.41
   52    1   A1    23   0            17.13472   17.68
   53    3   B1    14   0            18.07490   18.87
   54    3   B1    15   0            18.56806   19.40
   55    2   A2     6   0            18.77115   15.05
   56    1   A1    24   0            18.84193   16.31
   57    4   B2    12   0            22.23008   13.43
   58    1   A1    25   0            22.23808   17.90
   59    3   B1    16   0            24.24029   16.92
   60    1   A1    26   0            25.48765   14.06
   61    4   B2    13   0            25.56117   12.56
   62    1   A1    27   0            26.82156   15.21
   63    3   B1    17   0            27.81848   15.59
   64    2   A2     7   0            29.40300   13.93
   65    3   B1    18   0            30.02345   14.91
   66    1   A1    28   0            30.40620   14.04
   67    4   B2    14   0            31.30468   12.92
   68    3   B1    19   0            33.04152   12.44
   69    1   A1    29   0            33.62580   14.32
   70    4   B2    15   0            35.64653   10.65
   71    3   B1    20   0            39.02201   13.09
   72    1   A1    30   0            40.30641   12.62
   73    2   A2     8   0            41.62149   10.96
   74    1   A1    31   0            41.91559   13.23
   75    3   B1    21   0            45.86532   11.26
   76    4   B2    16   0            46.70276    6.77
   77    2   A2     9   0            46.88792    5.91
   78    1   A1    32   0            47.19119    8.27
   79    3   B1    22   0            48.43883   11.18
   80    1   A1    33   0            51.62408    6.49
   81    4   B2    17   0            51.85840    7.47
   82    3   B1    23   0            53.86368    9.32
   83    1   A1    34   0            54.90906    8.66
   84    4   B2    18   0            57.27244    8.35
   85    2   A2    10   0            60.09086    7.64
   86    1   A1    35   0            60.48613    9.64
   87    3   B1    24   0            63.07418    9.75
   88    1   A1    36   0            64.19123    9.37
   89    3   B1    25   0            65.97584    8.53
   90    4   B2    19   0            66.28981    7.88
   91    1   A1    37   0            68.21852    6.88
   92    2   A2    11   0            69.47908    4.04
   93    4   B2    20   0            75.29288    5.22
   94    1   A1    38   0            76.67938    5.53
   95    3   B1    26   0            78.59757    6.10
   96    4   B2    21   0            79.16903    4.85
   97    2   A2    12   0            81.22256    5.25
   98    1   A1    39   0            81.97725    5.47
   99    3   B1    27   0            83.45404    7.11
  100    1   A1    40   0            86.97558    6.22
  101    3   B1    28   0            88.53849    7.16
  102    4   B2    22   0            89.88890    4.86
  103    1   A1    41   0            94.41577    6.12
  104    3   B1    29   0            94.53401    6.65
  105    3   B1    30   0            95.27819    6.86
  106    2   A2    13   0            96.67096    6.37
  107    1   A1    42   0            96.69694    7.34
  108    4   B2    23   0            99.65073    6.14
  109    1   A1    43   0           105.18268    6.81
  110    4   B2    24   0           108.86000    6.44
  111    2   A2    14   0           109.67498    6.41
  112    1   A1    44   0           110.66281    6.35
  113    3   B1    31   0           116.37399    5.99
  114    4   B2    25   0           116.97080    5.51
  115    4   B2    26   0           120.32144    5.85
  116    3   B1    32   0           120.90062    7.22
  117    1   A1    45   0           122.16905    6.49
  118    2   A2    15   0           122.18380    4.98
  119    1   A1    46   0           124.51953    6.35
  120    3   B1    33   0           124.55432    6.33
  121    1   A1    47   0           138.01707    6.91
  122    3   B1    34   0           146.12758    6.27
  123    1   A1    48   0           148.38611    6.19
  124    3   B1    35   0           155.41823    5.59
  125    4   B2    27   0           156.44608    2.14
  126    3   B1    36   0           158.09604    6.23
  127    2   A2    16   0           165.08783    2.59
  128    1   A1    49   0           166.24647    3.10
  129    2   A2    17   0           170.31616    1.77
  130    4   B2    28   0           170.40914    2.84
  131    1   A1    50   0           171.07227    2.27
  132    1   A1    51   0           178.06533    2.94
  133    4   B2    29   0           179.71909    1.99
  134    3   B1    37   0           184.14100    3.77
  135    1   A1    52   0           184.85603    2.23
  136    3   B1    38   0           186.39539    3.15
  137    1   A1    53   0           384.02576    3.45
  138    1   A1    54   0           399.44038    5.48
 
    ---------------------------------------------
    --- Start TD-DFT Calculations for isf = 0 ---
    ---------------------------------------------
 
 [tddft_main]
  SC parameters:  fac1=  1.0000      fac2= 0.70711    
                 cfac1=  1.7321     cfac2= 0.70711    
 
 [tddft_pairinfo_aotddft]
  idx=    1957  Npair=    1957
 
 [tddft_grimmestd_init]
 
 
 [tddft_select]
 [ Targeted Excited States / Diag method ] 
  TD-Nsym:    4
  1   A1       4 from      546   1
  2   A2       4 from      429   1
  3   B1       4 from      655   1
  4   B2       4 from      327   1
  Total No. of excited states:      16
 Estimate memory in tddft_init mem:           0.038 M
 
 ==============================================
  Jrep: 1  ExctSym:  A1  (convert to td-psym)
  Irep: 3  PairSym:  B1  GsSym:  B1
  Nexit:       4     Nsos:     546
 ==============================================
 Estimated memory for JK operator:         13.948 M
 Maximum memory to calculate JK operator:         512.000 M
 Allow to calculate    4 roots at one pass for RPA ...
 Allow to calculate    8 roots at one pass for TDA ...
 
  Nlarge=              546 Nlimdim=              200 Nfac=               50
  Estimated mem for dvdson storage (RPA) =           3.160 M          0.003 G
  Estimated mem for dvdson storage (TDA) =           1.683 M          0.002 G
 
 [dvdson_rpa_block]
 
 ------------------------------------------------------------------
  Size of blocks = 500000
  No.  of blocks =      1
  Eshift =    10001.0610932411
 ------------------------------------------------------------------
 
 ------------------------------------------------------
  iblock =      0     /      1
  ineig  =      4     / 500000
  istart =      1     /      4
  eshift =    10001.0610932411     
 ------------------------------------------------------
 
 Inital guess for dvdson iteration :  20   0   0
 [dvdson_v0_std]
      5 initial guess vectors will be generated.
  No. of initial guess Ndim/Neig/Nlimdim =      5     4   200
 X-TDDFT leading term
     tddft JK operator time:         2.86 S         0.01 S         0.36 S 
 
 
 Iteration started !
 
 Niter=     1   Nlarge =     546   Nmv =       5
 Ndim =     5   Nlimdim=     200   Nres=     195
 Approximated Eigenvalue (i,w,diff/eV,diff/a.u.):
    1        5.5044305189        5.5044305189           0.202E+00
    2       10.6470980116       10.6470980116           0.391E+00
    3       11.9587670733       11.9587670733           0.439E+00
    4       13.0715904276       13.0715904276           0.480E+00
 No. of converged eigval:     0
 Norm of Residuals:
    1        0.0128725502        0.0441233776           0.129E-01           0.441E-01
    2        0.0296727792        0.0976984536           0.297E-01           0.977E-01
    3        0.0266330535        0.0427221084           0.266E-01           0.427E-01
    4        0.0267417895        0.0487808104           0.267E-01           0.488E-01
 No. of converged eigvec:     0
 Max norm of residues   :  0.977E-01
 *** New Directions : sTDDFT-Davidson step ***
 Left  Nindp=    4
 Right Nindp=    4
 Total Nindp=    8
 X-TDDFT leading term
     tddft JK operator time:         2.72 S         0.02 S         0.34 S 
 
 
 Niter=     2   Nlarge =     546   Nmv =      13
 Ndim =    13   Nlimdim=     200   Nres=     187
 Approximated Eigenvalue (i,w,diff/eV,diff/a.u.):
    1        5.2498306032        0.2545999157           0.936E-02
    2       10.1591693220        0.4879286896           0.179E-01
    3       11.6408921023        0.3178749710           0.117E-01
    4       12.7166661519        0.3549242757           0.130E-01
 No. of converged eigval:     0
 Norm of Residuals:
    1        0.0010023726        0.0061073125           0.100E-02           0.611E-02
    2        0.0061584165        0.0182807907           0.616E-02           0.183E-01
    3        0.0061947252        0.0098119476           0.619E-02           0.981E-02
    4        0.0075816978        0.0139003397           0.758E-02           0.139E-01
 No. of converged eigvec:     0
 Max norm of residues   :  0.183E-01
 *** New Directions : sTDDFT-Davidson step ***
 Left  Nindp=    4
 Right Nindp=    4
 Total Nindp=    8
 X-TDDFT leading term
     tddft JK operator time:         2.74 S         0.02 S         0.35 S 
 
 
 Niter=     3   Nlarge =     546   Nmv =      21
 Ndim =    21   Nlimdim=     200   Nres=     179
 Approximated Eigenvalue (i,w,diff/eV,diff/a.u.):
    1        5.2447217810        0.0051088222           0.188E-03
    2       10.1372616843        0.0219076378           0.805E-03
    3       11.6298717661        0.0110203363           0.405E-03
    4       12.6964628661        0.0202032858           0.742E-03
 No. of converged eigval:     0
 Norm of Residuals:
    1        0.0000912752        0.0004105689           0.913E-04           0.411E-03
    2        0.0007026678        0.0019006611           0.703E-03           0.190E-02
    3        0.0010680518        0.0012379005           0.107E-02           0.124E-02
    4        0.0019528537        0.0022837981           0.195E-02           0.228E-02
 No. of converged eigvec:     0
 Max norm of residues   :  0.228E-02
 *** New Directions : sTDDFT-Davidson step ***
 Left  Nindp=    4
 Right Nindp=    4
 Total Nindp=    8
 X-TDDFT leading term
     tddft JK operator time:         2.80 S         0.02 S         0.36 S 
 
 
 Niter=     4   Nlarge =     546   Nmv =      29
 Ndim =    29   Nlimdim=     200   Nres=     171
 Approximated Eigenvalue (i,w,diff/eV,diff/a.u.):
    1        5.2446965299        0.0000252511           0.928E-06
    2       10.1370207161        0.0002409682           0.886E-05
    3       11.6296202502        0.0002515159           0.924E-05
    4       12.6953933237        0.0010695424           0.393E-04
 No. of converged eigval:     0
 Norm of Residuals:
    1        0.0000057257        0.0000266797           0.573E-05           0.267E-04
    2        0.0000606184        0.0001438279           0.606E-04           0.144E-03
    3        0.0001198466        0.0001393463           0.120E-03           0.139E-03
    4        0.0003047892        0.0003663457           0.305E-03           0.366E-03
 No. of converged eigvec:     0
 Max norm of residues   :  0.366E-03
 *** New Directions : sTDDFT-Davidson step ***
 Left  Nindp=    4
 Right Nindp=    4
 Total Nindp=    8
 X-TDDFT leading term
     tddft JK operator time:         2.83 S         0.03 S         0.36 S 
 
 
 Niter=     5   Nlarge =     546   Nmv =      37
 Ndim =    37   Nlimdim=     200   Nres=     163
 Approximated Eigenvalue (i,w,diff/eV,diff/a.u.):
    1        5.2446964019        0.0000001280           0.470E-08
    2       10.1370191114        0.0000016047           0.590E-07
    3       11.6296172140        0.0000030362           0.112E-06
    4       12.6953710072        0.0000223166           0.820E-06
 No. of converged eigval:     0
 Norm of Residuals:
    1        0.0000004281        0.0000017131           0.428E-06           0.171E-05
    2        0.0000061573        0.0000102105           0.616E-05           0.102E-04
    3        0.0000112901        0.0000116021           0.113E-04           0.116E-04
    4        0.0000409609        0.0000425410           0.410E-04           0.425E-04
 No. of converged eigvec:     0
 Max norm of residues   :  0.425E-04
 *** New Directions : sTDDFT-Davidson step ***
 Left  Nindp=    4
 Right Nindp=    4
 Total Nindp=    8
 X-TDDFT leading term
     tddft JK operator time:         2.68 S         0.03 S         0.34 S 
 
 
 Niter=     6   Nlarge =     546   Nmv =      45
 Ndim =    45   Nlimdim=     200   Nres=     155
 Approximated Eigenvalue (i,w,diff/eV,diff/a.u.):
    1        5.2446964015        0.0000000004           0.151E-10
    2       10.1370191044        0.0000000070           0.257E-09
    3       11.6296171928        0.0000000211           0.776E-09
    4       12.6953706918        0.0000003154           0.116E-07
 No. of converged eigval:     1
 Norm of Residuals:
    1        0.0000000254        0.0000000742           0.254E-07           0.742E-07
    2        0.0000003374        0.0000006642           0.337E-06           0.664E-06
    3        0.0000009640        0.0000010491           0.964E-06           0.105E-05
    4        0.0000044136        0.0000053039           0.441E-05           0.530E-05
 No. of converged eigvec:     0
 Max norm of residues   :  0.530E-05
 *** New Directions : sTDDFT-Davidson step ***
 Left  Nindp=    4
 Right Nindp=    4
 Total Nindp=    8
 X-TDDFT leading term
     tddft JK operator time:         2.72 S         0.02 S         0.35 S 
 
 
 Niter=     7   Nlarge =     546   Nmv =      53
 Ndim =    53   Nlimdim=     200   Nres=     147
 Approximated Eigenvalue (i,w,diff/eV,diff/a.u.):
    1        5.2446964015        0.0000000000           0.536E-13
    2       10.1370191044        0.0000000000           0.127E-11
    3       11.6296171927        0.0000000001           0.539E-11
    4       12.6953706888        0.0000000030           0.111E-09
 No. of converged eigval:     3
 Norm of Residuals:
    1        0.0000000013        0.0000000039           0.132E-08           0.386E-08
    2        0.0000000255        0.0000000437           0.255E-07           0.437E-07
    3        0.0000000806        0.0000000937           0.806E-07           0.937E-07
    4        0.0000003493        0.0000004319           0.349E-06           0.432E-06
 No. of converged eigvec:     1
 Max norm of residues   :  0.432E-06
 *** New Directions : sTDDFT-Davidson step ***
 Left  Nindp=    3
 Right Nindp=    3
 Total Nindp=    6
 X-TDDFT leading term
     tddft JK operator time:         2.71 S         0.03 S         0.34 S 
 
 
 Niter=     8   Nlarge =     546   Nmv =      59
 Ndim =    59   Nlimdim=     200   Nres=     141
 Approximated Eigenvalue (i,w,diff/eV,diff/a.u.):
    1        5.2446964015        0.0000000000           0.118E-13
    2       10.1370191044        0.0000000000           0.550E-14
    3       11.6296171927        0.0000000000           0.404E-13
    4       12.6953706887        0.0000000000           0.727E-12
 No. of converged eigval:     4
 ### Cong: Eigenvalues have Converged ! ###
 Norm of Residuals:
    1        0.0000000009        0.0000000027           0.921E-09           0.272E-08
    2        0.0000000015        0.0000000025           0.152E-08           0.255E-08
    3        0.0000000057        0.0000000061           0.573E-08           0.609E-08
    4        0.0000000265        0.0000000291           0.265E-07           0.291E-07
 No. of converged eigvec:     3
 Max norm of residues   :  0.291E-07
 
 ------------------------------------------------------------------
  Orthogonality check2 for iblock/dim =      0       4
  Averaged nHxProd =     14.750
  Ndim =        4  Maximum nonzero deviation from Iden = 0.158E-13
 ------------------------------------------------------------------
 
 ------------------------------------------------------------------
  Statistics for [dvdson_rpa_block]:
   No.  of blocks =        1
   Size of blocks =   500000
   No.  of eigens =        4
   No.  of HxProd =       59      Averaged =    14.750
   Eigenvalues (a.u.) = 
        0.1927389680        0.3725284461        0.4273803942
        0.4665460986
 ------------------------------------------------------------------
 
 Timing Spin analyze :        0.01        0.00        0.00
 
 No.     1    w=      5.2447 eV     -113.901327 a.u.  f=    0.0000   D<Pab>= 0.0060   Ova= 0.6796
     CO(bb):   A1(   4 )->  B1(   2 )  c_i:  0.1338  Per:  1.8%  IPA:    12.083 eV  Oai: 0.6944
     CO(bb):   A1(   5 )->  B1(   2 )  c_i:  0.9850  Per: 97.0%  IPA:     8.244 eV  Oai: 0.6827
 
 No.     2    w=     10.1370 eV     -113.721538 a.u.  f=    0.0302   D<Pab>= 0.0187   Ova= 0.6660
     OV(aa):   B1(   2 )->  A1(   6 )  c_i:  0.2027  Per:  4.1%  IPA:    13.215 eV  Oai: 0.3880
     OV(aa):   B1(   2 )->  A1(   8 )  c_i: -0.1099  Per:  1.2%  IPA:    15.607 eV  Oai: 0.3264
     CO(bb):   A1(   4 )->  B1(   2 )  c_i: -0.9466  Per: 89.6%  IPA:    12.083 eV  Oai: 0.6944
     CO(bb):   A1(   5 )->  B1(   2 )  c_i:  0.1171  Per:  1.4%  IPA:     8.244 eV  Oai: 0.6827
 
 No.     3    w=     11.6296 eV     -113.666686 a.u.  f=    0.0994   D<Pab>= 0.0487   Ova= 0.4013
     CV(aa):   B1(   1 )->  A1(   6 )  c_i: -0.1620  Per:  2.6%  IPA:    21.294 eV  Oai: 0.4928
     OV(aa):   B1(   2 )->  A1(   6 )  c_i:  0.9570  Per: 91.6%  IPA:    13.215 eV  Oai: 0.3880
     CO(bb):   A1(   4 )->  B1(   2 )  c_i:  0.1896  Per:  3.6%  IPA:    12.083 eV  Oai: 0.6944
 
 No.     4    w=     12.6954 eV     -113.627520 a.u.  f=    0.0089   D<Pab>= 0.0164   Ova= 0.3890
     CV(aa):   B1(   1 )->  A1(   7 )  c_i: -0.1630  Per:  2.7%  IPA:    22.503 eV  Oai: 0.4364
     OV(aa):   B1(   2 )->  A1(   7 )  c_i:  0.9718  Per: 94.4%  IPA:    14.437 eV  Oai: 0.3887
 Estimate memory in tddft_init mem:           0.030 M
 
 ==============================================
  Jrep: 2  ExctSym:  A2  (convert to td-psym)
  Irep: 4  PairSym:  B2  GsSym:  B1
  Nexit:       4     Nsos:     429
 ==============================================
 Estimated memory for JK operator:         13.948 M
 Maximum memory to calculate JK operator:         512.000 M
 Allow to calculate    4 roots at one pass for RPA ...
 Allow to calculate    8 roots at one pass for TDA ...
 
  Nlarge=              429 Nlimdim=              200 Nfac=               50
  Estimated mem for dvdson storage (RPA) =           2.614 M          0.003 G
  Estimated mem for dvdson storage (TDA) =           1.323 M          0.001 G
 
 [dvdson_rpa_block]
 
 ------------------------------------------------------------------
  Size of blocks = 500000
  No.  of blocks =      1
  Eshift =    10001.1879836232
 ------------------------------------------------------------------
 
 ------------------------------------------------------
  iblock =      0     /      1
  ineig  =      4     / 500000
  istart =      1     /      4
  eshift =    10001.1879836232     
 ------------------------------------------------------
 
 Inital guess for dvdson iteration :  20   0   0
 [dvdson_v0_std]
      5 initial guess vectors will be generated.
  No. of initial guess Ndim/Neig/Nlimdim =      5     4   200
 X-TDDFT leading term
     tddft JK operator time:         2.91 S         0.03 S         0.37 S 
 
 
 Iteration started !
 
 Niter=     1   Nlarge =     429   Nmv =       5
 Ndim =     5   Nlimdim=     200   Nres=     195
 Approximated Eigenvalue (i,w,diff/eV,diff/a.u.):
    1        9.8869323359        9.8869323359           0.363E+00
    2       10.8423254032       10.8423254032           0.398E+00
    3       14.2547897691       14.2547897691           0.524E+00
    4       15.0177950721       15.0177950721           0.552E+00
 No. of converged eigval:     0
 Norm of Residuals:
    1        0.0139288631        0.0602265632           0.139E-01           0.602E-01
    2        0.0161277359        0.0581014988           0.161E-01           0.581E-01
    3        0.0111423211        0.0254628241           0.111E-01           0.255E-01
    4        0.0171913456        0.1272918355           0.172E-01           0.127E+00
 No. of converged eigvec:     0
 Max norm of residues   :  0.127E+00
 *** New Directions : sTDDFT-Davidson step ***
 Left  Nindp=    4
 Right Nindp=    4
 Total Nindp=    8
 X-TDDFT leading term
     tddft JK operator time:         2.78 S         0.03 S         0.35 S 
 
 
 Niter=     2   Nlarge =     429   Nmv =      13
 Ndim =    13   Nlimdim=     200   Nres=     187
 Approximated Eigenvalue (i,w,diff/eV,diff/a.u.):
    1        9.7198174850        0.1671148509           0.614E-02
    2       10.6679680124        0.1743573908           0.641E-02
    3       14.1491817365        0.1056080326           0.388E-02
    4       14.5398309754        0.4779640967           0.176E-01
 No. of converged eigval:     0
 Norm of Residuals:
    1        0.0021348757        0.0043385218           0.213E-02           0.434E-02
    2        0.0024150113        0.0051925109           0.242E-02           0.519E-02
    3        0.0106066416        0.0184350132           0.106E-01           0.184E-01
    4        0.0272631490        0.0368934989           0.273E-01           0.369E-01
 No. of converged eigvec:     0
 Max norm of residues   :  0.369E-01
 *** New Directions : sTDDFT-Davidson step ***
 Left  Nindp=    4
 Right Nindp=    4
 Total Nindp=    8
 X-TDDFT leading term
     tddft JK operator time:         2.82 S         0.03 S         0.35 S 
 
 
 Niter=     3   Nlarge =     429   Nmv =      21
 Ndim =    21   Nlimdim=     200   Nres=     179
 Approximated Eigenvalue (i,w,diff/eV,diff/a.u.):
    1        9.7187088023        0.0011086827           0.407E-04
    2       10.6661591342        0.0018088782           0.665E-04
    3       13.8509541038        0.2982276327           0.110E-01
    4       14.2603032958        0.2795276796           0.103E-01
 No. of converged eigval:     0
 Norm of Residuals:
    1        0.0001385041        0.0002418499           0.139E-03           0.242E-03
    2        0.0001818806        0.0005857472           0.182E-03           0.586E-03
    3        0.0126603257        0.0223965055           0.127E-01           0.224E-01
    4        0.0061469319        0.0101649273           0.615E-02           0.102E-01
 No. of converged eigvec:     0
 Max norm of residues   :  0.224E-01
 *** New Directions : sTDDFT-Davidson step ***
 Left  Nindp=    4
 Right Nindp=    4
 Total Nindp=    8
 X-TDDFT leading term
     tddft JK operator time:         2.75 S         0.04 S         0.35 S 
 
 
 Niter=     4   Nlarge =     429   Nmv =      29
 Ndim =    29   Nlimdim=     200   Nres=     171
 Approximated Eigenvalue (i,w,diff/eV,diff/a.u.):
    1        9.7187043686        0.0000044336           0.163E-06
    2       10.6661403505        0.0000187837           0.690E-06
    3       13.8209948582        0.0299592457           0.110E-02
    4       14.2541491905        0.0061541053           0.226E-03
 No. of converged eigval:     0
 Norm of Residuals:
    1        0.0000087827        0.0000155266           0.878E-05           0.155E-04
    2        0.0000190485        0.0000377158           0.190E-04           0.377E-04
    3        0.0016828300        0.0019549195           0.168E-02           0.195E-02
    4        0.0008845891        0.0009728695           0.885E-03           0.973E-03
 No. of converged eigvec:     0
 Max norm of residues   :  0.195E-02
 *** New Directions : sTDDFT-Davidson step ***
 Left  Nindp=    4
 Right Nindp=    4
 Total Nindp=    8
 X-TDDFT leading term
     tddft JK operator time:         2.73 S         0.02 S         0.35 S 
 
 
 Niter=     5   Nlarge =     429   Nmv =      37
 Ndim =    37   Nlimdim=     200   Nres=     163
 Approximated Eigenvalue (i,w,diff/eV,diff/a.u.):
    1        9.7187043462        0.0000000224           0.824E-09
    2       10.6661402535        0.0000000970           0.356E-08
    3       13.8205797807        0.0004150775           0.153E-04
    4       14.2540380062        0.0001111843           0.409E-05
 No. of converged eigval:     0
 Norm of Residuals:
    1        0.0000005589        0.0000011744           0.559E-06           0.117E-05
    2        0.0000010810        0.0000023768           0.108E-05           0.238E-05
    3        0.0001891906        0.0002060791           0.189E-03           0.206E-03
    4        0.0001168750        0.0001242435           0.117E-03           0.124E-03
 No. of converged eigvec:     0
 Max norm of residues   :  0.206E-03
 *** New Directions : sTDDFT-Davidson step ***
 Left  Nindp=    4
 Right Nindp=    4
 Total Nindp=    8
 X-TDDFT leading term
     tddft JK operator time:         2.81 S         0.02 S         0.35 S 
 
 
 Niter=     6   Nlarge =     429   Nmv =      45
 Ndim =    45   Nlimdim=     200   Nres=     155
 Approximated Eigenvalue (i,w,diff/eV,diff/a.u.):
    1        9.7187043461        0.0000000001           0.397E-11
    2       10.6661402532        0.0000000003           0.117E-10
    3       13.8205717151        0.0000080655           0.296E-06
    4       14.2540347929        0.0000032134           0.118E-06
 No. of converged eigval:     2
 Norm of Residuals:
    1        0.0000000445        0.0000000720           0.445E-07           0.720E-07
    2        0.0000000845        0.0000001270           0.845E-07           0.127E-06
    3        0.0000344243        0.0000364964           0.344E-04           0.365E-04
    4        0.0000262225        0.0000275669           0.262E-04           0.276E-04
 No. of converged eigvec:     0
 Max norm of residues   :  0.365E-04
 *** New Directions : sTDDFT-Davidson step ***
 Left  Nindp=    4
 Right Nindp=    4
 Total Nindp=    8
 X-TDDFT leading term
     tddft JK operator time:         2.69 S         0.03 S         0.34 S 
 
 
 Niter=     7   Nlarge =     429   Nmv =      53
 Ndim =    53   Nlimdim=     200   Nres=     147
 Approximated Eigenvalue (i,w,diff/eV,diff/a.u.):
    1        9.7187043461        0.0000000000           0.177E-13
    2       10.6661402532        0.0000000000           0.427E-13
    3       13.8205715365        0.0000001786           0.657E-08
    4       14.2540346967        0.0000000962           0.354E-08
 No. of converged eigval:     2
 Norm of Residuals:
    1        0.0000000022        0.0000000040           0.219E-08           0.398E-08
    2        0.0000000033        0.0000000049           0.330E-08           0.495E-08
    3        0.0000030431        0.0000032908           0.304E-05           0.329E-05
    4        0.0000026913        0.0000029031           0.269E-05           0.290E-05
 No. of converged eigvec:     2
 Max norm of residues   :  0.329E-05
 *** New Directions : sTDDFT-Davidson step ***
 Left  Nindp=    2
 Right Nindp=    2
 Total Nindp=    4
 X-TDDFT leading term
     tddft JK operator time:         2.50 S         0.01 S         0.31 S 
 
 
 Niter=     8   Nlarge =     429   Nmv =      57
 Ndim =    57   Nlimdim=     200   Nres=     143
 Approximated Eigenvalue (i,w,diff/eV,diff/a.u.):
    1        9.7187043461        0.0000000000           0.111E-14
    2       10.6661402532        0.0000000000           0.999E-15
    3       13.8205715356        0.0000000009           0.325E-10
    4       14.2540346960        0.0000000007           0.242E-10
 No. of converged eigval:     4
 ### Cong: Eigenvalues have Converged ! ###
 Norm of Residuals:
    1        0.0000000020        0.0000000038           0.203E-08           0.384E-08
    2        0.0000000028        0.0000000047           0.282E-08           0.473E-08
    3        0.0000001862        0.0000002158           0.186E-06           0.216E-06
    4        0.0000001925        0.0000002171           0.192E-06           0.217E-06
 No. of converged eigvec:     2
 Max norm of residues   :  0.217E-06
 
 ------------------------------------------------------------------
  Orthogonality check2 for iblock/dim =      0       4
  Averaged nHxProd =     14.250
  Ndim =        4  Maximum nonzero deviation from Iden = 0.110E-13
 ------------------------------------------------------------------
 
 ------------------------------------------------------------------
  Statistics for [dvdson_rpa_block]:
   No.  of blocks =        1
   Size of blocks =   500000
   No.  of eigens =        4
   No.  of HxProd =       57      Averaged =    14.250
   Eigenvalues (a.u.) = 
        0.3571556678        0.3919732826        0.5078964521
        0.5238259237
 ------------------------------------------------------------------
 
 Timing Spin analyze :        0.00        0.00        0.00
 
 No.     1    w=      9.7187 eV     -113.736911 a.u.  f=    0.0002   D<Pab>= 0.7606   Ova= 0.5921
     CV(aa):   A1(   5 )->  B2(   2 )  c_i: -0.1204  Per:  1.4%  IPA:    13.231 eV  Oai: 0.5940
     CV(bb):   A1(   5 )->  B2(   2 )  c_i: -0.9879  Per: 97.6%  IPA:    12.263 eV  Oai: 0.5940
 
 No.     2    w=     10.6661 eV     -113.702093 a.u.  f=    0.0002   D<Pab>= 1.3424   Ova= 0.5915
     CV(aa):   A1(   5 )->  B2(   2 )  c_i: -0.9769  Per: 95.4%  IPA:    13.231 eV  Oai: 0.5940
     CV(bb):   A1(   5 )->  B2(   2 )  c_i:  0.1718  Per:  3.0%  IPA:    12.263 eV  Oai: 0.5940
 
 No.     3    w=     13.8206 eV     -113.586170 a.u.  f=    0.0235   D<Pab>= 1.4825   Ova= 0.7068
     CV(aa):   A1(   4 )->  B2(   2 )  c_i: -0.2683  Per:  7.2%  IPA:    17.568 eV  Oai: 0.7548
     CV(aa):   B2(   1 )->  A1(   6 )  c_i: -0.2460  Per:  6.1%  IPA:    16.317 eV  Oai: 0.2441
     CV(bb):   A1(   4 )->  B2(   2 )  c_i:  0.9081  Per: 82.5%  IPA:    16.163 eV  Oai: 0.7548
 
 No.     4    w=     14.2540 eV     -113.570241 a.u.  f=    0.0171   D<Pab>= 0.2932   Ova= 0.2735
     CV(aa):   A1(   4 )->  B2(   2 )  c_i: -0.2229  Per:  5.0%  IPA:    17.568 eV  Oai: 0.7548
     CV(aa):   B2(   1 )->  A1(   6 )  c_i:  0.4228  Per: 17.9%  IPA:    16.317 eV  Oai: 0.2441
     CV(bb):   B2(   1 )->  A1(   6 )  c_i:  0.8671  Per: 75.2%  IPA:    15.857 eV  Oai: 0.2441
 Estimate memory in tddft_init mem:           0.045 M
 
 ==============================================
  Jrep: 3  ExctSym:  B1  (convert to td-psym)
  Irep: 1  PairSym:  A1  GsSym:  B1
  Nexit:       4     Nsos:     655
 ==============================================
 Estimated memory for JK operator:         13.948 M
 Maximum memory to calculate JK operator:         512.000 M
 Allow to calculate    4 roots at one pass for RPA ...
 Allow to calculate    8 roots at one pass for TDA ...
 
  Nlarge=              655 Nlimdim=              200 Nfac=               50
  Estimated mem for dvdson storage (RPA) =           3.669 M          0.004 G
  Estimated mem for dvdson storage (TDA) =           2.019 M          0.002 G
 
 [dvdson_rpa_block]
 
 ------------------------------------------------------------------
  Size of blocks = 500000
  No.  of blocks =      1
  Eshift =    10001.0744033816
 ------------------------------------------------------------------
 
 ------------------------------------------------------
  iblock =      0     /      1
  ineig  =      4     / 500000
  istart =      1     /      4
  eshift =    10001.0744033816     
 ------------------------------------------------------
 
 Inital guess for dvdson iteration :  20   0   0
 [dvdson_v0_std]
      5 initial guess vectors will be generated.
  No. of initial guess Ndim/Neig/Nlimdim =      5     4   200
 X-TDDFT leading term
     tddft JK operator time:         2.79 S         0.02 S         0.36 S 
 
 
 Iteration started !
 
 Niter=     1   Nlarge =     655   Nmv =       5
 Ndim =     5   Nlimdim=     200   Nres=     195
 Approximated Eigenvalue (i,w,diff/eV,diff/a.u.):
    1        6.7615128423        6.7615128423           0.248E+00
    2        7.9182820885        7.9182820885           0.291E+00
    3       12.9672085315       12.9672085315           0.477E+00
    4       13.6209089507       13.6209089507           0.501E+00
 No. of converged eigval:     0
 Norm of Residuals:
    1        0.0177128956        0.0465792134           0.177E-01           0.466E-01
    2        0.0064350657        0.0464990277           0.644E-02           0.465E-01
    3        0.0589452106        0.2355664648           0.589E-01           0.236E+00
    4        0.0518484914        0.1405864729           0.518E-01           0.141E+00
 No. of converged eigvec:     0
 Max norm of residues   :  0.236E+00
 *** New Directions : sTDDFT-Davidson step ***
 Left  Nindp=    4
 Right Nindp=    4
 Total Nindp=    8
 X-TDDFT leading term
     tddft JK operator time:         2.69 S         0.02 S         0.35 S 
 
 
 Niter=     2   Nlarge =     655   Nmv =      13
 Ndim =    13   Nlimdim=     200   Nres=     187
 Approximated Eigenvalue (i,w,diff/eV,diff/a.u.):
    1        6.4375676964        0.3239451459           0.119E-01
    2        7.6401456636        0.2781364249           0.102E-01
    3       11.3754518231        1.5917567084           0.585E-01
    4       13.1649821852        0.4559267655           0.168E-01
 No. of converged eigval:     0
 Norm of Residuals:
    1        0.0023451004        0.0113298183           0.235E-02           0.113E-01
    2        0.0008043490        0.0041475085           0.804E-03           0.415E-02
    3        0.0204415478        0.0321905594           0.204E-01           0.322E-01
    4        0.0080263337        0.0183388005           0.803E-02           0.183E-01
 No. of converged eigvec:     0
 Max norm of residues   :  0.322E-01
 *** New Directions : sTDDFT-Davidson step ***
 Left  Nindp=    4
 Right Nindp=    4
 Total Nindp=    8
 X-TDDFT leading term
     tddft JK operator time:         2.57 S         0.02 S         0.33 S 
 
 
 Niter=     3   Nlarge =     655   Nmv =      21
 Ndim =    21   Nlimdim=     200   Nres=     179
 Approximated Eigenvalue (i,w,diff/eV,diff/a.u.):
    1        6.4222176828        0.0153500136           0.564E-03
    2        7.6378424997        0.0023031638           0.846E-04
    3       11.3120858021        0.0633660210           0.233E-02
    4       13.1362779218        0.0287042634           0.105E-02
 No. of converged eigval:     0
 Norm of Residuals:
    1        0.0002105032        0.0017876155           0.211E-03           0.179E-02
    2        0.0001144309        0.0005203515           0.114E-03           0.520E-03
    3        0.0024597809        0.0028451515           0.246E-02           0.285E-02
    4        0.0027492359        0.0049963966           0.275E-02           0.500E-02
 No. of converged eigvec:     0
 Max norm of residues   :  0.500E-02
 *** New Directions : sTDDFT-Davidson step ***
 Left  Nindp=    4
 Right Nindp=    4
 Total Nindp=    8
 X-TDDFT leading term
     tddft JK operator time:         2.51 S         0.00 S         0.32 S 
 
 
 Niter=     4   Nlarge =     655   Nmv =      29
 Ndim =    29   Nlimdim=     200   Nres=     171
 Approximated Eigenvalue (i,w,diff/eV,diff/a.u.):
    1        6.4217990508        0.0004186319           0.154E-04
    2        7.6378116538        0.0000308459           0.113E-05
    3       11.3113463680        0.0007394341           0.272E-04
    4       13.1346850337        0.0015928881           0.585E-04
 No. of converged eigval:     0
 Norm of Residuals:
    1        0.0000301287        0.0001897473           0.301E-04           0.190E-03
    2        0.0000102873        0.0000494963           0.103E-04           0.495E-04
    3        0.0002259305        0.0003264339           0.226E-03           0.326E-03
    4        0.0003911780        0.0006925195           0.391E-03           0.693E-03
 No. of converged eigvec:     0
 Max norm of residues   :  0.693E-03
 *** New Directions : sTDDFT-Davidson step ***
 Left  Nindp=    4
 Right Nindp=    4
 Total Nindp=    8
 X-TDDFT leading term
     tddft JK operator time:         2.45 S         0.00 S         0.31 S 
 
 
 Niter=     5   Nlarge =     655   Nmv =      37
 Ndim =    37   Nlimdim=     200   Nres=     163
 Approximated Eigenvalue (i,w,diff/eV,diff/a.u.):
    1        6.4217954898        0.0000035610           0.131E-06
    2        7.6378114427        0.0000002110           0.776E-08
    3       11.3113403237        0.0000060442           0.222E-06
    4       13.1346536170        0.0000314167           0.115E-05
 No. of converged eigval:     0
 Norm of Residuals:
    1        0.0000020290        0.0000126192           0.203E-05           0.126E-04
    2        0.0000008487        0.0000044385           0.849E-06           0.444E-05
    3        0.0000148194        0.0000286286           0.148E-04           0.286E-04
    4        0.0000470006        0.0000786440           0.470E-04           0.786E-04
 No. of converged eigvec:     0
 Max norm of residues   :  0.786E-04
 *** New Directions : sTDDFT-Davidson step ***
 Left  Nindp=    4
 Right Nindp=    4
 Total Nindp=    8
 X-TDDFT leading term
     tddft JK operator time:         2.49 S         0.00 S         0.31 S 
 
 
 Niter=     6   Nlarge =     655   Nmv =      45
 Ndim =    45   Nlimdim=     200   Nres=     155
 Approximated Eigenvalue (i,w,diff/eV,diff/a.u.):
    1        6.4217954703        0.0000000196           0.719E-09
    2        7.6378114410        0.0000000018           0.644E-10
    3       11.3113402721        0.0000000517           0.190E-08
    4       13.1346532521        0.0000003650           0.134E-07
 No. of converged eigval:     1
 Norm of Residuals:
    1        0.0000001728        0.0000009186           0.173E-06           0.919E-06
    2        0.0000000901        0.0000003349           0.901E-07           0.335E-06
    3        0.0000017408        0.0000028228           0.174E-05           0.282E-05
    4        0.0000059437        0.0000079548           0.594E-05           0.795E-05
 No. of converged eigvec:     0
 Max norm of residues   :  0.795E-05
 *** New Directions : sTDDFT-Davidson step ***
 Left  Nindp=    4
 Right Nindp=    4
 Total Nindp=    8
 X-TDDFT leading term
     tddft JK operator time:         2.54 S         0.00 S         0.31 S 
 
 
 Niter=     7   Nlarge =     655   Nmv =      53
 Ndim =    53   Nlimdim=     200   Nres=     147
 Approximated Eigenvalue (i,w,diff/eV,diff/a.u.):
    1        6.4217954702        0.0000000001           0.398E-11
    2        7.6378114410        0.0000000000           0.377E-12
    3       11.3113402715        0.0000000006           0.215E-10
    4       13.1346532471        0.0000000050           0.184E-09
 No. of converged eigval:     3
 Norm of Residuals:
    1        0.0000000157        0.0000000751           0.157E-07           0.751E-07
    2        0.0000000060        0.0000000257           0.601E-08           0.257E-07
    3        0.0000001738        0.0000003023           0.174E-06           0.302E-06
    4        0.0000005673        0.0000008494           0.567E-06           0.849E-06
 No. of converged eigvec:     0
 Max norm of residues   :  0.849E-06
 *** New Directions : sTDDFT-Davidson step ***
 Left  Nindp=    3
 Right Nindp=    4
 Total Nindp=    7
 X-TDDFT leading term
     tddft JK operator time:         2.79 S         0.01 S         0.35 S 
 
 
 Niter=     8   Nlarge =     655   Nmv =      60
 Ndim =    60   Nlimdim=     200   Nres=     140
 Approximated Eigenvalue (i,w,diff/eV,diff/a.u.):
    1        6.4217954702        0.0000000000           0.184E-13
    2        7.6378114410        0.0000000000           0.150E-14
    3       11.3113402715        0.0000000000           0.149E-12
    4       13.1346532471        0.0000000000           0.134E-11
 No. of converged eigval:     4
 ### Cong: Eigenvalues have Converged ! ###
 Norm of Residuals:
    1        0.0000000008        0.0000000051           0.832E-09           0.506E-08
    2        0.0000000042        0.0000000018           0.417E-08           0.184E-08
    3        0.0000000118        0.0000000221           0.118E-07           0.221E-07
    4        0.0000000501        0.0000000759           0.501E-07           0.759E-07
 No. of converged eigvec:     2
 Max norm of residues   :  0.759E-07
 
 ------------------------------------------------------------------
  Orthogonality check2 for iblock/dim =      0       4
  Averaged nHxProd =     15.000
  Ndim =        4  Maximum nonzero deviation from Iden = 0.408E-13
 ------------------------------------------------------------------
 
 ------------------------------------------------------------------
  Statistics for [dvdson_rpa_block]:
   No.  of blocks =        1
   Size of blocks =   500000
   No.  of eigens =        4
   No.  of HxProd =       60      Averaged =    15.000
   Eigenvalues (a.u.) = 
        0.2359965452        0.2806842917        0.4156839373
        0.4826894290
 ------------------------------------------------------------------
 
 Timing Spin analyze :        0.01        0.00        0.00
 
 No.     1    w=      6.4218 eV     -113.858070 a.u.  f=    0.0316   D<Pab>= 0.0196   Ova= 0.8071
     CV(aa):   B2(   1 )->  B2(   2 )  c_i: -0.2996  Per:  9.0%  IPA:    11.390 eV  Oai: 0.8136
     CO(bb):   B1(   1 )->  B1(   2 )  c_i:  0.9181  Per: 84.3%  IPA:     8.433 eV  Oai: 0.8199
     CV(bb):   B2(   1 )->  B2(   2 )  c_i: -0.1944  Per:  3.8%  IPA:    11.022 eV  Oai: 0.8136
 
 No.     2    w=      7.6378 eV     -113.813382 a.u.  f=    0.0003   D<Pab>= 1.9897   Ova= 0.8051
     CV(aa):   B2(   1 )->  B2(   2 )  c_i:  0.6556  Per: 43.0%  IPA:    11.390 eV  Oai: 0.8136
     CV(bb):   B2(   1 )->  B2(   2 )  c_i: -0.7415  Per: 55.0%  IPA:    11.022 eV  Oai: 0.8136
 
 No.     3    w=     11.3113 eV     -113.678383 a.u.  f=    0.2213   D<Pab>= 0.0208   Ova= 0.7289
     OV(aa):   B1(   2 )->  B1(   3 )  c_i: -0.1615  Per:  2.6%  IPA:    14.618 eV  Oai: 0.3813
     OV(aa):   B1(   2 )->  B1(   4 )  c_i: -0.2282  Per:  5.2%  IPA:    16.956 eV  Oai: 0.4454
     OV(aa):   B1(   2 )->  B1(   9 )  c_i:  0.1080  Per:  1.2%  IPA:    23.055 eV  Oai: 0.4253
     CV(aa):   B2(   1 )->  B2(   2 )  c_i: -0.6527  Per: 42.6%  IPA:    11.390 eV  Oai: 0.8136
     CO(bb):   B1(   1 )->  B1(   2 )  c_i: -0.2166  Per:  4.7%  IPA:     8.433 eV  Oai: 0.8199
     CV(bb):   B2(   1 )->  B2(   2 )  c_i: -0.5603  Per: 31.4%  IPA:    11.022 eV  Oai: 0.8136
 
 No.     4    w=     13.1347 eV     -113.611377 a.u.  f=    0.1298   D<Pab>= 0.0470   Ova= 0.3887
     CV(aa):   B1(   1 )->  B1(   3 )  c_i:  0.1713  Per:  2.9%  IPA:    22.701 eV  Oai: 0.5035
     OV(aa):   B1(   2 )->  B1(   3 )  c_i: -0.9586  Per: 91.9%  IPA:    14.618 eV  Oai: 0.3813
 Estimate memory in tddft_init mem:           0.023 M
 
 ==============================================
  Jrep: 4  ExctSym:  B2  (convert to td-psym)
  Irep: 2  PairSym:  A2  GsSym:  B1
  Nexit:       4     Nsos:     327
 ==============================================
 Estimated memory for JK operator:         13.948 M
 Maximum memory to calculate JK operator:         512.000 M
 Allow to calculate    4 roots at one pass for RPA ...
 Allow to calculate    8 roots at one pass for TDA ...
 
  Nlarge=              327 Nlimdim=              200 Nfac=               50
  Estimated mem for dvdson storage (RPA) =           2.138 M          0.002 G
  Estimated mem for dvdson storage (TDA) =           1.008 M          0.001 G
 
 [dvdson_rpa_block]
 
 ------------------------------------------------------------------
  Size of blocks = 500000
  No.  of blocks =      1
  Eshift =    10001.1535544872
 ------------------------------------------------------------------
 
 ------------------------------------------------------
  iblock =      0     /      1
  ineig  =      4     / 500000
  istart =      1     /      4
  eshift =    10001.1535544872     
 ------------------------------------------------------
 
 Inital guess for dvdson iteration :  20   0   0
 [dvdson_v0_std]
      5 initial guess vectors will be generated.
  No. of initial guess Ndim/Neig/Nlimdim =      5     4   200
 X-TDDFT leading term
     tddft JK operator time:         2.63 S         0.02 S         0.33 S 
 
 
 Iteration started !
 
 Niter=     1   Nlarge =     327   Nmv =       5
 Ndim =     5   Nlimdim=     200   Nres=     195
 Approximated Eigenvalue (i,w,diff/eV,diff/a.u.):
    1        3.9152170949        3.9152170949           0.144E+00
    2        5.9198172947        5.9198172947           0.218E+00
    3        9.7402542767        9.7402542767           0.358E+00
    4       14.6595777939       14.6595777939           0.539E+00
 No. of converged eigval:     0
 Norm of Residuals:
    1        0.0081871164        0.0205979671           0.819E-02           0.206E-01
    2        0.0115751668        0.0216351925           0.116E-01           0.216E-01
    3        0.0105311281        0.0271834059           0.105E-01           0.272E-01
    4        0.0294114610        0.0311468155           0.294E-01           0.311E-01
 No. of converged eigvec:     0
 Max norm of residues   :  0.311E-01
 *** New Directions : sTDDFT-Davidson step ***
 Left  Nindp=    4
 Right Nindp=    4
 Total Nindp=    8
 X-TDDFT leading term
     tddft JK operator time:         2.51 S         0.02 S         0.32 S 
 
 
 Niter=     2   Nlarge =     327   Nmv =      13
 Ndim =    13   Nlimdim=     200   Nres=     187
 Approximated Eigenvalue (i,w,diff/eV,diff/a.u.):
    1        3.7788837932        0.1363333016           0.501E-02
    2        5.6968556092        0.2229616855           0.819E-02
    3        9.6503958250        0.0898584517           0.330E-02
    4       14.3577825902        0.3017952036           0.111E-01
 No. of converged eigval:     0
 Norm of Residuals:
    1        0.0003113094        0.0012688775           0.311E-03           0.127E-02
    2        0.0011447253        0.0031143404           0.114E-02           0.311E-02
    3        0.0015027697        0.0054324848           0.150E-02           0.543E-02
    4        0.0093758003        0.0100719247           0.938E-02           0.101E-01
 No. of converged eigvec:     0
 Max norm of residues   :  0.101E-01
 *** New Directions : sTDDFT-Davidson step ***
 Left  Nindp=    4
 Right Nindp=    4
 Total Nindp=    8
 X-TDDFT leading term
     tddft JK operator time:         2.52 S         0.02 S         0.32 S 
 
 
 Niter=     3   Nlarge =     327   Nmv =      21
 Ndim =    21   Nlimdim=     200   Nres=     179
 Approximated Eigenvalue (i,w,diff/eV,diff/a.u.):
    1        3.7783601148        0.0005236784           0.192E-04
    2        5.6951419861        0.0017136231           0.630E-04
    3        9.6486231664        0.0017726586           0.651E-04
    4       14.3258129653        0.0319696249           0.117E-02
 No. of converged eigval:     0
 Norm of Residuals:
    1        0.0000120972        0.0000559636           0.121E-04           0.560E-04
    2        0.0000670771        0.0001445701           0.671E-04           0.145E-03
    3        0.0001564477        0.0002901443           0.156E-03           0.290E-03
    4        0.0079431205        0.0076692476           0.794E-02           0.767E-02
 No. of converged eigvec:     0
 Max norm of residues   :  0.794E-02
 *** New Directions : sTDDFT-Davidson step ***
 Left  Nindp=    4
 Right Nindp=    4
 Total Nindp=    8
 X-TDDFT leading term
     tddft JK operator time:         2.53 S         0.01 S         0.32 S 
 
 
 Niter=     4   Nlarge =     327   Nmv =      29
 Ndim =    29   Nlimdim=     200   Nres=     171
 Approximated Eigenvalue (i,w,diff/eV,diff/a.u.):
    1        3.7783592314        0.0000008834           0.325E-07
    2        5.6951384031        0.0000035830           0.132E-06
    3        9.6486165951        0.0000065713           0.241E-06
    4       14.3186421986        0.0071707668           0.264E-03
 No. of converged eigval:     0
 Norm of Residuals:
    1        0.0000005159        0.0000018218           0.516E-06           0.182E-05
    2        0.0000026294        0.0000062902           0.263E-05           0.629E-05
    3        0.0000088674        0.0000147906           0.887E-05           0.148E-04
    4        0.0020495910        0.0020588702           0.205E-02           0.206E-02
 No. of converged eigvec:     0
 Max norm of residues   :  0.206E-02
 *** New Directions : sTDDFT-Davidson step ***
 Left  Nindp=    4
 Right Nindp=    4
 Total Nindp=    8
 X-TDDFT leading term
     tddft JK operator time:         2.54 S         0.01 S         0.32 S 
 
 
 Niter=     5   Nlarge =     327   Nmv =      37
 Ndim =    37   Nlimdim=     200   Nres=     163
 Approximated Eigenvalue (i,w,diff/eV,diff/a.u.):
    1        3.7783592301        0.0000000013           0.461E-10
    2        5.6951383971        0.0000000061           0.223E-09
    3        9.6486165772        0.0000000179           0.658E-09
    4       14.3182611292        0.0003810694           0.140E-04
 No. of converged eigval:     1
 Norm of Residuals:
    1        0.0000000262        0.0000000903           0.262E-07           0.903E-07
    2        0.0000001207        0.0000002883           0.121E-06           0.288E-06
    3        0.0000005332        0.0000008484           0.533E-06           0.848E-06
    4        0.0002272522        0.0002549772           0.227E-03           0.255E-03
 No. of converged eigvec:     0
 Max norm of residues   :  0.255E-03
 *** New Directions : sTDDFT-Davidson step ***
 Left  Nindp=    4
 Right Nindp=    4
 Total Nindp=    8
 X-TDDFT leading term
     tddft JK operator time:         2.38 S         0.02 S         0.30 S 
 
 
 Niter=     6   Nlarge =     327   Nmv =      45
 Ndim =    45   Nlimdim=     200   Nres=     155
 Approximated Eigenvalue (i,w,diff/eV,diff/a.u.):
    1        3.7783592301        0.0000000000           0.132E-12
    2        5.6951383971        0.0000000000           0.549E-12
    3        9.6486165771        0.0000000001           0.249E-11
    4       14.3182560935        0.0000050357           0.185E-06
 No. of converged eigval:     3
 Norm of Residuals:
    1        0.0000000012        0.0000000043           0.121E-08           0.433E-08
    2        0.0000000054        0.0000000126           0.541E-08           0.126E-07
    3        0.0000000333        0.0000000496           0.333E-07           0.496E-07
    4        0.0000160079        0.0000173254           0.160E-04           0.173E-04
 No. of converged eigvec:     1
 Max norm of residues   :  0.173E-04
 *** New Directions : sTDDFT-Davidson step ***
 Left  Nindp=    2
 Right Nindp=    3
 Total Nindp=    5
 X-TDDFT leading term
     tddft JK operator time:         2.58 S         0.01 S         0.33 S 
 
 
 Niter=     7   Nlarge =     327   Nmv =      50
 Ndim =    50   Nlimdim=     200   Nres=     150
 Approximated Eigenvalue (i,w,diff/eV,diff/a.u.):
    1        3.7783592301        0.0000000000           0.118E-13
    2        5.6951383971        0.0000000000           0.788E-14
    3        9.6486165771        0.0000000000           0.883E-14
    4       14.3182560510        0.0000000425           0.156E-08
 No. of converged eigval:     3
 Norm of Residuals:
    1        0.0000000009        0.0000000019           0.864E-09           0.193E-08
    2        0.0000000013        0.0000000005           0.125E-08           0.464E-09
    3        0.0000000014        0.0000000020           0.137E-08           0.200E-08
    4        0.0000019450        0.0000019439           0.195E-05           0.194E-05
 No. of converged eigvec:     3
 Max norm of residues   :  0.195E-05
 *** New Directions : sTDDFT-Davidson step ***
 Left  Nindp=    1
 Right Nindp=    1
 Total Nindp=    2
 X-TDDFT leading term
     tddft JK operator time:         2.22 S         0.00 S         0.28 S 
 
 
 Niter=     8   Nlarge =     327   Nmv =      52
 Ndim =    52   Nlimdim=     200   Nres=     148
 Approximated Eigenvalue (i,w,diff/eV,diff/a.u.):
    1        3.7783592301        0.0000000000           0.152E-13
    2        5.6951383971        0.0000000000           0.708E-14
    3        9.6486165771        0.0000000000           0.833E-15
    4       14.3182560506        0.0000000003           0.118E-10
 No. of converged eigval:     4
 ### Cong: Eigenvalues have Converged ! ###
 Norm of Residuals:
    1        0.0000000008        0.0000000019           0.848E-09           0.191E-08
    2        0.0000000012        0.0000000005           0.124E-08           0.451E-09
    3        0.0000000013        0.0000000020           0.131E-08           0.197E-08
    4        0.0000001104        0.0000001184           0.110E-06           0.118E-06
 No. of converged eigvec:     3
 Max norm of residues   :  0.118E-06
 
 ------------------------------------------------------------------
  Orthogonality check2 for iblock/dim =      0       4
  Averaged nHxProd =     13.000
  Ndim =        4  Maximum nonzero deviation from Iden = 0.310E-13
 ------------------------------------------------------------------
 
 ------------------------------------------------------------------
  Statistics for [dvdson_rpa_block]:
   No.  of blocks =        1
   Size of blocks =   500000
   No.  of eigens =        4
   No.  of HxProd =       52      Averaged =    13.000
   Eigenvalues (a.u.) = 
        0.1388520904        0.2092924000        0.3545799907
        0.5261860141
 ------------------------------------------------------------------
 
 Timing Spin analyze :        0.00        0.00        0.00
 
 No.     1    w=      3.7784 eV     -113.955214 a.u.  f=    0.0000   D<Pab>= 0.0087   Ova= 0.5507
     OV(aa):   B1(   2 )->  B2(   2 )  c_i: -0.1866  Per:  3.5%  IPA:     8.279 eV  Oai: 0.5020
     CO(bb):   B2(   1 )->  B1(   2 )  c_i:  0.9783  Per: 95.7%  IPA:     7.073 eV  Oai: 0.5532
 
 No.     2    w=      5.6951 eV     -113.884774 a.u.  f=    0.0000   D<Pab>= 0.0201   Ova= 0.5039
     CV(aa):   B1(   1 )->  B2(   2 )  c_i: -0.1572  Per:  2.5%  IPA:    16.368 eV  Oai: 0.5753
     OV(aa):   B1(   2 )->  B2(   2 )  c_i:  0.9766  Per: 95.4%  IPA:     8.279 eV  Oai: 0.5020
     CO(bb):   B2(   1 )->  B1(   2 )  c_i:  0.1295  Per:  1.7%  IPA:     7.073 eV  Oai: 0.5532
 
 No.     3    w=      9.6486 eV     -113.739486 a.u.  f=    0.0000   D<Pab>= 0.4048   Ova= 0.5735
     CV(aa):   B1(   1 )->  B2(   2 )  c_i:  0.3104  Per:  9.6%  IPA:    16.368 eV  Oai: 0.5753
     CV(bb):   B1(   1 )->  B2(   2 )  c_i:  0.9433  Per: 89.0%  IPA:    12.788 eV  Oai: 0.5753
 
 No.     4    w=     14.3183 eV     -113.567880 a.u.  f=    0.0000   D<Pab>= 0.1600   Ova= 0.2012
     CV(aa):   B1(   1 )->  B2(   2 )  c_i: -0.2732  Per:  7.5%  IPA:    16.368 eV  Oai: 0.5753
     CV(aa):   B1(   1 )->  B2(   3 )  c_i: -0.1749  Per:  3.1%  IPA:    23.738 eV  Oai: 0.2182
     OV(aa):   B1(   2 )->  B2(   3 )  c_i:  0.9309  Per: 86.6%  IPA:    15.695 eV  Oai: 0.1621
     CV(bb):   B1(   1 )->  B2(   2 )  c_i:  0.1047  Per:  1.1%  IPA:    12.788 eV  Oai: 0.5753
 
 *** List of excitations ***
 
  Ground-state spatial symmetry:  B1
  Ground-state spin: Si=  0.5000
   <S^2>_U=  0.7500  Deviation=  0.0000
 
  Spin change: isf=  0
  D<S^2>_pure=  3.0000 for excited state (Sf=Si+1)
  D<S^2>_pure=  0.0000 for excited state (Sf=Si)
 
  Imaginary/complex excitation energies :   0 states
  Reversed sign excitation energies :   0 states
 
  No. Pair   ExSym   ExEnergies     Wavelengths      f     D<S^2>          Dominant Excitations             IPA   Ova     En-E1
 
    1  A2    1  B2    3.7784 eV        328.14 nm   0.0000   0.0087  95.7% CO(bb):  B2(   1 )->  B1(   2 )   7.073 0.551    0.0000
    2  B1    1  A1    5.2447 eV        236.40 nm   0.0000   0.0060  97.0% CO(bb):  A1(   5 )->  B1(   2 )   8.244 0.680    1.4663
    3  A2    2  B2    5.6951 eV        217.70 nm   0.0000   0.0201  95.4% OV(aa):  B1(   2 )->  B2(   2 )   8.279 0.504    1.9168
    4  A1    2  B1    6.4218 eV        193.07 nm   0.0316   0.0196  84.3% CO(bb):  B1(   1 )->  B1(   2 )   8.433 0.807    2.6434
    5  A1    3  B1    7.6378 eV        162.33 nm   0.0003   1.9897  55.0% CV(bb):  B2(   1 )->  B2(   2 )  11.022 0.805    3.8595
    6  A2    3  B2    9.6486 eV        128.50 nm   0.0000   0.4048  89.0% CV(bb):  B1(   1 )->  B2(   2 )  12.788 0.574    5.8703
    7  B2    1  A2    9.7187 eV        127.57 nm   0.0002   0.7606  97.6% CV(bb):  A1(   5 )->  B2(   2 )  12.263 0.592    5.9403
    8  B1    2  A1   10.1370 eV        122.31 nm   0.0302   0.0187  89.6% CO(bb):  A1(   4 )->  B1(   2 )  12.083 0.666    6.3587
    9  B2    2  A2   10.6661 eV        116.24 nm   0.0002   1.3424  95.4% CV(aa):  A1(   5 )->  B2(   2 )  13.231 0.592    6.8878
   10  A1    4  B1   11.3113 eV        109.61 nm   0.2213   0.0208  42.6% CV(aa):  B2(   1 )->  B2(   2 )  11.390 0.729    7.5330
   11  B1    3  A1   11.6296 eV        106.61 nm   0.0994   0.0487  91.6% OV(aa):  B1(   2 )->  A1(   6 )  13.215 0.401    7.8513
   12  B1    4  A1   12.6954 eV         97.66 nm   0.0089   0.0164  94.4% OV(aa):  B1(   2 )->  A1(   7 )  14.437 0.389    8.9170
   13  A1    5  B1   13.1347 eV         94.39 nm   0.1298   0.0470  91.9% OV(aa):  B1(   2 )->  B1(   3 )  14.618 0.389    9.3563
   14  B2    3  A2   13.8206 eV         89.71 nm   0.0235   1.4825  82.5% CV(bb):  A1(   4 )->  B2(   2 )  16.163 0.707   10.0422
   15  B2    4  A2   14.2540 eV         86.98 nm   0.0171   0.2932  75.2% CV(bb):  B2(   1 )->  A1(   6 )  15.857 0.274   10.4757
   16  A2    4  B2   14.3183 eV         86.59 nm   0.0000   0.1600  86.6% OV(aa):  B1(   2 )->  B2(   3 )  15.695 0.201   10.5399

 *** Ground to excited state Transition electric dipole moments (Au) ***
    State          X           Y           Z          Osc.
       1       0.0000       0.0000       0.0000       0.0000       0.0000
       2      -0.0063       0.0000      -0.0000       0.0000       0.0000
       3       0.0000       0.0000       0.0000       0.0000       0.0000
       4       0.0000      -0.0000       0.4483       0.0316       0.0316
       5      -0.0000       0.0000      -0.0404       0.0003       0.0003
       6       0.0000       0.0000       0.0000       0.0000       0.0000
       7      -0.0000      -0.0296      -0.0000       0.0002       0.0002
       8       0.3487      -0.0000      -0.0000       0.0302       0.0302
       9      -0.0000      -0.0287      -0.0000       0.0002       0.0002
      10       0.0000       0.0000      -0.8935       0.2213       0.2213
      11      -0.5907       0.0000      -0.0000       0.0994       0.0994
      12      -0.1687       0.0000      -0.0000       0.0089       0.0089
      13       0.0000      -0.0000       0.6352       0.1298       0.1298
      14      -0.0000      -0.2637       0.0000       0.0235       0.0235
      15       0.0000       0.2214      -0.0000       0.0171       0.0171
      16       0.0000       0.0000       0.0000       0.0000       0.0000
 
 
    ---------------------------------------------
    ---- End TD-DFT Calculations for isf = 0 ----
    ---------------------------------------------
 
 Final tddft

|***********************************************************************************|

 TDDFT detail timing(S):       CPU          SYS         WALL    
 Total  TDDFT    :          397.04         2.27        50.04
 Total  TDSolver :          395.36         2.22        49.82
 Leading Term    :            0.19         0.00         0.02
 Induce DENSMAT  :            0.45         0.00         0.02
 Total Kxc time  :            0.00         0.00         0.00
 Total JOP time  :           84.79         0.57        10.73
 Total KOP time  :            0.00         0.00         0.00
 JK contraction  :            0.34         0.02         0.03
 Total JK update :           91.08         0.75        11.52
 Total update vec:          394.56         2.16        49.72
 Total Dav solver:            0.80         0.06         0.10
 Time for Analyze:            0.04         0.00         0.01

|***********************************************************************************|



 
 ---------------------------------------------------------------
  Timing of TD-DFT calculation                                                    
 
  CPU TIME(S)      SYSTEM TIME(S)     WALL TIME(S)
        402.650            2.440              50.790
 ---------------------------------------------------------------
 
|******************************************************************************|
 
    Total cpu     time:        402.65  S
    Total system  time:          2.44  S
    Total wall    time:         50.79  S
 
    Current time   2026-02-03  11:05:26
    End running module tddft
|******************************************************************************|
 
$resp
iprt
3
quad
fnac
single
norder
1
method
2
nfiles
1
states
7 
1 2 1 
1 3 1 
1 2 2 
1 1 1 
1 1 2 
1 4 1 
1 2 3 
ignore
1
grid
ultra fine
rtol
1.d-12
gridtol
1.d-9
$end
('tmpstdin ', True)
('npro is ', 1)
('\n BDF command: ', '/apps/users/wzk/bdf/bdf-pkg/build/bdf-pkg-full/bin/resp.x /apps/users/wzk/scratch/CH2O-XTDDFT-B3LYP_186/CH2O-XTDDFT-B3LYPXX4.resp.inp')
  BDF process        0 of        1 on Serial  
 
|******************************************************************************|
 
    Start running module resp
    Current time   2026-02-03  11:05:26
 
|******************************************************************************|
 
 [resp_init]
 
 
 [postscf_readinfo]
  Ground state information: 
  KS Ground State 
  ROKS orbitals 
 
 [postscf_trsint1e]
 
 [postscf_gsorb]
  Nc=    7 No=    1 Nv=  130 Ntot=  138
  NA=    8 NB=    7
  Ground-state spin: Si= 0.500
 
 [postscf_spinsim]
  <S^2>_U= 0.7500  Deviation= 0.0000
 Number of significient shell pairs :       72
 Estimate memory for direct ERI calculations:           4.129 M

 IF USE_LIBCINT :    F

 
  Permute atoms under MolGroup: 
   1  C           1  1  1  1
   2  O           2  2  2  2
   3  H           3  3  4  4
   4  H           4  4  3  3
  Mapshell under MolGroup: (it can be gen via patoms) 
  nshell,nop=                    14                     4
   1     1   1   1   1
   2     2   2   2   2
   3     3   3   3   3
   4     4   4   4   4
   5     5   5   5   5
   6     6   6   6   6
   7     7   7   7   7
   8     8   8   8   8
   9     9   9  12  12
  10    10  10  13  13
  11    11  11  14  14
  12    12  12   9   9
  13    13  13  10  10
  14    14  14  11  11
 
 [resp_input]
 
 Finegrid                     5                     1
  Switch to Ultra Fine grid ...

 Threshold in dft prescreening ...
 Thresh_shellvalue_dft :  0.10000E-09
 ThreshRho     :  0.10000E-11

 IfaMEPC  :    F
 IfaCOSX  :    F
 IfOCTREE :    F
 [dft_init]  T
 Libxc version: 7.0.0
 xcfun_xc_libxc is    475 xcfun_ex_libxc is      0
 The functional 'B3LYP with VWN functional 5 instead of RPA' is an exchange-correlation functional, it belongs to the 'Hybrid GGA. Coeff of Exx=  0.2000' family and is defined in the reference(s):
 [1] P. J. Stephens, F. J. Devlin, C. F. Chabalowski, and M. J. Frisch.,  J. Phys. Chem. 98, 11623 (1994)
 
  Switch to Ultra Fine grid ...

 Intialize DFT grid written by Y. Zhang

 [ATOM SCF control]
  heff=                      0
 After initial atom grid ...
 After initial atom grid ...
 After initial atom grid ...
   1  C     Second Kind Chebyshev (100)  Lebedev (-1202)         
   2  O     Second Kind Chebyshev (100)  Lebedev (-1202)         
   3  H     Second Kind Chebyshev (100)  Lebedev (-1202)         
  Partition Function:  SSF   Partitioning with Scalar=  0.64.
  Gtol, Npblock, Icoulpot, Iop_adaptive :  0.10E-08    128      0          0
  Numerical Grid Generated SUCCESSFULLY! 
 Total and symmetry independent Grid Number:    174720     46169
 Gridinfo: Npoints/Nmax/NpointsU =     46208   174720    46208
 Saving Gridinfo to HARDISK record = Gridinfo
 
  --- PRINT: Information about DFT Calculation --- 
 No. of ATOMS =          4
 No. of Shells =         0
 No. of Batches =      361
 No. of Grids =      46208
 No. of Basis Functions =      138
 No. of Records for [basval] =               0
 Estimated DiskSpace for storage [basval] =           0.000M
 
 Max No. of Rad point per atom =     0
 Max No. of Ang point per atom =     0
 Max No. of Grids per batch =          0
 Max No. of Basis per shell =          0
 Max No. of Records in one batch =               0
 Estimated Mem for [basval] =      0.000M
 Estimated Mem for [func] in R-DFT =      0.000M
 Estimated Mem for [func] in U-DFT =      0.000M
 DirectGrid:        T
 LogicOctree:       F
  --- END : Information about DFT Calculation --- 
 
 Using B. Suo numerical integration branch ...

 Timing to perform basis seiving ...
 CPU:       0.120 S    Sys:       0.000 S    Wall:        0.010 S


 Time to calculate dft grid and perform basis seiving ...
 CPU:       3.270 S    Sys:       0.100 S    Wall:        0.420 S

 
 [resp_interface]
 
 
  respinfo%method=                      2
  respinfo%idft  =                      1
  respinfo%iscf  =                      3
  respinfo%nden  =                      2
  respinfo%nb    =                    138
  respinfo%nc    =                      7
  respinfo%no    =                      1
  respinfo%nv    =                    130
  respinfo%facex =   0.200000000000000     
 
 [tddft_props_init] : ispin=                     0
  No. of files= 1
  Group=C(2V)    dim= 4
  Open: tdinfo1  imethod = 3  isf= 0 itda= 0
                 nph=    1957 nex=    16 mpeccosx= 0
  maxph=     1957  maxex=       16
 
  Evaluate No. of LS states: 
  In SOC-SI, |Gs> has been excluded !
  Sf=  0.500  Ndeg= 1  Nspatial=    16
  Total No. of States:    16
 
 ifile=   1
 Targeted Excited States (Not pairsym) 
  1   A1       4 from      546
  2   A2       4 from      429
  3   B1       4 from      655
  4   B2       4 from      327
 
 [resp_reorder_init] 
 
  MXNSOS/nreps                    54                     4
  New orbital mapping (in irreps): 
    1  |   1  58   6   7
    2  |   2  59   8 111
    3  |   3  60  75 112
    4  |   4  61  76 113
    5  |   5  62  77 114
    6  |   9  63  78 115
    7  |  10  64  79 116
    8  |  11  65  80 117
    9  |  12  66  81 118
   10  |  13  67  82 119
   11  |  14  68  83 120
   12  |  15  69  84 121
   13  |  16  70  85 122
   14  |  17  71  86 123
   15  |  18  72  87 124
   16  |  19  73  88 125
   17  |  20  74  89 126
   18  |  21   0  90 127
   19  |  22   0  91 128
   20  |  23   0  92 129
   21  |  24   0  93 130
   22  |  25   0  94 131
   23  |  26   0  95 132
   24  |  27   0  96 133
   25  |  28   0  97 134
   26  |  29   0  98 135
   27  |  30   0  99 136
   28  |  31   0 100 137
   29  |  32   0 101 138
   30  |  33   0 102   0
   31  |  34   0 103   0
   32  |  35   0 104   0
   33  |  36   0 105   0
   34  |  37   0 106   0
   35  |  38   0 107   0
   36  |  39   0 108   0
   37  |  40   0 109   0
   38  |  41   0 110   0
   39  |  42   0   0   0
   40  |  43   0   0   0
   41  |  44   0   0   0
   42  |  45   0   0   0
   43  |  46   0   0   0
   44  |  47   0   0   0
   45  |  48   0   0   0
   46  |  49   0   0   0
   47  |  50   0   0   0
   48  |  51   0   0   0
   49  |  52   0   0   0
   50  |  53   0   0   0
   51  |  54   0   0   0
   52  |  55   0   0   0
   53  |  56   0   0   0
   54  |  57   0   0   0
  Reorder MO coefficient ... DONE 
  Reorder Fock matrix ... DONE 
 
 [resp_main]
 
 -------- Job type -------
  CHCK= F
  GEOM= F
  LINE= F
  QUAD= T
  FNAC= T
  POLA= F
  HYPE= F
  FDIF= F
  SOLSS= F
  IGNORE level =  1
  STEP=  1.000000047497451E-003
 -------------------------
 
  --- Quadratic response properties ---
  First-order nonadiabatic couplings 
 
 [resp_quad_residues]
 
  Ntot =                    16
  Nfile=                     1
  Nex  =                    16
 -----------------------------------------------
     Single residue calculations: <0|A|ex>      
  States =                      7
  No.=   1 pair =   0   0   0   1   2   1
  No.=   2 pair =   0   0   0   1   3   1
  No.=   3 pair =   0   0   0   1   2   2
  No.=   4 pair =   0   0   0   1   1   1
  No.=   5 pair =   0   0   0   1   1   2
  No.=   6 pair =   0   0   0   1   4   1
  No.=   7 pair =   0   0   0   1   2   3
 -----------------------------------------------
 
 -----------------------------------------------
  File: 1 of 1
  imethod= 3   isf= 0   nph=    1957   nex=  16
 -----------------------------------------------
 
  <irep: 1 jnsos:     655 jnexi:   4>
 
 [resp_ex_init]
 
  Check normalization:
  R^t*L(vec)=   1.00000000000000     
  R^t*L(mat)=   1.00000000000000     
 
 =================================
  PairIJ=   0   0   0   1   1   1
 =================================
 
 [resp_nac_main1]
 
  wI0 =  0.235996545217699     
 
 [resp_ex_Zmo] : Solving Z-vector equation ...
 
 respcphf%isolver=                     2                     1
 
 [resp_cphf_solver]
  isf  =                     0
  freq =  0.000000000000000E+000
 
 
 [LinearSolver]: ndim=                  1047
  Norm of RHS =   0.237495542311502     
 Initial Guess of CPHF vector                     0                     0
   iter  Ndim        |res|           |x|           time/s
    1      1    0.392081E+00    0.673657E+00       0.000
    2      2    0.514611E-01    0.107518E+01       0.280
    3      3    0.169421E-01    0.110042E+01       0.280
    4      4    0.287591E-02    0.109988E+01       0.270
    5      5    0.860922E-03    0.110011E+01       0.270
    6      6    0.160321E-03    0.110007E+01       0.280
    7      7    0.257031E-04    0.110006E+01       0.270
    8      8    0.611109E-05    0.110006E+01       0.280
    9      9    0.900491E-06    0.110006E+01       0.280
   10     10    0.215068E-06    0.110006E+01       0.270
   11     11    0.329714E-07    0.110006E+01       0.280
   12     12    0.710936E-08    0.110006E+01       0.280
   13     13    0.105738E-08    0.110006E+01       0.270
   14     14    0.207278E-09    0.110006E+01       0.280
   15     15    0.369450E-10    0.110006E+01       0.270
   16     16    0.263359E-11    0.110006E+01       0.270
   17     17    0.928790E-12    0.110006E+01       0.260
  Converged ! |Res|=  9.287898438649236E-013  iter=                    17
 
 [resp_ex_Wmo]
 
  Skewness of Wmo(C,C) =  2.876381370180193E-017
  Skewness of Wmo(C,V) =  2.653565308343440E-012
  Skewness of Wmo(V,V) =  0.000000000000000E+000
  Skewness of Wmo(C,O) =  1.447765424847324E-015
  Skewness of Wmo(O,V) =  7.794850104269177E-013
  Skewness of Wmo(O,O) =  0.000000000000000E+000
 
 [resp_deriv_energy]
 
 
 [resp_deriv1e_fock_new]
 
 
 ---------------------------------------------------------------
  Timing to calculate 1-electronic integrals                                      
 
  CPU TIME(S)      SYSTEM TIME(S)     WALL TIME(S)
          0.010            0.000               0.000
 ---------------------------------------------------------------
 
  Gradient contribution from 1e
      1        0.0000000000       -0.0000000000       -2.1664823629
      2        0.0000000000        0.0000000000        1.7074232490
      3        0.2886129351       -0.0000000000        0.2295295570
      4       -0.2886129351        0.0000000000        0.2295295570
 Sum of gradient contribution from 1e
              0.0000000000        0.0000000000       -0.0000000000
 
 
 [resp_deriv2e]
 
resp deriv type   4
 Number of cartesian primative basis functions :      188
 If used primative density matrix:  F
  [int2e_petite_1st_gradient_screened]
 Total length of P4 ERIs 1st gradient:             1365957
 Maxium length of a batch of ERI 1st gradient:           50625
 Maxium length of a batch of dens matrix     :          320000
 Lenght of eri-grad core                     :         2350416
 If primative density matrix is used         : F
 Number of OpenMP threads                    :   8
 ngrad=                     1
 Esitmate buffer meomory used:        0.1592 GB
 
|--------------------------------------------------------------------------------|
          Molecular gradient - Elec Repulsive contribution
 
        Atom            X                    Y                    Z
        C              0.0000000000          0.0000000000          2.0785305278
        O              0.0000000000         -0.0000000000         -1.6472614728
        H             -0.2812153573          0.0000000000         -0.2156345275
        H              0.2812153573         -0.0000000000         -0.2156345275
|--------------------------------------------------------------------------------|
 
 
 ---------------------------------------------------------------
  Timing to calculate 2-electronic integrals Gradients                            
 
  CPU TIME(S)      SYSTEM TIME(S)     WALL TIME(S)
          4.170            0.010               0.530
 ---------------------------------------------------------------
 
 Time:   PreRys     Rys    2dint    2dintd   6dint  6dintc  6dints
cputime    0.00E+00    0.00E+00    0.00E+00    0.00E+00    0.00E+00    0.00E+00    0.00E+00    0.00E+00
systime    0.00E+00    0.00E+00    0.00E+00    0.00E+00    0.00E+00    0.00E+00    0.00E+00    0.00E+00
waltime    0.00E+00    0.00E+00    0.00E+00    0.00E+00    0.00E+00    0.00E+00    0.00E+00    0.00E+00
 Finish resp_deriv2e
  Gradient contribution from Analytic 2e
      1        0.0000000000        0.0000000000        2.0785305278
      2        0.0000000000       -0.0000000000       -1.6472614728
      3       -0.2812153573        0.0000000000       -0.2156345275
      4        0.2812153573       -0.0000000000       -0.2156345275
 Sum of gradient contribution from Analytic 2e
              0.0000000000       -0.0000000000        0.0000000000
 
 
  Gradient contribution from Final-grad(no XC)
      1        0.0000000000       -0.0000000000       -0.0879518351
      2        0.0000000000        0.0000000000        0.0601617762
      3        0.0073975778       -0.0000000000        0.0138950295
      4       -0.0073975778        0.0000000000        0.0138950295
 Sum of gradient contribution from Final-grad(no XC)
              0.0000000000       -0.0000000000       -0.0000000000
 
 
 [resp_deriv_Exc]
 
 
 ---------------------------------------------------------------
  Timing for XC energy gradient calculation
 
  CPU TIME(S)      SYSTEM TIME(S)     WALL TIME(S)
          6.460            0.040               0.810
 ---------------------------------------------------------------
 
  Gradient contribution from XC
      1       -0.0000000000        0.0000000000       -0.1366054396
      2        0.0000000000       -0.0000000000        0.1029288791
      3        0.0186946118       -0.0000000000        0.0168382822
      4       -0.0186946118        0.0000000000        0.0168382822
 Sum of gradient contribution from XC
             -0.0000000000       -0.0000000000        0.0000000039
 
 
 [resp_deriv_dpq]
 
  Gradient contribution from dpq-R
      1       -0.0000000000        0.0000000000        0.0225999403
      2        0.0000000000       -0.0000000000       -0.0315316712
      3       -0.0066082137        0.0000000000       -0.0068970834
      4        0.0066082137       -0.0000000000       -0.0068970834
 Sum of gradient contribution from dpq-R
             -0.0000000000        0.0000000000       -0.0227258977
 
  Gradient contribution from Final-NAC(R)
      1       -0.0000000000        0.0000000000       -0.2019573345
      2        0.0000000000       -0.0000000000        0.1315589841
      3        0.0194839760       -0.0000000000        0.0238362283
      4       -0.0194839760        0.0000000000        0.0238362283
 Sum of gradient contribution from Final-NAC(R)
             -0.0000000000       -0.0000000000       -0.0227258938
 
 ------------------------------------------------------------------
 
 Raw NACMEs, without electron-translation factor:
  FNAC_cpair=   0   0   0     1   1   1
  FNAC_epair=         -114.0940664490715903         -113.8580699038538881
  Gradient contribution from Final-NAC(R)-Escaled
      1       -0.0000000000        0.0000000000       -0.8557639448
      2        0.0000000000       -0.0000000000        0.5574614830
      3        0.0825604287       -0.0000000000        0.1010024459
      4       -0.0825604287        0.0000000000        0.1010024459
 Sum of gradient contribution from Final-NAC(R)-Escaled
             -0.0000000000       -0.0000000000       -0.0962975700
 
 ------------------------------------------------------------------
  Gradient contribution from dpq-S
      1       -0.0000000000        0.0000000000        0.0285573455
      2       -0.0000000000       -0.0000000000       -0.0222602369
      3       -0.0044004827        0.0000000000       -0.0031485543
      4        0.0044004827       -0.0000000000       -0.0031485543
 Sum of gradient contribution from dpq-S
              0.0000000000        0.0000000000       -0.0000000000
 
  Gradient contribution from Final-NAC(S)
      1       -0.0000000000        0.0000000000       -0.1959999293
      2        0.0000000000       -0.0000000000        0.1408304184
      3        0.0216917070       -0.0000000000        0.0275847574
      4       -0.0216917070        0.0000000000        0.0275847574
 Sum of gradient contribution from Final-NAC(S)
             -0.0000000000       -0.0000000000        0.0000000039
 
 
 NACMEs including electron-translation factor:
  Gradient contribution from Final-NAC(S)-Escaled
      1       -0.0000000000        0.0000000000       -0.8305203327
      2        0.0000000000       -0.0000000000        0.5967477968
      3        0.0919153580       -0.0000000000        0.1168862762
      4       -0.0919153580        0.0000000000        0.1168862762
 Sum of gradient contribution from Final-NAC(S)-Escaled
             -0.0000000000       -0.0000000000        0.0000000164
 
 
 [resp_ex_final] : iop=                     2
 
 
 [resp_ex_final] : iop=                     0
 
 
 [resp_ex_init]
 
  Check normalization:
  R^t*L(vec)=   1.00000000000000     
  R^t*L(mat)=   1.00000000000000     
 
 =================================
  PairIJ=   0   0   0   1   1   2
 =================================
 
 [resp_nac_main1]
 
  wI0 =  0.280684291717590     
 
 [resp_ex_Zmo] : Solving Z-vector equation ...
 
 respcphf%isolver=                     2                     1
 
 [resp_cphf_solver]
  isf  =                     0
  freq =  0.000000000000000E+000
 
 
 [LinearSolver]: ndim=                  1047
  Norm of RHS =   3.329472005388986E-002
 Initial Guess of CPHF vector                     0                     0
   iter  Ndim        |res|           |x|           time/s
    1      1    0.155650E-01    0.999936E-01       0.000
    2      2    0.567511E-02    0.107461E+00       0.280
    3      3    0.160011E-02    0.109864E+00       0.280
    4      4    0.338646E-03    0.110163E+00       0.270
    5      5    0.788658E-04    0.110180E+00       0.270
    6      6    0.137525E-04    0.110179E+00       0.270
    7      7    0.333543E-05    0.110178E+00       0.280
    8      8    0.479115E-06    0.110178E+00       0.280
    9      9    0.100679E-06    0.110178E+00       0.270
   10     10    0.217331E-07    0.110178E+00       0.270
   11     11    0.291097E-08    0.110178E+00       0.270
   12     12    0.678676E-09    0.110178E+00       0.270
   13     13    0.912874E-10    0.110178E+00       0.280
   14     14    0.177498E-10    0.110178E+00       0.270
   15     15    0.293938E-11    0.110178E+00       0.270
   16     16    0.822949E-12    0.110178E+00       0.240
  Converged ! |Res|=  8.229491348177042E-013  iter=                    16
 
 [resp_ex_Wmo]
 
  Skewness of Wmo(C,C) =  1.589022028555745E-018
  Skewness of Wmo(C,V) =  8.628565468929206E-013
  Skewness of Wmo(V,V) =  0.000000000000000E+000
  Skewness of Wmo(C,O) =  1.613313116051925E-015
  Skewness of Wmo(O,V) =  2.747617293024672E-013
  Skewness of Wmo(O,O) =  0.000000000000000E+000
 
 [resp_deriv_energy]
 
 
 [resp_deriv1e_fock_new]
 
 
|--------------------------------------------------------------------------------|
          Molecular gradient - Overlap contribution
 
        Atom            X                    Y                    Z
        C              0.0000000000          0.0000000000          0.0097095365
        O              0.0000000000          0.0000000000         -0.0083218912
        H             -0.0011716134          0.0000000000         -0.0006938226
        H              0.0011716134         -0.0000000000         -0.0006938226
|--------------------------------------------------------------------------------|
 
 
|--------------------------------------------------------------------------------|
          Molecular gradient - Kinetic energy contribution
 
        Atom            X                    Y                    Z
        C              0.0000000000          0.0000000000          0.0169951298
        O              0.0000000000         -0.0000000000         -0.0130539964
        H             -0.0031442033          0.0000000000         -0.0019705667
        H              0.0031442033         -0.0000000000         -0.0019705667
|--------------------------------------------------------------------------------|
 
 
|--------------------------------------------------------------------------------|
          Molecular gradient - Nuclear attraction energy contribution
 
        Atom            X                    Y                    Z
        C              0.0000000000         -0.0000000000         -0.2089172941
        O              0.0000000000          0.0000000000          0.1782065989
        H              0.0246245669         -0.0000000000          0.0153553476
        H             -0.0246245669          0.0000000000          0.0153553476
|--------------------------------------------------------------------------------|
 
 
 ---------------------------------------------------------------
  Timing to calculate 1-electronic integrals                                      
 
  CPU TIME(S)      SYSTEM TIME(S)     WALL TIME(S)
          0.010            0.000               0.000
 ---------------------------------------------------------------
 
  Gradient contribution from 1e
      1        0.0000000000       -0.0000000000       -0.1822126278
      2        0.0000000000        0.0000000000        0.1568307113
      3        0.0203087502       -0.0000000000        0.0126909582
      4       -0.0203087502        0.0000000000        0.0126909582
 Sum of gradient contribution from 1e
              0.0000000000        0.0000000000       -0.0000000000
 
 
 [resp_deriv2e]
 
resp deriv type   4
 Number of cartesian primative basis functions :      188
 If used primative density matrix:  F
  [int2e_petite_1st_gradient_screened]
 Total length of P4 ERIs 1st gradient:             1365957
 Maxium length of a batch of ERI 1st gradient:           50625
 Maxium length of a batch of dens matrix     :          320000
 Lenght of eri-grad core                     :         2350416
 If primative density matrix is used         : F
 Number of OpenMP threads                    :   8
 ngrad=                     1
 Esitmate buffer meomory used:        0.1592 GB
 
|--------------------------------------------------------------------------------|
          Molecular gradient - Elec Repulsive contribution
 
        Atom            X                    Y                    Z
        C              0.0000000000          0.0000000000          0.1752446221
        O              0.0000000000         -0.0000000000         -0.1518527027
        H             -0.0195375183          0.0000000000         -0.0116959597
        H              0.0195375183         -0.0000000000         -0.0116959597
|--------------------------------------------------------------------------------|
 
 
 ---------------------------------------------------------------
  Timing to calculate 2-electronic integrals Gradients                            
 
  CPU TIME(S)      SYSTEM TIME(S)     WALL TIME(S)
          4.060            0.010               0.510
 ---------------------------------------------------------------
 
 Time:   PreRys     Rys    2dint    2dintd   6dint  6dintc  6dints
cputime    0.00E+00    0.00E+00    0.00E+00    0.00E+00    0.00E+00    0.00E+00    0.00E+00    0.00E+00
systime    0.00E+00    0.00E+00    0.00E+00    0.00E+00    0.00E+00    0.00E+00    0.00E+00    0.00E+00
waltime    0.00E+00    0.00E+00    0.00E+00    0.00E+00    0.00E+00    0.00E+00    0.00E+00    0.00E+00
 Finish resp_deriv2e
  Gradient contribution from Analytic 2e
      1        0.0000000000        0.0000000000        0.1752446221
      2        0.0000000000       -0.0000000000       -0.1518527027
      3       -0.0195375183        0.0000000000       -0.0116959597
      4        0.0195375183       -0.0000000000       -0.0116959597
 Sum of gradient contribution from Analytic 2e
              0.0000000000       -0.0000000000        0.0000000000
 
 
  Gradient contribution from Final-grad(no XC)
      1        0.0000000000       -0.0000000000       -0.0069680056
      2        0.0000000000        0.0000000000        0.0049780086
      3        0.0007712319       -0.0000000000        0.0009949985
      4       -0.0007712319        0.0000000000        0.0009949985
 Sum of gradient contribution from Final-grad(no XC)
              0.0000000000        0.0000000000       -0.0000000000
 
 
 [resp_deriv_Exc]
 
 
 ---------------------------------------------------------------
  Timing for XC energy gradient calculation
 
  CPU TIME(S)      SYSTEM TIME(S)     WALL TIME(S)
          6.430            0.020               0.810
 ---------------------------------------------------------------
 
  Gradient contribution from XC
      1        0.0000000000        0.0000000000       -0.0111956362
      2        0.0000000000       -0.0000000000        0.0091770217
      3        0.0014523912       -0.0000000000        0.0010093078
      4       -0.0014523912        0.0000000000        0.0010093078
 Sum of gradient contribution from XC
              0.0000000000       -0.0000000000        0.0000000010
 
 
 [resp_deriv_dpq]
 
  Gradient contribution from dpq-R
      1        0.0000000000        0.0000000000        0.0061395920
      2        0.0000000000        0.0000000000        0.0008413537
      3       -0.0008824438        0.0000000000       -0.0006148635
      4        0.0008824438       -0.0000000000       -0.0006148635
 Sum of gradient contribution from dpq-R
              0.0000000000        0.0000000000        0.0057512187
 
  Gradient contribution from Final-NAC(R)
      1        0.0000000000        0.0000000000       -0.0120240498
      2        0.0000000000       -0.0000000000        0.0149963840
      3        0.0013411793       -0.0000000000        0.0013894427
      4       -0.0013411793        0.0000000000        0.0013894427
 Sum of gradient contribution from Final-NAC(R)
              0.0000000000       -0.0000000000        0.0057512196
 
 ------------------------------------------------------------------
 
 Raw NACMEs, without electron-translation factor:
  FNAC_cpair=   0   0   0     1   1   2
  FNAC_epair=         -114.0940664490715903         -113.8133821573539990
  Gradient contribution from Final-NAC(R)-Escaled
      1        0.0000000000        0.0000000000       -0.0428383426
      2        0.0000000000       -0.0000000000        0.0534279418
      3        0.0047782485       -0.0000000000        0.0049501977
      4       -0.0047782485        0.0000000000        0.0049501977
 Sum of gradient contribution from Final-NAC(R)-Escaled
              0.0000000000       -0.0000000000        0.0204899947
 
 ------------------------------------------------------------------
  Gradient contribution from dpq-S
      1        0.0000000000       -0.0000000000        0.0027239763
      2        0.0000000000       -0.0000000000       -0.0021059316
      3       -0.0006973533        0.0000000000       -0.0003090223
      4        0.0006973533       -0.0000000000       -0.0003090223
 Sum of gradient contribution from dpq-S
              0.0000000000       -0.0000000000       -0.0000000000
 
  Gradient contribution from Final-NAC(S)
      1        0.0000000000        0.0000000000       -0.0154396656
      2        0.0000000000       -0.0000000000        0.0120490987
      3        0.0015262697       -0.0000000000        0.0016952840
      4       -0.0015262697        0.0000000000        0.0016952840
 Sum of gradient contribution from Final-NAC(S)
              0.0000000000       -0.0000000000        0.0000000010
 
 
 NACMEs including electron-translation factor:
  Gradient contribution from Final-NAC(S)-Escaled
      1        0.0000000000        0.0000000000       -0.0550072308
      2        0.0000000000       -0.0000000000        0.0429275846
      3        0.0054376742       -0.0000000000        0.0060398248
      4       -0.0054376742        0.0000000000        0.0060398248
 Sum of gradient contribution from Final-NAC(S)-Escaled
              0.0000000000       -0.0000000000        0.0000000034
 
 
 [resp_ex_final] : iop=                     2
 
 
 [resp_ex_final] : iop=                     0
 
 
  <irep: 2 jnsos:     327 jnexi:   4>
 
 [resp_ex_init]
 
  Check normalization:
  R^t*L(vec)=   1.00000000000000     
  R^t*L(mat)=   1.00000000000000     
 
 =================================
  PairIJ=   0   0   0   1   2   1
 =================================
 
 [resp_nac_main1]
 
  wI0 =  0.138852090360894     
 
 [resp_ex_Zmo] : Solving Z-vector equation ...
 
 respcphf%isolver=                     2                     1
 
 [resp_cphf_solver]
  isf  =                     0
  freq =  0.000000000000000E+000
 
 
 [LinearSolver]: ndim=                  1047
  Norm of RHS =   0.133258080961160     
 Initial Guess of CPHF vector                     0                     0
   iter  Ndim        |res|           |x|           time/s
    1      1    0.764367E-01    0.979532E+00       0.000
    2      2    0.151815E-01    0.102425E+01       0.280
    3      3    0.489353E-02    0.102397E+01       0.270
    4      4    0.473826E-03    0.102615E+01       0.280
    5      5    0.163577E-03    0.102598E+01       0.280
    6      6    0.109965E-04    0.102599E+01       0.270
    7      7    0.344888E-05    0.102599E+01       0.270
    8      8    0.237058E-06    0.102599E+01       0.270
    9      9    0.769332E-07    0.102599E+01       0.280
   10     10    0.514865E-08    0.102599E+01       0.270
   11     11    0.159111E-08    0.102599E+01       0.280
   12     12    0.103325E-09    0.102599E+01       0.280
   13     13    0.235873E-10    0.102599E+01       0.270
   14     14    0.142164E-11    0.102599E+01       0.270
   15     15    0.351278E-12    0.102599E+01       0.200
  Converged ! |Res|=  3.512783057485605E-013  iter=                    15
 
 [resp_ex_Wmo]
 
  Skewness of Wmo(C,C) =  4.932977775784957E-018
  Skewness of Wmo(C,V) =  1.850940521956408E-013
  Skewness of Wmo(V,V) =  0.000000000000000E+000
  Skewness of Wmo(C,O) =  4.838973067866222E-019
  Skewness of Wmo(O,V) =  5.825013754813367E-013
  Skewness of Wmo(O,O) =  0.000000000000000E+000
 
 [resp_deriv_energy]
 
 
 [resp_deriv1e_fock_new]
 
 
|--------------------------------------------------------------------------------|
          Molecular gradient - Overlap contribution
 
        Atom            X                    Y                    Z
        C              0.0000000000          0.0000000000          0.0000000000
        O              0.0000000000          0.0000000000          0.0000000000
        H             -0.0000000000          0.0156907758          0.0000000000
        H             -0.0000000000         -0.0156907758          0.0000000000
|--------------------------------------------------------------------------------|
 
 
|--------------------------------------------------------------------------------|
          Molecular gradient - Kinetic energy contribution
 
        Atom            X                    Y                    Z
        C              0.0000000000          0.0000000000          0.0000000000
        O             -0.0000000000          0.0000000000          0.0000000000
        H             -0.0000000000          0.0129290943          0.0000000000
        H             -0.0000000000         -0.0129290943          0.0000000000
|--------------------------------------------------------------------------------|
 
 
|--------------------------------------------------------------------------------|
          Molecular gradient - Nuclear attraction energy contribution
 
        Atom            X                    Y                    Z
        C             -0.0000000000          0.0000000000          0.0000000000
        O             -0.0000000000          0.0000000000          0.0000000000
        H             -0.0000000000         -0.2050419528          0.0000000000
        H              0.0000000000          0.2050419528          0.0000000000
|--------------------------------------------------------------------------------|
 
 
 ---------------------------------------------------------------
  Timing to calculate 1-electronic integrals                                      
 
  CPU TIME(S)      SYSTEM TIME(S)     WALL TIME(S)
          0.010            0.000               0.000
 ---------------------------------------------------------------
 
  Gradient contribution from 1e
      1       -0.0000000000        0.0000000000        0.0000000000
      2       -0.0000000000        0.0000000000        0.0000000000
      3       -0.0000000000       -0.1764220827        0.0000000000
      4        0.0000000000        0.1764220827        0.0000000000
 Sum of gradient contribution from 1e
              0.0000000000        0.0000000000        0.0000000000
 
 
 [resp_deriv2e]
 
resp deriv type   4
 Number of cartesian primative basis functions :      188
 If used primative density matrix:  F
  [int2e_petite_1st_gradient_screened]
 Total length of P4 ERIs 1st gradient:             1365957
 Maxium length of a batch of ERI 1st gradient:           50625
 Maxium length of a batch of dens matrix     :          320000
 Lenght of eri-grad core                     :         2350416
 If primative density matrix is used         : F
 Number of OpenMP threads                    :   8
 ngrad=                     1
 Esitmate buffer meomory used:        0.1592 GB
 
|--------------------------------------------------------------------------------|
          Molecular gradient - Elec Repulsive contribution
 
        Atom            X                    Y                    Z
        C              0.0000000000          0.0000000000          0.0000000000
        O              0.0000000000          0.0000000000          0.0000000000
        H              0.0000000000          0.1638592196          0.0000000000
        H             -0.0000000000         -0.1638592196          0.0000000000
|--------------------------------------------------------------------------------|
 
 
 ---------------------------------------------------------------
  Timing to calculate 2-electronic integrals Gradients                            
 
  CPU TIME(S)      SYSTEM TIME(S)     WALL TIME(S)
          4.110            0.020               0.510
 ---------------------------------------------------------------
 
 Time:   PreRys     Rys    2dint    2dintd   6dint  6dintc  6dints
cputime    0.00E+00    0.00E+00    0.00E+00    0.00E+00    0.00E+00    0.00E+00    0.00E+00    0.00E+00
systime    0.00E+00    0.00E+00    0.00E+00    0.00E+00    0.00E+00    0.00E+00    0.00E+00    0.00E+00
waltime    0.00E+00    0.00E+00    0.00E+00    0.00E+00    0.00E+00    0.00E+00    0.00E+00    0.00E+00
 Finish resp_deriv2e
  Gradient contribution from Analytic 2e
      1        0.0000000000        0.0000000000        0.0000000000
      2        0.0000000000        0.0000000000        0.0000000000
      3        0.0000000000        0.1638592196        0.0000000000
      4       -0.0000000000       -0.1638592196        0.0000000000
 Sum of gradient contribution from Analytic 2e
              0.0000000000        0.0000000000        0.0000000000
 
 
  Gradient contribution from Final-grad(no XC)
      1       -0.0000000000        0.0000000000        0.0000000000
      2        0.0000000000        0.0000000000        0.0000000000
      3       -0.0000000000       -0.0125628631        0.0000000000
      4        0.0000000000        0.0125628631        0.0000000000
 Sum of gradient contribution from Final-grad(no XC)
              0.0000000000        0.0000000000        0.0000000000
 
 
 [resp_deriv_Exc]
 
 
 ---------------------------------------------------------------
  Timing for XC energy gradient calculation
 
  CPU TIME(S)      SYSTEM TIME(S)     WALL TIME(S)
          6.340            0.010               0.800
 ---------------------------------------------------------------
 
  Gradient contribution from XC
      1        0.0000000000       -0.0000000000        0.0000000000
      2       -0.0000000000        0.0000000000        0.0000000000
      3       -0.0000000000       -0.0129567805        0.0000000000
      4        0.0000000000        0.0129567805        0.0000000000
 Sum of gradient contribution from XC
             -0.0000000000        0.0000000000        0.0000000000
 
 
 [resp_deriv_dpq]
 
  Gradient contribution from dpq-R
      1        0.0000000000        0.0000000000       -0.0000000000
      2       -0.0000000000        0.0000000000       -0.0000000000
      3        0.0000000000        0.0025470043        0.0000000000
      4       -0.0000000000       -0.0025470043        0.0000000000
 Sum of gradient contribution from dpq-R
              0.0000000000        0.0000000000        0.0000000000
 
  Gradient contribution from Final-NAC(R)
      1        0.0000000000       -0.0000000000       -0.0000000000
      2       -0.0000000000        0.0000000000       -0.0000000000
      3       -0.0000000000       -0.0229726393        0.0000000000
      4        0.0000000000        0.0229726393        0.0000000000
 Sum of gradient contribution from Final-NAC(R)
             -0.0000000000        0.0000000000        0.0000000000
 
 ------------------------------------------------------------------
 
 Raw NACMEs, without electron-translation factor:
  FNAC_cpair=   0   0   0     1   2   1
  FNAC_epair=         -114.0940664490715903         -113.9552143587106912
  Gradient contribution from Final-NAC(R)-Escaled
      1        0.0000000000       -0.0000000000       -0.0000000000
      2       -0.0000000000        0.0000000000       -0.0000000000
      3       -0.0000000000       -0.1654468377        0.0000000000
      4        0.0000000000        0.1654468377        0.0000000000
 Sum of gradient contribution from Final-NAC(R)-Escaled
             -0.0000000000        0.0000000000        0.0000000000
 
 ------------------------------------------------------------------
  Gradient contribution from dpq-S
      1        0.0000000000        0.0000000000       -0.0000000000
      2       -0.0000000000        0.0000000000       -0.0000000000
      3        0.0000000000        0.0018136863        0.0000000000
      4       -0.0000000000       -0.0018136863        0.0000000000
 Sum of gradient contribution from dpq-S
              0.0000000000        0.0000000000       -0.0000000000
 
  Gradient contribution from Final-NAC(S)
      1        0.0000000000       -0.0000000000       -0.0000000000
      2       -0.0000000000        0.0000000000       -0.0000000000
      3       -0.0000000000       -0.0237059572        0.0000000000
      4        0.0000000000        0.0237059572        0.0000000000
 Sum of gradient contribution from Final-NAC(S)
             -0.0000000000        0.0000000000       -0.0000000000
 
 
 NACMEs including electron-translation factor:
  Gradient contribution from Final-NAC(S)-Escaled
      1        0.0000000000       -0.0000000000       -0.0000000000
      2       -0.0000000000        0.0000000000       -0.0000000000
      3       -0.0000000000       -0.1707281264        0.0000000000
      4        0.0000000000        0.1707281264        0.0000000000
 Sum of gradient contribution from Final-NAC(S)-Escaled
             -0.0000000000        0.0000000000       -0.0000000000
 
 
 [resp_ex_final] : iop=                     2
 
 
 [resp_ex_final] : iop=                     0
 
 
 [resp_ex_init]
 
  Check normalization:
  R^t*L(vec)=   1.00000000000000     
  R^t*L(mat)=   1.00000000000000     
 
 =================================
  PairIJ=   0   0   0   1   2   2
 =================================
 
 [resp_nac_main1]
 
  wI0 =  0.209292399998315     
 
 [resp_ex_Zmo] : Solving Z-vector equation ...
 
 respcphf%isolver=                     2                     1
 
 [resp_cphf_solver]
  isf  =                     0
  freq =  0.000000000000000E+000
 
 
 [LinearSolver]: ndim=                  1047
  Norm of RHS =   0.211414942609715     
 Initial Guess of CPHF vector                     0                     0
   iter  Ndim        |res|           |x|           time/s
    1      1    0.848260E-01    0.934819E+00       0.000
    2      2    0.198763E-01    0.983953E+00       0.270
    3      3    0.333677E-02    0.984668E+00       0.280
    4      4    0.317266E-03    0.984926E+00       0.270
    5      5    0.911427E-04    0.984945E+00       0.270
    6      6    0.733743E-05    0.984935E+00       0.280
    7      7    0.103679E-05    0.984935E+00       0.280
    8      8    0.165815E-06    0.984935E+00       0.270
    9      9    0.281562E-07    0.984935E+00       0.280
   10     10    0.374856E-08    0.984935E+00       0.280
   11     11    0.609549E-09    0.984935E+00       0.280
   12     12    0.472871E-10    0.984935E+00       0.270
   13     13    0.146646E-10    0.984935E+00       0.260
   14     14    0.863077E-12    0.984935E+00       0.260
  Converged ! |Res|=  8.630765274731363E-013  iter=                    14
 
 [resp_ex_Wmo]
 
  Skewness of Wmo(C,C) =  3.220716983312160E-019
  Skewness of Wmo(C,V) =  1.792813892556932E-012
  Skewness of Wmo(V,V) =  0.000000000000000E+000
  Skewness of Wmo(C,O) =  3.674144332333949E-015
  Skewness of Wmo(O,V) =  1.022560500837926E-012
  Skewness of Wmo(O,O) =  0.000000000000000E+000
 
 [resp_deriv_energy]
 
 
 [resp_deriv1e_fock_new]
 
 
|--------------------------------------------------------------------------------|
          Molecular gradient - Overlap contribution
 
        Atom            X                    Y                    Z
        C             -0.0000000000         -0.0000000000          0.0000000000
        O              0.0000000000          0.0000000000          0.0000000000
        H             -0.0000000000         -0.0170338267          0.0000000000
        H              0.0000000000          0.0170338267          0.0000000000
|--------------------------------------------------------------------------------|
 
 
|--------------------------------------------------------------------------------|
          Molecular gradient - Kinetic energy contribution
 
        Atom            X                    Y                    Z
        C             -0.0000000000          0.0000000000          0.0000000000
        O             -0.0000000000          0.0000000000          0.0000000000
        H              0.0000000000         -0.0228665352          0.0000000000
        H              0.0000000000          0.0228665352          0.0000000000
|--------------------------------------------------------------------------------|
 
 
|--------------------------------------------------------------------------------|
          Molecular gradient - Nuclear attraction energy contribution
 
        Atom            X                    Y                    Z
        C              0.0000000000          0.0000000000          0.0000000000
        O             -0.0000000000          0.0000000000          0.0000000000
        H              0.0000000000          0.2922071126          0.0000000000
        H             -0.0000000000         -0.2922071126          0.0000000000
|--------------------------------------------------------------------------------|
 
 
 ---------------------------------------------------------------
  Timing to calculate 1-electronic integrals                                      
 
  CPU TIME(S)      SYSTEM TIME(S)     WALL TIME(S)
          0.000            0.010               0.010
 ---------------------------------------------------------------
 
  Gradient contribution from 1e
      1        0.0000000000       -0.0000000000        0.0000000000
      2       -0.0000000000        0.0000000000        0.0000000000
      3        0.0000000000        0.2523067508        0.0000000000
      4       -0.0000000000       -0.2523067508        0.0000000000
 Sum of gradient contribution from 1e
              0.0000000000        0.0000000000        0.0000000000
 
 
 [resp_deriv2e]
 
resp deriv type   4
 Number of cartesian primative basis functions :      188
 If used primative density matrix:  F
  [int2e_petite_1st_gradient_screened]
 Total length of P4 ERIs 1st gradient:             1365957
 Maxium length of a batch of ERI 1st gradient:           50625
 Maxium length of a batch of dens matrix     :          320000
 Lenght of eri-grad core                     :         2350416
 If primative density matrix is used         : F
 Number of OpenMP threads                    :   8
 ngrad=                     1
 Esitmate buffer meomory used:        0.1592 GB
 
|--------------------------------------------------------------------------------|
          Molecular gradient - Elec Repulsive contribution
 
        Atom            X                    Y                    Z
        C             -0.0000000000          0.0000000000          0.0000000000
        O             -0.0000000000          0.0000000000          0.0000000000
        H             -0.0000000000         -0.2303900254          0.0000000000
        H              0.0000000000          0.2303900254          0.0000000000
|--------------------------------------------------------------------------------|
 
 
 ---------------------------------------------------------------
  Timing to calculate 2-electronic integrals Gradients                            
 
  CPU TIME(S)      SYSTEM TIME(S)     WALL TIME(S)
          4.050            0.010               0.510
 ---------------------------------------------------------------
 
 Time:   PreRys     Rys    2dint    2dintd   6dint  6dintc  6dints
cputime    0.00E+00    0.00E+00    0.00E+00    0.00E+00    0.00E+00    0.00E+00    0.00E+00    0.00E+00
systime    0.00E+00    0.00E+00    0.00E+00    0.00E+00    0.00E+00    0.00E+00    0.00E+00    0.00E+00
waltime    0.00E+00    0.00E+00    0.00E+00    0.00E+00    0.00E+00    0.00E+00    0.00E+00    0.00E+00
 Finish resp_deriv2e
  Gradient contribution from Analytic 2e
      1       -0.0000000000        0.0000000000        0.0000000000
      2       -0.0000000000        0.0000000000        0.0000000000
      3       -0.0000000000       -0.2303900254        0.0000000000
      4        0.0000000000        0.2303900254        0.0000000000
 Sum of gradient contribution from Analytic 2e
              0.0000000000        0.0000000000        0.0000000000
 
 
  Gradient contribution from Final-grad(no XC)
      1        0.0000000000       -0.0000000000        0.0000000000
      2       -0.0000000000        0.0000000000        0.0000000000
      3        0.0000000000        0.0219167253        0.0000000000
      4       -0.0000000000       -0.0219167253        0.0000000000
 Sum of gradient contribution from Final-grad(no XC)
              0.0000000000        0.0000000000        0.0000000000
 
 
 [resp_deriv_Exc]
 
 
 ---------------------------------------------------------------
  Timing for XC energy gradient calculation
 
  CPU TIME(S)      SYSTEM TIME(S)     WALL TIME(S)
          6.170            0.010               0.770
 ---------------------------------------------------------------
 
  Gradient contribution from XC
      1       -0.0000000000        0.0000000000        0.0000000000
      2        0.0000000000        0.0000000000        0.0000000000
      3        0.0000000000        0.0195671386        0.0000000000
      4       -0.0000000000       -0.0195671386        0.0000000000
 Sum of gradient contribution from XC
             -0.0000000000        0.0000000000        0.0000000000
 
 
 [resp_deriv_dpq]
 
  Gradient contribution from dpq-R
      1       -0.0000000000        0.0000000000        0.0000000000
      2        0.0000000000       -0.0000000000       -0.0000000000
      3        0.0000000000        0.0038547746        0.0000000000
      4       -0.0000000000       -0.0038547746        0.0000000000
 Sum of gradient contribution from dpq-R
             -0.0000000000        0.0000000000        0.0000000000
 
  Gradient contribution from Final-NAC(R)
      1       -0.0000000000        0.0000000000        0.0000000000
      2       -0.0000000000        0.0000000000       -0.0000000000
      3        0.0000000000        0.0453386386        0.0000000000
      4       -0.0000000000       -0.0453386386        0.0000000000
 Sum of gradient contribution from Final-NAC(R)
             -0.0000000000        0.0000000000        0.0000000000
 
 ------------------------------------------------------------------
 
 Raw NACMEs, without electron-translation factor:
  FNAC_cpair=   0   0   0     1   2   2
  FNAC_epair=         -114.0940664490715903         -113.8847740490732718
  Gradient contribution from Final-NAC(R)-Escaled
      1       -0.0000000000        0.0000000000        0.0000000000
      2       -0.0000000000        0.0000000000       -0.0000000000
      3        0.0000000000        0.2166282130        0.0000000000
      4       -0.0000000000       -0.2166282130        0.0000000000
 Sum of gradient contribution from Final-NAC(R)-Escaled
             -0.0000000000        0.0000000000        0.0000000000
 
 ------------------------------------------------------------------
  Gradient contribution from dpq-S
      1       -0.0000000000        0.0000000000        0.0000000000
      2        0.0000000000       -0.0000000000       -0.0000000000
      3       -0.0000000000       -0.0038503352       -0.0000000000
      4        0.0000000000        0.0038503352       -0.0000000000
 Sum of gradient contribution from dpq-S
             -0.0000000000        0.0000000000        0.0000000000
 
  Gradient contribution from Final-NAC(S)
      1       -0.0000000000        0.0000000000        0.0000000000
      2       -0.0000000000        0.0000000000       -0.0000000000
      3        0.0000000000        0.0376335287       -0.0000000000
      4       -0.0000000000       -0.0376335287       -0.0000000000
 Sum of gradient contribution from Final-NAC(S)
             -0.0000000000        0.0000000000        0.0000000000
 
 
 NACMEs including electron-translation factor:
  Gradient contribution from Final-NAC(S)-Escaled
      1       -0.0000000000        0.0000000000        0.0000000000
      2       -0.0000000000        0.0000000000       -0.0000000000
      3        0.0000000000        0.1798131644       -0.0000000000
      4       -0.0000000000       -0.1798131644       -0.0000000000
 Sum of gradient contribution from Final-NAC(S)-Escaled
             -0.0000000000        0.0000000000        0.0000000000
 
 
 [resp_ex_final] : iop=                     2
 
 
 [resp_ex_final] : iop=                     0
 
 
 [resp_ex_init]
 
  Check normalization:
  R^t*L(vec)=   1.00000000000000     
  R^t*L(mat)=   1.00000000000000     
 
 =================================
  PairIJ=   0   0   0   1   2   3
 =================================
 
 [resp_nac_main1]
 
  wI0 =  0.354579990738810     
 
 [resp_ex_Zmo] : Solving Z-vector equation ...
 
 respcphf%isolver=                     2                     1
 
 [resp_cphf_solver]
  isf  =                     0
  freq =  0.000000000000000E+000
 
 
 [LinearSolver]: ndim=                  1047
  Norm of RHS =   0.455812517470610     
 Initial Guess of CPHF vector                     0                     0
   iter  Ndim        |res|           |x|           time/s
    1      1    0.117322E+00    0.109658E+01       0.000
    2      2    0.240879E-01    0.114641E+01       0.270
    3      3    0.462867E-02    0.115053E+01       0.280
    4      4    0.524355E-03    0.115070E+01       0.280
    5      5    0.967606E-04    0.115069E+01       0.280
    6      6    0.110433E-04    0.115069E+01       0.280
    7      7    0.231343E-05    0.115069E+01       0.270
    8      8    0.248917E-06    0.115069E+01       0.280
    9      9    0.509211E-07    0.115069E+01       0.280
   10     10    0.565979E-08    0.115069E+01       0.270
   11     11    0.890788E-09    0.115069E+01       0.280
   12     12    0.117975E-09    0.115069E+01       0.270
   13     13    0.102932E-10    0.115069E+01       0.280
   14     14    0.190814E-11    0.115069E+01       0.260
   15     15    0.222457E-12    0.115069E+01       0.220
  Converged ! |Res|=  2.224565817323781E-013  iter=                    15
 
 [resp_ex_Wmo]
 
  Skewness of Wmo(C,C) =  4.000953483192106E-018
  Skewness of Wmo(C,V) =  2.210330085359258E-013
  Skewness of Wmo(V,V) =  0.000000000000000E+000
  Skewness of Wmo(C,O) =  6.938896174508571E-017
  Skewness of Wmo(O,V) =  2.180673171412610E-013
  Skewness of Wmo(O,O) =  0.000000000000000E+000
 
 [resp_deriv_energy]
 
 
 [resp_deriv1e_fock_new]
 
 
|--------------------------------------------------------------------------------|
          Molecular gradient - Overlap contribution
 
        Atom            X                    Y                    Z
        C              0.0000000000          0.0000000000          0.0000000000
        O             -0.0000000000          0.0000000000          0.0000000000
        H              0.0000000000          0.0207538708          0.0000000000
        H             -0.0000000000         -0.0207538708          0.0000000000
|--------------------------------------------------------------------------------|
 
 
|--------------------------------------------------------------------------------|
          Molecular gradient - Kinetic energy contribution
 
        Atom            X                    Y                    Z
        C              0.0000000000          0.0000000000          0.0000000000
        O             -0.0000000000          0.0000000000          0.0000000000
        H              0.0000000000          0.0253582823          0.0000000000
        H             -0.0000000000         -0.0253582823          0.0000000000
|--------------------------------------------------------------------------------|
 
 
|--------------------------------------------------------------------------------|
          Molecular gradient - Nuclear attraction energy contribution
 
        Atom            X                    Y                    Z
        C             -0.0000000000          0.0000000000          0.0000000000
        O              0.0000000000          0.0000000000          0.0000000000
        H             -0.0000000000         -0.3462906505          0.0000000000
        H              0.0000000000          0.3462906505          0.0000000000
|--------------------------------------------------------------------------------|
 
 
 ---------------------------------------------------------------
  Timing to calculate 1-electronic integrals                                      
 
  CPU TIME(S)      SYSTEM TIME(S)     WALL TIME(S)
          0.010            0.000               0.000
 ---------------------------------------------------------------
 
  Gradient contribution from 1e
      1       -0.0000000000        0.0000000000        0.0000000000
      2        0.0000000000        0.0000000000        0.0000000000
      3       -0.0000000000       -0.3001784974        0.0000000000
      4        0.0000000000        0.3001784974        0.0000000000
 Sum of gradient contribution from 1e
              0.0000000000        0.0000000000        0.0000000000
 
 
 [resp_deriv2e]
 
resp deriv type   4
 Number of cartesian primative basis functions :      188
 If used primative density matrix:  F
  [int2e_petite_1st_gradient_screened]
 Total length of P4 ERIs 1st gradient:             1365957
 Maxium length of a batch of ERI 1st gradient:           50625
 Maxium length of a batch of dens matrix     :          320000
 Lenght of eri-grad core                     :         2350416
 If primative density matrix is used         : F
 Number of OpenMP threads                    :   8
 ngrad=                     1
 Esitmate buffer meomory used:        0.1592 GB
 
|--------------------------------------------------------------------------------|
          Molecular gradient - Elec Repulsive contribution
 
        Atom            X                    Y                    Z
        C              0.0000000000          0.0000000000          0.0000000000
        O             -0.0000000000          0.0000000000          0.0000000000
        H              0.0000000000          0.2744613561          0.0000000000
        H             -0.0000000000         -0.2744613561          0.0000000000
|--------------------------------------------------------------------------------|
 
 
 ---------------------------------------------------------------
  Timing to calculate 2-electronic integrals Gradients                            
 
  CPU TIME(S)      SYSTEM TIME(S)     WALL TIME(S)
          4.040            0.010               0.510
 ---------------------------------------------------------------
 
 Time:   PreRys     Rys    2dint    2dintd   6dint  6dintc  6dints
cputime    0.00E+00    0.00E+00    0.00E+00    0.00E+00    0.00E+00    0.00E+00    0.00E+00    0.00E+00
systime    0.00E+00    0.00E+00    0.00E+00    0.00E+00    0.00E+00    0.00E+00    0.00E+00    0.00E+00
waltime    0.00E+00    0.00E+00    0.00E+00    0.00E+00    0.00E+00    0.00E+00    0.00E+00    0.00E+00
 Finish resp_deriv2e
  Gradient contribution from Analytic 2e
      1        0.0000000000        0.0000000000        0.0000000000
      2       -0.0000000000        0.0000000000        0.0000000000
      3        0.0000000000        0.2744613561        0.0000000000
      4       -0.0000000000       -0.2744613561        0.0000000000
 Sum of gradient contribution from Analytic 2e
              0.0000000000        0.0000000000        0.0000000000
 
 
  Gradient contribution from Final-grad(no XC)
      1       -0.0000000000        0.0000000000        0.0000000000
      2       -0.0000000000        0.0000000000        0.0000000000
      3       -0.0000000000       -0.0257171413        0.0000000000
      4        0.0000000000        0.0257171413        0.0000000000
 Sum of gradient contribution from Final-grad(no XC)
              0.0000000000        0.0000000000        0.0000000000
 
 
 [resp_deriv_Exc]
 
 
 ---------------------------------------------------------------
  Timing for XC energy gradient calculation
 
  CPU TIME(S)      SYSTEM TIME(S)     WALL TIME(S)
          6.090            0.010               0.760
 ---------------------------------------------------------------
 
  Gradient contribution from XC
      1       -0.0000000000       -0.0000000000        0.0000000000
      2        0.0000000000        0.0000000000        0.0000000000
      3       -0.0000000000       -0.0226277993        0.0000000000
      4        0.0000000000        0.0226277993        0.0000000000
 Sum of gradient contribution from XC
             -0.0000000000        0.0000000000        0.0000000000
 
 
 [resp_deriv_dpq]
 
  Gradient contribution from dpq-R
      1        0.0000000000       -0.0000000000       -0.0000000000
      2       -0.0000000000       -0.0000000000        0.0000000000
      3        0.0000000000       -0.0055101590       -0.0000000000
      4       -0.0000000000        0.0055101590       -0.0000000000
 Sum of gradient contribution from dpq-R
             -0.0000000000       -0.0000000000       -0.0000000000
 
  Gradient contribution from Final-NAC(R)
      1       -0.0000000000       -0.0000000000       -0.0000000000
      2        0.0000000000        0.0000000000        0.0000000000
      3       -0.0000000000       -0.0538550996       -0.0000000000
      4        0.0000000000        0.0538550996       -0.0000000000
 Sum of gradient contribution from Final-NAC(R)
             -0.0000000000        0.0000000000       -0.0000000000
 
 ------------------------------------------------------------------
 
 Raw NACMEs, without electron-translation factor:
  FNAC_cpair=   0   0   0     1   2   3
  FNAC_epair=         -114.0940664490715903         -113.7394864583327774
  Gradient contribution from Final-NAC(R)-Escaled
      1       -0.0000000000       -0.0000000000       -0.0000000000
      2        0.0000000000        0.0000000000        0.0000000000
      3       -0.0000000000       -0.1518842039       -0.0000000000
      4        0.0000000000        0.1518842039       -0.0000000000
 Sum of gradient contribution from Final-NAC(R)-Escaled
             -0.0000000000        0.0000000000       -0.0000000000
 
 ------------------------------------------------------------------
  Gradient contribution from dpq-S
      1        0.0000000000       -0.0000000000       -0.0000000000
      2        0.0000000000       -0.0000000000        0.0000000000
      3        0.0000000000        0.0090434573        0.0000000000
      4       -0.0000000000       -0.0090434573        0.0000000000
 Sum of gradient contribution from dpq-S
              0.0000000000       -0.0000000000       -0.0000000000
 
  Gradient contribution from Final-NAC(S)
      1       -0.0000000000       -0.0000000000       -0.0000000000
      2        0.0000000000        0.0000000000        0.0000000000
      3       -0.0000000000       -0.0393014833        0.0000000000
      4        0.0000000000        0.0393014833        0.0000000000
 Sum of gradient contribution from Final-NAC(S)
             -0.0000000000        0.0000000000       -0.0000000000
 
 
 NACMEs including electron-translation factor:
  Gradient contribution from Final-NAC(S)-Escaled
      1       -0.0000000000       -0.0000000000       -0.0000000000
      2        0.0000000000        0.0000000000        0.0000000000
      3       -0.0000000000       -0.1108395407        0.0000000000
      4        0.0000000000        0.1108395407        0.0000000000
 Sum of gradient contribution from Final-NAC(S)-Escaled
             -0.0000000000        0.0000000000       -0.0000000000
 
 
 [resp_ex_final] : iop=                     2
 
 
 [resp_ex_final] : iop=                     0
 
 
  <irep: 3 jnsos:     546 jnexi:   4>
 
 [resp_ex_init]
 
  Check normalization:
  R^t*L(vec)=   1.00000000000000     
  R^t*L(mat)=  0.999999999999999     
 
 =================================
  PairIJ=   0   0   0   1   3   1
 =================================
 
 [resp_nac_main1]
 
  wI0 =  0.192738967975340     
 
 [resp_ex_Zmo] : Solving Z-vector equation ...
 
 respcphf%isolver=                     2                     1
 
 [resp_cphf_solver]
  isf  =                     0
  freq =  0.000000000000000E+000
 
 
 [LinearSolver]: ndim=                  1047
  Norm of RHS =   0.191348919016034     
 Initial Guess of CPHF vector                     0                     0
   iter  Ndim        |res|           |x|           time/s
    1      1    0.932646E-01    0.921382E+00       0.000
    2      2    0.238493E-01    0.985785E+00       0.270
    3      3    0.697181E-02    0.992783E+00       0.280
    4      4    0.136756E-02    0.994565E+00       0.270
    5      5    0.353360E-03    0.994289E+00       0.280
    6      6    0.610105E-04    0.994273E+00       0.270
    7      7    0.903654E-05    0.994261E+00       0.280
    8      8    0.233271E-05    0.994262E+00       0.280
    9      9    0.282450E-06    0.994261E+00       0.280
   10     10    0.750480E-07    0.994261E+00       0.270
   11     11    0.963283E-08    0.994261E+00       0.280
   12     12    0.235553E-08    0.994261E+00       0.280
   13     13    0.331859E-09    0.994261E+00       0.280
   14     14    0.893278E-10    0.994261E+00       0.280
   15     15    0.106530E-10    0.994261E+00       0.270
   16     16    0.234265E-11    0.994261E+00       0.270
   17     17    0.321433E-12    0.994261E+00       0.220
  Converged ! |Res|=  3.214327397231355E-013  iter=                    17
 
 [resp_ex_Wmo]
 
  Skewness of Wmo(C,C) =  2.499755693313297E-017
  Skewness of Wmo(C,V) =  4.196273086699858E-013
  Skewness of Wmo(V,V) =  0.000000000000000E+000
  Skewness of Wmo(C,O) =  1.115049230131889E-012
  Skewness of Wmo(O,V) =  4.894428683884992E-013
  Skewness of Wmo(O,O) =  0.000000000000000E+000
 
 [resp_deriv_energy]
 
 
 [resp_deriv1e_fock_new]
 
 
|--------------------------------------------------------------------------------|
          Molecular gradient - Overlap contribution
 
        Atom            X                    Y                    Z
        C              0.0591115798         -0.0000000000          0.0000000000
        O             -0.0671262867          0.0000000000          0.0000000000
        H              0.0040073535          0.0000000000          0.0143757445
        H              0.0040073535         -0.0000000000         -0.0143757445
|--------------------------------------------------------------------------------|
 
 
|--------------------------------------------------------------------------------|
          Molecular gradient - Kinetic energy contribution
 
        Atom            X                    Y                    Z
        C              0.1562799303         -0.0000000000          0.0000000000
        O             -0.1225281821          0.0000000000          0.0000000000
        H             -0.0168758741          0.0000000000          0.0006307809
        H             -0.0168758741          0.0000000000         -0.0006307809
|--------------------------------------------------------------------------------|
 
 
|--------------------------------------------------------------------------------|
          Molecular gradient - Nuclear attraction energy contribution
 
        Atom            X                    Y                    Z
        C             -1.6098971751          0.0000000000          0.0000000000
        O              1.3395027398         -0.0000000000          0.0000000000
        H              0.1351972177         -0.0000000000         -0.0918408644
        H              0.1351972177         -0.0000000000          0.0918408644
|--------------------------------------------------------------------------------|
 
 
 ---------------------------------------------------------------
  Timing to calculate 1-electronic integrals                                      
 
  CPU TIME(S)      SYSTEM TIME(S)     WALL TIME(S)
          0.010            0.000               0.000
 ---------------------------------------------------------------
 
  Gradient contribution from 1e
      1       -1.3945056651        0.0000000000        0.0000000000
      2        1.1498482709       -0.0000000000        0.0000000000
      3        0.1223286971       -0.0000000000       -0.0768343390
      4        0.1223286971       -0.0000000000        0.0768343390
 Sum of gradient contribution from 1e
             -0.0000000000        0.0000000000        0.0000000000
 
 
 [resp_deriv2e]
 
resp deriv type   4
 Number of cartesian primative basis functions :      188
 If used primative density matrix:  F
  [int2e_petite_1st_gradient_screened]
 Total length of P4 ERIs 1st gradient:             1365957
 Maxium length of a batch of ERI 1st gradient:           50625
 Maxium length of a batch of dens matrix     :          320000
 Lenght of eri-grad core                     :         2350416
 If primative density matrix is used         : F
 Number of OpenMP threads                    :   8
 ngrad=                     1
 Esitmate buffer meomory used:        0.1592 GB
 
|--------------------------------------------------------------------------------|
          Molecular gradient - Elec Repulsive contribution
 
        Atom            X                    Y                    Z
        C              1.3406303188         -0.0000000000          0.0000000000
        O             -1.1158708375          0.0000000000          0.0000000000
        H             -0.1123797407          0.0000000000          0.0739327159
        H             -0.1123797407          0.0000000000         -0.0739327159
|--------------------------------------------------------------------------------|
 
 
 ---------------------------------------------------------------
  Timing to calculate 2-electronic integrals Gradients                            
 
  CPU TIME(S)      SYSTEM TIME(S)     WALL TIME(S)
          4.110            0.020               0.520
 ---------------------------------------------------------------
 
 Time:   PreRys     Rys    2dint    2dintd   6dint  6dintc  6dints
cputime    0.00E+00    0.00E+00    0.00E+00    0.00E+00    0.00E+00    0.00E+00    0.00E+00    0.00E+00
systime    0.00E+00    0.00E+00    0.00E+00    0.00E+00    0.00E+00    0.00E+00    0.00E+00    0.00E+00
waltime    0.00E+00    0.00E+00    0.00E+00    0.00E+00    0.00E+00    0.00E+00    0.00E+00    0.00E+00
 Finish resp_deriv2e
  Gradient contribution from Analytic 2e
      1        1.3406303188       -0.0000000000        0.0000000000
      2       -1.1158708375        0.0000000000        0.0000000000
      3       -0.1123797407        0.0000000000        0.0739327159
      4       -0.1123797407        0.0000000000       -0.0739327159
 Sum of gradient contribution from Analytic 2e
             -0.0000000000       -0.0000000000        0.0000000000
 
 
  Gradient contribution from Final-grad(no XC)
      1       -0.0538753463        0.0000000000        0.0000000000
      2        0.0339774334       -0.0000000000        0.0000000000
      3        0.0099489564       -0.0000000000       -0.0029016231
      4        0.0099489564       -0.0000000000        0.0029016231
 Sum of gradient contribution from Final-grad(no XC)
             -0.0000000000        0.0000000000        0.0000000000
 
 
 [resp_deriv_Exc]
 
 
 ---------------------------------------------------------------
  Timing for XC energy gradient calculation
 
  CPU TIME(S)      SYSTEM TIME(S)     WALL TIME(S)
          6.080            0.020               0.770
 ---------------------------------------------------------------
 
  Gradient contribution from XC
      1       -0.0874613111        0.0000000000        0.0000000000
      2        0.0691045422       -0.0000000000        0.0000000000
      3        0.0091783696       -0.0000000000       -0.0052655156
      4        0.0091783696       -0.0000000000        0.0052655156
 Sum of gradient contribution from XC
             -0.0000000298        0.0000000000        0.0000000000
 
 
 [resp_deriv_dpq]
 
  Gradient contribution from dpq-R
      1        0.0007058166       -0.0000000000        0.0000000000
      2        0.0053183450        0.0000000000        0.0000000000
      3       -0.0029883641        0.0000000000        0.0024229693
      4       -0.0029883641        0.0000000000       -0.0024229693
 Sum of gradient contribution from dpq-R
              0.0000474335       -0.0000000000        0.0000000000
 
  Gradient contribution from Final-NAC(R)
      1       -0.1406308408        0.0000000000        0.0000000000
      2        0.1084003206       -0.0000000000        0.0000000000
      3        0.0161389619       -0.0000000000       -0.0057441694
      4        0.0161389619       -0.0000000000        0.0057441694
 Sum of gradient contribution from Final-NAC(R)
              0.0000474037        0.0000000000        0.0000000000
 
 ------------------------------------------------------------------
 
 Raw NACMEs, without electron-translation factor:
  FNAC_cpair=   0   0   0     1   3   1
  FNAC_epair=         -114.0940664490715903         -113.9013274810962457
  Gradient contribution from Final-NAC(R)-Escaled
      1       -0.7296440479        0.0000000000        0.0000000000
      2        0.5624203643       -0.0000000000        0.0000000000
      3        0.0837348155       -0.0000000000       -0.0298028440
      4        0.0837348155       -0.0000000000        0.0298028440
 Sum of gradient contribution from Final-NAC(R)-Escaled
              0.0002459475        0.0000000000        0.0000000000
 
 ------------------------------------------------------------------
  Gradient contribution from dpq-S
      1        0.0149577480       -0.0000000000       -0.0000000000
      2       -0.0122403738        0.0000000000        0.0000000000
      3       -0.0013586871        0.0000000000        0.0013677165
      4       -0.0013586871        0.0000000000       -0.0013677165
 Sum of gradient contribution from dpq-S
              0.0000000000       -0.0000000000        0.0000000000
 
  Gradient contribution from Final-NAC(S)
      1       -0.1263789094        0.0000000000       -0.0000000000
      2        0.0908416018       -0.0000000000        0.0000000000
      3        0.0177686389       -0.0000000000       -0.0067994223
      4        0.0177686389       -0.0000000000        0.0067994223
 Sum of gradient contribution from Final-NAC(S)
             -0.0000000298        0.0000000000        0.0000000000
 
 
 NACMEs including electron-translation factor:
  Gradient contribution from Final-NAC(S)-Escaled
      1       -0.6556998347        0.0000000000       -0.0000000000
      2        0.4713193329       -0.0000000000        0.0000000000
      3        0.0921901735       -0.0000000000       -0.0352778803
      4        0.0921901735       -0.0000000000        0.0352778803
 Sum of gradient contribution from Final-NAC(S)-Escaled
             -0.0000001548        0.0000000000        0.0000000000
 
 
 [resp_ex_final] : iop=                     2
 
 
 [resp_ex_final] : iop=                     0
 
 
  <irep: 4 jnsos:     429 jnexi:   4>
 
 [resp_ex_init]
 
  Check normalization:
  R^t*L(vec)=   1.00000000000000     
  R^t*L(mat)=   1.00000000000000     
 
 =================================
  PairIJ=   0   0   0   1   4   1
 =================================
 
 [resp_nac_main1]
 
  wI0 =  0.357155667808394     
 
 [resp_ex_Zmo] : Solving Z-vector equation ...
 
 respcphf%isolver=                     2                     1
 
 [resp_cphf_solver]
  isf  =                     0
  freq =  0.000000000000000E+000
 
 
 [LinearSolver]: ndim=                  1047
  Norm of RHS =   0.415399058721080     
 Initial Guess of CPHF vector                     0                     0
   iter  Ndim        |res|           |x|           time/s
    1      1    0.507894E-01    0.104113E+01       0.000
    2      2    0.138641E-01    0.107256E+01       0.270
    3      3    0.195538E-02    0.107364E+01       0.270
    4      4    0.485455E-03    0.107363E+01       0.270
    5      5    0.420699E-04    0.107361E+01       0.270
    6      6    0.118106E-04    0.107361E+01       0.270
    7      7    0.178292E-05    0.107361E+01       0.270
    8      8    0.245026E-06    0.107361E+01       0.270
    9      9    0.533413E-07    0.107361E+01       0.270
   10     10    0.538461E-08    0.107361E+01       0.270
   11     11    0.460371E-09    0.107361E+01       0.270
   12     12    0.120364E-09    0.107361E+01       0.270
   13     13    0.522490E-11    0.107361E+01       0.270
   14     14    0.188728E-11    0.107361E+01       0.240
   15     15    0.222432E-12    0.107361E+01       0.240
  Converged ! |Res|=  2.224318135638647E-013  iter=                    15
 
 [resp_ex_Wmo]
 
  Skewness of Wmo(C,C) =  1.724156510790936E-017
  Skewness of Wmo(C,V) =  5.863108609029737E-013
  Skewness of Wmo(V,V) =  0.000000000000000E+000
  Skewness of Wmo(C,O) =  3.253257735737728E-019
  Skewness of Wmo(O,V) =  8.728979454633722E-014
  Skewness of Wmo(O,O) =  0.000000000000000E+000
 
 [resp_deriv_energy]
 
 
 [resp_deriv1e_fock_new]
 
 
|--------------------------------------------------------------------------------|
          Molecular gradient - Overlap contribution
 
        Atom            X                    Y                    Z
        C             -0.0000000000         -0.0352327023          0.0000000000
        O              0.0000000000          0.0637746665          0.0000000000
        H             -0.0000000000         -0.0142709821          0.0000000000
        H             -0.0000000000         -0.0142709821          0.0000000000
|--------------------------------------------------------------------------------|
 
 
|--------------------------------------------------------------------------------|
          Molecular gradient - Kinetic energy contribution
 
        Atom            X                    Y                    Z
        C             -0.0000000000         -0.1215449380          0.0000000000
        O              0.0000000000          0.1584614632          0.0000000000
        H             -0.0000000000         -0.0184582626          0.0000000000
        H             -0.0000000000         -0.0184582626          0.0000000000
|--------------------------------------------------------------------------------|
 
 
|--------------------------------------------------------------------------------|
          Molecular gradient - Nuclear attraction energy contribution
 
        Atom            X                    Y                    Z
        C              0.0000000000          1.0790311024          0.0000000000
        O             -0.0000000000         -1.5602174809          0.0000000000
        H              0.0000000000          0.2405931892          0.0000000000
        H              0.0000000000          0.2405931892          0.0000000000
|--------------------------------------------------------------------------------|
 
 
 ---------------------------------------------------------------
  Timing to calculate 1-electronic integrals                                      
 
  CPU TIME(S)      SYSTEM TIME(S)     WALL TIME(S)
          0.010            0.000               0.000
 ---------------------------------------------------------------
 
  Gradient contribution from 1e
      1        0.0000000000        0.9222534621        0.0000000000
      2       -0.0000000000       -1.3379813512        0.0000000000
      3        0.0000000000        0.2078639445        0.0000000000
      4        0.0000000000        0.2078639445        0.0000000000
 Sum of gradient contribution from 1e
              0.0000000000       -0.0000000000        0.0000000000
 
 
 [resp_deriv2e]
 
resp deriv type   4
 Number of cartesian primative basis functions :      188
 If used primative density matrix:  F
  [int2e_petite_1st_gradient_screened]
 Total length of P4 ERIs 1st gradient:             1365957
 Maxium length of a batch of ERI 1st gradient:           50625
 Maxium length of a batch of dens matrix     :          320000
 Lenght of eri-grad core                     :         2350416
 If primative density matrix is used         : F
 Number of OpenMP threads                    :   8
 ngrad=                     1
 Esitmate buffer meomory used:        0.1592 GB
 
|--------------------------------------------------------------------------------|
          Molecular gradient - Elec Repulsive contribution
 
        Atom            X                    Y                    Z
        C             -0.0000000000         -0.8845382198          0.0000000000
        O              0.0000000000          1.2750455384          0.0000000000
        H             -0.0000000000         -0.1952536593          0.0000000000
        H             -0.0000000000         -0.1952536593          0.0000000000
|--------------------------------------------------------------------------------|
 
 
 ---------------------------------------------------------------
  Timing to calculate 2-electronic integrals Gradients                            
 
  CPU TIME(S)      SYSTEM TIME(S)     WALL TIME(S)
          4.140            0.020               0.530
 ---------------------------------------------------------------
 
 Time:   PreRys     Rys    2dint    2dintd   6dint  6dintc  6dints
cputime    0.00E+00    0.00E+00    0.00E+00    0.00E+00    0.00E+00    0.00E+00    0.00E+00    0.00E+00
systime    0.00E+00    0.00E+00    0.00E+00    0.00E+00    0.00E+00    0.00E+00    0.00E+00    0.00E+00
waltime    0.00E+00    0.00E+00    0.00E+00    0.00E+00    0.00E+00    0.00E+00    0.00E+00    0.00E+00
 Finish resp_deriv2e
  Gradient contribution from Analytic 2e
      1       -0.0000000000       -0.8845382198        0.0000000000
      2        0.0000000000        1.2750455384        0.0000000000
      3       -0.0000000000       -0.1952536593        0.0000000000
      4       -0.0000000000       -0.1952536593        0.0000000000
 Sum of gradient contribution from Analytic 2e
             -0.0000000000        0.0000000000        0.0000000000
 
 
  Gradient contribution from Final-grad(no XC)
      1        0.0000000000        0.0377152424        0.0000000000
      2       -0.0000000000       -0.0629358128        0.0000000000
      3        0.0000000000        0.0126102852        0.0000000000
      4        0.0000000000        0.0126102852        0.0000000000
 Sum of gradient contribution from Final-grad(no XC)
              0.0000000000       -0.0000000000        0.0000000000
 
 
 [resp_deriv_Exc]
 
 
 ---------------------------------------------------------------
  Timing for XC energy gradient calculation
 
  CPU TIME(S)      SYSTEM TIME(S)     WALL TIME(S)
          6.220            0.010               0.780
 ---------------------------------------------------------------
 
  Gradient contribution from XC
      1        0.0000000000        0.0505384135        0.0000000000
      2       -0.0000000000       -0.0793930841        0.0000000000
      3        0.0000000000        0.0144273605        0.0000000000
      4        0.0000000000        0.0144273605        0.0000000000
 Sum of gradient contribution from XC
              0.0000000000        0.0000000505        0.0000000000
 
 
 [resp_deriv_dpq]
 
  Gradient contribution from dpq-R
      1        0.0000000000        0.0201690690        0.0000000000
      2       -0.0000000000       -0.0223504565       -0.0000000000
      3        0.0000000000        0.0025795629       -0.0000000000
      4        0.0000000000        0.0025795629        0.0000000000
 Sum of gradient contribution from dpq-R
              0.0000000000        0.0029777383        0.0000000000
 
  Gradient contribution from Final-NAC(R)
      1        0.0000000000        0.1084227249        0.0000000000
      2       -0.0000000000       -0.1646793534       -0.0000000000
      3        0.0000000000        0.0296172087       -0.0000000000
      4        0.0000000000        0.0296172087        0.0000000000
 Sum of gradient contribution from Final-NAC(R)
              0.0000000000        0.0029777888        0.0000000000
 
 ------------------------------------------------------------------
 
 Raw NACMEs, without electron-translation factor:
  FNAC_cpair=   0   0   0     1   4   1
  FNAC_epair=         -114.0940664490715903         -113.7369107812631910
  Gradient contribution from Final-NAC(R)-Escaled
      1        0.0000000000        0.3035727406        0.0000000000
      2       -0.0000000000       -0.4610856504       -0.0000000000
      3        0.0000000000        0.0829252097       -0.0000000000
      4        0.0000000000        0.0829252097        0.0000000000
 Sum of gradient contribution from Final-NAC(R)-Escaled
              0.0000000000        0.0083375096        0.0000000000
 
 ------------------------------------------------------------------
  Gradient contribution from dpq-S
      1        0.0000000000       -0.0121942345        0.0000000000
      2       -0.0000000000        0.0234327440       -0.0000000000
      3       -0.0000000000       -0.0056192548       -0.0000000000
      4       -0.0000000000       -0.0056192548        0.0000000000
 Sum of gradient contribution from dpq-S
              0.0000000000        0.0000000000        0.0000000000
 
  Gradient contribution from Final-NAC(S)
      1        0.0000000000        0.0760594214        0.0000000000
      2       -0.0000000000       -0.1188961528       -0.0000000000
      3        0.0000000000        0.0214183910       -0.0000000000
      4        0.0000000000        0.0214183910        0.0000000000
 Sum of gradient contribution from Final-NAC(S)
              0.0000000000        0.0000000505        0.0000000000
 
 
 NACMEs including electron-translation factor:
  Gradient contribution from Final-NAC(S)-Escaled
      1        0.0000000000        0.2129587411        0.0000000000
      2       -0.0000000000       -0.3328972870       -0.0000000000
      3        0.0000000000        0.0599693437       -0.0000000000
      4        0.0000000000        0.0599693437        0.0000000000
 Sum of gradient contribution from Final-NAC(S)-Escaled
              0.0000000000        0.0000001414        0.0000000000
 
 
 [resp_ex_final] : iop=                     2
 
 
 [resp_ex_final] : iop=                     0
 
 
 [resp_final]
 
 
 [tddft_props_final]
 
 ====================================================================
  Summary of timings:         CPU         Sys        Wall      %Total
 --------------------------------------------------------------------
       1e derivatives        0.41        0.02        0.06        0.14
       2e derivatives       28.69        0.10        3.62        8.75
       XC derivatives       43.79        0.12        5.50       13.29
 2e contribs. to Fock      138.88        0.27       17.45       42.17
 XC contribs. to Fock      112.33        0.17       14.06       33.98
        Miscellaneous        4.89        0.18        0.69        1.67
                Total      328.99        0.86       41.38      100.00
 ====================================================================
 
 
 ---------------------------------------------------------------
  Timing of RESP_PROPS calculation                                                
 
  CPU TIME(S)      SYSTEM TIME(S)     WALL TIME(S)
        328.990            0.860              41.380
 ---------------------------------------------------------------
 
|******************************************************************************|
 
    Total cpu     time:        328.99  S
    Total system  time:          0.86  S
    Total wall    time:         41.38  S
 
    Current time   2026-02-03  11:06:07
    End running module resp
|******************************************************************************|
 
$resp
iprt
3
quad
fnac
double
norder
1
method
2
nfiles
1
pairs
21
1 2 1 1 3 1 
1 2 1 1 2 2 
1 2 1 1 1 1 
1 2 1 1 1 2 
1 2 1 1 4 1 
1 2 1 1 2 3 
1 3 1 1 2 2 
1 3 1 1 1 1 
1 3 1 1 1 2 
1 3 1 1 4 1 
1 3 1 1 2 3 
1 2 2 1 1 1 
1 2 2 1 1 2 
1 2 2 1 4 1 
1 2 2 1 2 3 
1 1 1 1 1 2 
1 1 1 1 4 1 
1 1 1 1 2 3 
1 1 2 1 4 1 
1 1 2 1 2 3 
1 4 1 1 2 3 
ignore
1
grid
ultra fine
rtol
1.d-12
gridtol
1.d-9
noresp
$end
('tmpstdin ', True)
('npro is ', 1)
('\n BDF command: ', '/apps/users/wzk/bdf/bdf-pkg/build/bdf-pkg-full/bin/resp.x /apps/users/wzk/scratch/CH2O-XTDDFT-B3LYP_186/CH2O-XTDDFT-B3LYPXX5.resp.inp')
  BDF process        0 of        1 on Serial  
 
|******************************************************************************|
 
    Start running module resp
    Current time   2026-02-03  11:06:07
 
|******************************************************************************|
 
 [resp_init]
 
 
 [postscf_readinfo]
  Ground state information: 
  KS Ground State 
  ROKS orbitals 
 
 [postscf_trsint1e]
 
 [postscf_gsorb]
  Nc=    7 No=    1 Nv=  130 Ntot=  138
  NA=    8 NB=    7
  Ground-state spin: Si= 0.500
 
 [postscf_spinsim]
  <S^2>_U= 0.7500  Deviation= 0.0000
 Number of significient shell pairs :       72
 Estimate memory for direct ERI calculations:           4.129 M

 IF USE_LIBCINT :    F

 
  Permute atoms under MolGroup: 
   1  C           1  1  1  1
   2  O           2  2  2  2
   3  H           3  3  4  4
   4  H           4  4  3  3
  Mapshell under MolGroup: (it can be gen via patoms) 
  nshell,nop=                    14                     4
   1     1   1   1   1
   2     2   2   2   2
   3     3   3   3   3
   4     4   4   4   4
   5     5   5   5   5
   6     6   6   6   6
   7     7   7   7   7
   8     8   8   8   8
   9     9   9  12  12
  10    10  10  13  13
  11    11  11  14  14
  12    12  12   9   9
  13    13  13  10  10
  14    14  14  11  11
 
 [resp_input]
 
 Finegrid                     5                     1
  Switch to Ultra Fine grid ...

 Threshold in dft prescreening ...
 Thresh_shellvalue_dft :  0.10000E-09
 ThreshRho     :  0.10000E-11

 IfaMEPC  :    F
 IfaCOSX  :    F
 IfOCTREE :    F
 [dft_init]  T
 Libxc version: 7.0.0
 xcfun_xc_libxc is    475 xcfun_ex_libxc is      0
 The functional 'B3LYP with VWN functional 5 instead of RPA' is an exchange-correlation functional, it belongs to the 'Hybrid GGA. Coeff of Exx=  0.2000' family and is defined in the reference(s):
 [1] P. J. Stephens, F. J. Devlin, C. F. Chabalowski, and M. J. Frisch.,  J. Phys. Chem. 98, 11623 (1994)
 
  Switch to Ultra Fine grid ...

 Intialize DFT grid written by Y. Zhang

 [ATOM SCF control]
  heff=                      0
 After initial atom grid ...
 After initial atom grid ...
 After initial atom grid ...
   1  C     Second Kind Chebyshev (100)  Lebedev (-1202)         
   2  O     Second Kind Chebyshev (100)  Lebedev (-1202)         
   3  H     Second Kind Chebyshev (100)  Lebedev (-1202)         
  Partition Function:  SSF   Partitioning with Scalar=  0.64.
  Gtol, Npblock, Icoulpot, Iop_adaptive :  0.10E-08    128      0          0
  Numerical Grid Generated SUCCESSFULLY! 
 Total and symmetry independent Grid Number:    174720     46169
 Gridinfo: Npoints/Nmax/NpointsU =     46208   174720    46208
 Saving Gridinfo to HARDISK record = Gridinfo
 
  --- PRINT: Information about DFT Calculation --- 
 No. of ATOMS =          4
 No. of Shells =         0
 No. of Batches =      361
 No. of Grids =      46208
 No. of Basis Functions =      138
 No. of Records for [basval] =               0
 Estimated DiskSpace for storage [basval] =           0.000M
 
 Max No. of Rad point per atom =     0
 Max No. of Ang point per atom =     0
 Max No. of Grids per batch =          0
 Max No. of Basis per shell =          0
 Max No. of Records in one batch =               0
 Estimated Mem for [basval] =      0.000M
 Estimated Mem for [func] in R-DFT =      0.000M
 Estimated Mem for [func] in U-DFT =      0.000M
 DirectGrid:        T
 LogicOctree:       F
  --- END : Information about DFT Calculation --- 
 
 Using B. Suo numerical integration branch ...

 Timing to perform basis seiving ...
 CPU:       0.120 S    Sys:       0.000 S    Wall:        0.010 S


 Time to calculate dft grid and perform basis seiving ...
 CPU:       3.250 S    Sys:       0.090 S    Wall:        0.420 S

 
 [resp_interface]
 
 
  respinfo%method=                      2
  respinfo%idft  =                      1
  respinfo%iscf  =                      3
  respinfo%nden  =                      2
  respinfo%nb    =                    138
  respinfo%nc    =                      7
  respinfo%no    =                      1
  respinfo%nv    =                    130
  respinfo%facex =   0.200000000000000     
 
 [tddft_props_init] : ispin=                     0
  No. of files= 1
  Group=C(2V)    dim= 4
  Open: tdinfo1  imethod = 3  isf= 0 itda= 0
                 nph=    1957 nex=    16 mpeccosx= 0
  maxph=     1957  maxex=       16
 
  Evaluate No. of LS states: 
  In SOC-SI, |Gs> has been excluded !
  Sf=  0.500  Ndeg= 1  Nspatial=    16
  Total No. of States:    16
 
 ifile=   1
 Targeted Excited States (Not pairsym) 
  1   A1       4 from      546
  2   A2       4 from      429
  3   B1       4 from      655
  4   B2       4 from      327
 
 [resp_reorder_init] 
 
  MXNSOS/nreps                    54                     4
  New orbital mapping (in irreps): 
    1  |   1  58   6   7
    2  |   2  59   8 111
    3  |   3  60  75 112
    4  |   4  61  76 113
    5  |   5  62  77 114
    6  |   9  63  78 115
    7  |  10  64  79 116
    8  |  11  65  80 117
    9  |  12  66  81 118
   10  |  13  67  82 119
   11  |  14  68  83 120
   12  |  15  69  84 121
   13  |  16  70  85 122
   14  |  17  71  86 123
   15  |  18  72  87 124
   16  |  19  73  88 125
   17  |  20  74  89 126
   18  |  21   0  90 127
   19  |  22   0  91 128
   20  |  23   0  92 129
   21  |  24   0  93 130
   22  |  25   0  94 131
   23  |  26   0  95 132
   24  |  27   0  96 133
   25  |  28   0  97 134
   26  |  29   0  98 135
   27  |  30   0  99 136
   28  |  31   0 100 137
   29  |  32   0 101 138
   30  |  33   0 102   0
   31  |  34   0 103   0
   32  |  35   0 104   0
   33  |  36   0 105   0
   34  |  37   0 106   0
   35  |  38   0 107   0
   36  |  39   0 108   0
   37  |  40   0 109   0
   38  |  41   0 110   0
   39  |  42   0   0   0
   40  |  43   0   0   0
   41  |  44   0   0   0
   42  |  45   0   0   0
   43  |  46   0   0   0
   44  |  47   0   0   0
   45  |  48   0   0   0
   46  |  49   0   0   0
   47  |  50   0   0   0
   48  |  51   0   0   0
   49  |  52   0   0   0
   50  |  53   0   0   0
   51  |  54   0   0   0
   52  |  55   0   0   0
   53  |  56   0   0   0
   54  |  57   0   0   0
  Reorder MO coefficient ... DONE 
  Reorder Fock matrix ... DONE 
 
 [resp_main]
 
 -------- Job type -------
  CHCK= F
  GEOM= F
  LINE= F
  QUAD= T
  FNAC= T
  POLA= F
  HYPE= F
  FDIF= F
  SOLSS= F
  IGNORE level =  1
  STEP=  1.000000047497451E-003
 -------------------------
 
  --- Quadratic response properties ---
  First-order nonadiabatic couplings 
 
 [resp_quad_residues]
 
  Ntot =                    16
  Nfile=                     1
  Nex  =                    16
 -----------------------------------------------
  Double residue calculations: <ex|A|ex'> 
  Pairs of states =                     21
  No.=   1 pair =   1   2   1   1   3   1
  No.=   2 pair =   1   2   1   1   2   2
  No.=   3 pair =   1   2   1   1   1   1
  No.=   4 pair =   1   2   1   1   1   2
  No.=   5 pair =   1   2   1   1   4   1
  No.=   6 pair =   1   2   1   1   2   3
  No.=   7 pair =   1   3   1   1   2   2
  No.=   8 pair =   1   3   1   1   1   1
  No.=   9 pair =   1   3   1   1   1   2
  No.=  10 pair =   1   3   1   1   4   1
  No.=  11 pair =   1   3   1   1   2   3
  No.=  12 pair =   1   2   2   1   1   1
  No.=  13 pair =   1   2   2   1   1   2
  No.=  14 pair =   1   2   2   1   4   1
  No.=  15 pair =   1   2   2   1   2   3
  No.=  16 pair =   1   1   1   1   1   2
  No.=  17 pair =   1   1   1   1   4   1
  No.=  18 pair =   1   1   1   1   2   3
  No.=  19 pair =   1   1   2   1   4   1
  No.=  20 pair =   1   1   2   1   2   3
  No.=  21 pair =   1   4   1   1   2   3
 -----------------------------------------------
 
 -----------------------------------------------
  File: 1 of 1
  imethod= 3   isf= 0   nph=    1957   nex=  16
 -----------------------------------------------
 
  <irep: 1 jnsos:     655 jnexi:   4>
 
 [resp_ex_init]
 
  Check normalization:
  R^t*L(vec)=   1.00000000000000     
  R^t*L(mat)=   1.00000000000000     
 
 [resp_ex_final] : iop=                     0
 
 
 [resp_ex_init]
 
  Check normalization:
  R^t*L(vec)=   1.00000000000000     
  R^t*L(mat)=   1.00000000000000     
 
 [resp_ex_init]
 
  Check normalization:
  R^t*L(vec)=   1.00000000000000     
  R^t*L(mat)=   1.00000000000000     
 
 =================================
  PairIJ=   1   1   1   1   1   2
 =================================
 
 [resp_nac_main2]
 
  wJI =  4.468774649989174E-002
  Check normalization:
  R1^t*L1(mat)=   1.00000000000000     
  R2^t*L2(mat)=   1.00000000000000     
  Check orthogonality:
  R1^t*L2(mat)= -1.134509153288832E-014
  L1^t*R2(mat)= -1.336430965892532E-014
  Z1^t*Z2(mat)= -2.470940119181364E-014
 ---------------------------------------------------
  I-state,J-state,wJI 
           0.235997        0.280684        0.044688
  CHECK TRANSITION DIPOLE : expect.  resp.  total 
  1        0.000000        0.000000        0.000000
  2       -0.000000        0.000000       -0.000000
  3        0.070629        0.000000        0.070629
 ---------------------------------------------------
 
 [resp_ex_zvector]
 
 [resp_fock2e_Qex]
 [resp_fockxc_Qex]
 
 ---------------------------------------------------------------
  Timing for Q operator formation
 
  CPU TIME(S)      SYSTEM TIME(S)     WALL TIME(S)
          8.750            0.100               1.110
 ---------------------------------------------------------------
 
 
 [resp_ex_Zmo] : Solving Z-vector equation ...
 
 respcphf%isolver=                     2                     1
 
 [resp_cphf_solver]
  isf  =                     0
  freq =  0.000000000000000E+000
 
 
 [LinearSolver]: ndim=                  1047
  Norm of RHS =   6.037583734383793E-002
 Initial Guess of CPHF vector                     0                     0
   iter  Ndim        |res|           |x|           time/s
    1      1    0.331068E-01    0.487820E-01       0.000
    2      2    0.519094E-02    0.914523E-01       0.270
    3      3    0.118085E-02    0.928106E-01       0.280
    4      4    0.237687E-03    0.930084E-01       0.270
    5      5    0.710527E-04    0.929685E-01       0.270
    6      6    0.111275E-04    0.929794E-01       0.280
    7      7    0.252684E-05    0.929763E-01       0.270
    8      8    0.426590E-06    0.929766E-01       0.280
    9      9    0.104718E-06    0.929766E-01       0.280
   10     10    0.170020E-07    0.929766E-01       0.280
   11     11    0.248810E-08    0.929766E-01       0.280
   12     12    0.631903E-09    0.929766E-01       0.280
   13     13    0.718597E-10    0.929766E-01       0.270
   14     14    0.186432E-10    0.929766E-01       0.270
   15     15    0.215580E-11    0.929766E-01       0.270
   16     16    0.109788E-11    0.929766E-01       0.220
   17     17    0.605863E-12    0.929766E-01       0.250
  Converged ! |Res|=  6.058634001323337E-013  iter=                    17
 
 ---------------------------------------------------------------
  Timing for solving the Z vector equation
 
  CPU TIME(S)      SYSTEM TIME(S)     WALL TIME(S)
         36.550            0.150               4.600
 ---------------------------------------------------------------
 
 
 [resp_ex_Wmo]
 
  Skewness of Wmo(C,C) =  3.295741298395814E-009
  Skewness of Wmo(C,V) =  1.853587895431309E-012
  Skewness of Wmo(V,V) =  3.112397583103718E-008
  Skewness of Wmo(C,O) =  2.189805687523962E-016
  Skewness of Wmo(O,V) =  6.459345201631132E-013
  Skewness of Wmo(O,O) =  0.000000000000000E+000
 
 ---------------------------------------------------------------
  Timing for W matrix formation
 
  CPU TIME(S)      SYSTEM TIME(S)     WALL TIME(S)
          2.200            0.000               0.280
 ---------------------------------------------------------------
 
 
 [resp_deriv_energy]
 
 
 [resp_deriv1e_fock_new]
 
 
 ---------------------------------------------------------------
  Timing to calculate 1-electronic integrals                                      
 
  CPU TIME(S)      SYSTEM TIME(S)     WALL TIME(S)
          0.010            0.000               0.000
 ---------------------------------------------------------------
 
  Gradient contribution from 1e
      1        0.0000000000        0.0000000000        0.0209609998
      2        0.0000000000       -0.0000000000       -0.0372199350
      3        0.0175564065       -0.0000000000        0.0081294676
      4       -0.0175564065        0.0000000000        0.0081294676
 Sum of gradient contribution from 1e
              0.0000000000        0.0000000000        0.0000000000
 
 
 [resp_deriv2e]
 
resp deriv type   4
 Number of cartesian primative basis functions :      188
 If used primative density matrix:  F
  [int2e_petite_1st_gradient_screened]
 Total length of P4 ERIs 1st gradient:             1365957
 Maxium length of a batch of ERI 1st gradient:           50625
 Maxium length of a batch of dens matrix     :          320000
 Lenght of eri-grad core                     :         2350416
 If primative density matrix is used         : F
 Number of OpenMP threads                    :   8
 ngrad=                     1
 Esitmate buffer meomory used:        0.1592 GB
 
|--------------------------------------------------------------------------------|
          Molecular gradient - Elec Repulsive contribution
 
        Atom            X                    Y                    Z
        C              0.0000000000          0.0000000000         -0.0207222602
        O              0.0000000000          0.0000000000          0.0366110813
        H             -0.0182484952          0.0000000000         -0.0079444105
        H              0.0182484952         -0.0000000000         -0.0079444105
|--------------------------------------------------------------------------------|
 
 
 ---------------------------------------------------------------
  Timing to calculate 2-electronic integrals Gradients                            
 
  CPU TIME(S)      SYSTEM TIME(S)     WALL TIME(S)
          4.850            0.020               0.610
 ---------------------------------------------------------------
 
 Time:   PreRys     Rys    2dint    2dintd   6dint  6dintc  6dints
cputime    0.00E+00    0.00E+00    0.00E+00    0.00E+00    0.00E+00    0.00E+00    0.00E+00    0.00E+00
systime    0.00E+00    0.00E+00    0.00E+00    0.00E+00    0.00E+00    0.00E+00    0.00E+00    0.00E+00
waltime    0.00E+00    0.00E+00    0.00E+00    0.00E+00    0.00E+00    0.00E+00    0.00E+00    0.00E+00
 Finish resp_deriv2e
  Gradient contribution from Analytic 2e
      1        0.0000000000        0.0000000000       -0.0207222602
      2        0.0000000000        0.0000000000        0.0366110813
      3       -0.0182484952        0.0000000000       -0.0079444105
      4        0.0182484952       -0.0000000000       -0.0079444105
 Sum of gradient contribution from Analytic 2e
              0.0000000000       -0.0000000000        0.0000000000
 
 
  Gradient contribution from Final-grad(no XC)
      1        0.0000000000        0.0000000000        0.0002387396
      2        0.0000000000       -0.0000000000       -0.0006088538
      3       -0.0006920887       -0.0000000000        0.0001850571
      4        0.0006920887       -0.0000000000        0.0001850571
 Sum of gradient contribution from Final-grad(no XC)
              0.0000000000        0.0000000000        0.0000000000
 
 
 [resp_deriv_Exc]
 
 
 ---------------------------------------------------------------
  Timing for XC energy gradient calculation
 
  CPU TIME(S)      SYSTEM TIME(S)     WALL TIME(S)
         19.020            0.040               2.390
 ---------------------------------------------------------------
 
  Gradient contribution from XC
      1       -0.0000000000       -0.0000000000       -0.0007414757
      2        0.0000000000        0.0000000000       -0.0002943211
      3        0.0012847397       -0.0000000000        0.0005178853
      4       -0.0012847397        0.0000000000        0.0005178853
 Sum of gradient contribution from XC
              0.0000000000        0.0000000000       -0.0000000262
 
 
 [resp_deriv_dpq]
 
  Gradient contribution from dpq-R
      1       -0.0000000000        0.0000000000        0.0007658863
      2       -0.0000000000       -0.0000000000       -0.0002403037
      3       -0.0000980839        0.0000000000       -0.0001256953
      4        0.0000980839       -0.0000000000       -0.0001256953
 Sum of gradient contribution from dpq-R
             -0.0000000000       -0.0000000000        0.0002741919
 
  Gradient contribution from Final-NAC(R)
      1       -0.0000000000        0.0000000000        0.0002631502
      2        0.0000000000        0.0000000000       -0.0011434786
      3        0.0004945672       -0.0000000000        0.0005772471
      4       -0.0004945672       -0.0000000000        0.0005772471
 Sum of gradient contribution from Final-NAC(R)
              0.0000000000        0.0000000000        0.0002741658
 
 ------------------------------------------------------------------
 
 Raw NACMEs, without electron-translation factor:
  FNAC_cpair=   1   1   1     1   1   2
  FNAC_epair=         -113.8580699038538881         -113.8133821573539990
  Gradient contribution from Final-NAC(R)-Escaled
      1       -0.0000000000        0.0000000000        0.0058886425
      2        0.0000000000        0.0000000000       -0.0255881921
      3        0.0110671765       -0.0000000000        0.0129173471
      4       -0.0110671765       -0.0000000000        0.0129173471
 Sum of gradient contribution from Final-NAC(R)-Escaled
              0.0000000000        0.0000000000        0.0061351446
 
 ------------------------------------------------------------------
  Gradient contribution from dpq-S
      1       -0.0000000000        0.0000000000        0.0005064766
      2        0.0000000000       -0.0000000000       -0.0002784915
      3       -0.0001092525        0.0000000000       -0.0001139925
      4        0.0001092525       -0.0000000000       -0.0001139925
 Sum of gradient contribution from dpq-S
             -0.0000000000       -0.0000000000        0.0000000000
 
  Gradient contribution from Final-NAC(S)
      1       -0.0000000000        0.0000000000        0.0000037405
      2        0.0000000000        0.0000000000       -0.0011816664
      3        0.0004833986       -0.0000000000        0.0005889499
      4       -0.0004833986       -0.0000000000        0.0005889499
 Sum of gradient contribution from Final-NAC(S)
              0.0000000000        0.0000000000       -0.0000000262
 
 
 NACMEs including electron-translation factor:
  Gradient contribution from Final-NAC(S)-Escaled
      1       -0.0000000000        0.0000000000        0.0000837031
      2        0.0000000000        0.0000000000       -0.0264427389
      3        0.0108172507       -0.0000000000        0.0131792253
      4       -0.0108172507       -0.0000000000        0.0131792253
 Sum of gradient contribution from Final-NAC(S)-Escaled
              0.0000000000        0.0000000000       -0.0000005852
 
 
 [resp_ex_final] : iop=                     2
 
 
 [resp_ex_final] : iop=                     0
 
 
 [resp_ex_final] : iop=                     0
 
 
 [resp_ex_init]
 
  Check normalization:
  R^t*L(vec)=   1.00000000000000     
  R^t*L(mat)=   1.00000000000000     
 
 [resp_ex_final] : iop=                     0
 
 
 [resp_ex_init]
 
  Check normalization:
  R^t*L(vec)=   1.00000000000000     
  R^t*L(mat)=   1.00000000000000     
 
 [resp_ex_init]
 
  Check normalization:
  R^t*L(vec)=   1.00000000000000     
  R^t*L(mat)=   1.00000000000000     
 
 =================================
  PairIJ=   1   2   1   1   1   1
 =================================
 
 [resp_nac_main2]
 
  wJI =  9.714445485680470E-002
  Check normalization:
  R1^t*L1(mat)=   1.00000000000000     
  R2^t*L2(mat)=   1.00000000000000     
  Check orthogonality:
  R1^t*L2(mat)=  0.000000000000000E+000
  L1^t*R2(mat)=  0.000000000000000E+000
  Z1^t*Z2(mat)=  0.000000000000000E+000
 ---------------------------------------------------
  I-state,J-state,wJI 
           0.138852        0.235997        0.097144
  CHECK TRANSITION DIPOLE : expect.  resp.  total 
  1       -0.000000        0.000000       -0.000000
  2        0.000000        0.000000        0.000000
  3       -0.000000        0.000000       -0.000000
 ---------------------------------------------------
 
 [resp_ex_zvector]
 
 [resp_fock2e_Qex]
 [resp_fockxc_Qex]
 
 ---------------------------------------------------------------
  Timing for Q operator formation
 
  CPU TIME(S)      SYSTEM TIME(S)     WALL TIME(S)
          6.940            0.030               0.870
 ---------------------------------------------------------------
 
 
 [resp_ex_Zmo] : Solving Z-vector equation ...
 
 respcphf%isolver=                     2                     1
 
 [resp_cphf_solver]
  isf  =                     0
  freq =  0.000000000000000E+000
 
 
 [LinearSolver]: ndim=                  1047
  Norm of RHS =   8.388657852717191E-002
 Initial Guess of CPHF vector                     0                     0
   iter  Ndim        |res|           |x|           time/s
    1      1    0.111887E-01    0.651180E-01       0.000
    2      2    0.224535E-02    0.703473E-01       0.280
    3      3    0.312047E-03    0.707973E-01       0.280
    4      4    0.598349E-04    0.708176E-01       0.270
    5      5    0.813685E-05    0.708198E-01       0.270
    6      6    0.213552E-05    0.708187E-01       0.270
    7      7    0.458960E-06    0.708188E-01       0.280
    8      8    0.418733E-07    0.708187E-01       0.280
    9      9    0.936680E-08    0.708187E-01       0.270
   10     10    0.721605E-09    0.708187E-01       0.280
   11     11    0.170566E-09    0.708187E-01       0.280
   12     12    0.911395E-11    0.708187E-01       0.280
   13     13    0.196845E-11    0.708187E-01       0.260
   14     14    0.230581E-12    0.708187E-01       0.220
  Converged ! |Res|=  2.305814114053490E-013  iter=                    14
 
 ---------------------------------------------------------------
  Timing for solving the Z vector equation
 
  CPU TIME(S)      SYSTEM TIME(S)     WALL TIME(S)
         30.070            0.150               3.790
 ---------------------------------------------------------------
 
 
 [resp_ex_Wmo]
 
  Skewness of Wmo(C,C) =  3.202494388236958E-004
  Skewness of Wmo(C,V) =  2.670049433475658E-013
  Skewness of Wmo(V,V) =  1.067065929822011E-004
  Skewness of Wmo(C,O) =  5.967448768996334E-016
  Skewness of Wmo(O,V) =  2.034954061379951E-013
  Skewness of Wmo(O,O) =  0.000000000000000E+000
 
 ---------------------------------------------------------------
  Timing for W matrix formation
 
  CPU TIME(S)      SYSTEM TIME(S)     WALL TIME(S)
          2.240            0.000               0.280
 ---------------------------------------------------------------
 
 
 [resp_deriv_energy]
 
 
 [resp_deriv1e_fock_new]
 
 
|--------------------------------------------------------------------------------|
          Molecular gradient - Overlap contribution
 
        Atom            X                    Y                    Z
        C              0.0000000000          0.0000000000          0.0000000000
        O              0.0000000000          0.0000000000          0.0000000000
        H              0.0000000000          0.0154619821          0.0000000000
        H             -0.0000000000         -0.0154619821          0.0000000000
|--------------------------------------------------------------------------------|
 
 
|--------------------------------------------------------------------------------|
          Molecular gradient - Kinetic energy contribution
 
        Atom            X                    Y                    Z
        C              0.0000000000          0.0000000000          0.0000000000
        O             -0.0000000000          0.0000000000          0.0000000000
        H             -0.0000000000          0.0085624106          0.0000000000
        H             -0.0000000000         -0.0085624106          0.0000000000
|--------------------------------------------------------------------------------|
 
 
|--------------------------------------------------------------------------------|
          Molecular gradient - Nuclear attraction energy contribution
 
        Atom            X                    Y                    Z
        C             -0.0000000000          0.0000000000          0.0000000000
        O             -0.0000000000          0.0000000000          0.0000000000
        H             -0.0000000000         -0.1914458480          0.0000000000
        H              0.0000000000          0.1914458480          0.0000000000
|--------------------------------------------------------------------------------|
 
 
 ---------------------------------------------------------------
  Timing to calculate 1-electronic integrals                                      
 
  CPU TIME(S)      SYSTEM TIME(S)     WALL TIME(S)
          0.010            0.000               0.000
 ---------------------------------------------------------------
 
  Gradient contribution from 1e
      1       -0.0000000000        0.0000000000        0.0000000000
      2       -0.0000000000        0.0000000000        0.0000000000
      3       -0.0000000000       -0.1674214554        0.0000000000
      4        0.0000000000        0.1674214554        0.0000000000
 Sum of gradient contribution from 1e
             -0.0000000000        0.0000000000        0.0000000000
 
 
 [resp_deriv2e]
 
resp deriv type   4
 Number of cartesian primative basis functions :      188
 If used primative density matrix:  F
  [int2e_petite_1st_gradient_screened]
 Total length of P4 ERIs 1st gradient:             1365957
 Maxium length of a batch of ERI 1st gradient:           50625
 Maxium length of a batch of dens matrix     :          320000
 Lenght of eri-grad core                     :         2350416
 If primative density matrix is used         : F
 Number of OpenMP threads                    :   8
 ngrad=                     1
 Esitmate buffer meomory used:        0.1592 GB
 
|--------------------------------------------------------------------------------|
          Molecular gradient - Elec Repulsive contribution
 
        Atom            X                    Y                    Z
        C              0.0000000000          0.0000000000          0.0000000000
        O              0.0000000000          0.0000000000          0.0000000000
        H              0.0000000000          0.1546383361          0.0000000000
        H             -0.0000000000         -0.1546383361          0.0000000000
|--------------------------------------------------------------------------------|
 
 
 ---------------------------------------------------------------
  Timing to calculate 2-electronic integrals Gradients                            
 
  CPU TIME(S)      SYSTEM TIME(S)     WALL TIME(S)
          4.890            0.010               0.620
 ---------------------------------------------------------------
 
 Time:   PreRys     Rys    2dint    2dintd   6dint  6dintc  6dints
cputime    0.00E+00    0.00E+00    0.00E+00    0.00E+00    0.00E+00    0.00E+00    0.00E+00    0.00E+00
systime    0.00E+00    0.00E+00    0.00E+00    0.00E+00    0.00E+00    0.00E+00    0.00E+00    0.00E+00
waltime    0.00E+00    0.00E+00    0.00E+00    0.00E+00    0.00E+00    0.00E+00    0.00E+00    0.00E+00
 Finish resp_deriv2e
  Gradient contribution from Analytic 2e
      1        0.0000000000        0.0000000000        0.0000000000
      2        0.0000000000        0.0000000000        0.0000000000
      3        0.0000000000        0.1546383361        0.0000000000
      4       -0.0000000000       -0.1546383361        0.0000000000
 Sum of gradient contribution from Analytic 2e
              0.0000000000        0.0000000000        0.0000000000
 
 
  Gradient contribution from Final-grad(no XC)
      1       -0.0000000000        0.0000000000        0.0000000000
      2        0.0000000000        0.0000000000        0.0000000000
      3       -0.0000000000       -0.0127831193        0.0000000000
      4        0.0000000000        0.0127831193        0.0000000000
 Sum of gradient contribution from Final-grad(no XC)
             -0.0000000000        0.0000000000        0.0000000000
 
 
 [resp_deriv_Exc]
 
 
 ---------------------------------------------------------------
  Timing for XC energy gradient calculation
 
  CPU TIME(S)      SYSTEM TIME(S)     WALL TIME(S)
         18.480            0.030               2.320
 ---------------------------------------------------------------
 
  Gradient contribution from XC
      1        0.0000000000       -0.0000000000        0.0000000000
      2       -0.0000000000        0.0000000000        0.0000000000
      3       -0.0000000000       -0.0106970988        0.0000000000
      4        0.0000000000        0.0106970988        0.0000000000
 Sum of gradient contribution from XC
             -0.0000000000        0.0000000000        0.0000000000
 
 
 [resp_deriv_dpq]
 
  Gradient contribution from dpq-R
      1       -0.0000000000        0.0000000000       -0.0000000000
      2        0.0000000000        0.0000000000       -0.0000000000
      3       -0.0000000000       -0.0003418634       -0.0000000000
      4        0.0000000000        0.0003418634       -0.0000000000
 Sum of gradient contribution from dpq-R
              0.0000000000        0.0000000000       -0.0000000000
 
  Gradient contribution from Final-NAC(R)
      1       -0.0000000000        0.0000000000       -0.0000000000
      2       -0.0000000000        0.0000000000       -0.0000000000
      3       -0.0000000000       -0.0238220814       -0.0000000000
      4        0.0000000000        0.0238220814       -0.0000000000
 Sum of gradient contribution from Final-NAC(R)
             -0.0000000000        0.0000000000       -0.0000000000
 
 ------------------------------------------------------------------
 
 Raw NACMEs, without electron-translation factor:
  FNAC_cpair=   1   2   1     1   1   1
  FNAC_epair=         -113.9552143587106912         -113.8580699038538881
  Gradient contribution from Final-NAC(R)-Escaled
      1       -0.0000000000        0.0000000000       -0.0000000000
      2       -0.0000000000        0.0000000000       -0.0000000000
      3       -0.0000000000       -0.2452232754       -0.0000000000
      4        0.0000000000        0.2452232754       -0.0000000000
 Sum of gradient contribution from Final-NAC(R)-Escaled
             -0.0000000000        0.0000000000       -0.0000000000
 
 ------------------------------------------------------------------
  Gradient contribution from dpq-S
      1       -0.0000000000        0.0000000000       -0.0000000000
      2        0.0000000000        0.0000000000       -0.0000000000
      3        0.0000000000        0.0013931007        0.0000000000
      4       -0.0000000000       -0.0013931007        0.0000000000
 Sum of gradient contribution from dpq-S
              0.0000000000        0.0000000000       -0.0000000000
 
  Gradient contribution from Final-NAC(S)
      1       -0.0000000000        0.0000000000       -0.0000000000
      2       -0.0000000000        0.0000000000       -0.0000000000
      3       -0.0000000000       -0.0220871174        0.0000000000
      4        0.0000000000        0.0220871174        0.0000000000
 Sum of gradient contribution from Final-NAC(S)
             -0.0000000000        0.0000000000       -0.0000000000
 
 
 NACMEs including electron-translation factor:
  Gradient contribution from Final-NAC(S)-Escaled
      1       -0.0000000000        0.0000000000       -0.0000000000
      2       -0.0000000000        0.0000000000       -0.0000000000
      3       -0.0000000000       -0.2273636453        0.0000000000
      4        0.0000000000        0.2273636453        0.0000000000
 Sum of gradient contribution from Final-NAC(S)-Escaled
             -0.0000000000        0.0000000000       -0.0000000000
 
 
 [resp_ex_final] : iop=                     2
 
 
 [resp_ex_final] : iop=                     0
 
 
 [resp_ex_init]
 
  Check normalization:
  R^t*L(vec)=   1.00000000000000     
  R^t*L(mat)=   1.00000000000000     
 
 =================================
  PairIJ=   1   2   2   1   1   1
 =================================
 
 [resp_nac_main2]
 
  wJI =  2.670414521938400E-002
  Check normalization:
  R1^t*L1(mat)=   1.00000000000000     
  R2^t*L2(mat)=   1.00000000000000     
  Check orthogonality:
  R1^t*L2(mat)=  0.000000000000000E+000
  L1^t*R2(mat)=  0.000000000000000E+000
  Z1^t*Z2(mat)=  0.000000000000000E+000
 ---------------------------------------------------
  I-state,J-state,wJI 
           0.209292        0.235997        0.026704
  CHECK TRANSITION DIPOLE : expect.  resp.  total 
  1        0.000000        0.000000        0.000000
  2       -0.000000        0.000000       -0.000000
  3        0.000000        0.000000        0.000000
 ---------------------------------------------------
 
 [resp_ex_zvector]
 
 [resp_fock2e_Qex]
 [resp_fockxc_Qex]
 
 ---------------------------------------------------------------
  Timing for Q operator formation
 
  CPU TIME(S)      SYSTEM TIME(S)     WALL TIME(S)
          6.870            0.030               0.860
 ---------------------------------------------------------------
 
 
 [resp_ex_Zmo] : Solving Z-vector equation ...
 
 respcphf%isolver=                     2                     1
 
 [resp_cphf_solver]
  isf  =                     0
  freq =  0.000000000000000E+000
 
 
 [LinearSolver]: ndim=                  1047
  Norm of RHS =   7.385921608280765E-002
 Initial Guess of CPHF vector                     0                     0
   iter  Ndim        |res|           |x|           time/s
    1      1    0.194355E-01    0.216122E+00       0.000
    2      2    0.522948E-02    0.224245E+00       0.280
    3      3    0.124695E-02    0.224442E+00       0.270
    4      4    0.102955E-03    0.224467E+00       0.270
    5      5    0.315141E-04    0.224469E+00       0.270
    6      6    0.250090E-05    0.224469E+00       0.270
    7      7    0.546376E-06    0.224469E+00       0.280
    8      8    0.606985E-07    0.224469E+00       0.270
    9      9    0.797453E-08    0.224469E+00       0.270
   10     10    0.902426E-09    0.224469E+00       0.280
   11     11    0.155547E-09    0.224469E+00       0.280
   12     12    0.108565E-10    0.224469E+00       0.270
   13     13    0.313192E-11    0.224469E+00       0.260
   14     14    0.207981E-12    0.224469E+00       0.230
  Converged ! |Res|=  2.079812461249255E-013  iter=                    14
 
 ---------------------------------------------------------------
  Timing for solving the Z vector equation
 
  CPU TIME(S)      SYSTEM TIME(S)     WALL TIME(S)
         29.980            0.090               3.770
 ---------------------------------------------------------------
 
 
 [resp_ex_Wmo]
 
  Skewness of Wmo(C,C) =  1.418037393274984E-003
  Skewness of Wmo(C,V) =  3.757180406899466E-013
  Skewness of Wmo(V,V) =  1.331879633612717E-004
  Skewness of Wmo(C,O) =  9.298117833376574E-016
  Skewness of Wmo(O,V) =  2.261274501910061E-013
  Skewness of Wmo(O,O) =  0.000000000000000E+000
 
 ---------------------------------------------------------------
  Timing for W matrix formation
 
  CPU TIME(S)      SYSTEM TIME(S)     WALL TIME(S)
          2.130            0.010               0.270
 ---------------------------------------------------------------
 
 
 [resp_deriv_energy]
 
 
 [resp_deriv1e_fock_new]
 
 
|--------------------------------------------------------------------------------|
          Molecular gradient - Overlap contribution
 
        Atom            X                    Y                    Z
        C             -0.0000000000          0.0000000000          0.0000000000
        O              0.0000000000          0.0000000000          0.0000000000
        H             -0.0000000000         -0.0010116865          0.0000000000
        H              0.0000000000          0.0010116865          0.0000000000
|--------------------------------------------------------------------------------|
 
 
|--------------------------------------------------------------------------------|
          Molecular gradient - Kinetic energy contribution
 
        Atom            X                    Y                    Z
        C             -0.0000000000          0.0000000000          0.0000000000
        O             -0.0000000000          0.0000000000          0.0000000000
        H             -0.0000000000         -0.0036471967          0.0000000000
        H              0.0000000000          0.0036471967          0.0000000000
|--------------------------------------------------------------------------------|
 
 
|--------------------------------------------------------------------------------|
          Molecular gradient - Nuclear attraction energy contribution
 
        Atom            X                    Y                    Z
        C              0.0000000000          0.0000000000          0.0000000000
        O             -0.0000000000          0.0000000000          0.0000000000
        H             -0.0000000000          0.0322094837          0.0000000000
        H             -0.0000000000         -0.0322094837          0.0000000000
|--------------------------------------------------------------------------------|
 
 
 ---------------------------------------------------------------
  Timing to calculate 1-electronic integrals                                      
 
  CPU TIME(S)      SYSTEM TIME(S)     WALL TIME(S)
          0.010            0.000               0.000
 ---------------------------------------------------------------
 
  Gradient contribution from 1e
      1        0.0000000000        0.0000000000        0.0000000000
      2       -0.0000000000        0.0000000000        0.0000000000
      3       -0.0000000000        0.0275506005        0.0000000000
      4       -0.0000000000       -0.0275506005        0.0000000000
 Sum of gradient contribution from 1e
             -0.0000000000        0.0000000000        0.0000000000
 
 
 [resp_deriv2e]
 
resp deriv type   4
 Number of cartesian primative basis functions :      188
 If used primative density matrix:  F
  [int2e_petite_1st_gradient_screened]
 Total length of P4 ERIs 1st gradient:             1365957
 Maxium length of a batch of ERI 1st gradient:           50625
 Maxium length of a batch of dens matrix     :          320000
 Lenght of eri-grad core                     :         2350416
 If primative density matrix is used         : F
 Number of OpenMP threads                    :   8
 ngrad=                     1
 Esitmate buffer meomory used:        0.1592 GB
 
|--------------------------------------------------------------------------------|
          Molecular gradient - Elec Repulsive contribution
 
        Atom            X                    Y                    Z
        C             -0.0000000000          0.0000000000          0.0000000000
        O              0.0000000000          0.0000000000          0.0000000000
        H             -0.0000000000         -0.0299733982          0.0000000000
        H              0.0000000000          0.0299733982          0.0000000000
|--------------------------------------------------------------------------------|
 
 
 ---------------------------------------------------------------
  Timing to calculate 2-electronic integrals Gradients                            
 
  CPU TIME(S)      SYSTEM TIME(S)     WALL TIME(S)
          4.730            0.020               0.600
 ---------------------------------------------------------------
 
 Time:   PreRys     Rys    2dint    2dintd   6dint  6dintc  6dints
cputime    0.00E+00    0.00E+00    0.00E+00    0.00E+00    0.00E+00    0.00E+00    0.00E+00    0.00E+00
systime    0.00E+00    0.00E+00    0.00E+00    0.00E+00    0.00E+00    0.00E+00    0.00E+00    0.00E+00
waltime    0.00E+00    0.00E+00    0.00E+00    0.00E+00    0.00E+00    0.00E+00    0.00E+00    0.00E+00
 Finish resp_deriv2e
  Gradient contribution from Analytic 2e
      1       -0.0000000000        0.0000000000        0.0000000000
      2        0.0000000000        0.0000000000        0.0000000000
      3       -0.0000000000       -0.0299733982        0.0000000000
      4        0.0000000000        0.0299733982        0.0000000000
 Sum of gradient contribution from Analytic 2e
             -0.0000000000        0.0000000000        0.0000000000
 
 
  Gradient contribution from Final-grad(no XC)
      1        0.0000000000        0.0000000000        0.0000000000
      2       -0.0000000000        0.0000000000        0.0000000000
      3       -0.0000000000       -0.0024227977        0.0000000000
      4       -0.0000000000        0.0024227977        0.0000000000
 Sum of gradient contribution from Final-grad(no XC)
             -0.0000000000        0.0000000000        0.0000000000
 
 
 [resp_deriv_Exc]
 
 
 ---------------------------------------------------------------
  Timing for XC energy gradient calculation
 
  CPU TIME(S)      SYSTEM TIME(S)     WALL TIME(S)
         18.590            0.000               2.330
 ---------------------------------------------------------------
 
  Gradient contribution from XC
      1        0.0000000000       -0.0000000000        0.0000000000
      2       -0.0000000000        0.0000000000        0.0000000000
      3        0.0000000000        0.0008030905        0.0000000000
      4       -0.0000000000       -0.0008030905        0.0000000000
 Sum of gradient contribution from XC
             -0.0000000000        0.0000000000        0.0000000000
 
 
 [resp_deriv_dpq]
 
  Gradient contribution from dpq-R
      1       -0.0000000000        0.0000000000       -0.0000000000
      2       -0.0000000000       -0.0000000000       -0.0000000000
      3       -0.0000000000       -0.0004985169        0.0000000000
      4        0.0000000000        0.0004985169        0.0000000000
 Sum of gradient contribution from dpq-R
             -0.0000000000        0.0000000000       -0.0000000000
 
  Gradient contribution from Final-NAC(R)
      1        0.0000000000       -0.0000000000       -0.0000000000
      2       -0.0000000000        0.0000000000       -0.0000000000
      3       -0.0000000000       -0.0021182242        0.0000000000
      4       -0.0000000000        0.0021182242        0.0000000000
 Sum of gradient contribution from Final-NAC(R)
             -0.0000000000        0.0000000000       -0.0000000000
 
 ------------------------------------------------------------------
 
 Raw NACMEs, without electron-translation factor:
  FNAC_cpair=   1   2   2     1   1   1
  FNAC_epair=         -113.8847740490732718         -113.8580699038538881
  Gradient contribution from Final-NAC(R)-Escaled
      1        0.0000000000       -0.0000000000       -0.0000000000
      2       -0.0000000000        0.0000000000       -0.0000000000
      3       -0.0000000000       -0.0793219242        0.0000000000
      4       -0.0000000000        0.0793219242        0.0000000000
 Sum of gradient contribution from Final-NAC(R)-Escaled
             -0.0000000000        0.0000000000       -0.0000000000
 
 ------------------------------------------------------------------
  Gradient contribution from dpq-S
      1       -0.0000000000       -0.0000000000        0.0000000000
      2       -0.0000000000        0.0000000000       -0.0000000000
      3       -0.0000000000       -0.0001484022        0.0000000000
      4        0.0000000000        0.0001484022        0.0000000000
 Sum of gradient contribution from dpq-S
              0.0000000000        0.0000000000        0.0000000000
 
  Gradient contribution from Final-NAC(S)
      1        0.0000000000       -0.0000000000        0.0000000000
      2       -0.0000000000        0.0000000000       -0.0000000000
      3       -0.0000000000       -0.0017681094        0.0000000000
      4       -0.0000000000        0.0017681094        0.0000000000
 Sum of gradient contribution from Final-NAC(S)
             -0.0000000000        0.0000000000        0.0000000000
 
 
 NACMEs including electron-translation factor:
  Gradient contribution from Final-NAC(S)-Escaled
      1        0.0000000000       -0.0000000000        0.0000000000
      2       -0.0000000000        0.0000000000       -0.0000000000
      3       -0.0000000000       -0.0662110476        0.0000000000
      4       -0.0000000000        0.0662110476        0.0000000000
 Sum of gradient contribution from Final-NAC(S)-Escaled
             -0.0000000000        0.0000000000        0.0000000000
 
 
 [resp_ex_final] : iop=                     2
 
 
 [resp_ex_final] : iop=                     0
 
 
 [resp_ex_final] : iop=                     0
 
 
 [resp_ex_init]
 
  Check normalization:
  R^t*L(vec)=   1.00000000000000     
  R^t*L(mat)=   1.00000000000000     
 
 [resp_ex_init]
 
  Check normalization:
  R^t*L(vec)=   1.00000000000000     
  R^t*L(mat)=   1.00000000000000     
 
 =================================
  PairIJ=   1   2   1   1   1   2
 =================================
 
 [resp_nac_main2]
 
  wJI =  0.141832201356696     
  Check normalization:
  R1^t*L1(mat)=   1.00000000000000     
  R2^t*L2(mat)=   1.00000000000000     
  Check orthogonality:
  R1^t*L2(mat)=  0.000000000000000E+000
  L1^t*R2(mat)=  0.000000000000000E+000
  Z1^t*Z2(mat)=  0.000000000000000E+000
 ---------------------------------------------------
  I-state,J-state,wJI 
           0.138852        0.280684        0.141832
  CHECK TRANSITION DIPOLE : expect.  resp.  total 
  1       -0.000000        0.000000       -0.000000
  2        0.000000        0.000000        0.000000
  3       -0.000000        0.000000       -0.000000
 ---------------------------------------------------
 
 [resp_ex_zvector]
 
 [resp_fock2e_Qex]
 [resp_fockxc_Qex]
 
 ---------------------------------------------------------------
  Timing for Q operator formation
 
  CPU TIME(S)      SYSTEM TIME(S)     WALL TIME(S)
          6.840            0.020               0.860
 ---------------------------------------------------------------
 
 
 [resp_ex_Zmo] : Solving Z-vector equation ...
 
 respcphf%isolver=                     2                     1
 
 [resp_cphf_solver]
  isf  =                     0
  freq =  0.000000000000000E+000
 
 
 [LinearSolver]: ndim=                  1047
  Norm of RHS =   7.972232258209287E-002
 Initial Guess of CPHF vector                     0                     0
   iter  Ndim        |res|           |x|           time/s
    1      1    0.450166E-01    0.287239E+00       0.000
    2      2    0.686249E-02    0.324241E+00       0.270
    3      3    0.216629E-02    0.324389E+00       0.270
    4      4    0.958016E-04    0.325048E+00       0.260
    5      5    0.336786E-04    0.325035E+00       0.270
    6      6    0.245267E-05    0.325036E+00       0.270
    7      7    0.745072E-06    0.325035E+00       0.280
    8      8    0.587951E-07    0.325036E+00       0.270
    9      9    0.101452E-07    0.325036E+00       0.270
   10     10    0.886966E-09    0.325036E+00       0.280
   11     11    0.257406E-09    0.325036E+00       0.280
   12     12    0.143784E-10    0.325036E+00       0.270
   13     13    0.385139E-11    0.325036E+00       0.270
   14     14    0.283237E-12    0.325036E+00       0.250
  Converged ! |Res|=  2.832373213505217E-013  iter=                    14
 
 ---------------------------------------------------------------
  Timing for solving the Z vector equation
 
  CPU TIME(S)      SYSTEM TIME(S)     WALL TIME(S)
         30.000            0.120               3.780
 ---------------------------------------------------------------
 
 
 [resp_ex_Wmo]
 
  Skewness of Wmo(C,C) =  1.430855701735544E-003
  Skewness of Wmo(C,V) =  3.510596709126347E-013
  Skewness of Wmo(V,V) =  1.582140293151655E-003
  Skewness of Wmo(C,O) =  1.804112415747078E-015
  Skewness of Wmo(O,V) =  3.449736285403446E-013
  Skewness of Wmo(O,O) =  0.000000000000000E+000
 
 ---------------------------------------------------------------
  Timing for W matrix formation
 
  CPU TIME(S)      SYSTEM TIME(S)     WALL TIME(S)
          2.190            0.010               0.270
 ---------------------------------------------------------------
 
 
 [resp_deriv_energy]
 
 
 [resp_deriv1e_fock_new]
 
 
|--------------------------------------------------------------------------------|
          Molecular gradient - Overlap contribution
 
        Atom            X                    Y                    Z
        C              0.0000000000          0.0000000000          0.0000000000
        O             -0.0000000000          0.0000000000          0.0000000000
        H              0.0000000000          0.0144780088          0.0000000000
        H             -0.0000000000         -0.0144780088          0.0000000000
|--------------------------------------------------------------------------------|
 
 
|--------------------------------------------------------------------------------|
          Molecular gradient - Kinetic energy contribution
 
        Atom            X                    Y                    Z
        C              0.0000000000          0.0000000000          0.0000000000
        O              0.0000000000          0.0000000000          0.0000000000
        H             -0.0000000000          0.0202518911          0.0000000000
        H             -0.0000000000         -0.0202518911          0.0000000000
|--------------------------------------------------------------------------------|
 
 
|--------------------------------------------------------------------------------|
          Molecular gradient - Nuclear attraction energy contribution
 
        Atom            X                    Y                    Z
        C             -0.0000000000          0.0000000000          0.0000000000
        O             -0.0000000000          0.0000000000          0.0000000000
        H             -0.0000000000         -0.2687259206          0.0000000000
        H              0.0000000000          0.2687259206          0.0000000000
|--------------------------------------------------------------------------------|
 
 
 ---------------------------------------------------------------
  Timing to calculate 1-electronic integrals                                      
 
  CPU TIME(S)      SYSTEM TIME(S)     WALL TIME(S)
          0.010            0.000               0.000
 ---------------------------------------------------------------
 
  Gradient contribution from 1e
      1       -0.0000000000        0.0000000000        0.0000000000
      2       -0.0000000000        0.0000000000        0.0000000000
      3       -0.0000000000       -0.2339960206        0.0000000000
      4        0.0000000000        0.2339960206        0.0000000000
 Sum of gradient contribution from 1e
              0.0000000000        0.0000000000        0.0000000000
 
 
 [resp_deriv2e]
 
resp deriv type   4
 Number of cartesian primative basis functions :      188
 If used primative density matrix:  F
  [int2e_petite_1st_gradient_screened]
 Total length of P4 ERIs 1st gradient:             1365957
 Maxium length of a batch of ERI 1st gradient:           50625
 Maxium length of a batch of dens matrix     :          320000
 Lenght of eri-grad core                     :         2350416
 If primative density matrix is used         : F
 Number of OpenMP threads                    :   8
 ngrad=                     1
 Esitmate buffer meomory used:        0.1592 GB
 
|--------------------------------------------------------------------------------|
          Molecular gradient - Elec Repulsive contribution
 
        Atom            X                    Y                    Z
        C              0.0000000000          0.0000000000          0.0000000000
        O              0.0000000000          0.0000000000          0.0000000000
        H              0.0000000000          0.2084542899          0.0000000000
        H             -0.0000000000         -0.2084542899          0.0000000000
|--------------------------------------------------------------------------------|
 
 
 ---------------------------------------------------------------
  Timing to calculate 2-electronic integrals Gradients                            
 
  CPU TIME(S)      SYSTEM TIME(S)     WALL TIME(S)
          4.730            0.020               0.600
 ---------------------------------------------------------------
 
 Time:   PreRys     Rys    2dint    2dintd   6dint  6dintc  6dints
cputime    0.00E+00    0.00E+00    0.00E+00    0.00E+00    0.00E+00    0.00E+00    0.00E+00    0.00E+00
systime    0.00E+00    0.00E+00    0.00E+00    0.00E+00    0.00E+00    0.00E+00    0.00E+00    0.00E+00
waltime    0.00E+00    0.00E+00    0.00E+00    0.00E+00    0.00E+00    0.00E+00    0.00E+00    0.00E+00
 Finish resp_deriv2e
  Gradient contribution from Analytic 2e
      1        0.0000000000        0.0000000000        0.0000000000
      2        0.0000000000        0.0000000000        0.0000000000
      3        0.0000000000        0.2084542899        0.0000000000
      4       -0.0000000000       -0.2084542899        0.0000000000
 Sum of gradient contribution from Analytic 2e
             -0.0000000000        0.0000000000        0.0000000000
 
 
  Gradient contribution from Final-grad(no XC)
      1       -0.0000000000        0.0000000000        0.0000000000
      2        0.0000000000        0.0000000000        0.0000000000
      3       -0.0000000000       -0.0255417307        0.0000000000
      4        0.0000000000        0.0255417307        0.0000000000
 Sum of gradient contribution from Final-grad(no XC)
              0.0000000000        0.0000000000        0.0000000000
 
 
 [resp_deriv_Exc]
 
 
 ---------------------------------------------------------------
  Timing for XC energy gradient calculation
 
  CPU TIME(S)      SYSTEM TIME(S)     WALL TIME(S)
         18.550            0.000               2.320
 ---------------------------------------------------------------
 
  Gradient contribution from XC
      1        0.0000000000       -0.0000000000        0.0000000000
      2       -0.0000000000        0.0000000000        0.0000000000
      3       -0.0000000000       -0.0185378894        0.0000000000
      4        0.0000000000        0.0185378894        0.0000000000
 Sum of gradient contribution from XC
              0.0000000000        0.0000000000        0.0000000000
 
 
 [resp_deriv_dpq]
 
  Gradient contribution from dpq-R
      1        0.0000000000        0.0000000000       -0.0000000000
      2       -0.0000000000        0.0000000000        0.0000000000
      3        0.0000000000       -0.0008798643        0.0000000000
      4       -0.0000000000        0.0008798643        0.0000000000
 Sum of gradient contribution from dpq-R
              0.0000000000        0.0000000000       -0.0000000000
 
  Gradient contribution from Final-NAC(R)
      1        0.0000000000        0.0000000000       -0.0000000000
      2       -0.0000000000        0.0000000000        0.0000000000
      3       -0.0000000000       -0.0449594843        0.0000000000
      4        0.0000000000        0.0449594843        0.0000000000
 Sum of gradient contribution from Final-NAC(R)
              0.0000000000        0.0000000000       -0.0000000000
 
 ------------------------------------------------------------------
 
 Raw NACMEs, without electron-translation factor:
  FNAC_cpair=   1   2   1     1   1   2
  FNAC_epair=         -113.9552143587106912         -113.8133821573539990
  Gradient contribution from Final-NAC(R)-Escaled
      1        0.0000000000        0.0000000000       -0.0000000000
      2       -0.0000000000        0.0000000000        0.0000000000
      3       -0.0000000000       -0.3169906684        0.0000000000
      4        0.0000000000        0.3169906684        0.0000000000
 Sum of gradient contribution from Final-NAC(R)-Escaled
              0.0000000000        0.0000000000       -0.0000000000
 
 ------------------------------------------------------------------
  Gradient contribution from dpq-S
      1        0.0000000000        0.0000000000       -0.0000000000
      2       -0.0000000000        0.0000000000       -0.0000000000
      3        0.0000000000        0.0030879813        0.0000000000
      4       -0.0000000000       -0.0030879813        0.0000000000
 Sum of gradient contribution from dpq-S
              0.0000000000        0.0000000000       -0.0000000000
 
  Gradient contribution from Final-NAC(S)
      1        0.0000000000        0.0000000000       -0.0000000000
      2       -0.0000000000        0.0000000000       -0.0000000000
      3       -0.0000000000       -0.0409916387        0.0000000000
      4        0.0000000000        0.0409916387        0.0000000000
 Sum of gradient contribution from Final-NAC(S)
              0.0000000000        0.0000000000       -0.0000000000
 
 
 NACMEs including electron-translation factor:
  Gradient contribution from Final-NAC(S)-Escaled
      1        0.0000000000        0.0000000000       -0.0000000000
      2       -0.0000000000        0.0000000000       -0.0000000000
      3       -0.0000000000       -0.2890150357        0.0000000000
      4        0.0000000000        0.2890150357        0.0000000000
 Sum of gradient contribution from Final-NAC(S)-Escaled
              0.0000000000        0.0000000000       -0.0000000000
 
 
 [resp_ex_final] : iop=                     2
 
 
 [resp_ex_final] : iop=                     0
 
 
 [resp_ex_init]
 
  Check normalization:
  R^t*L(vec)=   1.00000000000000     
  R^t*L(mat)=   1.00000000000000     
 
 =================================
  PairIJ=   1   2   2   1   1   2
 =================================
 
 [resp_nac_main2]
 
  wJI =  7.139189171927574E-002
  Check normalization:
  R1^t*L1(mat)=   1.00000000000000     
  R2^t*L2(mat)=   1.00000000000000     
  Check orthogonality:
  R1^t*L2(mat)=  0.000000000000000E+000
  L1^t*R2(mat)=  0.000000000000000E+000
  Z1^t*Z2(mat)=  0.000000000000000E+000
 ---------------------------------------------------
  I-state,J-state,wJI 
           0.209292        0.280684        0.071392
  CHECK TRANSITION DIPOLE : expect.  resp.  total 
  1        0.000000        0.000000        0.000000
  2       -0.000000        0.000000       -0.000000
  3        0.000000        0.000000        0.000000
 ---------------------------------------------------
 
 [resp_ex_zvector]
 
 [resp_fock2e_Qex]
 [resp_fockxc_Qex]
 
 ---------------------------------------------------------------
  Timing for Q operator formation
 
  CPU TIME(S)      SYSTEM TIME(S)     WALL TIME(S)
          6.880            0.030               0.860
 ---------------------------------------------------------------
 
 
 [resp_ex_Zmo] : Solving Z-vector equation ...
 
 respcphf%isolver=                     2                     1
 
 [resp_cphf_solver]
  isf  =                     0
  freq =  0.000000000000000E+000
 
 
 [LinearSolver]: ndim=                  1047
  Norm of RHS =   8.888222255550085E-002
 Initial Guess of CPHF vector                     0                     0
   iter  Ndim        |res|           |x|           time/s
    1      1    0.379595E-01    0.303637E+00       0.000
    2      2    0.578616E-02    0.330762E+00       0.280
    3      3    0.172473E-02    0.330732E+00       0.270
    4      4    0.218794E-03    0.331215E+00       0.270
    5      5    0.538561E-04    0.331155E+00       0.260
    6      6    0.569587E-05    0.331150E+00       0.270
    7      7    0.137007E-05    0.331150E+00       0.270
    8      8    0.106117E-06    0.331150E+00       0.270
    9      9    0.321023E-07    0.331150E+00       0.280
   10     10    0.193672E-08    0.331150E+00       0.270
   11     11    0.613036E-09    0.331150E+00       0.270
   12     12    0.370772E-10    0.331150E+00       0.270
   13     13    0.129044E-10    0.331150E+00       0.280
   14     14    0.564646E-12    0.331150E+00       0.260
  Converged ! |Res|=  5.646463496719993E-013  iter=                    14
 
 ---------------------------------------------------------------
  Timing for solving the Z vector equation
 
  CPU TIME(S)      SYSTEM TIME(S)     WALL TIME(S)
         30.140            0.080               3.790
 ---------------------------------------------------------------
 
 
 [resp_ex_Wmo]
 
  Skewness of Wmo(C,C) =  1.026197381885338E-002
  Skewness of Wmo(C,V) =  2.247714715477917E-012
  Skewness of Wmo(V,V) =  9.985793745315584E-004
  Skewness of Wmo(C,O) =  1.554312274437866E-015
  Skewness of Wmo(O,V) =  2.951025151119116E-013
  Skewness of Wmo(O,O) =  0.000000000000000E+000
 
 ---------------------------------------------------------------
  Timing for W matrix formation
 
  CPU TIME(S)      SYSTEM TIME(S)     WALL TIME(S)
          2.180            0.010               0.270
 ---------------------------------------------------------------
 
 
 [resp_deriv_energy]
 
 
 [resp_deriv1e_fock_new]
 
 
|--------------------------------------------------------------------------------|
          Molecular gradient - Overlap contribution
 
        Atom            X                    Y                    Z
        C             -0.0000000000          0.0000000000          0.0000000000
        O             -0.0000000000          0.0000000000          0.0000000000
        H             -0.0000000000         -0.0199345437          0.0000000000
        H              0.0000000000          0.0199345437          0.0000000000
|--------------------------------------------------------------------------------|
 
 
|--------------------------------------------------------------------------------|
          Molecular gradient - Kinetic energy contribution
 
        Atom            X                    Y                    Z
        C             -0.0000000000          0.0000000000          0.0000000000
        O              0.0000000000          0.0000000000          0.0000000000
        H             -0.0000000000         -0.0129826087          0.0000000000
        H              0.0000000000          0.0129826087          0.0000000000
|--------------------------------------------------------------------------------|
 
 
|--------------------------------------------------------------------------------|
          Molecular gradient - Nuclear attraction energy contribution
 
        Atom            X                    Y                    Z
        C              0.0000000000          0.0000000000          0.0000000000
        O             -0.0000000000          0.0000000000          0.0000000000
        H             -0.0000000000          0.2174252418          0.0000000000
        H             -0.0000000000         -0.2174252418          0.0000000000
|--------------------------------------------------------------------------------|
 
 
 ---------------------------------------------------------------
  Timing to calculate 1-electronic integrals                                      
 
  CPU TIME(S)      SYSTEM TIME(S)     WALL TIME(S)
          0.010            0.000               0.000
 ---------------------------------------------------------------
 
  Gradient contribution from 1e
      1        0.0000000000        0.0000000000        0.0000000000
      2       -0.0000000000        0.0000000000        0.0000000000
      3       -0.0000000000        0.1845080894        0.0000000000
      4       -0.0000000000       -0.1845080894        0.0000000000
 Sum of gradient contribution from 1e
             -0.0000000000        0.0000000000        0.0000000000
 
 
 [resp_deriv2e]
 
resp deriv type   4
 Number of cartesian primative basis functions :      188
 If used primative density matrix:  F
  [int2e_petite_1st_gradient_screened]
 Total length of P4 ERIs 1st gradient:             1365957
 Maxium length of a batch of ERI 1st gradient:           50625
 Maxium length of a batch of dens matrix     :          320000
 Lenght of eri-grad core                     :         2350416
 If primative density matrix is used         : F
 Number of OpenMP threads                    :   8
 ngrad=                     1
 Esitmate buffer meomory used:        0.1592 GB
 
|--------------------------------------------------------------------------------|
          Molecular gradient - Elec Repulsive contribution
 
        Atom            X                    Y                    Z
        C             -0.0000000000          0.0000000000          0.0000000000
        O              0.0000000000          0.0000000000          0.0000000000
        H             -0.0000000000         -0.1836636897          0.0000000000
        H              0.0000000000          0.1836636897          0.0000000000
|--------------------------------------------------------------------------------|
 
 
 ---------------------------------------------------------------
  Timing to calculate 2-electronic integrals Gradients                            
 
  CPU TIME(S)      SYSTEM TIME(S)     WALL TIME(S)
          4.770            0.010               0.600
 ---------------------------------------------------------------
 
 Time:   PreRys     Rys    2dint    2dintd   6dint  6dintc  6dints
cputime    0.00E+00    0.00E+00    0.00E+00    0.00E+00    0.00E+00    0.00E+00    0.00E+00    0.00E+00
systime    0.00E+00    0.00E+00    0.00E+00    0.00E+00    0.00E+00    0.00E+00    0.00E+00    0.00E+00
waltime    0.00E+00    0.00E+00    0.00E+00    0.00E+00    0.00E+00    0.00E+00    0.00E+00    0.00E+00
 Finish resp_deriv2e
  Gradient contribution from Analytic 2e
      1       -0.0000000000        0.0000000000        0.0000000000
      2        0.0000000000        0.0000000000        0.0000000000
      3       -0.0000000000       -0.1836636897        0.0000000000
      4        0.0000000000        0.1836636897        0.0000000000
 Sum of gradient contribution from Analytic 2e
              0.0000000000        0.0000000000        0.0000000000
 
 
  Gradient contribution from Final-grad(no XC)
      1        0.0000000000        0.0000000000        0.0000000000
      2       -0.0000000000        0.0000000000        0.0000000000
      3       -0.0000000000        0.0008443997        0.0000000000
      4       -0.0000000000       -0.0008443997        0.0000000000
 Sum of gradient contribution from Final-grad(no XC)
              0.0000000000        0.0000000000        0.0000000000
 
 
 [resp_deriv_Exc]
 
 
 ---------------------------------------------------------------
  Timing for XC energy gradient calculation
 
  CPU TIME(S)      SYSTEM TIME(S)     WALL TIME(S)
         18.620            0.030               2.330
 ---------------------------------------------------------------
 
  Gradient contribution from XC
      1       -0.0000000000        0.0000000000        0.0000000000
      2        0.0000000000        0.0000000000        0.0000000000
      3        0.0000000000        0.0111812135        0.0000000000
      4       -0.0000000000       -0.0111812135        0.0000000000
 Sum of gradient contribution from XC
             -0.0000000000       -0.0000000000        0.0000000000
 
 
 [resp_deriv_dpq]
 
  Gradient contribution from dpq-R
      1        0.0000000000       -0.0000000000       -0.0000000000
      2        0.0000000000       -0.0000000000        0.0000000000
      3       -0.0000000000       -0.0020156342       -0.0000000000
      4        0.0000000000        0.0020156342       -0.0000000000
 Sum of gradient contribution from dpq-R
              0.0000000000        0.0000000000       -0.0000000000
 
  Gradient contribution from Final-NAC(R)
      1       -0.0000000000        0.0000000000       -0.0000000000
      2        0.0000000000        0.0000000000        0.0000000000
      3       -0.0000000000        0.0100099790       -0.0000000000
      4       -0.0000000000       -0.0100099790       -0.0000000000
 Sum of gradient contribution from Final-NAC(R)
             -0.0000000000       -0.0000000000       -0.0000000000
 
 ------------------------------------------------------------------
 
 Raw NACMEs, without electron-translation factor:
  FNAC_cpair=   1   2   2     1   1   2
  FNAC_epair=         -113.8847740490732718         -113.8133821573539990
  Gradient contribution from Final-NAC(R)-Escaled
      1       -0.0000000000        0.0000000000       -0.0000000000
      2        0.0000000000        0.0000000000        0.0000000000
      3       -0.0000000000        0.1402117069       -0.0000000000
      4       -0.0000000000       -0.1402117069       -0.0000000000
 Sum of gradient contribution from Final-NAC(R)-Escaled
             -0.0000000000       -0.0000000000       -0.0000000000
 
 ------------------------------------------------------------------
  Gradient contribution from dpq-S
      1       -0.0000000000       -0.0000000000        0.0000000000
      2        0.0000000000       -0.0000000000        0.0000000000
      3       -0.0000000000       -0.0007661270       -0.0000000000
      4        0.0000000000        0.0007661270       -0.0000000000
 Sum of gradient contribution from dpq-S
             -0.0000000000        0.0000000000        0.0000000000
 
  Gradient contribution from Final-NAC(S)
      1       -0.0000000000        0.0000000000        0.0000000000
      2        0.0000000000        0.0000000000        0.0000000000
      3        0.0000000000        0.0112594861       -0.0000000000
      4       -0.0000000000       -0.0112594861       -0.0000000000
 Sum of gradient contribution from Final-NAC(S)
             -0.0000000000        0.0000000000        0.0000000000
 
 
 NACMEs including electron-translation factor:
  Gradient contribution from Final-NAC(S)-Escaled
      1       -0.0000000000        0.0000000000        0.0000000000
      2        0.0000000000        0.0000000000        0.0000000000
      3        0.0000000000        0.1577137944       -0.0000000000
      4       -0.0000000000       -0.1577137944       -0.0000000000
 Sum of gradient contribution from Final-NAC(S)-Escaled
             -0.0000000000        0.0000000000        0.0000000000
 
 
 [resp_ex_final] : iop=                     2
 
 
 [resp_ex_final] : iop=                     0
 
 
 [resp_ex_final] : iop=                     0
 
 
 [resp_ex_init]
 
  Check normalization:
  R^t*L(vec)=   1.00000000000000     
  R^t*L(mat)=   1.00000000000000     
 
 [resp_ex_final] : iop=                     0
 
 
 [resp_ex_init]
 
  Check normalization:
  R^t*L(vec)=   1.00000000000000     
  R^t*L(mat)=   1.00000000000000     
 
 [resp_ex_init]
 
  Check normalization:
  R^t*L(vec)=   1.00000000000000     
  R^t*L(mat)=  0.999999999999999     
 
 =================================
  PairIJ=   1   3   1   1   1   1
 =================================
 
 [resp_nac_main2]
 
  wJI =  4.325757724235815E-002
  Check normalization:
  R1^t*L1(mat)=  0.999999999999999     
  R2^t*L2(mat)=   1.00000000000000     
  Check orthogonality:
  R1^t*L2(mat)=  0.000000000000000E+000
  L1^t*R2(mat)=  0.000000000000000E+000
  Z1^t*Z2(mat)=  0.000000000000000E+000
 ---------------------------------------------------
  I-state,J-state,wJI 
           0.192739        0.235997        0.043258
  CHECK TRANSITION DIPOLE : expect.  resp.  total 
  1        0.326805        0.000000        0.326805
  2       -0.000000        0.000000       -0.000000
  3       -0.000000        0.000000       -0.000000
 ---------------------------------------------------
 
 [resp_ex_zvector]
 
 [resp_fock2e_Qex]
 [resp_fockxc_Qex]
 
 ---------------------------------------------------------------
  Timing for Q operator formation
 
  CPU TIME(S)      SYSTEM TIME(S)     WALL TIME(S)
          6.790            0.010               0.850
 ---------------------------------------------------------------
 
 
 [resp_ex_Zmo] : Solving Z-vector equation ...
 
 respcphf%isolver=                     2                     1
 
 [resp_cphf_solver]
  isf  =                     0
  freq =  0.000000000000000E+000
 
 
 [LinearSolver]: ndim=                  1047
  Norm of RHS =   0.134002758451006     
 Initial Guess of CPHF vector                     0                     0
   iter  Ndim        |res|           |x|           time/s
    1      1    0.137280E+00    0.747498E-01       0.000
    2      2    0.170425E+00    0.119649E+01       0.280
    3      3    0.120898E-01    0.603637E+00       0.270
    4      4    0.138408E-02    0.609158E+00       0.260
    5      5    0.437638E-03    0.610975E+00       0.270
    6      6    0.585143E-04    0.609156E+00       0.270
    7      7    0.120751E-04    0.609934E+00       0.270
    8      8    0.232220E-05    0.609876E+00       0.270
    9      9    0.542061E-06    0.609883E+00       0.280
   10     10    0.127507E-06    0.609885E+00       0.270
   11     11    0.270555E-07    0.609885E+00       0.280
   12     12    0.343728E-08    0.609885E+00       0.270
   13     13    0.811447E-09    0.609885E+00       0.270
   14     14    0.122023E-09    0.609885E+00       0.280
   15     15    0.234747E-10    0.609885E+00       0.270
   16     16    0.489938E-11    0.609885E+00       0.270
   17     17    0.722796E-12    0.609885E+00       0.250
  Converged ! |Res|=  7.227962103524558E-013  iter=                    17
 
 ---------------------------------------------------------------
  Timing for solving the Z vector equation
 
  CPU TIME(S)      SYSTEM TIME(S)     WALL TIME(S)
         36.670            0.050               4.600
 ---------------------------------------------------------------
 
 
 [resp_ex_Wmo]
 
  Skewness of Wmo(C,C) =  8.878594655704341E-005
  Skewness of Wmo(C,V) =  2.464849108447415E-012
  Skewness of Wmo(V,V) =  7.250077542329216E-004
  Skewness of Wmo(C,O) =  5.344784434263183E-014
  Skewness of Wmo(O,V) =  5.570177222117118E-013
  Skewness of Wmo(O,O) =  0.000000000000000E+000
 
 ---------------------------------------------------------------
  Timing for W matrix formation
 
  CPU TIME(S)      SYSTEM TIME(S)     WALL TIME(S)
          2.120            0.000               0.270
 ---------------------------------------------------------------
 
 
 [resp_deriv_energy]
 
 
 [resp_deriv1e_fock_new]
 
 
|--------------------------------------------------------------------------------|
          Molecular gradient - Overlap contribution
 
        Atom            X                    Y                    Z
        C             14.3241898187         -0.0000000000          0.0000000000
        O             -1.7305821584          0.0000000000          0.0000000000
        H             -6.2968038301         -0.0000000000         -1.5004007396
        H             -6.2968038301          0.0000000000          1.5004007396
|--------------------------------------------------------------------------------|
 
 
|--------------------------------------------------------------------------------|
          Molecular gradient - Kinetic energy contribution
 
        Atom            X                    Y                    Z
        C              4.6282395884         -0.0000000000          0.0000000000
        O             -0.5787406685          0.0000000000          0.0000000000
        H             -2.0247494599         -0.0000000000         -0.3944181957
        H             -2.0247494599          0.0000000000          0.3944181957
|--------------------------------------------------------------------------------|
 
 
|--------------------------------------------------------------------------------|
          Molecular gradient - Nuclear attraction energy contribution
 
        Atom            X                    Y                    Z
        C            -99.0479614122          0.0000000000          0.0000000000
        O             12.3302302350         -0.0000000000          0.0000000000
        H             43.3588655886          0.0000000000         10.1290907264
        H             43.3588655886         -0.0000000000        -10.1290907264
|--------------------------------------------------------------------------------|
 
 
 ---------------------------------------------------------------
  Timing to calculate 1-electronic integrals                                      
 
  CPU TIME(S)      SYSTEM TIME(S)     WALL TIME(S)
          0.010            0.000               0.000
 ---------------------------------------------------------------
 
  Gradient contribution from 1e
      1      -80.0955320051        0.0000000000        0.0000000000
      2       10.0209074080       -0.0000000000        0.0000000000
      3       35.0373122985        0.0000000000        8.2342717911
      4       35.0373122985       -0.0000000000       -8.2342717911
 Sum of gradient contribution from 1e
              0.0000000000        0.0000000000        0.0000000000
 
 
 [resp_deriv2e]
 
resp deriv type   4
 Number of cartesian primative basis functions :      188
 If used primative density matrix:  F
  [int2e_petite_1st_gradient_screened]
 Total length of P4 ERIs 1st gradient:             1365957
 Maxium length of a batch of ERI 1st gradient:           50625
 Maxium length of a batch of dens matrix     :          320000
 Lenght of eri-grad core                     :         2350416
 If primative density matrix is used         : F
 Number of OpenMP threads                    :   8
 ngrad=                     1
 Esitmate buffer meomory used:        0.1592 GB
 
|--------------------------------------------------------------------------------|
          Molecular gradient - Elec Repulsive contribution
 
        Atom            X                    Y                    Z
        C             84.9327509900         -0.0000000000          0.0000000000
        O            -10.5881149213          0.0000000000          0.0000000000
        H            -37.1723180343         -0.0000000000         -8.6792135820
        H            -37.1723180343          0.0000000000          8.6792135820
|--------------------------------------------------------------------------------|
 
 
 ---------------------------------------------------------------
  Timing to calculate 2-electronic integrals Gradients                            
 
  CPU TIME(S)      SYSTEM TIME(S)     WALL TIME(S)
          5.630            0.020               0.710
 ---------------------------------------------------------------
 
 Time:   PreRys     Rys    2dint    2dintd   6dint  6dintc  6dints
cputime    0.00E+00    0.00E+00    0.00E+00    0.00E+00    0.00E+00    0.00E+00    0.00E+00    0.00E+00
systime    0.00E+00    0.00E+00    0.00E+00    0.00E+00    0.00E+00    0.00E+00    0.00E+00    0.00E+00
waltime    0.00E+00    0.00E+00    0.00E+00    0.00E+00    0.00E+00    0.00E+00    0.00E+00    0.00E+00
 Finish resp_deriv2e
  Gradient contribution from Analytic 2e
      1       84.9327509900       -0.0000000000        0.0000000000
      2      -10.5881149213        0.0000000000        0.0000000000
      3      -37.1723180343       -0.0000000000       -8.6792135820
      4      -37.1723180343        0.0000000000        8.6792135820
 Sum of gradient contribution from Analytic 2e
              0.0000000000       -0.0000000000        0.0000000000
 
 
  Gradient contribution from Final-grad(no XC)
      1        4.8372189849       -0.0000000000        0.0000000000
      2       -0.5672075133        0.0000000000        0.0000000000
      3       -2.1350057358        0.0000000000       -0.4449417908
      4       -2.1350057358       -0.0000000000        0.4449417908
 Sum of gradient contribution from Final-grad(no XC)
              0.0000000000       -0.0000000000        0.0000000000
 
 
 [resp_deriv_Exc]
 
 
 ---------------------------------------------------------------
  Timing for XC energy gradient calculation
 
  CPU TIME(S)      SYSTEM TIME(S)     WALL TIME(S)
         18.630            0.010               2.330
 ---------------------------------------------------------------
 
  Gradient contribution from XC
      1       -4.8998015300        0.0000000000        0.0000000000
      2        0.5826880009       -0.0000000000        0.0000000000
      3        2.1585710706       -0.0000000000        0.4465695019
      4        2.1585710706       -0.0000000000       -0.4465695019
 Sum of gradient contribution from XC
              0.0000286122       -0.0000000000        0.0000000000
 
 
 [resp_deriv_dpq]
 
  Gradient contribution from dpq-R
      1       -0.0001339639       -0.0000000000        0.0000000000
      2       -0.0006296905        0.0000000000       -0.0000000000
      3       -0.0000899490        0.0000000000       -0.0007183828
      4       -0.0000899490        0.0000000000        0.0007183828
 Sum of gradient contribution from dpq-R
             -0.0009435523        0.0000000000        0.0000000000
 
  Gradient contribution from Final-NAC(R)
      1       -0.0627165090        0.0000000000        0.0000000000
      2        0.0148507971       -0.0000000000       -0.0000000000
      3        0.0234753859        0.0000000000        0.0009093283
      4        0.0234753859       -0.0000000000       -0.0009093283
 Sum of gradient contribution from Final-NAC(R)
             -0.0009149401       -0.0000000000        0.0000000000
 
 ------------------------------------------------------------------
 
 Raw NACMEs, without electron-translation factor:
  FNAC_cpair=   1   3   1     1   1   1
  FNAC_epair=         -113.9013274810962457         -113.8580699038538881
  Gradient contribution from Final-NAC(R)-Escaled
      1       -1.4498386882        0.0000000000        0.0000000000
      2        0.3433108851       -0.0000000000       -0.0000000000
      3        0.5426884121        0.0000000000        0.0210212486
      4        0.5426884121       -0.0000000000       -0.0210212486
 Sum of gradient contribution from Final-NAC(R)-Escaled
             -0.0211509790       -0.0000000000        0.0000000000
 
 ------------------------------------------------------------------
  Gradient contribution from dpq-S
      1        0.0009796337       -0.0000000000       -0.0000000000
      2       -0.0001438245        0.0000000000        0.0000000000
      3       -0.0004179046        0.0000000000       -0.0000468881
      4       -0.0004179046        0.0000000000        0.0000468881
 Sum of gradient contribution from dpq-S
             -0.0000000000       -0.0000000000       -0.0000000000
 
  Gradient contribution from Final-NAC(S)
      1       -0.0616029115        0.0000000000       -0.0000000000
      2        0.0153366631       -0.0000000000        0.0000000000
      3        0.0231474303        0.0000000000        0.0015808230
      4        0.0231474303       -0.0000000000       -0.0015808230
 Sum of gradient contribution from Final-NAC(S)
              0.0000286122       -0.0000000000        0.0000000000
 
 
 NACMEs including electron-translation factor:
  Gradient contribution from Final-NAC(S)-Escaled
      1       -1.4240952788        0.0000000000       -0.0000000000
      2        0.3545428131       -0.0000000000        0.0000000000
      3        0.5351069515        0.0000000000        0.0365444187
      4        0.5351069515       -0.0000000000       -0.0365444187
 Sum of gradient contribution from Final-NAC(S)-Escaled
              0.0006614374       -0.0000000000        0.0000000000
 
 
 [resp_ex_final] : iop=                     2
 
 
 [resp_ex_final] : iop=                     0
 
 
 [resp_ex_final] : iop=                     0
 
 
 [resp_ex_init]
 
  Check normalization:
  R^t*L(vec)=   1.00000000000000     
  R^t*L(mat)=   1.00000000000000     
 
 [resp_ex_init]
 
  Check normalization:
  R^t*L(vec)=   1.00000000000000     
  R^t*L(mat)=  0.999999999999999     
 
 =================================
  PairIJ=   1   3   1   1   1   2
 =================================
 
 [resp_nac_main2]
 
  wJI =  8.794532374224989E-002
  Check normalization:
  R1^t*L1(mat)=  0.999999999999999     
  R2^t*L2(mat)=   1.00000000000000     
  Check orthogonality:
  R1^t*L2(mat)=  0.000000000000000E+000
  L1^t*R2(mat)=  0.000000000000000E+000
  Z1^t*Z2(mat)=  0.000000000000000E+000
 ---------------------------------------------------
  I-state,J-state,wJI 
           0.192739        0.280684        0.087945
  CHECK TRANSITION DIPOLE : expect.  resp.  total 
  1        0.006259        0.000000        0.006259
  2       -0.000000        0.000000       -0.000000
  3        0.000000        0.000000        0.000000
 ---------------------------------------------------
 
 [resp_ex_zvector]
 
 [resp_fock2e_Qex]
 [resp_fockxc_Qex]
 
 ---------------------------------------------------------------
  Timing for Q operator formation
 
  CPU TIME(S)      SYSTEM TIME(S)     WALL TIME(S)
          6.860            0.020               0.860
 ---------------------------------------------------------------
 
 
 [resp_ex_Zmo] : Solving Z-vector equation ...
 
 respcphf%isolver=                     2                     1
 
 [resp_cphf_solver]
  isf  =                     0
  freq =  0.000000000000000E+000
 
 
 [LinearSolver]: ndim=                  1047
  Norm of RHS =   2.088989213977206E-002
 Initial Guess of CPHF vector                     0                     0
   iter  Ndim        |res|           |x|           time/s
    1      1    0.529703E+00    0.149185E-01       0.000
    2      2    0.145324E+00    0.765205E+01       0.270
    3      3    0.458049E-02    0.165042E+01       0.270
    4      4    0.248426E-02    0.235216E+01       0.270
    5      5    0.324750E-03    0.188523E+01       0.270
    6      6    0.911534E-04    0.193661E+01       0.280
    7      7    0.137789E-04    0.193663E+01       0.280
    8      8    0.342046E-05    0.193713E+01       0.280
    9      9    0.121425E-05    0.193690E+01       0.270
   10     10    0.106015E-06    0.193691E+01       0.270
   11     11    0.295041E-07    0.193692E+01       0.280
   12     12    0.566852E-08    0.193692E+01       0.270
   13     13    0.127330E-08    0.193692E+01       0.270
   14     14    0.265844E-09    0.193692E+01       0.270
   15     15    0.531498E-10    0.193692E+01       0.270
   16     16    0.674368E-11    0.193692E+01       0.260
   17     17    0.168799E-11    0.193692E+01       0.260
   18     18    0.213321E-12    0.193692E+01       0.230
  Converged ! |Res|=  2.133212997204542E-013  iter=                    18
 
 ---------------------------------------------------------------
  Timing for solving the Z vector equation
 
  CPU TIME(S)      SYSTEM TIME(S)     WALL TIME(S)
         38.590            0.030               4.840
 ---------------------------------------------------------------
 
 
 [resp_ex_Wmo]
 
  Skewness of Wmo(C,C) =  9.290001578219349E-005
  Skewness of Wmo(C,V) =  1.820862402472625E-012
  Skewness of Wmo(V,V) =  1.155705493201358E-003
  Skewness of Wmo(C,O) =  4.087129933153557E-014
  Skewness of Wmo(O,V) =  4.597011295698623E-013
  Skewness of Wmo(O,O) =  0.000000000000000E+000
 
 ---------------------------------------------------------------
  Timing for W matrix formation
 
  CPU TIME(S)      SYSTEM TIME(S)     WALL TIME(S)
          2.130            0.000               0.260
 ---------------------------------------------------------------
 
 
 [resp_deriv_energy]
 
 
 [resp_deriv1e_fock_new]
 
 
|--------------------------------------------------------------------------------|
          Molecular gradient - Overlap contribution
 
        Atom            X                    Y                    Z
        C             46.5844431774         -0.0000000000          0.0000000000
        O             -6.4179880784          0.0000000000          0.0000000000
        H            -20.0832275495         -0.0000000000        -11.2944295719
        H            -20.0832275495          0.0000000000         11.2944295719
|--------------------------------------------------------------------------------|
 
 
|--------------------------------------------------------------------------------|
          Molecular gradient - Kinetic energy contribution
 
        Atom            X                    Y                    Z
        C             14.4453938927         -0.0000000000          0.0000000000
        O             -2.1154666419          0.0000000000          0.0000000000
        H             -6.1649636254         -0.0000000000         -2.7589085360
        H             -6.1649636254          0.0000000000          2.7589085360
|--------------------------------------------------------------------------------|
 
 
|--------------------------------------------------------------------------------|
          Molecular gradient - Nuclear attraction energy contribution
 
        Atom            X                    Y                    Z
        C           -313.3020466242          0.0000000000          0.0000000000
        O             43.4064691350         -0.0000000000          0.0000000000
        H            134.9477887446          0.0000000000         76.6506820844
        H            134.9477887446         -0.0000000000        -76.6506820844
|--------------------------------------------------------------------------------|
 
 
 ---------------------------------------------------------------
  Timing to calculate 1-electronic integrals                                      
 
  CPU TIME(S)      SYSTEM TIME(S)     WALL TIME(S)
          0.010            0.000               0.010
 ---------------------------------------------------------------
 
  Gradient contribution from 1e
      1     -252.2722095540        0.0000000000        0.0000000000
      2       34.8730144147       -0.0000000000        0.0000000000
      3      108.6995975697        0.0000000000       62.5973439766
      4      108.6995975697       -0.0000000000      -62.5973439766
 Sum of gradient contribution from 1e
              0.0000000000        0.0000000000        0.0000000000
 
 
 [resp_deriv2e]
 
resp deriv type   4
 Number of cartesian primative basis functions :      188
 If used primative density matrix:  F
  [int2e_petite_1st_gradient_screened]
 Total length of P4 ERIs 1st gradient:             1365957
 Maxium length of a batch of ERI 1st gradient:           50625
 Maxium length of a batch of dens matrix     :          320000
 Lenght of eri-grad core                     :         2350416
 If primative density matrix is used         : F
 Number of OpenMP threads                    :   8
 ngrad=                     1
 Esitmate buffer meomory used:        0.1592 GB
 
|--------------------------------------------------------------------------------|
          Molecular gradient - Elec Repulsive contribution
 
        Atom            X                    Y                    Z
        C            267.8878229634         -0.0000000000          0.0000000000
        O            -37.0271422789          0.0000000000          0.0000000000
        H           -115.4303403423         -0.0000000000        -66.1146514561
        H           -115.4303403423          0.0000000000         66.1146514561
|--------------------------------------------------------------------------------|
 
 
 ---------------------------------------------------------------
  Timing to calculate 2-electronic integrals Gradients                            
 
  CPU TIME(S)      SYSTEM TIME(S)     WALL TIME(S)
          5.690            0.020               0.710
 ---------------------------------------------------------------
 
 Time:   PreRys     Rys    2dint    2dintd   6dint  6dintc  6dints
cputime    0.00E+00    0.00E+00    0.00E+00    0.00E+00    0.00E+00    0.00E+00    0.00E+00    0.00E+00
systime    0.00E+00    0.00E+00    0.00E+00    0.00E+00    0.00E+00    0.00E+00    0.00E+00    0.00E+00
waltime    0.00E+00    0.00E+00    0.00E+00    0.00E+00    0.00E+00    0.00E+00    0.00E+00    0.00E+00
 Finish resp_deriv2e
  Gradient contribution from Analytic 2e
      1      267.8878229634       -0.0000000000        0.0000000000
      2      -37.0271422789        0.0000000000        0.0000000000
      3     -115.4303403423       -0.0000000000      -66.1146514561
      4     -115.4303403423        0.0000000000       66.1146514561
 Sum of gradient contribution from Analytic 2e
             -0.0000000000        0.0000000000        0.0000000000
 
 
  Gradient contribution from Final-grad(no XC)
      1       15.6156134094       -0.0000000000        0.0000000000
      2       -2.1541278642        0.0000000000        0.0000000000
      3       -6.7307427726        0.0000000000       -3.5173074795
      4       -6.7307427726       -0.0000000000        3.5173074795
 Sum of gradient contribution from Final-grad(no XC)
              0.0000000000        0.0000000000        0.0000000000
 
 
 [resp_deriv_Exc]
 
 
 ---------------------------------------------------------------
  Timing for XC energy gradient calculation
 
  CPU TIME(S)      SYSTEM TIME(S)     WALL TIME(S)
         18.770            0.000               2.350
 ---------------------------------------------------------------
 
  Gradient contribution from XC
      1      -15.5722857293        0.0000000000        0.0000000000
      2        2.1484910063       -0.0000000000        0.0000000000
      3        6.7118947570       -0.0000000000        3.5172946959
      4        6.7118947570       -0.0000000000       -3.5172946959
 Sum of gradient contribution from XC
             -0.0000052090       -0.0000000000        0.0000000000
 
 
 [resp_deriv_dpq]
 
  Gradient contribution from dpq-R
      1        0.0006371887       -0.0000000000        0.0000000000
      2        0.0005052382       -0.0000000000        0.0000000000
      3       -0.0001309232        0.0000000000       -0.0001255107
      4       -0.0001309232        0.0000000000        0.0001255107
 Sum of gradient contribution from dpq-R
              0.0008805804       -0.0000000000        0.0000000000
 
  Gradient contribution from Final-NAC(R)
      1        0.0439648687       -0.0000000000        0.0000000000
      2       -0.0051316197        0.0000000000        0.0000000000
      3       -0.0189789388        0.0000000000       -0.0001382943
      4       -0.0189789388       -0.0000000000        0.0001382943
 Sum of gradient contribution from Final-NAC(R)
              0.0008753714       -0.0000000000        0.0000000000
 
 ------------------------------------------------------------------
 
 Raw NACMEs, without electron-translation factor:
  FNAC_cpair=   1   3   1     1   1   2
  FNAC_epair=         -113.9013274810962457         -113.8133821573539990
  Gradient contribution from Final-NAC(R)-Escaled
      1        0.4999113864       -0.0000000000        0.0000000000
      2       -0.0583501148        0.0000000000        0.0000000000
      3       -0.2158038422        0.0000000000       -0.0015725031
      4       -0.2158038422       -0.0000000000        0.0015725031
 Sum of gradient contribution from Final-NAC(R)-Escaled
              0.0099535872       -0.0000000000        0.0000000000
 
 ------------------------------------------------------------------
  Gradient contribution from dpq-S
      1        0.0004116922       -0.0000000000        0.0000000000
      2       -0.0001388595       -0.0000000000        0.0000000000
      3       -0.0001364163        0.0000000000       -0.0000429478
      4       -0.0001364163        0.0000000000        0.0000429478
 Sum of gradient contribution from dpq-S
             -0.0000000000       -0.0000000000        0.0000000000
 
  Gradient contribution from Final-NAC(S)
      1        0.0437393722       -0.0000000000        0.0000000000
      2       -0.0057757174        0.0000000000        0.0000000000
      3       -0.0189844319        0.0000000000       -0.0000557314
      4       -0.0189844319       -0.0000000000        0.0000557314
 Sum of gradient contribution from Final-NAC(S)
             -0.0000052090       -0.0000000000        0.0000000000
 
 
 NACMEs including electron-translation factor:
  Gradient contribution from Final-NAC(S)-Escaled
      1        0.4973473330       -0.0000000000        0.0000000000
      2       -0.0656739572        0.0000000000        0.0000000000
      3       -0.2158663028        0.0000000000       -0.0006337052
      4       -0.2158663028       -0.0000000000        0.0006337052
 Sum of gradient contribution from Final-NAC(S)-Escaled
             -0.0000592298       -0.0000000000        0.0000000000
 
 
 [resp_ex_final] : iop=                     2
 
 
 [resp_ex_final] : iop=                     0
 
 
 [resp_ex_final] : iop=                     0
 
 
 [resp_ex_init]
 
  Check normalization:
  R^t*L(vec)=   1.00000000000000     
  R^t*L(mat)=   1.00000000000000     
 
 [resp_ex_final] : iop=                     0
 
 
 [resp_ex_init]
 
  Check normalization:
  R^t*L(vec)=   1.00000000000000     
  R^t*L(mat)=   1.00000000000000     
 
 [resp_ex_final] : iop=                     0
 
 
 [resp_ex_init]
 
  Check normalization:
  R^t*L(vec)=   1.00000000000000     
  R^t*L(mat)=   1.00000000000000     
 
 [resp_ex_final] : iop=                     0
 
 
 [resp_ex_init]
 
  Check normalization:
  R^t*L(vec)=   1.00000000000000     
  R^t*L(mat)=   1.00000000000000     
 
 [resp_ex_final] : iop=                     0
 
 
  <irep: 2 jnsos:     327 jnexi:   4>
 
 [resp_ex_init]
 
  Check normalization:
  R^t*L(vec)=   1.00000000000000     
  R^t*L(mat)=   1.00000000000000     
 
 [resp_ex_final] : iop=                     0
 
 
 [resp_ex_init]
 
  Check normalization:
  R^t*L(vec)=   1.00000000000000     
  R^t*L(mat)=   1.00000000000000     
 
 [resp_ex_final] : iop=                     0
 
 
 [resp_ex_init]
 
  Check normalization:
  R^t*L(vec)=   1.00000000000000     
  R^t*L(mat)=   1.00000000000000     
 
 [resp_ex_init]
 
  Check normalization:
  R^t*L(vec)=   1.00000000000000     
  R^t*L(mat)=   1.00000000000000     
 
 =================================
  PairIJ=   1   1   1   1   2   3
 =================================
 
 [resp_nac_main2]
 
  wJI =  0.118583445521112     
  Check normalization:
  R1^t*L1(mat)=   1.00000000000000     
  R2^t*L2(mat)=   1.00000000000000     
  Check orthogonality:
  R1^t*L2(mat)=  0.000000000000000E+000
  L1^t*R2(mat)=  0.000000000000000E+000
  Z1^t*Z2(mat)=  0.000000000000000E+000
 ---------------------------------------------------
  I-state,J-state,wJI 
           0.235997        0.354580        0.118583
  CHECK TRANSITION DIPOLE : expect.  resp.  total 
  1       -0.000000        0.000000       -0.000000
  2        0.000000        0.000000        0.000000
  3        0.000000        0.000000        0.000000
 ---------------------------------------------------
 
 [resp_ex_zvector]
 
 [resp_fock2e_Qex]
 [resp_fockxc_Qex]
 
 ---------------------------------------------------------------
  Timing for Q operator formation
 
  CPU TIME(S)      SYSTEM TIME(S)     WALL TIME(S)
          7.030            0.010               0.890
 ---------------------------------------------------------------
 
 
 [resp_ex_Zmo] : Solving Z-vector equation ...
 
 respcphf%isolver=                     2                     1
 
 [resp_cphf_solver]
  isf  =                     0
  freq =  0.000000000000000E+000
 
 
 [LinearSolver]: ndim=                  1047
  Norm of RHS =   9.272295229377381E-002
 Initial Guess of CPHF vector                     0                     0
   iter  Ndim        |res|           |x|           time/s
    1      1    0.294086E-01    0.236573E+00       0.000
    2      2    0.337911E-02    0.254148E+00       0.280
    3      3    0.102217E-02    0.254941E+00       0.270
    4      4    0.107535E-03    0.255088E+00       0.280
    5      5    0.394924E-04    0.255070E+00       0.270
    6      6    0.300269E-05    0.255068E+00       0.260
    7      7    0.100515E-05    0.255068E+00       0.270
    8      8    0.730180E-07    0.255068E+00       0.270
    9      9    0.245442E-07    0.255068E+00       0.270
   10     10    0.166000E-08    0.255068E+00       0.270
   11     11    0.532624E-09    0.255068E+00       0.260
   12     12    0.335209E-10    0.255068E+00       0.280
   13     13    0.851159E-11    0.255068E+00       0.270
   14     14    0.507781E-12    0.255068E+00       0.250
  Converged ! |Res|=  5.077808078584594E-013  iter=                    14
 
 ---------------------------------------------------------------
  Timing for solving the Z vector equation
 
  CPU TIME(S)      SYSTEM TIME(S)     WALL TIME(S)
         29.990            0.130               3.770
 ---------------------------------------------------------------
 
 
 [resp_ex_Wmo]
 
  Skewness of Wmo(C,C) =  4.459724530269767E-003
  Skewness of Wmo(C,V) =  1.971693936951562E-012
  Skewness of Wmo(V,V) =  2.751142559787290E-003
  Skewness of Wmo(C,O) =  5.412337308401548E-016
  Skewness of Wmo(O,V) =  2.511578845500119E-013
  Skewness of Wmo(O,O) =  0.000000000000000E+000
 
 ---------------------------------------------------------------
  Timing for W matrix formation
 
  CPU TIME(S)      SYSTEM TIME(S)     WALL TIME(S)
          2.180            0.000               0.270
 ---------------------------------------------------------------
 
 
 [resp_deriv_energy]
 
 
 [resp_deriv1e_fock_new]
 
 
|--------------------------------------------------------------------------------|
          Molecular gradient - Overlap contribution
 
        Atom            X                    Y                    Z
        C             -0.0000000000          0.0000000000          0.0000000000
        O              0.0000000000          0.0000000000          0.0000000000
        H             -0.0000000000         -0.0115768852          0.0000000000
        H              0.0000000000          0.0115768852          0.0000000000
|--------------------------------------------------------------------------------|
 
 
|--------------------------------------------------------------------------------|
          Molecular gradient - Kinetic energy contribution
 
        Atom            X                    Y                    Z
        C             -0.0000000000          0.0000000000          0.0000000000
        O             -0.0000000000          0.0000000000          0.0000000000
        H              0.0000000000         -0.0175679378          0.0000000000
        H              0.0000000000          0.0175679378          0.0000000000
|--------------------------------------------------------------------------------|
 
 
|--------------------------------------------------------------------------------|
          Molecular gradient - Nuclear attraction energy contribution
 
        Atom            X                    Y                    Z
        C              0.0000000000          0.0000000000          0.0000000000
        O              0.0000000000          0.0000000000          0.0000000000
        H              0.0000000000          0.2266923830          0.0000000000
        H             -0.0000000000         -0.2266923830          0.0000000000
|--------------------------------------------------------------------------------|
 
 
 ---------------------------------------------------------------
  Timing to calculate 1-electronic integrals                                      
 
  CPU TIME(S)      SYSTEM TIME(S)     WALL TIME(S)
          0.010            0.000               0.010
 ---------------------------------------------------------------
 
  Gradient contribution from 1e
      1        0.0000000000        0.0000000000        0.0000000000
      2        0.0000000000        0.0000000000        0.0000000000
      3        0.0000000000        0.1975475599        0.0000000000
      4       -0.0000000000       -0.1975475599        0.0000000000
 Sum of gradient contribution from 1e
             -0.0000000000        0.0000000000        0.0000000000
 
 
 [resp_deriv2e]
 
resp deriv type   4
 Number of cartesian primative basis functions :      188
 If used primative density matrix:  F
  [int2e_petite_1st_gradient_screened]
 Total length of P4 ERIs 1st gradient:             1365957
 Maxium length of a batch of ERI 1st gradient:           50625
 Maxium length of a batch of dens matrix     :          320000
 Lenght of eri-grad core                     :         2350416
 If primative density matrix is used         : F
 Number of OpenMP threads                    :   8
 ngrad=                     1
 Esitmate buffer meomory used:        0.1592 GB
 
|--------------------------------------------------------------------------------|
          Molecular gradient - Elec Repulsive contribution
 
        Atom            X                    Y                    Z
        C             -0.0000000000          0.0000000000          0.0000000000
        O             -0.0000000000          0.0000000000          0.0000000000
        H             -0.0000000000         -0.1796246035          0.0000000000
        H              0.0000000000          0.1796246035          0.0000000000
|--------------------------------------------------------------------------------|
 
 
 ---------------------------------------------------------------
  Timing to calculate 2-electronic integrals Gradients                            
 
  CPU TIME(S)      SYSTEM TIME(S)     WALL TIME(S)
          4.740            0.020               0.590
 ---------------------------------------------------------------
 
 Time:   PreRys     Rys    2dint    2dintd   6dint  6dintc  6dints
cputime    0.00E+00    0.00E+00    0.00E+00    0.00E+00    0.00E+00    0.00E+00    0.00E+00    0.00E+00
systime    0.00E+00    0.00E+00    0.00E+00    0.00E+00    0.00E+00    0.00E+00    0.00E+00    0.00E+00
waltime    0.00E+00    0.00E+00    0.00E+00    0.00E+00    0.00E+00    0.00E+00    0.00E+00    0.00E+00
 Finish resp_deriv2e
  Gradient contribution from Analytic 2e
      1       -0.0000000000        0.0000000000        0.0000000000
      2       -0.0000000000        0.0000000000        0.0000000000
      3       -0.0000000000       -0.1796246035        0.0000000000
      4        0.0000000000        0.1796246035        0.0000000000
 Sum of gradient contribution from Analytic 2e
             -0.0000000000        0.0000000000        0.0000000000
 
 
  Gradient contribution from Final-grad(no XC)
      1        0.0000000000        0.0000000000        0.0000000000
      2       -0.0000000000        0.0000000000        0.0000000000
      3        0.0000000000        0.0179229565        0.0000000000
      4       -0.0000000000       -0.0179229565        0.0000000000
 Sum of gradient contribution from Final-grad(no XC)
             -0.0000000000        0.0000000000        0.0000000000
 
 
 [resp_deriv_Exc]
 
 
 ---------------------------------------------------------------
  Timing for XC energy gradient calculation
 
  CPU TIME(S)      SYSTEM TIME(S)     WALL TIME(S)
         18.730            0.010               2.350
 ---------------------------------------------------------------
 
  Gradient contribution from XC
      1       -0.0000000000        0.0000000000        0.0000000000
      2        0.0000000000       -0.0000000000        0.0000000000
      3        0.0000000000        0.0162778348        0.0000000000
      4       -0.0000000000       -0.0162778348        0.0000000000
 Sum of gradient contribution from XC
              0.0000000000        0.0000000000        0.0000000000
 
 
 [resp_deriv_dpq]
 
  Gradient contribution from dpq-R
      1       -0.0000000000       -0.0000000000        0.0000000000
      2       -0.0000000000       -0.0000000000       -0.0000000000
      3       -0.0000000000        0.0011372817       -0.0000000000
      4        0.0000000000       -0.0011372817       -0.0000000000
 Sum of gradient contribution from dpq-R
             -0.0000000000       -0.0000000000        0.0000000000
 
  Gradient contribution from Final-NAC(R)
      1       -0.0000000000       -0.0000000000        0.0000000000
      2        0.0000000000       -0.0000000000       -0.0000000000
      3        0.0000000000        0.0353380730       -0.0000000000
      4       -0.0000000000       -0.0353380730       -0.0000000000
 Sum of gradient contribution from Final-NAC(R)
              0.0000000000        0.0000000000        0.0000000000
 
 ------------------------------------------------------------------
 
 Raw NACMEs, without electron-translation factor:
  FNAC_cpair=   1   1   1     1   2   3
  FNAC_epair=         -113.8580699038538881         -113.7394864583327774
  Gradient contribution from Final-NAC(R)-Escaled
      1       -0.0000000000       -0.0000000000        0.0000000000
      2        0.0000000000       -0.0000000000       -0.0000000000
      3        0.0000000000        0.2980017390       -0.0000000000
      4       -0.0000000000       -0.2980017390       -0.0000000000
 Sum of gradient contribution from Final-NAC(R)-Escaled
              0.0000000000       -0.0000000000        0.0000000000
 
 ------------------------------------------------------------------
  Gradient contribution from dpq-S
      1       -0.0000000000       -0.0000000000        0.0000000000
      2        0.0000000000       -0.0000000000        0.0000000000
      3       -0.0000000000       -0.0025117495       -0.0000000000
      4        0.0000000000        0.0025117495       -0.0000000000
 Sum of gradient contribution from dpq-S
              0.0000000000       -0.0000000000        0.0000000000
 
  Gradient contribution from Final-NAC(S)
      1       -0.0000000000       -0.0000000000        0.0000000000
      2        0.0000000000       -0.0000000000        0.0000000000
      3        0.0000000000        0.0316890418       -0.0000000000
      4       -0.0000000000       -0.0316890418       -0.0000000000
 Sum of gradient contribution from Final-NAC(S)
              0.0000000000        0.0000000000        0.0000000000
 
 
 NACMEs including electron-translation factor:
  Gradient contribution from Final-NAC(S)-Escaled
      1       -0.0000000000       -0.0000000000        0.0000000000
      2        0.0000000000       -0.0000000000        0.0000000000
      3        0.0000000000        0.2672298958       -0.0000000000
      4       -0.0000000000       -0.2672298958       -0.0000000000
 Sum of gradient contribution from Final-NAC(S)-Escaled
              0.0000000000        0.0000000000        0.0000000000
 
 
 [resp_ex_final] : iop=                     2
 
 
 [resp_ex_final] : iop=                     0
 
 
 [resp_ex_init]
 
  Check normalization:
  R^t*L(vec)=   1.00000000000000     
  R^t*L(mat)=   1.00000000000000     
 
 =================================
  PairIJ=   1   1   2   1   2   3
 =================================
 
 [resp_nac_main2]
 
  wJI =  7.389569902121984E-002
  Check normalization:
  R1^t*L1(mat)=   1.00000000000000     
  R2^t*L2(mat)=   1.00000000000000     
  Check orthogonality:
  R1^t*L2(mat)=  0.000000000000000E+000
  L1^t*R2(mat)=  0.000000000000000E+000
  Z1^t*Z2(mat)=  0.000000000000000E+000
 ---------------------------------------------------
  I-state,J-state,wJI 
           0.280684        0.354580        0.073896
  CHECK TRANSITION DIPOLE : expect.  resp.  total 
  1       -0.000000        0.000000       -0.000000
  2       -0.000000        0.000000       -0.000000
  3        0.000000        0.000000        0.000000
 ---------------------------------------------------
 
 [resp_ex_zvector]
 
 [resp_fock2e_Qex]
 [resp_fockxc_Qex]
 
 ---------------------------------------------------------------
  Timing for Q operator formation
 
  CPU TIME(S)      SYSTEM TIME(S)     WALL TIME(S)
          7.040            0.020               0.880
 ---------------------------------------------------------------
 
 
 [resp_ex_Zmo] : Solving Z-vector equation ...
 
 respcphf%isolver=                     2                     1
 
 [resp_cphf_solver]
  isf  =                     0
  freq =  0.000000000000000E+000
 
 
 [LinearSolver]: ndim=                  1047
  Norm of RHS =   4.504155446400267E-002
 Initial Guess of CPHF vector                     0                     0
   iter  Ndim        |res|           |x|           time/s
    1      1    0.768765E-02    0.112013E+00       0.000
    2      2    0.203591E-02    0.113256E+00       0.270
    3      3    0.354881E-03    0.114243E+00       0.270
    4      4    0.755262E-04    0.114179E+00       0.280
    5      5    0.221858E-04    0.114192E+00       0.270
    6      6    0.175250E-05    0.114185E+00       0.270
    7      7    0.564286E-06    0.114185E+00       0.270
    8      8    0.425128E-07    0.114185E+00       0.270
    9      9    0.140095E-07    0.114185E+00       0.270
   10     10    0.943574E-09    0.114185E+00       0.260
   11     11    0.316078E-09    0.114185E+00       0.270
   12     12    0.148098E-10    0.114185E+00       0.270
   13     13    0.462092E-11    0.114185E+00       0.260
   14     14    0.276461E-12    0.114185E+00       0.240
  Converged ! |Res|=  2.764610608035063E-013  iter=                    14
 
 ---------------------------------------------------------------
  Timing for solving the Z vector equation
 
  CPU TIME(S)      SYSTEM TIME(S)     WALL TIME(S)
         29.850            0.090               3.750
 ---------------------------------------------------------------
 
 
 [resp_ex_Wmo]
 
  Skewness of Wmo(C,C) =  7.753769966418798E-003
  Skewness of Wmo(C,V) =  8.082177424127616E-013
  Skewness of Wmo(V,V) =  1.292160906224881E-003
  Skewness of Wmo(C,O) =  3.469450468370679E-017
  Skewness of Wmo(O,V) =  2.187413103637032E-013
  Skewness of Wmo(O,O) =  0.000000000000000E+000
 
 ---------------------------------------------------------------
  Timing for W matrix formation
 
  CPU TIME(S)      SYSTEM TIME(S)     WALL TIME(S)
          2.140            0.010               0.270
 ---------------------------------------------------------------
 
 
 [resp_deriv_energy]
 
 
 [resp_deriv1e_fock_new]
 
 
|--------------------------------------------------------------------------------|
          Molecular gradient - Overlap contribution
 
        Atom            X                    Y                    Z
        C             -0.0000000000          0.0000000000          0.0000000000
        O             -0.0000000000          0.0000000000          0.0000000000
        H             -0.0000000000         -0.0096900253          0.0000000000
        H              0.0000000000          0.0096900253          0.0000000000
|--------------------------------------------------------------------------------|
 
 
|--------------------------------------------------------------------------------|
          Molecular gradient - Kinetic energy contribution
 
        Atom            X                    Y                    Z
        C             -0.0000000000          0.0000000000          0.0000000000
        O              0.0000000000          0.0000000000          0.0000000000
        H             -0.0000000000         -0.0064540042          0.0000000000
        H              0.0000000000          0.0064540042          0.0000000000
|--------------------------------------------------------------------------------|
 
 
|--------------------------------------------------------------------------------|
          Molecular gradient - Nuclear attraction energy contribution
 
        Atom            X                    Y                    Z
        C              0.0000000000          0.0000000000          0.0000000000
        O             -0.0000000000          0.0000000000          0.0000000000
        H              0.0000000000          0.1223084989          0.0000000000
        H             -0.0000000000         -0.1223084989          0.0000000000
|--------------------------------------------------------------------------------|
 
 
 ---------------------------------------------------------------
  Timing to calculate 1-electronic integrals                                      
 
  CPU TIME(S)      SYSTEM TIME(S)     WALL TIME(S)
          0.010            0.000               0.000
 ---------------------------------------------------------------
 
  Gradient contribution from 1e
      1        0.0000000000        0.0000000000        0.0000000000
      2       -0.0000000000        0.0000000000        0.0000000000
      3        0.0000000000        0.1061644695        0.0000000000
      4       -0.0000000000       -0.1061644695        0.0000000000
 Sum of gradient contribution from 1e
              0.0000000000        0.0000000000        0.0000000000
 
 
 [resp_deriv2e]
 
resp deriv type   4
 Number of cartesian primative basis functions :      188
 If used primative density matrix:  F
  [int2e_petite_1st_gradient_screened]
 Total length of P4 ERIs 1st gradient:             1365957
 Maxium length of a batch of ERI 1st gradient:           50625
 Maxium length of a batch of dens matrix     :          320000
 Lenght of eri-grad core                     :         2350416
 If primative density matrix is used         : F
 Number of OpenMP threads                    :   8
 ngrad=                     1
 Esitmate buffer meomory used:        0.1592 GB
 
|--------------------------------------------------------------------------------|
          Molecular gradient - Elec Repulsive contribution
 
        Atom            X                    Y                    Z
        C             -0.0000000000          0.0000000000          0.0000000000
        O              0.0000000000          0.0000000000          0.0000000000
        H             -0.0000000000         -0.1019693240          0.0000000000
        H              0.0000000000          0.1019693240          0.0000000000
|--------------------------------------------------------------------------------|
 
 
 ---------------------------------------------------------------
  Timing to calculate 2-electronic integrals Gradients                            
 
  CPU TIME(S)      SYSTEM TIME(S)     WALL TIME(S)
          4.690            0.020               0.590
 ---------------------------------------------------------------
 
 Time:   PreRys     Rys    2dint    2dintd   6dint  6dintc  6dints
cputime    0.00E+00    0.00E+00    0.00E+00    0.00E+00    0.00E+00    0.00E+00    0.00E+00    0.00E+00
systime    0.00E+00    0.00E+00    0.00E+00    0.00E+00    0.00E+00    0.00E+00    0.00E+00    0.00E+00
waltime    0.00E+00    0.00E+00    0.00E+00    0.00E+00    0.00E+00    0.00E+00    0.00E+00    0.00E+00
 Finish resp_deriv2e
  Gradient contribution from Analytic 2e
      1       -0.0000000000        0.0000000000        0.0000000000
      2        0.0000000000        0.0000000000        0.0000000000
      3       -0.0000000000       -0.1019693240        0.0000000000
      4        0.0000000000        0.1019693240        0.0000000000
 Sum of gradient contribution from Analytic 2e
              0.0000000000        0.0000000000        0.0000000000
 
 
  Gradient contribution from Final-grad(no XC)
      1        0.0000000000        0.0000000000        0.0000000000
      2       -0.0000000000        0.0000000000        0.0000000000
      3       -0.0000000000        0.0041951455        0.0000000000
      4       -0.0000000000       -0.0041951455        0.0000000000
 Sum of gradient contribution from Final-grad(no XC)
              0.0000000000        0.0000000000        0.0000000000
 
 
 [resp_deriv_Exc]
 
 
 ---------------------------------------------------------------
  Timing for XC energy gradient calculation
 
  CPU TIME(S)      SYSTEM TIME(S)     WALL TIME(S)
         18.920            0.010               2.380
 ---------------------------------------------------------------
 
  Gradient contribution from XC
      1       -0.0000000000        0.0000000000        0.0000000000
      2        0.0000000000       -0.0000000000        0.0000000000
      3        0.0000000000        0.0062514279        0.0000000000
      4       -0.0000000000       -0.0062514279        0.0000000000
 Sum of gradient contribution from XC
              0.0000000000        0.0000000000        0.0000000000
 
 
 [resp_deriv_dpq]
 
  Gradient contribution from dpq-R
      1       -0.0000000000       -0.0000000000        0.0000000000
      2       -0.0000000000        0.0000000000        0.0000000000
      3       -0.0000000000       -0.0001821117       -0.0000000000
      4        0.0000000000        0.0001821117       -0.0000000000
 Sum of gradient contribution from dpq-R
             -0.0000000000       -0.0000000000        0.0000000000
 
  Gradient contribution from Final-NAC(R)
      1        0.0000000000       -0.0000000000        0.0000000000
      2        0.0000000000       -0.0000000000        0.0000000000
      3        0.0000000000        0.0102644616       -0.0000000000
      4       -0.0000000000       -0.0102644616       -0.0000000000
 Sum of gradient contribution from Final-NAC(R)
              0.0000000000        0.0000000000        0.0000000000
 
 ------------------------------------------------------------------
 
 Raw NACMEs, without electron-translation factor:
  FNAC_cpair=   1   1   2     1   2   3
  FNAC_epair=         -113.8133821573539990         -113.7394864583327774
  Gradient contribution from Final-NAC(R)-Escaled
      1        0.0000000000       -0.0000000000        0.0000000000
      2        0.0000000000       -0.0000000000        0.0000000000
      3        0.0000000000        0.1389047233       -0.0000000000
      4       -0.0000000000       -0.1389047233       -0.0000000000
 Sum of gradient contribution from Final-NAC(R)-Escaled
              0.0000000000        0.0000000000        0.0000000000
 
 ------------------------------------------------------------------
  Gradient contribution from dpq-S
      1       -0.0000000000       -0.0000000000        0.0000000000
      2       -0.0000000000        0.0000000000        0.0000000000
      3       -0.0000000000       -0.0007877433       -0.0000000000
      4        0.0000000000        0.0007877433       -0.0000000000
 Sum of gradient contribution from dpq-S
             -0.0000000000       -0.0000000000        0.0000000000
 
  Gradient contribution from Final-NAC(S)
      1        0.0000000000        0.0000000000        0.0000000000
      2        0.0000000000       -0.0000000000        0.0000000000
      3        0.0000000000        0.0096588300       -0.0000000000
      4       -0.0000000000       -0.0096588300       -0.0000000000
 Sum of gradient contribution from Final-NAC(S)
              0.0000000000        0.0000000000        0.0000000000
 
 
 NACMEs including electron-translation factor:
  Gradient contribution from Final-NAC(S)-Escaled
      1        0.0000000000        0.0000000000        0.0000000000
      2        0.0000000000       -0.0000000000        0.0000000000
      3        0.0000000000        0.1307089609       -0.0000000000
      4       -0.0000000000       -0.1307089609       -0.0000000000
 Sum of gradient contribution from Final-NAC(S)-Escaled
              0.0000000000        0.0000000000        0.0000000000
 
 
 [resp_ex_final] : iop=                     2
 
 
 [resp_ex_final] : iop=                     0
 
 
 [resp_ex_final] : iop=                     0
 
 
 [resp_ex_init]
 
  Check normalization:
  R^t*L(vec)=   1.00000000000000     
  R^t*L(mat)=   1.00000000000000     
 
 [resp_ex_final] : iop=                     0
 
 
 [resp_ex_init]
 
  Check normalization:
  R^t*L(vec)=   1.00000000000000     
  R^t*L(mat)=   1.00000000000000     
 
 [resp_ex_init]
 
  Check normalization:
  R^t*L(vec)=   1.00000000000000     
  R^t*L(mat)=   1.00000000000000     
 
 =================================
  PairIJ=   1   2   1   1   2   2
 =================================
 
 [resp_nac_main2]
 
  wJI =  7.044030963742071E-002
  Check normalization:
  R1^t*L1(mat)=   1.00000000000000     
  R2^t*L2(mat)=   1.00000000000000     
  Check orthogonality:
  R1^t*L2(mat)=  2.128852649718738E-014
  L1^t*R2(mat)=  3.094746681142624E-014
  Z1^t*Z2(mat)=  5.223599330861362E-014
 ---------------------------------------------------
  I-state,J-state,wJI 
           0.138852        0.209292        0.070440
  CHECK TRANSITION DIPOLE : expect.  resp.  total 
  1        0.000000        0.000000        0.000000
  2        0.000000        0.000000        0.000000
  3        0.066719        0.000000        0.066719
 ---------------------------------------------------
 
 [resp_ex_zvector]
 
 [resp_fock2e_Qex]
 [resp_fockxc_Qex]
 
 ---------------------------------------------------------------
  Timing for Q operator formation
 
  CPU TIME(S)      SYSTEM TIME(S)     WALL TIME(S)
          7.010            0.020               0.880
 ---------------------------------------------------------------
 
 
 [resp_ex_Zmo] : Solving Z-vector equation ...
 
 respcphf%isolver=                     2                     1
 
 [resp_cphf_solver]
  isf  =                     0
  freq =  0.000000000000000E+000
 
 
 [LinearSolver]: ndim=                  1047
  Norm of RHS =   0.143755813011251     
 Initial Guess of CPHF vector                     0                     0
   iter  Ndim        |res|           |x|           time/s
    1      1    0.277457E-01    0.411622E-01       0.000
    2      2    0.825266E-02    0.549777E-01       0.270
    3      3    0.203020E-02    0.575254E-01       0.260
    4      4    0.407562E-03    0.577536E-01       0.270
    5      5    0.879369E-04    0.577706E-01       0.270
    6      6    0.155177E-04    0.577637E-01       0.270
    7      7    0.332944E-05    0.577614E-01       0.260
    8      8    0.599053E-06    0.577614E-01       0.270
    9      9    0.149041E-06    0.577614E-01       0.270
   10     10    0.133641E-07    0.577614E-01       0.270
   11     11    0.407731E-08    0.577614E-01       0.260
   12     12    0.614989E-09    0.577614E-01       0.270
   13     13    0.841549E-10    0.577614E-01       0.270
   14     14    0.202045E-10    0.577614E-01       0.270
   15     15    0.236837E-11    0.577614E-01       0.260
   16     16    0.818130E-12    0.577614E-01       0.220
  Converged ! |Res|=  8.181301991523470E-013  iter=                    16
 
 ---------------------------------------------------------------
  Timing for solving the Z vector equation
 
  CPU TIME(S)      SYSTEM TIME(S)     WALL TIME(S)
         33.780            0.030               4.240
 ---------------------------------------------------------------
 
 
 [resp_ex_Wmo]
 
  Skewness of Wmo(C,C) =  1.656580993261974E-009
  Skewness of Wmo(C,V) =  3.187112883841468E-013
  Skewness of Wmo(V,V) =  2.004959516620831E-008
  Skewness of Wmo(C,O) =  4.560048545046785E-016
  Skewness of Wmo(O,V) =  6.288929558232285E-013
  Skewness of Wmo(O,O) =  0.000000000000000E+000
 
 ---------------------------------------------------------------
  Timing for W matrix formation
 
  CPU TIME(S)      SYSTEM TIME(S)     WALL TIME(S)
          2.140            0.000               0.270
 ---------------------------------------------------------------
 
 
 [resp_deriv_energy]
 
 
 [resp_deriv1e_fock_new]
 
 
|--------------------------------------------------------------------------------|
          Molecular gradient - Overlap contribution
 
        Atom            X                    Y                    Z
        C              0.0000000000         -0.0000000000         -0.0304754491
        O              0.0000000000          0.0000000000          0.0228749766
        H              0.0035408599         -0.0000000000          0.0038002362
        H             -0.0035408599          0.0000000000          0.0038002362
|--------------------------------------------------------------------------------|
 
 
|--------------------------------------------------------------------------------|
          Molecular gradient - Kinetic energy contribution
 
        Atom            X                    Y                    Z
        C              0.0000000000         -0.0000000000         -0.0250524279
        O              0.0000000000          0.0000000000          0.0097554747
        H              0.0096620838         -0.0000000000          0.0076484766
        H             -0.0096620838          0.0000000000          0.0076484766
|--------------------------------------------------------------------------------|
 
 
|--------------------------------------------------------------------------------|
          Molecular gradient - Nuclear attraction energy contribution
 
        Atom            X                    Y                    Z
        C              0.0000000000          0.0000000000          0.4228534971
        O              0.0000000000         -0.0000000000         -0.3393833220
        H             -0.0405787250          0.0000000000         -0.0417350876
        H              0.0405787250         -0.0000000000         -0.0417350876
|--------------------------------------------------------------------------------|
 
 
 ---------------------------------------------------------------
  Timing to calculate 1-electronic integrals                                      
 
  CPU TIME(S)      SYSTEM TIME(S)     WALL TIME(S)
          0.010            0.000               0.000
 ---------------------------------------------------------------
 
  Gradient contribution from 1e
      1        0.0000000000        0.0000000000        0.3673256202
      2        0.0000000000       -0.0000000000       -0.3067528706
      3       -0.0273757813        0.0000000000       -0.0302863748
      4        0.0273757813       -0.0000000000       -0.0302863748
 Sum of gradient contribution from 1e
              0.0000000000        0.0000000000        0.0000000000
 
 
 [resp_deriv2e]
 
resp deriv type   4
 Number of cartesian primative basis functions :      188
 If used primative density matrix:  F
  [int2e_petite_1st_gradient_screened]
 Total length of P4 ERIs 1st gradient:             1365957
 Maxium length of a batch of ERI 1st gradient:           50625
 Maxium length of a batch of dens matrix     :          320000
 Lenght of eri-grad core                     :         2350416
 If primative density matrix is used         : F
 Number of OpenMP threads                    :   8
 ngrad=                     1
 Esitmate buffer meomory used:        0.1592 GB
 
|--------------------------------------------------------------------------------|
          Molecular gradient - Elec Repulsive contribution
 
        Atom            X                    Y                    Z
        C              0.0000000000         -0.0000000000         -0.3671325369
        O              0.0000000000          0.0000000000          0.3042565413
        H              0.0278969146         -0.0000000000          0.0314379978
        H             -0.0278969146          0.0000000000          0.0314379978
|--------------------------------------------------------------------------------|
 
 
 ---------------------------------------------------------------
  Timing to calculate 2-electronic integrals Gradients                            
 
  CPU TIME(S)      SYSTEM TIME(S)     WALL TIME(S)
          4.770            0.020               0.600
 ---------------------------------------------------------------
 
 Time:   PreRys     Rys    2dint    2dintd   6dint  6dintc  6dints
cputime    0.00E+00    0.00E+00    0.00E+00    0.00E+00    0.00E+00    0.00E+00    0.00E+00    0.00E+00
systime    0.00E+00    0.00E+00    0.00E+00    0.00E+00    0.00E+00    0.00E+00    0.00E+00    0.00E+00
waltime    0.00E+00    0.00E+00    0.00E+00    0.00E+00    0.00E+00    0.00E+00    0.00E+00    0.00E+00
 Finish resp_deriv2e
  Gradient contribution from Analytic 2e
      1        0.0000000000       -0.0000000000       -0.3671325369
      2        0.0000000000        0.0000000000        0.3042565413
      3        0.0278969146       -0.0000000000        0.0314379978
      4       -0.0278969146        0.0000000000        0.0314379978
 Sum of gradient contribution from Analytic 2e
              0.0000000000        0.0000000000       -0.0000000000
 
 
  Gradient contribution from Final-grad(no XC)
      1        0.0000000000        0.0000000000        0.0001930833
      2        0.0000000000       -0.0000000000       -0.0024963293
      3        0.0005211333       -0.0000000000        0.0011516230
      4       -0.0005211333        0.0000000000        0.0011516230
 Sum of gradient contribution from Final-grad(no XC)
              0.0000000000        0.0000000000        0.0000000000
 
 
 [resp_deriv_Exc]
 
 
 ---------------------------------------------------------------
  Timing for XC energy gradient calculation
 
  CPU TIME(S)      SYSTEM TIME(S)     WALL TIME(S)
         19.080            0.000               2.390
 ---------------------------------------------------------------
 
  Gradient contribution from XC
      1       -0.0000000000       -0.0000000000        0.0224472740
      2        0.0000000000       -0.0000000000       -0.0175593189
      3       -0.0028219071        0.0000000000       -0.0024439659
      4        0.0028219071       -0.0000000000       -0.0024439659
 Sum of gradient contribution from XC
              0.0000000000       -0.0000000000        0.0000000234
 
 
 [resp_deriv_dpq]
 
  Gradient contribution from dpq-R
      1       -0.0000000000       -0.0000000000       -0.0013249065
      2       -0.0000000000        0.0000000000        0.0017309269
      3        0.0001485591       -0.0000000000        0.0001634365
      4       -0.0001485591        0.0000000000        0.0001634365
 Sum of gradient contribution from dpq-R
             -0.0000000000       -0.0000000000        0.0007328935
 
  Gradient contribution from Final-NAC(R)
      1       -0.0000000000       -0.0000000000        0.0213154508
      2        0.0000000000       -0.0000000000       -0.0183247213
      3       -0.0021522147        0.0000000000       -0.0011289063
      4        0.0021522147       -0.0000000000       -0.0011289063
 Sum of gradient contribution from Final-NAC(R)
              0.0000000000       -0.0000000000        0.0007329169
 
 ------------------------------------------------------------------
 
 Raw NACMEs, without electron-translation factor:
  FNAC_cpair=   1   2   1     1   2   2
  FNAC_epair=         -113.9552143587106912         -113.8847740490732718
  Gradient contribution from Final-NAC(R)-Escaled
      1       -0.0000000000       -0.0000000000        0.3026030257
      2        0.0000000000       -0.0000000000       -0.2601453823
      3       -0.0305537367        0.0000000000       -0.0160264249
      4        0.0305537367       -0.0000000000       -0.0160264249
 Sum of gradient contribution from Final-NAC(R)-Escaled
              0.0000000000       -0.0000000000        0.0104047934
 
 ------------------------------------------------------------------
  Gradient contribution from dpq-S
      1       -0.0000000000       -0.0000000000       -0.0014648471
      2       -0.0000000000        0.0000000000        0.0013201611
      3        0.0000932519       -0.0000000000        0.0000723430
      4       -0.0000932519        0.0000000000        0.0000723430
 Sum of gradient contribution from dpq-S
             -0.0000000000       -0.0000000000       -0.0000000000
 
  Gradient contribution from Final-NAC(S)
      1       -0.0000000000       -0.0000000000        0.0211755103
      2        0.0000000000       -0.0000000000       -0.0187354871
      3       -0.0022075218        0.0000000000       -0.0012199999
      4        0.0022075218       -0.0000000000       -0.0012199999
 Sum of gradient contribution from Final-NAC(S)
              0.0000000000       -0.0000000000        0.0000000234
 
 
 NACMEs including electron-translation factor:
  Gradient contribution from Final-NAC(S)-Escaled
      1       -0.0000000000       -0.0000000000        0.3006163709
      2        0.0000000000       -0.0000000000       -0.2659767848
      3       -0.0313389001        0.0000000000       -0.0173196271
      4        0.0313389001       -0.0000000000       -0.0173196271
 Sum of gradient contribution from Final-NAC(S)-Escaled
              0.0000000000       -0.0000000000        0.0000003319
 
 
 [resp_ex_final] : iop=                     2
 
 
 [resp_ex_final] : iop=                     0
 
 
 [resp_ex_final] : iop=                     0
 
 
 [resp_ex_init]
 
  Check normalization:
  R^t*L(vec)=   1.00000000000000     
  R^t*L(mat)=   1.00000000000000     
 
 [resp_ex_init]
 
  Check normalization:
  R^t*L(vec)=   1.00000000000000     
  R^t*L(mat)=   1.00000000000000     
 
 =================================
  PairIJ=   1   2   1   1   2   3
 =================================
 
 [resp_nac_main2]
 
  wJI =  0.215727900377916     
  Check normalization:
  R1^t*L1(mat)=   1.00000000000000     
  R2^t*L2(mat)=   1.00000000000000     
  Check orthogonality:
  R1^t*L2(mat)= -2.373101715136272E-015
  L1^t*R2(mat)= -6.300515664747763E-015
  Z1^t*Z2(mat)= -8.673617379884035E-015
 ---------------------------------------------------
  I-state,J-state,wJI 
           0.138852        0.354580        0.215728
  CHECK TRANSITION DIPOLE : expect.  resp.  total 
  1        0.000000        0.000000        0.000000
  2       -0.000000        0.000000       -0.000000
  3        0.047376        0.000000        0.047376
 ---------------------------------------------------
 
 [resp_ex_zvector]
 
 [resp_fock2e_Qex]
 [resp_fockxc_Qex]
 
 ---------------------------------------------------------------
  Timing for Q operator formation
 
  CPU TIME(S)      SYSTEM TIME(S)     WALL TIME(S)
          6.960            0.020               0.880
 ---------------------------------------------------------------
 
 
 [resp_ex_Zmo] : Solving Z-vector equation ...
 
 respcphf%isolver=                     2                     1
 
 [resp_cphf_solver]
  isf  =                     0
  freq =  0.000000000000000E+000
 
 
 [LinearSolver]: ndim=                  1047
  Norm of RHS =   5.839214056473269E-002
 Initial Guess of CPHF vector                     0                     0
   iter  Ndim        |res|           |x|           time/s
    1      1    0.178636E-01    0.451084E-01       0.000
    2      2    0.291958E-02    0.638592E-01       0.270
    3      3    0.843230E-03    0.644965E-01       0.280
    4      4    0.123404E-03    0.645400E-01       0.270
    5      5    0.356175E-04    0.645429E-01       0.270
    6      6    0.775937E-05    0.645336E-01       0.260
    7      7    0.224353E-05    0.645332E-01       0.270
    8      8    0.255702E-06    0.645332E-01       0.270
    9      9    0.775759E-07    0.645331E-01       0.260
   10     10    0.723860E-08    0.645331E-01       0.260
   11     11    0.138189E-08    0.645331E-01       0.270
   12     12    0.295109E-09    0.645331E-01       0.260
   13     13    0.421232E-10    0.645331E-01       0.270
   14     14    0.993331E-11    0.645331E-01       0.270
   15     15    0.169546E-11    0.645331E-01       0.260
   16     16    0.168599E-11    0.645331E-01       0.210
   17     17    0.450166E-12    0.645331E-01       0.250
  Converged ! |Res|=  4.501661179023592E-013  iter=                    17
 
 ---------------------------------------------------------------
  Timing for solving the Z vector equation
 
  CPU TIME(S)      SYSTEM TIME(S)     WALL TIME(S)
         35.740            0.050               4.480
 ---------------------------------------------------------------
 
 
 [resp_ex_Wmo]
 
  Skewness of Wmo(C,C) =  6.581798995154923E-010
  Skewness of Wmo(C,V) =  3.771380692304663E-012
  Skewness of Wmo(V,V) =  3.590692387055586E-008
  Skewness of Wmo(C,O) =  2.210088590044050E-015
  Skewness of Wmo(O,V) =  6.980630502277677E-013
  Skewness of Wmo(O,O) =  0.000000000000000E+000
 
 ---------------------------------------------------------------
  Timing for W matrix formation
 
  CPU TIME(S)      SYSTEM TIME(S)     WALL TIME(S)
          2.180            0.000               0.280
 ---------------------------------------------------------------
 
 
 [resp_deriv_energy]
 
 
 [resp_deriv1e_fock_new]
 
 
|--------------------------------------------------------------------------------|
          Molecular gradient - Overlap contribution
 
        Atom            X                    Y                    Z
        C              0.0000000000         -0.0000000000         -0.0093995024
        O              0.0000000000          0.0000000000          0.0089736476
        H              0.0010805578          0.0000000000          0.0002129274
        H             -0.0010805578          0.0000000000          0.0002129274
|--------------------------------------------------------------------------------|
 
 
|--------------------------------------------------------------------------------|
          Molecular gradient - Kinetic energy contribution
 
        Atom            X                    Y                    Z
        C              0.0000000000         -0.0000000000         -0.0088707345
        O              0.0000000000          0.0000000000          0.0087731323
        H             -0.0002137231          0.0000000000          0.0000488011
        H              0.0002137231         -0.0000000000          0.0000488011
|--------------------------------------------------------------------------------|
 
 
|--------------------------------------------------------------------------------|
          Molecular gradient - Nuclear attraction energy contribution
 
        Atom            X                    Y                    Z
        C              0.0000000000          0.0000000000          0.1123663257
        O              0.0000000000         -0.0000000000         -0.1097482463
        H             -0.0070431351          0.0000000000         -0.0013090397
        H              0.0070431351         -0.0000000000         -0.0013090397
|--------------------------------------------------------------------------------|
 
 
 ---------------------------------------------------------------
  Timing to calculate 1-electronic integrals                                      
 
  CPU TIME(S)      SYSTEM TIME(S)     WALL TIME(S)
          0.010            0.000               0.000
 ---------------------------------------------------------------
 
  Gradient contribution from 1e
      1        0.0000000000        0.0000000000        0.0940960889
      2        0.0000000000       -0.0000000000       -0.0920014664
      3       -0.0061763004        0.0000000000       -0.0010473112
      4        0.0061763004       -0.0000000000       -0.0010473112
 Sum of gradient contribution from 1e
              0.0000000000        0.0000000000       -0.0000000000
 
 
 [resp_deriv2e]
 
resp deriv type   4
 Number of cartesian primative basis functions :      188
 If used primative density matrix:  F
  [int2e_petite_1st_gradient_screened]
 Total length of P4 ERIs 1st gradient:             1365957
 Maxium length of a batch of ERI 1st gradient:           50625
 Maxium length of a batch of dens matrix     :          320000
 Lenght of eri-grad core                     :         2350416
 If primative density matrix is used         : F
 Number of OpenMP threads                    :   8
 ngrad=                     1
 Esitmate buffer meomory used:        0.1592 GB
 
|--------------------------------------------------------------------------------|
          Molecular gradient - Elec Repulsive contribution
 
        Atom            X                    Y                    Z
        C              0.0000000000         -0.0000000000         -0.0984882251
        O              0.0000000000          0.0000000000          0.0942559774
        H              0.0069924893         -0.0000000000          0.0021161239
        H             -0.0069924893          0.0000000000          0.0021161239
|--------------------------------------------------------------------------------|
 
 
 ---------------------------------------------------------------
  Timing to calculate 2-electronic integrals Gradients                            
 
  CPU TIME(S)      SYSTEM TIME(S)     WALL TIME(S)
          4.920            0.010               0.620
 ---------------------------------------------------------------
 
 Time:   PreRys     Rys    2dint    2dintd   6dint  6dintc  6dints
cputime    0.00E+00    0.00E+00    0.00E+00    0.00E+00    0.00E+00    0.00E+00    0.00E+00    0.00E+00
systime    0.00E+00    0.00E+00    0.00E+00    0.00E+00    0.00E+00    0.00E+00    0.00E+00    0.00E+00
waltime    0.00E+00    0.00E+00    0.00E+00    0.00E+00    0.00E+00    0.00E+00    0.00E+00    0.00E+00
 Finish resp_deriv2e
  Gradient contribution from Analytic 2e
      1        0.0000000000       -0.0000000000       -0.0984882251
      2        0.0000000000        0.0000000000        0.0942559774
      3        0.0069924893       -0.0000000000        0.0021161239
      4       -0.0069924893        0.0000000000        0.0021161239
 Sum of gradient contribution from Analytic 2e
              0.0000000000        0.0000000000       -0.0000000000
 
 
  Gradient contribution from Final-grad(no XC)
      1        0.0000000000        0.0000000000       -0.0043921363
      2        0.0000000000       -0.0000000000        0.0022545110
      3        0.0008161888       -0.0000000000        0.0010688126
      4       -0.0008161888        0.0000000000        0.0010688126
 Sum of gradient contribution from Final-grad(no XC)
              0.0000000000        0.0000000000       -0.0000000000
 
 
 [resp_deriv_Exc]
 
 
 ---------------------------------------------------------------
  Timing for XC energy gradient calculation
 
  CPU TIME(S)      SYSTEM TIME(S)     WALL TIME(S)
         18.890            0.000               2.360
 ---------------------------------------------------------------
 
  Gradient contribution from XC
      1       -0.0000000000        0.0000000000        0.0081423530
      2       -0.0000000000        0.0000000000       -0.0072038299
      3       -0.0009319719        0.0000000000       -0.0004692646
      4        0.0009319719       -0.0000000000       -0.0004692646
 Sum of gradient contribution from XC
              0.0000000000        0.0000000000       -0.0000000061
 
 
 [resp_deriv_dpq]
 
  Gradient contribution from dpq-R
      1        0.0000000000       -0.0000000000       -0.0017954311
      2       -0.0000000000        0.0000000000        0.0002203291
      3        0.0002413731        0.0000000000        0.0000797961
      4       -0.0002413731       -0.0000000000        0.0000797961
 Sum of gradient contribution from dpq-R
             -0.0000000000       -0.0000000000       -0.0014155098
 
  Gradient contribution from Final-NAC(R)
      1        0.0000000000        0.0000000000        0.0019547856
      2       -0.0000000000       -0.0000000000       -0.0047289898
      3        0.0001255899        0.0000000000        0.0006793441
      4       -0.0001255899       -0.0000000000        0.0006793441
 Sum of gradient contribution from Final-NAC(R)
             -0.0000000000        0.0000000000       -0.0014155159
 
 ------------------------------------------------------------------
 
 Raw NACMEs, without electron-translation factor:
  FNAC_cpair=   1   2   1     1   2   3
  FNAC_epair=         -113.9552143587106912         -113.7394864583327774
  Gradient contribution from Final-NAC(R)-Escaled
      1        0.0000000000        0.0000000000        0.0090613479
      2       -0.0000000000       -0.0000000000       -0.0219210856
      3        0.0005821683        0.0000000000        0.0031490787
      4       -0.0005821683       -0.0000000000        0.0031490787
 Sum of gradient contribution from Final-NAC(R)-Escaled
             -0.0000000000        0.0000000000       -0.0065615802
 
 ------------------------------------------------------------------
  Gradient contribution from dpq-S
      1        0.0000000000       -0.0000000000       -0.0006529367
      2        0.0000000000        0.0000000000        0.0006296170
      3        0.0000912763        0.0000000000        0.0000116599
      4       -0.0000912763       -0.0000000000        0.0000116599
 Sum of gradient contribution from dpq-S
             -0.0000000000       -0.0000000000       -0.0000000000
 
  Gradient contribution from Final-NAC(S)
      1       -0.0000000000        0.0000000000        0.0030972800
      2       -0.0000000000       -0.0000000000       -0.0043197018
      3       -0.0000245068        0.0000000000        0.0006112079
      4        0.0000245068       -0.0000000000        0.0006112079
 Sum of gradient contribution from Final-NAC(S)
             -0.0000000000        0.0000000000       -0.0000000061
 
 
 NACMEs including electron-translation factor:
  Gradient contribution from Final-NAC(S)-Escaled
      1       -0.0000000000        0.0000000000        0.0143573454
      2       -0.0000000000       -0.0000000000       -0.0200238438
      3       -0.0001136005        0.0000000000        0.0028332351
      4        0.0001136005       -0.0000000000        0.0028332351
 Sum of gradient contribution from Final-NAC(S)-Escaled
             -0.0000000000        0.0000000000       -0.0000000282
 
 
 [resp_ex_final] : iop=                     2
 
 
 [resp_ex_final] : iop=                     0
 
 
 [resp_ex_init]
 
  Check normalization:
  R^t*L(vec)=   1.00000000000000     
  R^t*L(mat)=   1.00000000000000     
 
 =================================
  PairIJ=   1   2   2   1   2   3
 =================================
 
 [resp_nac_main2]
 
  wJI =  0.145287590740496     
  Check normalization:
  R1^t*L1(mat)=   1.00000000000000     
  R2^t*L2(mat)=   1.00000000000000     
  Check orthogonality:
  R1^t*L2(mat)=  1.462285154074650E-014
  L1^t*R2(mat)=  2.427485296108145E-014
  Z1^t*Z2(mat)=  3.889770450182795E-014
 ---------------------------------------------------
  I-state,J-state,wJI 
           0.209292        0.354580        0.145288
  CHECK TRANSITION DIPOLE : expect.  resp.  total 
  1        0.000000        0.000000        0.000000
  2       -0.000000        0.000000       -0.000000
  3       -0.191707        0.000000       -0.191707
 ---------------------------------------------------
 
 [resp_ex_zvector]
 
 [resp_fock2e_Qex]
 [resp_fockxc_Qex]
 
 ---------------------------------------------------------------
  Timing for Q operator formation
 
  CPU TIME(S)      SYSTEM TIME(S)     WALL TIME(S)
          6.800            0.020               0.850
 ---------------------------------------------------------------
 
 
 [resp_ex_Zmo] : Solving Z-vector equation ...
 
 respcphf%isolver=                     2                     1
 
 [resp_cphf_solver]
  isf  =                     0
  freq =  0.000000000000000E+000
 
 
 [LinearSolver]: ndim=                  1047
  Norm of RHS =   0.333480774804139     
 Initial Guess of CPHF vector                     0                     0
   iter  Ndim        |res|           |x|           time/s
    1      1    0.983989E-01    0.265297E+00       0.000
    2      2    0.161733E-01    0.367157E+00       0.270
    3      3    0.422817E-02    0.370707E+00       0.260
    4      4    0.642000E-03    0.371206E+00       0.270
    5      5    0.157161E-03    0.371216E+00       0.270
    6      6    0.249677E-04    0.371178E+00       0.280
    7      7    0.576867E-05    0.371176E+00       0.270
    8      8    0.114634E-05    0.371176E+00       0.270
    9      9    0.247460E-06    0.371175E+00       0.270
   10     10    0.353299E-07    0.371175E+00       0.270
   11     11    0.863830E-08    0.371175E+00       0.270
   12     12    0.124194E-08    0.371175E+00       0.280
   13     13    0.204693E-09    0.371175E+00       0.270
   14     14    0.352623E-10    0.371175E+00       0.270
   15     15    0.290788E-11    0.371175E+00       0.270
   16     16    0.683117E-12    0.371175E+00       0.250
  Converged ! |Res|=  6.831167152487361E-013  iter=                    16
 
 ---------------------------------------------------------------
  Timing for solving the Z vector equation
 
  CPU TIME(S)      SYSTEM TIME(S)     WALL TIME(S)
         34.360            0.030               4.310
 ---------------------------------------------------------------
 
 
 [resp_ex_Wmo]
 
  Skewness of Wmo(C,C) =  9.889626424744645E-010
  Skewness of Wmo(C,V) =  3.063291600194326E-012
  Skewness of Wmo(V,V) =  2.089361789585882E-008
  Skewness of Wmo(C,O) =  1.806509321206882E-015
  Skewness of Wmo(O,V) =  4.429848828883914E-013
  Skewness of Wmo(O,O) =  0.000000000000000E+000
 
 ---------------------------------------------------------------
  Timing for W matrix formation
 
  CPU TIME(S)      SYSTEM TIME(S)     WALL TIME(S)
          2.180            0.000               0.270
 ---------------------------------------------------------------
 
 
 [resp_deriv_energy]
 
 
 [resp_deriv1e_fock_new]
 
 
|--------------------------------------------------------------------------------|
          Molecular gradient - Overlap contribution
 
        Atom            X                    Y                    Z
        C              0.0000000000         -0.0000000000          0.0264682390
        O              0.0000000000         -0.0000000000         -0.0302668390
        H              0.0029880601         -0.0000000000          0.0018993000
        H             -0.0029880601          0.0000000000          0.0018993000
|--------------------------------------------------------------------------------|
 
 
|--------------------------------------------------------------------------------|
          Molecular gradient - Kinetic energy contribution
 
        Atom            X                    Y                    Z
        C              0.0000000000         -0.0000000000          0.0403600690
        O              0.0000000000         -0.0000000000         -0.0403464891
        H              0.0038867396         -0.0000000000         -0.0000067899
        H             -0.0038867396          0.0000000000         -0.0000067899
|--------------------------------------------------------------------------------|
 
 
|--------------------------------------------------------------------------------|
          Molecular gradient - Nuclear attraction energy contribution
 
        Atom            X                    Y                    Z
        C              0.0000000000          0.0000000000         -0.4093504157
        O              0.0000000000          0.0000000000          0.4474331197
        H             -0.0330787298          0.0000000000         -0.0190413520
        H              0.0330787298         -0.0000000000         -0.0190413520
|--------------------------------------------------------------------------------|
 
 
 ---------------------------------------------------------------
  Timing to calculate 1-electronic integrals                                      
 
  CPU TIME(S)      SYSTEM TIME(S)     WALL TIME(S)
          0.010            0.000               0.010
 ---------------------------------------------------------------
 
  Gradient contribution from 1e
      1        0.0000000000        0.0000000000       -0.3425221078
      2        0.0000000000        0.0000000000        0.3768197916
      3       -0.0262039301        0.0000000000       -0.0171488419
      4        0.0262039301       -0.0000000000       -0.0171488419
 Sum of gradient contribution from 1e
              0.0000000000        0.0000000000        0.0000000000
 
 
 [resp_deriv2e]
 
resp deriv type   4
 Number of cartesian primative basis functions :      188
 If used primative density matrix:  F
  [int2e_petite_1st_gradient_screened]
 Total length of P4 ERIs 1st gradient:             1365957
 Maxium length of a batch of ERI 1st gradient:           50625
 Maxium length of a batch of dens matrix     :          320000
 Lenght of eri-grad core                     :         2350416
 If primative density matrix is used         : F
 Number of OpenMP threads                    :   8
 ngrad=                     1
 Esitmate buffer meomory used:        0.1592 GB
 
|--------------------------------------------------------------------------------|
          Molecular gradient - Elec Repulsive contribution
 
        Atom            X                    Y                    Z
        C              0.0000000000         -0.0000000000          0.3437604205
        O              0.0000000000         -0.0000000000         -0.3737062579
        H              0.0263706453         -0.0000000000          0.0149729187
        H             -0.0263706453          0.0000000000          0.0149729187
|--------------------------------------------------------------------------------|
 
 
 ---------------------------------------------------------------
  Timing to calculate 2-electronic integrals Gradients                            
 
  CPU TIME(S)      SYSTEM TIME(S)     WALL TIME(S)
          4.850            0.020               0.610
 ---------------------------------------------------------------
 
 Time:   PreRys     Rys    2dint    2dintd   6dint  6dintc  6dints
cputime    0.00E+00    0.00E+00    0.00E+00    0.00E+00    0.00E+00    0.00E+00    0.00E+00    0.00E+00
systime    0.00E+00    0.00E+00    0.00E+00    0.00E+00    0.00E+00    0.00E+00    0.00E+00    0.00E+00
waltime    0.00E+00    0.00E+00    0.00E+00    0.00E+00    0.00E+00    0.00E+00    0.00E+00    0.00E+00
 Finish resp_deriv2e
  Gradient contribution from Analytic 2e
      1        0.0000000000       -0.0000000000        0.3437604205
      2        0.0000000000       -0.0000000000       -0.3737062579
      3        0.0263706453       -0.0000000000        0.0149729187
      4       -0.0263706453        0.0000000000        0.0149729187
 Sum of gradient contribution from Analytic 2e
              0.0000000000        0.0000000000       -0.0000000000
 
 
  Gradient contribution from Final-grad(no XC)
      1        0.0000000000       -0.0000000000        0.0012383127
      2        0.0000000000       -0.0000000000        0.0031135337
      3        0.0001667153        0.0000000000       -0.0021759232
      4       -0.0001667153        0.0000000000       -0.0021759232
 Sum of gradient contribution from Final-grad(no XC)
              0.0000000000        0.0000000000       -0.0000000000
 
 
 [resp_deriv_Exc]
 
 
 ---------------------------------------------------------------
  Timing for XC energy gradient calculation
 
  CPU TIME(S)      SYSTEM TIME(S)     WALL TIME(S)
         18.630            0.020               2.330
 ---------------------------------------------------------------
 
  Gradient contribution from XC
      1       -0.0000000000       -0.0000000000       -0.0207289348
      2       -0.0000000000        0.0000000000        0.0231893643
      3       -0.0019277469        0.0000000000       -0.0012301972
      4        0.0019277469       -0.0000000000       -0.0012301972
 Sum of gradient contribution from XC
             -0.0000000000        0.0000000000        0.0000000351
 
 
 [resp_deriv_dpq]
 
  Gradient contribution from dpq-R
      1        0.0000000000        0.0000000000        0.0022827367
      2        0.0000000000        0.0000000000        0.0006249836
      3        0.0008038999       -0.0000000000        0.0009293878
      4       -0.0008038999        0.0000000000        0.0009293878
 Sum of gradient contribution from dpq-R
              0.0000000000        0.0000000000        0.0047664959
 
  Gradient contribution from Final-NAC(R)
      1       -0.0000000000       -0.0000000000       -0.0172078854
      2       -0.0000000000        0.0000000000        0.0269278816
      3       -0.0009571317        0.0000000000       -0.0024767326
      4        0.0009571317        0.0000000000       -0.0024767326
 Sum of gradient contribution from Final-NAC(R)
             -0.0000000000        0.0000000000        0.0047665311
 
 ------------------------------------------------------------------
 
 Raw NACMEs, without electron-translation factor:
  FNAC_cpair=   1   2   2     1   2   3
  FNAC_epair=         -113.8847740490732718         -113.7394864583327774
  Gradient contribution from Final-NAC(R)-Escaled
      1       -0.0000000000       -0.0000000000       -0.1184401591
      2       -0.0000000000        0.0000000000        0.1853419242
      3       -0.0065878419        0.0000000000       -0.0170471036
      4        0.0065878419        0.0000000000       -0.0170471036
 Sum of gradient contribution from Final-NAC(R)-Escaled
             -0.0000000000        0.0000000000        0.0328075580
 
 ------------------------------------------------------------------
  Gradient contribution from dpq-S
      1       -0.0000000000       -0.0000000000        0.0003398272
      2       -0.0000000000       -0.0000000000       -0.0014355534
      3        0.0005289328       -0.0000000000        0.0005478631
      4       -0.0005289328        0.0000000000        0.0005478631
 Sum of gradient contribution from dpq-S
              0.0000000000        0.0000000000        0.0000000000
 
  Gradient contribution from Final-NAC(S)
      1       -0.0000000000       -0.0000000000       -0.0191507949
      2       -0.0000000000        0.0000000000        0.0248673446
      3       -0.0012320988        0.0000000000       -0.0028582573
      4        0.0012320988        0.0000000000       -0.0028582573
 Sum of gradient contribution from Final-NAC(S)
             -0.0000000000        0.0000000000        0.0000000351
 
 
 NACMEs including electron-translation factor:
  Gradient contribution from Final-NAC(S)-Escaled
      1       -0.0000000000       -0.0000000000       -0.1318130117
      2       -0.0000000000        0.0000000000        0.1711594533
      3       -0.0084804130        0.0000000000       -0.0196730999
      4        0.0084804130        0.0000000000       -0.0196730999
 Sum of gradient contribution from Final-NAC(S)-Escaled
             -0.0000000000        0.0000000000        0.0000002418
 
 
 [resp_ex_final] : iop=                     2
 
 
 [resp_ex_final] : iop=                     0
 
 
 [resp_ex_final] : iop=                     0
 
 
 [resp_ex_init]
 
  Check normalization:
  R^t*L(vec)=   1.00000000000000     
  R^t*L(mat)=   1.00000000000000     
 
 [resp_ex_final] : iop=                     0
 
 
 [resp_ex_init]
 
  Check normalization:
  R^t*L(vec)=   1.00000000000000     
  R^t*L(mat)=   1.00000000000000     
 
 [resp_ex_init]
 
  Check normalization:
  R^t*L(vec)=   1.00000000000000     
  R^t*L(mat)=  0.999999999999999     
 
 =================================
  PairIJ=   1   3   1   1   2   2
 =================================
 
 [resp_nac_main2]
 
  wJI =  1.655343202297416E-002
  Check normalization:
  R1^t*L1(mat)=  0.999999999999999     
  R2^t*L2(mat)=   1.00000000000000     
  Check orthogonality:
  R1^t*L2(mat)=  0.000000000000000E+000
  L1^t*R2(mat)=  0.000000000000000E+000
  Z1^t*Z2(mat)=  0.000000000000000E+000
 ---------------------------------------------------
  I-state,J-state,wJI 
           0.192739        0.209292        0.016553
  CHECK TRANSITION DIPOLE : expect.  resp.  total 
  1        0.000000        0.000000        0.000000
  2        0.045111        0.000000        0.045111
  3        0.000000        0.000000        0.000000
 ---------------------------------------------------
 
 [resp_ex_zvector]
 
 [resp_fock2e_Qex]
 [resp_fockxc_Qex]
 
 ---------------------------------------------------------------
  Timing for Q operator formation
 
  CPU TIME(S)      SYSTEM TIME(S)     WALL TIME(S)
          6.830            0.010               0.860
 ---------------------------------------------------------------
 
 
 [resp_ex_Zmo] : Solving Z-vector equation ...
 
 respcphf%isolver=                     2                     1
 
 [resp_cphf_solver]
  isf  =                     0
  freq =  0.000000000000000E+000
 
 
 [LinearSolver]: ndim=                  1047
  Norm of RHS =   5.708685348054131E-002
 Initial Guess of CPHF vector                     0                     0
   iter  Ndim        |res|           |x|           time/s
    1      1    0.862153E-02    0.722950E-01       0.000
    2      2    0.199631E-02    0.767656E-01       0.270
    3      3    0.301767E-03    0.776316E-01       0.270
    4      4    0.891076E-04    0.776931E-01       0.270
    5      5    0.204778E-04    0.776759E-01       0.270
    6      6    0.212622E-05    0.776758E-01       0.270
    7      7    0.596805E-06    0.776755E-01       0.270
    8      8    0.417710E-07    0.776755E-01       0.270
    9      9    0.150955E-07    0.776755E-01       0.270
   10     10    0.716511E-09    0.776755E-01       0.280
   11     11    0.245090E-09    0.776755E-01       0.280
   12     12    0.162993E-10    0.776755E-01       0.270
   13     13    0.242450E-11    0.776755E-01       0.260
   14     14    0.762581E-12    0.776755E-01       0.230
  Converged ! |Res|=  7.625810628829511E-013  iter=                    14
 
 ---------------------------------------------------------------
  Timing for solving the Z vector equation
 
  CPU TIME(S)      SYSTEM TIME(S)     WALL TIME(S)
         29.770            0.150               3.740
 ---------------------------------------------------------------
 
 
 [resp_ex_Wmo]
 
  Skewness of Wmo(C,C) =  2.826288394891126E-005
  Skewness of Wmo(C,V) =  1.326833428557408E-012
  Skewness of Wmo(V,V) =  4.279770925691331E-005
  Skewness of Wmo(C,O) =  1.751478878846283E-019
  Skewness of Wmo(O,V) =  1.460174152601061E-013
  Skewness of Wmo(O,O) =  0.000000000000000E+000
 
 ---------------------------------------------------------------
  Timing for W matrix formation
 
  CPU TIME(S)      SYSTEM TIME(S)     WALL TIME(S)
          2.180            0.010               0.280
 ---------------------------------------------------------------
 
 
 [resp_deriv_energy]
 
 
 [resp_deriv1e_fock_new]
 
 
|--------------------------------------------------------------------------------|
          Molecular gradient - Overlap contribution
 
        Atom            X                    Y                    Z
        C             -0.0000000000         -0.0053476439          0.0000000000
        O              0.0000000000          0.0056927546          0.0000000000
        H             -0.0000000000         -0.0001725553          0.0000000000
        H             -0.0000000000         -0.0001725553          0.0000000000
|--------------------------------------------------------------------------------|
 
 
|--------------------------------------------------------------------------------|
          Molecular gradient - Kinetic energy contribution
 
        Atom            X                    Y                    Z
        C              0.0000000000          0.0066240887          0.0000000000
        O             -0.0000000000         -0.0036839812          0.0000000000
        H             -0.0000000000         -0.0014700538          0.0000000000
        H             -0.0000000000         -0.0014700538          0.0000000000
|--------------------------------------------------------------------------------|
 
 
|--------------------------------------------------------------------------------|
          Molecular gradient - Nuclear attraction energy contribution
 
        Atom            X                    Y                    Z
        C              0.0000000000          0.0236192928          0.0000000000
        O             -0.0000000000         -0.0357325619          0.0000000000
        H             -0.0000000000          0.0060566346          0.0000000000
        H              0.0000000000          0.0060566346          0.0000000000
|--------------------------------------------------------------------------------|
 
 
 ---------------------------------------------------------------
  Timing to calculate 1-electronic integrals                                      
 
  CPU TIME(S)      SYSTEM TIME(S)     WALL TIME(S)
          0.010            0.000               0.000
 ---------------------------------------------------------------
 
  Gradient contribution from 1e
      1        0.0000000000        0.0248957376        0.0000000000
      2       -0.0000000000       -0.0337237885        0.0000000000
      3       -0.0000000000        0.0044140255        0.0000000000
      4        0.0000000000        0.0044140255        0.0000000000
 Sum of gradient contribution from 1e
             -0.0000000000        0.0000000000        0.0000000000
 
 
 [resp_deriv2e]
 
resp deriv type   4
 Number of cartesian primative basis functions :      188
 If used primative density matrix:  F
  [int2e_petite_1st_gradient_screened]
 Total length of P4 ERIs 1st gradient:             1365957
 Maxium length of a batch of ERI 1st gradient:           50625
 Maxium length of a batch of dens matrix     :          320000
 Lenght of eri-grad core                     :         2350416
 If primative density matrix is used         : F
 Number of OpenMP threads                    :   8
 ngrad=                     1
 Esitmate buffer meomory used:        0.1592 GB
 
|--------------------------------------------------------------------------------|
          Molecular gradient - Elec Repulsive contribution
 
        Atom            X                    Y                    Z
        C             -0.0000000000         -0.0271607335          0.0000000000
        O              0.0000000000          0.0359177935          0.0000000000
        H             -0.0000000000         -0.0043785300          0.0000000000
        H             -0.0000000000         -0.0043785300          0.0000000000
|--------------------------------------------------------------------------------|
 
 
 ---------------------------------------------------------------
  Timing to calculate 2-electronic integrals Gradients                            
 
  CPU TIME(S)      SYSTEM TIME(S)     WALL TIME(S)
          4.750            0.010               0.600
 ---------------------------------------------------------------
 
 Time:   PreRys     Rys    2dint    2dintd   6dint  6dintc  6dints
cputime    0.00E+00    0.00E+00    0.00E+00    0.00E+00    0.00E+00    0.00E+00    0.00E+00    0.00E+00
systime    0.00E+00    0.00E+00    0.00E+00    0.00E+00    0.00E+00    0.00E+00    0.00E+00    0.00E+00
waltime    0.00E+00    0.00E+00    0.00E+00    0.00E+00    0.00E+00    0.00E+00    0.00E+00    0.00E+00
 Finish resp_deriv2e
  Gradient contribution from Analytic 2e
      1       -0.0000000000       -0.0271607335        0.0000000000
      2        0.0000000000        0.0359177935        0.0000000000
      3       -0.0000000000       -0.0043785300        0.0000000000
      4       -0.0000000000       -0.0043785300        0.0000000000
 Sum of gradient contribution from Analytic 2e
             -0.0000000000        0.0000000000        0.0000000000
 
 
  Gradient contribution from Final-grad(no XC)
      1       -0.0000000000       -0.0022649959        0.0000000000
      2        0.0000000000        0.0021940050        0.0000000000
      3       -0.0000000000        0.0000354954        0.0000000000
      4        0.0000000000        0.0000354954        0.0000000000
 Sum of gradient contribution from Final-grad(no XC)
             -0.0000000000        0.0000000000        0.0000000000
 
 
 [resp_deriv_Exc]
 
 
 ---------------------------------------------------------------
  Timing for XC energy gradient calculation
 
  CPU TIME(S)      SYSTEM TIME(S)     WALL TIME(S)
         18.420            0.000               2.310
 ---------------------------------------------------------------
 
  Gradient contribution from XC
      1        0.0000000000        0.0008852571        0.0000000000
      2       -0.0000000000       -0.0014592374        0.0000000000
      3        0.0000000000        0.0002870160        0.0000000000
      4       -0.0000000000        0.0002870160        0.0000000000
 Sum of gradient contribution from XC
              0.0000000000        0.0000000517        0.0000000000
 
 
 [resp_deriv_dpq]
 
  Gradient contribution from dpq-R
      1        0.0000000000       -0.0000829101        0.0000000000
      2       -0.0000000000       -0.0000794029        0.0000000000
      3        0.0000000000        0.0000539584        0.0000000000
      4        0.0000000000        0.0000539584       -0.0000000000
 Sum of gradient contribution from dpq-R
              0.0000000000       -0.0000543963        0.0000000000
 
  Gradient contribution from Final-NAC(R)
      1       -0.0000000000       -0.0014626489        0.0000000000
      2        0.0000000000        0.0006553647        0.0000000000
      3       -0.0000000000        0.0003764699        0.0000000000
      4        0.0000000000        0.0003764699       -0.0000000000
 Sum of gradient contribution from Final-NAC(R)
              0.0000000000       -0.0000543445        0.0000000000
 
 ------------------------------------------------------------------
 
 Raw NACMEs, without electron-translation factor:
  FNAC_cpair=   1   3   1     1   2   2
  FNAC_epair=         -113.9013274810962457         -113.8847740490732718
  Gradient contribution from Final-NAC(R)-Escaled
      1       -0.0000000000       -0.0883592532        0.0000000000
      2        0.0000000000        0.0395908627        0.0000000000
      3       -0.0000000000        0.0227427072        0.0000000000
      4        0.0000000000        0.0227427072       -0.0000000000
 Sum of gradient contribution from Final-NAC(R)-Escaled
              0.0000000000       -0.0032829761        0.0000000000
 
 ------------------------------------------------------------------
  Gradient contribution from dpq-S
      1        0.0000000000        0.0000094571        0.0000000000
      2       -0.0000000000        0.0000465691       -0.0000000000
      3       -0.0000000000       -0.0000280131        0.0000000000
      4       -0.0000000000       -0.0000280131       -0.0000000000
 Sum of gradient contribution from dpq-S
              0.0000000000       -0.0000000000        0.0000000000
 
  Gradient contribution from Final-NAC(S)
      1       -0.0000000000       -0.0013702817        0.0000000000
      2        0.0000000000        0.0007813367       -0.0000000000
      3       -0.0000000000        0.0002944983        0.0000000000
      4        0.0000000000        0.0002944983       -0.0000000000
 Sum of gradient contribution from Final-NAC(S)
              0.0000000000        0.0000000517        0.0000000000
 
 
 NACMEs including electron-translation factor:
  Gradient contribution from Final-NAC(S)-Escaled
      1       -0.0000000000       -0.0827793098        0.0000000000
      2        0.0000000000        0.0472008906       -0.0000000000
      3       -0.0000000000        0.0177907721        0.0000000000
      4        0.0000000000        0.0177907721       -0.0000000000
 Sum of gradient contribution from Final-NAC(S)-Escaled
              0.0000000000        0.0000031250        0.0000000000
 
 
 [resp_ex_final] : iop=                     2
 
 
 [resp_ex_final] : iop=                     0
 
 
 [resp_ex_final] : iop=                     0
 
 
 [resp_ex_init]
 
  Check normalization:
  R^t*L(vec)=   1.00000000000000     
  R^t*L(mat)=   1.00000000000000     
 
 [resp_ex_init]
 
  Check normalization:
  R^t*L(vec)=   1.00000000000000     
  R^t*L(mat)=  0.999999999999999     
 
 =================================
  PairIJ=   1   3   1   1   2   3
 =================================
 
 [resp_nac_main2]
 
  wJI =  0.161841022763470     
  Check normalization:
  R1^t*L1(mat)=  0.999999999999999     
  R2^t*L2(mat)=   1.00000000000000     
  Check orthogonality:
  R1^t*L2(mat)=  0.000000000000000E+000
  L1^t*R2(mat)=  0.000000000000000E+000
  Z1^t*Z2(mat)=  0.000000000000000E+000
 ---------------------------------------------------
  I-state,J-state,wJI 
           0.192739        0.354580        0.161841
  CHECK TRANSITION DIPOLE : expect.  resp.  total 
  1       -0.000000        0.000000       -0.000000
  2       -0.007330        0.000000       -0.007330
  3       -0.000000        0.000000       -0.000000
 ---------------------------------------------------
 
 [resp_ex_zvector]
 
 [resp_fock2e_Qex]
 [resp_fockxc_Qex]
 
 ---------------------------------------------------------------
  Timing for Q operator formation
 
  CPU TIME(S)      SYSTEM TIME(S)     WALL TIME(S)
          6.830            0.010               0.860
 ---------------------------------------------------------------
 
 
 [resp_ex_Zmo] : Solving Z-vector equation ...
 
 respcphf%isolver=                     2                     1
 
 [resp_cphf_solver]
  isf  =                     0
  freq =  0.000000000000000E+000
 
 
 [LinearSolver]: ndim=                  1047
  Norm of RHS =   2.437271391287342E-002
 Initial Guess of CPHF vector                     0                     0
   iter  Ndim        |res|           |x|           time/s
    1      1    0.207603E-02    0.257625E-01       0.000
    2      2    0.313165E-03    0.267133E-01       0.270
    3      3    0.528082E-04    0.267792E-01       0.270
    4      4    0.143177E-04    0.267829E-01       0.270
    5      5    0.188325E-05    0.267804E-01       0.280
    6      6    0.365108E-06    0.267806E-01       0.270
    7      7    0.138445E-06    0.267805E-01       0.280
    8      8    0.104089E-07    0.267805E-01       0.270
    9      9    0.386729E-08    0.267805E-01       0.270
   10     10    0.234323E-09    0.267805E-01       0.280
   11     11    0.660035E-10    0.267805E-01       0.270
   12     12    0.481929E-11    0.267805E-01       0.270
   13     13    0.588453E-12    0.267805E-01       0.220
  Converged ! |Res|=  5.884525140231847E-013  iter=                    13
 
 ---------------------------------------------------------------
  Timing for solving the Z vector equation
 
  CPU TIME(S)      SYSTEM TIME(S)     WALL TIME(S)
         27.760            0.120               3.490
 ---------------------------------------------------------------
 
 
 [resp_ex_Wmo]
 
  Skewness of Wmo(C,C) =  2.523706097595167E-005
  Skewness of Wmo(C,V) =  7.327789836777539E-013
  Skewness of Wmo(V,V) =  2.657339749862569E-004
  Skewness of Wmo(C,O) =  1.583805279222491E-021
  Skewness of Wmo(O,V) =  7.354286043321637E-013
  Skewness of Wmo(O,O) =  0.000000000000000E+000
 
 ---------------------------------------------------------------
  Timing for W matrix formation
 
  CPU TIME(S)      SYSTEM TIME(S)     WALL TIME(S)
          1.890            0.000               0.240
 ---------------------------------------------------------------
 
 
 [resp_deriv_energy]
 
 
 [resp_deriv1e_fock_new]
 
 
|--------------------------------------------------------------------------------|
          Molecular gradient - Overlap contribution
 
        Atom            X                    Y                    Z
        C              0.0000000000          0.0004559464          0.0000000000
        O             -0.0000000000         -0.0008332234          0.0000000000
        H              0.0000000000          0.0001886385          0.0000000000
        H              0.0000000000          0.0001886385          0.0000000000
|--------------------------------------------------------------------------------|
 
 
|--------------------------------------------------------------------------------|
          Molecular gradient - Kinetic energy contribution
 
        Atom            X                    Y                    Z
        C              0.0000000000          0.0007947925          0.0000000000
        O             -0.0000000000         -0.0021555000          0.0000000000
        H              0.0000000000          0.0006803537          0.0000000000
        H              0.0000000000          0.0006803537          0.0000000000
|--------------------------------------------------------------------------------|
 
 
|--------------------------------------------------------------------------------|
          Molecular gradient - Nuclear attraction energy contribution
 
        Atom            X                    Y                    Z
        C             -0.0000000000         -0.0073201501          0.0000000000
        O              0.0000000000          0.0116787528          0.0000000000
        H              0.0000000000         -0.0021793013          0.0000000000
        H             -0.0000000000         -0.0021793013          0.0000000000
|--------------------------------------------------------------------------------|
 
 
 ---------------------------------------------------------------
  Timing to calculate 1-electronic integrals                                      
 
  CPU TIME(S)      SYSTEM TIME(S)     WALL TIME(S)
          0.000            0.000               0.000
 ---------------------------------------------------------------
 
  Gradient contribution from 1e
      1       -0.0000000000       -0.0060694112        0.0000000000
      2        0.0000000000        0.0086900294        0.0000000000
      3        0.0000000000       -0.0013103091        0.0000000000
      4       -0.0000000000       -0.0013103091        0.0000000000
 Sum of gradient contribution from 1e
              0.0000000000        0.0000000000        0.0000000000
 
 
 [resp_deriv2e]
 
resp deriv type   4
 Number of cartesian primative basis functions :      188
 If used primative density matrix:  F
  [int2e_petite_1st_gradient_screened]
 Total length of P4 ERIs 1st gradient:             1365957
 Maxium length of a batch of ERI 1st gradient:           50625
 Maxium length of a batch of dens matrix     :          320000
 Lenght of eri-grad core                     :         2350416
 If primative density matrix is used         : F
 Number of OpenMP threads                    :   8
 ngrad=                     1
 Esitmate buffer meomory used:        0.1592 GB
 
|--------------------------------------------------------------------------------|
          Molecular gradient - Elec Repulsive contribution
 
        Atom            X                    Y                    Z
        C              0.0000000000          0.0095562067          0.0000000000
        O             -0.0000000000         -0.0108156821          0.0000000000
        H              0.0000000000          0.0006297377          0.0000000000
        H              0.0000000000          0.0006297377          0.0000000000
|--------------------------------------------------------------------------------|
 
 
 ---------------------------------------------------------------
  Timing to calculate 2-electronic integrals Gradients                            
 
  CPU TIME(S)      SYSTEM TIME(S)     WALL TIME(S)
          4.220            0.010               0.530
 ---------------------------------------------------------------
 
 Time:   PreRys     Rys    2dint    2dintd   6dint  6dintc  6dints
cputime    0.00E+00    0.00E+00    0.00E+00    0.00E+00    0.00E+00    0.00E+00    0.00E+00    0.00E+00
systime    0.00E+00    0.00E+00    0.00E+00    0.00E+00    0.00E+00    0.00E+00    0.00E+00    0.00E+00
waltime    0.00E+00    0.00E+00    0.00E+00    0.00E+00    0.00E+00    0.00E+00    0.00E+00    0.00E+00
 Finish resp_deriv2e
  Gradient contribution from Analytic 2e
      1        0.0000000000        0.0095562067        0.0000000000
      2       -0.0000000000       -0.0108156821        0.0000000000
      3        0.0000000000        0.0006297377        0.0000000000
      4        0.0000000000        0.0006297377        0.0000000000
 Sum of gradient contribution from Analytic 2e
              0.0000000000       -0.0000000000        0.0000000000
 
 
  Gradient contribution from Final-grad(no XC)
      1        0.0000000000        0.0034867955        0.0000000000
      2       -0.0000000000       -0.0021256527        0.0000000000
      3        0.0000000000       -0.0006805714        0.0000000000
      4       -0.0000000000       -0.0006805714        0.0000000000
 Sum of gradient contribution from Final-grad(no XC)
              0.0000000000        0.0000000000        0.0000000000
 
 
 [resp_deriv_Exc]
 
 
 ---------------------------------------------------------------
  Timing for XC energy gradient calculation
 
  CPU TIME(S)      SYSTEM TIME(S)     WALL TIME(S)
         17.210            0.000               2.160
 ---------------------------------------------------------------
 
  Gradient contribution from XC
      1       -0.0000000000       -0.0025599859        0.0000000000
      2        0.0000000000        0.0013714254        0.0000000000
      3        0.0000000000        0.0005942414        0.0000000000
      4        0.0000000000        0.0005942414        0.0000000000
 Sum of gradient contribution from XC
             -0.0000000000       -0.0000000776        0.0000000000
 
 
 [resp_deriv_dpq]
 
  Gradient contribution from dpq-R
      1       -0.0000000000       -0.0000372787       -0.0000000000
      2        0.0000000000       -0.0002899636       -0.0000000000
      3       -0.0000000000       -0.0000206657       -0.0000000000
      4       -0.0000000000       -0.0000206657        0.0000000000
 Sum of gradient contribution from dpq-R
             -0.0000000000       -0.0003685736       -0.0000000000
 
  Gradient contribution from Final-NAC(R)
      1        0.0000000000        0.0008895309       -0.0000000000
      2       -0.0000000000       -0.0010441908       -0.0000000000
      3        0.0000000000       -0.0001069956       -0.0000000000
      4       -0.0000000000       -0.0001069956        0.0000000000
 Sum of gradient contribution from Final-NAC(R)
             -0.0000000000       -0.0003686512       -0.0000000000
 
 ------------------------------------------------------------------
 
 Raw NACMEs, without electron-translation factor:
  FNAC_cpair=   1   3   1     1   2   3
  FNAC_epair=         -113.9013274810962457         -113.7394864583327774
  Gradient contribution from Final-NAC(R)-Escaled
      1        0.0000000000        0.0054963250       -0.0000000000
      2       -0.0000000000       -0.0064519540       -0.0000000000
      3        0.0000000000       -0.0006611155       -0.0000000000
      4       -0.0000000000       -0.0006611155        0.0000000000
 Sum of gradient contribution from Final-NAC(R)-Escaled
             -0.0000000000       -0.0022778600       -0.0000000000
 
 ------------------------------------------------------------------
  Gradient contribution from dpq-S
      1       -0.0000000000       -0.0000086660        0.0000000000
      2        0.0000000000       -0.0001028388        0.0000000000
      3        0.0000000000        0.0000557524       -0.0000000000
      4        0.0000000000        0.0000557524        0.0000000000
 Sum of gradient contribution from dpq-S
             -0.0000000000       -0.0000000000        0.0000000000
 
  Gradient contribution from Final-NAC(S)
      1        0.0000000000        0.0009181436        0.0000000000
      2       -0.0000000000       -0.0008570660        0.0000000000
      3        0.0000000000       -0.0000305776       -0.0000000000
      4       -0.0000000000       -0.0000305776        0.0000000000
 Sum of gradient contribution from Final-NAC(S)
             -0.0000000000       -0.0000000776        0.0000000000
 
 
 NACMEs including electron-translation factor:
  Gradient contribution from Final-NAC(S)-Escaled
      1        0.0000000000        0.0056731202        0.0000000000
      2       -0.0000000000       -0.0052957280        0.0000000000
      3        0.0000000000       -0.0001889359       -0.0000000000
      4       -0.0000000000       -0.0001889359        0.0000000000
 Sum of gradient contribution from Final-NAC(S)-Escaled
             -0.0000000000       -0.0000004797        0.0000000000
 
 
 [resp_ex_final] : iop=                     2
 
 
 [resp_ex_final] : iop=                     0
 
 
 [resp_ex_final] : iop=                     0
 
 
 [resp_ex_init]
 
  Check normalization:
  R^t*L(vec)=   1.00000000000000     
  R^t*L(mat)=   1.00000000000000     
 
 [resp_ex_final] : iop=                     0
 
 
 [resp_ex_init]
 
  Check normalization:
  R^t*L(vec)=   1.00000000000000     
  R^t*L(mat)=   1.00000000000000     
 
 [resp_ex_final] : iop=                     0
 
 
 [resp_ex_init]
 
  Check normalization:
  R^t*L(vec)=   1.00000000000000     
  R^t*L(mat)=   1.00000000000000     
 
 [resp_ex_init]
 
  Check normalization:
  R^t*L(vec)=   1.00000000000000     
  R^t*L(mat)=   1.00000000000000     
 
 =================================
  PairIJ=   1   4   1   1   2   3
 =================================
 
 [resp_nac_main2]
 
  wJI = -2.575677069584170E-003
  Check normalization:
  R1^t*L1(mat)=   1.00000000000000     
  R2^t*L2(mat)=   1.00000000000000     
  Check orthogonality:
  R1^t*L2(mat)=  0.000000000000000E+000
  L1^t*R2(mat)=  0.000000000000000E+000
  Z1^t*Z2(mat)=  0.000000000000000E+000
 ---------------------------------------------------
  I-state,J-state,wJI 
           0.357156        0.354580       -0.002576
  CHECK TRANSITION DIPOLE : expect.  resp.  total 
  1       -0.445031        0.000000       -0.445031
  2        0.000000        0.000000        0.000000
  3        0.000000        0.000000        0.000000
 ---------------------------------------------------
 
 [resp_ex_zvector]
 
 [resp_fock2e_Qex]
 [resp_fockxc_Qex]
 
 ---------------------------------------------------------------
  Timing for Q operator formation
 
  CPU TIME(S)      SYSTEM TIME(S)     WALL TIME(S)
          6.090            0.050               0.760
 ---------------------------------------------------------------
 
 
 [resp_ex_Zmo] : Solving Z-vector equation ...
 
 respcphf%isolver=                     2                     1
 
 [resp_cphf_solver]
  isf  =                     0
  freq =  0.000000000000000E+000
 
 
 [LinearSolver]: ndim=                  1047
  Norm of RHS =   0.197296137431624     
 Initial Guess of CPHF vector                     0                     0
   iter  Ndim        |res|           |x|           time/s
    1      1    0.458459E+02    0.264313E+00       0.000
    2      2    0.324491E+01    0.873278E+02       0.250
    3      3    0.270165E+00    0.698990E+02       0.240
    4      4    0.166416E+00    0.106504E+03       0.250
    5      5    0.241335E-01    0.966913E+02       0.250
    6      6    0.498125E-02    0.976084E+02       0.250
    7      7    0.872303E-03    0.971214E+02       0.240
    8      8    0.154004E-03    0.973939E+02       0.240
    9      9    0.688066E-04    0.972933E+02       0.240
   10     10    0.592380E-05    0.973138E+02       0.250
   11     11    0.131254E-05    0.973152E+02       0.240
   12     12    0.297358E-06    0.973162E+02       0.250
   13     13    0.502043E-07    0.973161E+02       0.250
   14     14    0.173120E-07    0.973160E+02       0.240
   15     15    0.200581E-08    0.973160E+02       0.250
   16     16    0.424376E-09    0.973160E+02       0.250
   17     17    0.924842E-10    0.973161E+02       0.250
   18     18    0.156698E-10    0.973161E+02       0.240
   19     19    0.211167E-11    0.973161E+02       0.230
   20     20    0.316622E-12    0.973161E+02       0.210
  Converged ! |Res|=  3.166216056172103E-013  iter=                    20
 
 ---------------------------------------------------------------
  Timing for solving the Z vector equation
 
  CPU TIME(S)      SYSTEM TIME(S)     WALL TIME(S)
         38.890            0.030               4.880
 ---------------------------------------------------------------
 
 
 [resp_ex_Wmo]
 
  Skewness of Wmo(C,C) =  4.509532898970434E-003
  Skewness of Wmo(C,V) =  5.372331522755892E-011
  Skewness of Wmo(V,V) =  8.184014623022619E-004
  Skewness of Wmo(C,O) =  1.183663225374833E-013
  Skewness of Wmo(O,V) =  1.028389750621632E-011
  Skewness of Wmo(O,O) =  0.000000000000000E+000
 
 ---------------------------------------------------------------
  Timing for W matrix formation
 
  CPU TIME(S)      SYSTEM TIME(S)     WALL TIME(S)
          1.940            0.000               0.250
 ---------------------------------------------------------------
 
 
 [resp_deriv_energy]
 
 
 [resp_deriv1e_fock_new]
 
 
|--------------------------------------------------------------------------------|
          Molecular gradient - Overlap contribution
 
        Atom            X                    Y                    Z
        C           2202.6548396033         -0.0000000000          0.0000000000
        O           -305.5684725226          0.0000000000          0.0000000000
        H           -948.5431835404         -0.0000000000       -557.9208148459
        H           -948.5431835404          0.0000000000        557.9208148459
|--------------------------------------------------------------------------------|
 
 
|--------------------------------------------------------------------------------|
          Molecular gradient - Kinetic energy contribution
 
        Atom            X                    Y                    Z
        C            696.4213590419         -0.0000000000          0.0000000000
        O            -99.8022787918          0.0000000000          0.0000000000
        H           -298.3095401251         -0.0000000000       -141.5472194669
        H           -298.3095401251          0.0000000000        141.5472194669
|--------------------------------------------------------------------------------|
 
 
|--------------------------------------------------------------------------------|
          Molecular gradient - Nuclear attraction energy contribution
 
        Atom            X                    Y                    Z
        C         -15001.8885662464          0.0000000000          0.0000000000
        O           2066.9758023533         -0.0000000000          0.0000000000
        H           6467.4563819465          0.0000000000       3882.6483758458
        H           6467.4563819465         -0.0000000000      -3882.6483758458
|--------------------------------------------------------------------------------|
 
 
 ---------------------------------------------------------------
  Timing to calculate 1-electronic integrals                                      
 
  CPU TIME(S)      SYSTEM TIME(S)     WALL TIME(S)
          0.000            0.000               0.000
 ---------------------------------------------------------------
 
  Gradient contribution from 1e
      1   -12102.8123676012        0.0000000000        0.0000000000
      2     1661.6050510390       -0.0000000000        0.0000000000
      3     5220.6036582811        0.0000000000     3183.1803415330
      4     5220.6036582811       -0.0000000000    -3183.1803415330
 Sum of gradient contribution from 1e
              0.0000000000       -0.0000000000        0.0000000000
 
 
 [resp_deriv2e]
 
resp deriv type   4
 Number of cartesian primative basis functions :      188
 If used primative density matrix:  F
  [int2e_petite_1st_gradient_screened]
 Total length of P4 ERIs 1st gradient:             1365957
 Maxium length of a batch of ERI 1st gradient:           50625
 Maxium length of a batch of dens matrix     :          320000
 Lenght of eri-grad core                     :         2350416
 If primative density matrix is used         : F
 Number of OpenMP threads                    :   8
 ngrad=                     1
 Esitmate buffer meomory used:        0.1592 GB
 
|--------------------------------------------------------------------------------|
          Molecular gradient - Elec Repulsive contribution
 
        Atom            X                    Y                    Z
        C          12848.8608036996         -0.0000000000          0.0000000000
        O          -1764.3921929880          0.0000000000          0.0000000000
        H          -5542.2343053558         -0.0000000000      -3360.4315452128
        H          -5542.2343053558          0.0000000000       3360.4315452128
|--------------------------------------------------------------------------------|
 
 
 ---------------------------------------------------------------
  Timing to calculate 2-electronic integrals Gradients                            
 
  CPU TIME(S)      SYSTEM TIME(S)     WALL TIME(S)
          5.260            0.010               0.660
 ---------------------------------------------------------------
 
 Time:   PreRys     Rys    2dint    2dintd   6dint  6dintc  6dints
cputime    0.00E+00    0.00E+00    0.00E+00    0.00E+00    0.00E+00    0.00E+00    0.00E+00    0.00E+00
systime    0.00E+00    0.00E+00    0.00E+00    0.00E+00    0.00E+00    0.00E+00    0.00E+00    0.00E+00
waltime    0.00E+00    0.00E+00    0.00E+00    0.00E+00    0.00E+00    0.00E+00    0.00E+00    0.00E+00
 Finish resp_deriv2e
  Gradient contribution from Analytic 2e
      1    12848.8608036996       -0.0000000000        0.0000000000
      2    -1764.3921929880        0.0000000000        0.0000000000
      3    -5542.2343053558       -0.0000000000    -3360.4315452128
      4    -5542.2343053558        0.0000000000     3360.4315452128
 Sum of gradient contribution from Analytic 2e
              0.0000000000        0.0000000000        0.0000000000
 
 
  Gradient contribution from Final-grad(no XC)
      1      746.0484360984       -0.0000000000        0.0000000000
      2     -102.7871419490        0.0000000000        0.0000000000
      3     -321.6306470747        0.0000000000     -177.2512036798
      4     -321.6306470747       -0.0000000000      177.2512036798
 Sum of gradient contribution from Final-grad(no XC)
              0.0000000000       -0.0000000000        0.0000000000
 
 
 [resp_deriv_Exc]
 
 
 ---------------------------------------------------------------
  Timing for XC energy gradient calculation
 
  CPU TIME(S)      SYSTEM TIME(S)     WALL TIME(S)
         16.920            0.010               2.120
 ---------------------------------------------------------------
 
  Gradient contribution from XC
      1     -746.4505507656        0.0000000000        0.0000000000
      2      102.8866109435       -0.0000000000        0.0000000000
      3      321.7822109139       -0.0000000000      177.4833555996
      4      321.7822109139       -0.0000000000     -177.4833555996
 Sum of gradient contribution from XC
              0.0004820057       -0.0000000000        0.0000000000
 
 
 [resp_deriv_dpq]
 
  Gradient contribution from dpq-R
      1        0.0000413237       -0.0000000000        0.0000000000
      2       -0.0000633492        0.0000000000       -0.0000000000
      3       -0.0000051614        0.0000000000       -0.0000500123
      4       -0.0000051614        0.0000000000        0.0000500123
 Sum of gradient contribution from dpq-R
             -0.0000323483        0.0000000000       -0.0000000000
 
  Gradient contribution from Final-NAC(R)
      1       -0.4020733435       -0.0000000000        0.0000000000
      2        0.0994056453       -0.0000000000       -0.0000000000
      3        0.1515586778        0.0000000000        0.2321019075
      4        0.1515586778       -0.0000000000       -0.2321019075
 Sum of gradient contribution from Final-NAC(R)
              0.0004496574       -0.0000000000        0.0000000000
 
 ------------------------------------------------------------------
 
 Raw NACMEs, without electron-translation factor:
  FNAC_cpair=   1   4   1     1   2   3
  FNAC_epair=         -113.7369107812631910         -113.7394864583327774
  Gradient contribution from Final-NAC(R)-Escaled
      1      156.1039418449        0.0000000000       -0.0000000000
      2      -38.5939861949        0.0000000000        0.0000000000
      3      -58.8422669973       -0.0000000000      -90.1129688181
      4      -58.8422669973        0.0000000000       90.1129688181
 Sum of gradient contribution from Final-NAC(R)-Escaled
             -0.1745783446        0.0000000000        0.0000000000
 
 ------------------------------------------------------------------
  Gradient contribution from dpq-S
      1        0.0000839632       -0.0000000000        0.0000000000
      2       -0.0000189541        0.0000000000       -0.0000000000
      3       -0.0000325046        0.0000000000       -0.0000076910
      4       -0.0000325046        0.0000000000        0.0000076910
 Sum of gradient contribution from dpq-S
              0.0000000000       -0.0000000000        0.0000000000
 
  Gradient contribution from Final-NAC(S)
      1       -0.4020307040       -0.0000000000        0.0000000000
      2        0.0994500404       -0.0000000000       -0.0000000000
      3        0.1515313347        0.0000000000        0.2321442287
      4        0.1515313347       -0.0000000000       -0.2321442287
 Sum of gradient contribution from Final-NAC(S)
              0.0004820057       -0.0000000000        0.0000000000
 
 
 NACMEs including electron-translation factor:
  Gradient contribution from Final-NAC(S)-Escaled
      1      156.0873871952        0.0000000000       -0.0000000000
      2      -38.6112225095        0.0000000000        0.0000000000
      3      -58.8316510828       -0.0000000000      -90.1293999404
      4      -58.8316510828        0.0000000000       90.1293999404
 Sum of gradient contribution from Final-NAC(S)-Escaled
             -0.1871374799        0.0000000000        0.0000000000
 
 
 [resp_ex_final] : iop=                     2
 
 
 [resp_ex_final] : iop=                     0
 
 
 [resp_ex_final] : iop=                     0
 
 
  <irep: 3 jnsos:     546 jnexi:   4>
 
 [resp_ex_init]
 
  Check normalization:
  R^t*L(vec)=   1.00000000000000     
  R^t*L(mat)=  0.999999999999999     
 
 [resp_ex_final] : iop=                     0
 
 
 [resp_ex_init]
 
  Check normalization:
  R^t*L(vec)=   1.00000000000000     
  R^t*L(mat)=   1.00000000000000     
 
 [resp_ex_final] : iop=                     0
 
 
 [resp_ex_init]
 
  Check normalization:
  R^t*L(vec)=   1.00000000000000     
  R^t*L(mat)=   1.00000000000000     
 
 [resp_ex_final] : iop=                     0
 
 
 [resp_ex_init]
 
  Check normalization:
  R^t*L(vec)=   1.00000000000000     
  R^t*L(mat)=  0.999999999999999     
 
 [resp_ex_init]
 
  Check normalization:
  R^t*L(vec)=   1.00000000000000     
  R^t*L(mat)=   1.00000000000000     
 
 =================================
  PairIJ=   1   2   1   1   3   1
 =================================
 
 [resp_nac_main2]
 
  wJI =  5.388687761444655E-002
  Check normalization:
  R1^t*L1(mat)=   1.00000000000000     
  R2^t*L2(mat)=  0.999999999999999     
  Check orthogonality:
  R1^t*L2(mat)=  0.000000000000000E+000
  L1^t*R2(mat)=  0.000000000000000E+000
  Z1^t*Z2(mat)=  0.000000000000000E+000
 ---------------------------------------------------
  I-state,J-state,wJI 
           0.138852        0.192739        0.053887
  CHECK TRANSITION DIPOLE : expect.  resp.  total 
  1       -0.000000        0.000000       -0.000000
  2        0.204531        0.000000        0.204531
  3       -0.000000        0.000000       -0.000000
 ---------------------------------------------------
 
 [resp_ex_zvector]
 
 [resp_fock2e_Qex]
 [resp_fockxc_Qex]
 
 ---------------------------------------------------------------
  Timing for Q operator formation
 
  CPU TIME(S)      SYSTEM TIME(S)     WALL TIME(S)
          6.560            0.030               0.820
 ---------------------------------------------------------------
 
 
 [resp_ex_Zmo] : Solving Z-vector equation ...
 
 respcphf%isolver=                     2                     1
 
 [resp_cphf_solver]
  isf  =                     0
  freq =  0.000000000000000E+000
 
 
 [LinearSolver]: ndim=                  1047
  Norm of RHS =   0.189271548572011     
 Initial Guess of CPHF vector                     0                     0
   iter  Ndim        |res|           |x|           time/s
    1      1    0.171249E-01    0.891199E-01       0.000
    2      2    0.286220E-02    0.100989E+00       0.260
    3      3    0.642882E-03    0.102225E+00       0.260
    4      4    0.149025E-03    0.102320E+00       0.240
    5      5    0.227530E-04    0.102331E+00       0.250
    6      6    0.453452E-05    0.102330E+00       0.240
    7      7    0.134039E-05    0.102330E+00       0.250
    8      8    0.849460E-07    0.102330E+00       0.240
    9      9    0.222796E-07    0.102330E+00       0.240
   10     10    0.137075E-08    0.102330E+00       0.250
   11     11    0.456093E-09    0.102330E+00       0.260
   12     12    0.193173E-10    0.102330E+00       0.260
   13     13    0.618040E-11    0.102330E+00       0.230
   14     14    0.315425E-12    0.102330E+00       0.230
  Converged ! |Res|=  3.154247952392335E-013  iter=                    14
 
 ---------------------------------------------------------------
  Timing for solving the Z vector equation
 
  CPU TIME(S)      SYSTEM TIME(S)     WALL TIME(S)
         27.620            0.110               3.480
 ---------------------------------------------------------------
 
 
 [resp_ex_Wmo]
 
  Skewness of Wmo(C,C) =  3.040879214816085E-005
  Skewness of Wmo(C,V) =  1.350664041250039E-012
  Skewness of Wmo(V,V) =  3.541563167075451E-005
  Skewness of Wmo(C,O) =  3.745783399799317E-019
  Skewness of Wmo(O,V) =  1.183284688157692E-013
  Skewness of Wmo(O,O) =  0.000000000000000E+000
 
 ---------------------------------------------------------------
  Timing for W matrix formation
 
  CPU TIME(S)      SYSTEM TIME(S)     WALL TIME(S)
          1.870            0.000               0.230
 ---------------------------------------------------------------
 
 
 [resp_deriv_energy]
 
 
 [resp_deriv1e_fock_new]
 
 
|--------------------------------------------------------------------------------|
          Molecular gradient - Overlap contribution
 
        Atom            X                    Y                    Z
        C             -0.0000000000         -0.0597691642          0.0000000000
        O              0.0000000000          0.0356762334          0.0000000000
        H              0.0000000000          0.0120464654          0.0000000000
        H              0.0000000000          0.0120464654          0.0000000000
|--------------------------------------------------------------------------------|
 
 
|--------------------------------------------------------------------------------|
          Molecular gradient - Kinetic energy contribution
 
        Atom            X                    Y                    Z
        C             -0.0000000000         -0.0512572258          0.0000000000
        O              0.0000000000          0.0351550454          0.0000000000
        H             -0.0000000000          0.0080510902          0.0000000000
        H              0.0000000000          0.0080510902          0.0000000000
|--------------------------------------------------------------------------------|
 
 
|--------------------------------------------------------------------------------|
          Molecular gradient - Nuclear attraction energy contribution
 
        Atom            X                    Y                    Z
        C              0.0000000000          0.7646966340          0.0000000000
        O             -0.0000000000         -0.5050487826          0.0000000000
        H             -0.0000000000         -0.1298239257          0.0000000000
        H             -0.0000000000         -0.1298239257          0.0000000000
|--------------------------------------------------------------------------------|
 
 
 ---------------------------------------------------------------
  Timing to calculate 1-electronic integrals                                      
 
  CPU TIME(S)      SYSTEM TIME(S)     WALL TIME(S)
          0.010            0.000               0.000
 ---------------------------------------------------------------
 
  Gradient contribution from 1e
      1        0.0000000000        0.6536702439        0.0000000000
      2       -0.0000000000       -0.4342175038        0.0000000000
      3       -0.0000000000       -0.1097263701        0.0000000000
      4       -0.0000000000       -0.1097263701        0.0000000000
 Sum of gradient contribution from 1e
             -0.0000000000       -0.0000000000        0.0000000000
 
 
 [resp_deriv2e]
 
resp deriv type   4
 Number of cartesian primative basis functions :      188
 If used primative density matrix:  F
  [int2e_petite_1st_gradient_screened]
 Total length of P4 ERIs 1st gradient:             1365957
 Maxium length of a batch of ERI 1st gradient:           50625
 Maxium length of a batch of dens matrix     :          320000
 Lenght of eri-grad core                     :         2350416
 If primative density matrix is used         : F
 Number of OpenMP threads                    :   8
 ngrad=                     1
 Esitmate buffer meomory used:        0.1592 GB
 
|--------------------------------------------------------------------------------|
          Molecular gradient - Elec Repulsive contribution
 
        Atom            X                    Y                    Z
        C             -0.0000000000         -0.6541251118          0.0000000000
        O              0.0000000000          0.4404082227          0.0000000000
        H              0.0000000000          0.1068584445          0.0000000000
        H              0.0000000000          0.1068584445          0.0000000000
|--------------------------------------------------------------------------------|
 
 
 ---------------------------------------------------------------
  Timing to calculate 2-electronic integrals Gradients                            
 
  CPU TIME(S)      SYSTEM TIME(S)     WALL TIME(S)
          4.120            0.020               0.520
 ---------------------------------------------------------------
 
 Time:   PreRys     Rys    2dint    2dintd   6dint  6dintc  6dints
cputime    0.00E+00    0.00E+00    0.00E+00    0.00E+00    0.00E+00    0.00E+00    0.00E+00    0.00E+00
systime    0.00E+00    0.00E+00    0.00E+00    0.00E+00    0.00E+00    0.00E+00    0.00E+00    0.00E+00
waltime    0.00E+00    0.00E+00    0.00E+00    0.00E+00    0.00E+00    0.00E+00    0.00E+00    0.00E+00
 Finish resp_deriv2e
  Gradient contribution from Analytic 2e
      1       -0.0000000000       -0.6541251118        0.0000000000
      2        0.0000000000        0.4404082227        0.0000000000
      3        0.0000000000        0.1068584445        0.0000000000
      4        0.0000000000        0.1068584445        0.0000000000
 Sum of gradient contribution from Analytic 2e
              0.0000000000       -0.0000000000        0.0000000000
 
 
  Gradient contribution from Final-grad(no XC)
      1       -0.0000000000       -0.0004548679        0.0000000000
      2        0.0000000000        0.0061907190        0.0000000000
      3       -0.0000000000       -0.0028679255        0.0000000000
      4       -0.0000000000       -0.0028679255        0.0000000000
 Sum of gradient contribution from Final-grad(no XC)
             -0.0000000000       -0.0000000000        0.0000000000
 
 
 [resp_deriv_Exc]
 
 
 ---------------------------------------------------------------
  Timing for XC energy gradient calculation
 
  CPU TIME(S)      SYSTEM TIME(S)     WALL TIME(S)
         15.380            0.000               1.930
 ---------------------------------------------------------------
 
  Gradient contribution from XC
      1        0.0000000000        0.0409430583        0.0000000000
      2       -0.0000000000       -0.0265400649        0.0000000000
      3       -0.0000000000       -0.0072014916        0.0000000000
      4       -0.0000000000       -0.0072014916        0.0000000000
 Sum of gradient contribution from XC
             -0.0000000000        0.0000000102        0.0000000000
 
 
 [resp_deriv_dpq]
 
  Gradient contribution from dpq-R
      1       -0.0000000000        0.0012311102       -0.0000000000
      2       -0.0000000000       -0.0015059775       -0.0000000000
      3        0.0000000000       -0.0000131726        0.0000000000
      4        0.0000000000       -0.0000131726       -0.0000000000
 Sum of gradient contribution from dpq-R
             -0.0000000000       -0.0003012124       -0.0000000000
 
  Gradient contribution from Final-NAC(R)
      1        0.0000000000        0.0417193007       -0.0000000000
      2       -0.0000000000       -0.0218553234       -0.0000000000
      3       -0.0000000000       -0.0100825897        0.0000000000
      4       -0.0000000000       -0.0100825897       -0.0000000000
 Sum of gradient contribution from Final-NAC(R)
             -0.0000000000       -0.0003012021       -0.0000000000
 
 ------------------------------------------------------------------
 
 Raw NACMEs, without electron-translation factor:
  FNAC_cpair=   1   2   1     1   3   1
  FNAC_epair=         -113.9552143587106912         -113.9013274810962457
  Gradient contribution from Final-NAC(R)-Escaled
      1        0.0000000000        0.7742014848       -0.0000000000
      2       -0.0000000000       -0.4055778398       -0.0000000000
      3       -0.0000000000       -0.1871065858        0.0000000000
      4       -0.0000000000       -0.1871065858       -0.0000000000
 Sum of gradient contribution from Final-NAC(R)-Escaled
             -0.0000000000       -0.0055895267       -0.0000000000
 
 ------------------------------------------------------------------
  Gradient contribution from dpq-S
      1       -0.0000000000       -0.0018669188        0.0000000000
      2       -0.0000000000        0.0011695512       -0.0000000000
      3        0.0000000000        0.0003486838        0.0000000000
      4        0.0000000000        0.0003486838       -0.0000000000
 Sum of gradient contribution from dpq-S
             -0.0000000000        0.0000000000        0.0000000000
 
  Gradient contribution from Final-NAC(S)
      1        0.0000000000        0.0386212717        0.0000000000
      2       -0.0000000000       -0.0191797948       -0.0000000000
      3       -0.0000000000       -0.0097207333        0.0000000000
      4       -0.0000000000       -0.0097207333       -0.0000000000
 Sum of gradient contribution from Final-NAC(S)
             -0.0000000000        0.0000000102        0.0000000000
 
 
 NACMEs including electron-translation factor:
  Gradient contribution from Final-NAC(S)-Escaled
      1        0.0000000000        0.7167101415        0.0000000000
      2       -0.0000000000       -0.3559270015       -0.0000000000
      3       -0.0000000000       -0.1803914752        0.0000000000
      4       -0.0000000000       -0.1803914752       -0.0000000000
 Sum of gradient contribution from Final-NAC(S)-Escaled
             -0.0000000000        0.0000001896        0.0000000000
 
 
 [resp_ex_final] : iop=                     2
 
 
 [resp_ex_final] : iop=                     0
 
 
 [resp_ex_final] : iop=                     0
 
 
 [resp_ex_init]
 
  Check normalization:
  R^t*L(vec)=   1.00000000000000     
  R^t*L(mat)=   1.00000000000000     
 
 [resp_ex_final] : iop=                     0
 
 
 [resp_ex_init]
 
  Check normalization:
  R^t*L(vec)=   1.00000000000000     
  R^t*L(mat)=   1.00000000000000     
 
 [resp_ex_final] : iop=                     0
 
 
 [resp_ex_init]
 
  Check normalization:
  R^t*L(vec)=   1.00000000000000     
  R^t*L(mat)=  0.999999999999999     
 
 [resp_ex_final] : iop=                     0
 
 
 [resp_ex_init]
 
  Check normalization:
  R^t*L(vec)=   1.00000000000000     
  R^t*L(mat)=   1.00000000000000     
 
 [resp_ex_final] : iop=                     0
 
 
 [resp_ex_init]
 
  Check normalization:
  R^t*L(vec)=   1.00000000000000     
  R^t*L(mat)=   1.00000000000000     
 
 [resp_ex_final] : iop=                     0
 
 
 [resp_ex_init]
 
  Check normalization:
  R^t*L(vec)=   1.00000000000000     
  R^t*L(mat)=  0.999999999999999     
 
 [resp_ex_final] : iop=                     0
 
 
 [resp_ex_init]
 
  Check normalization:
  R^t*L(vec)=   1.00000000000000     
  R^t*L(mat)=   1.00000000000000     
 
 [resp_ex_final] : iop=                     0
 
 
 [resp_ex_init]
 
  Check normalization:
  R^t*L(vec)=   1.00000000000000     
  R^t*L(mat)=   1.00000000000000     
 
 [resp_ex_final] : iop=                     0
 
 
  <irep: 4 jnsos:     429 jnexi:   4>
 
 [resp_ex_init]
 
  Check normalization:
  R^t*L(vec)=   1.00000000000000     
  R^t*L(mat)=   1.00000000000000     
 
 [resp_ex_init]
 
  Check normalization:
  R^t*L(vec)=   1.00000000000000     
  R^t*L(mat)=   1.00000000000000     
 
 =================================
  PairIJ=   1   1   1   1   4   1
 =================================
 
 [resp_nac_main2]
 
  wJI =  0.121159122590696     
  Check normalization:
  R1^t*L1(mat)=   1.00000000000000     
  R2^t*L2(mat)=   1.00000000000000     
  Check orthogonality:
  R1^t*L2(mat)=  0.000000000000000E+000
  L1^t*R2(mat)=  0.000000000000000E+000
  Z1^t*Z2(mat)=  0.000000000000000E+000
 ---------------------------------------------------
  I-state,J-state,wJI 
           0.235997        0.357156        0.121159
  CHECK TRANSITION DIPOLE : expect.  resp.  total 
  1       -0.000000        0.000000       -0.000000
  2        0.060363        0.000000        0.060363
  3        0.000000        0.000000        0.000000
 ---------------------------------------------------
 
 [resp_ex_zvector]
 
 [resp_fock2e_Qex]
 [resp_fockxc_Qex]
 
 ---------------------------------------------------------------
  Timing for Q operator formation
 
  CPU TIME(S)      SYSTEM TIME(S)     WALL TIME(S)
          5.700            0.010               0.710
 ---------------------------------------------------------------
 
 
 [resp_ex_Zmo] : Solving Z-vector equation ...
 
 respcphf%isolver=                     2                     1
 
 [resp_cphf_solver]
  isf  =                     0
  freq =  0.000000000000000E+000
 
 
 [LinearSolver]: ndim=                  1047
  Norm of RHS =   5.383216138617103E-002
 Initial Guess of CPHF vector                     0                     0
   iter  Ndim        |res|           |x|           time/s
    1      1    0.957449E-02    0.440533E-01       0.000
    2      2    0.120972E-02    0.484064E-01       0.220
    3      3    0.242480E-03    0.485220E-01       0.220
    4      4    0.674140E-04    0.485276E-01       0.220
    5      5    0.575472E-05    0.485396E-01       0.230
    6      6    0.204553E-05    0.485393E-01       0.220
    7      7    0.266611E-06    0.485392E-01       0.220
    8      8    0.441138E-07    0.485392E-01       0.220
    9      9    0.123802E-07    0.485392E-01       0.230
   10     10    0.744104E-09    0.485392E-01       0.230
   11     11    0.188806E-09    0.485392E-01       0.220
   12     12    0.103067E-10    0.485392E-01       0.220
   13     13    0.182700E-11    0.485392E-01       0.210
   14     14    0.204219E-12    0.485392E-01       0.190
  Converged ! |Res|=  2.042185844676987E-013  iter=                    14
 
 ---------------------------------------------------------------
  Timing for solving the Z vector equation
 
  CPU TIME(S)      SYSTEM TIME(S)     WALL TIME(S)
         24.510            0.130               3.090
 ---------------------------------------------------------------
 
 
 [resp_ex_Wmo]
 
  Skewness of Wmo(C,C) =  2.009870626768525E-003
  Skewness of Wmo(C,V) =  7.195753774805558E-013
  Skewness of Wmo(V,V) =  4.820493439930407E-004
  Skewness of Wmo(C,O) =  2.998755941209789E-020
  Skewness of Wmo(O,V) =  6.026010882828529E-014
  Skewness of Wmo(O,O) =  0.000000000000000E+000
 
 ---------------------------------------------------------------
  Timing for W matrix formation
 
  CPU TIME(S)      SYSTEM TIME(S)     WALL TIME(S)
          1.790            0.010               0.230
 ---------------------------------------------------------------
 
 
 [resp_deriv_energy]
 
 
 [resp_deriv1e_fock_new]
 
 
|--------------------------------------------------------------------------------|
          Molecular gradient - Overlap contribution
 
        Atom            X                    Y                    Z
        C             -0.0000000000         -0.0116719848          0.0000000000
        O              0.0000000000          0.0060350996          0.0000000000
        H             -0.0000000000          0.0028184426          0.0000000000
        H              0.0000000000          0.0028184426          0.0000000000
|--------------------------------------------------------------------------------|
 
 
|--------------------------------------------------------------------------------|
          Molecular gradient - Kinetic energy contribution
 
        Atom            X                    Y                    Z
        C             -0.0000000000         -0.0105536682          0.0000000000
        O              0.0000000000          0.0075242583          0.0000000000
        H             -0.0000000000          0.0015147050          0.0000000000
        H              0.0000000000          0.0015147050          0.0000000000
|--------------------------------------------------------------------------------|
 
 
|--------------------------------------------------------------------------------|
          Molecular gradient - Nuclear attraction energy contribution
 
        Atom            X                    Y                    Z
        C              0.0000000000          0.1916111609          0.0000000000
        O             -0.0000000000         -0.1396433787          0.0000000000
        H             -0.0000000000         -0.0259838911          0.0000000000
        H             -0.0000000000         -0.0259838911          0.0000000000
|--------------------------------------------------------------------------------|
 
 
 ---------------------------------------------------------------
  Timing to calculate 1-electronic integrals                                      
 
  CPU TIME(S)      SYSTEM TIME(S)     WALL TIME(S)
          0.010            0.000               0.000
 ---------------------------------------------------------------
 
  Gradient contribution from 1e
      1        0.0000000000        0.1693855079        0.0000000000
      2       -0.0000000000       -0.1260840208        0.0000000000
      3       -0.0000000000       -0.0216507435        0.0000000000
      4       -0.0000000000       -0.0216507435        0.0000000000
 Sum of gradient contribution from 1e
              0.0000000000       -0.0000000000        0.0000000000
 
 
 [resp_deriv2e]
 
resp deriv type   4
 Number of cartesian primative basis functions :      188
 If used primative density matrix:  F
  [int2e_petite_1st_gradient_screened]
 Total length of P4 ERIs 1st gradient:             1365957
 Maxium length of a batch of ERI 1st gradient:           50625
 Maxium length of a batch of dens matrix     :          320000
 Lenght of eri-grad core                     :         2350416
 If primative density matrix is used         : F
 Number of OpenMP threads                    :   8
 ngrad=                     1
 Esitmate buffer meomory used:        0.1592 GB
 
|--------------------------------------------------------------------------------|
          Molecular gradient - Elec Repulsive contribution
 
        Atom            X                    Y                    Z
        C             -0.0000000000         -0.1715096300          0.0000000000
        O              0.0000000000          0.1268093651          0.0000000000
        H              0.0000000000          0.0223501325          0.0000000000
        H              0.0000000000          0.0223501325          0.0000000000
|--------------------------------------------------------------------------------|
 
 
 ---------------------------------------------------------------
  Timing to calculate 2-electronic integrals Gradients                            
 
  CPU TIME(S)      SYSTEM TIME(S)     WALL TIME(S)
          4.060            0.020               0.510
 ---------------------------------------------------------------
 
 Time:   PreRys     Rys    2dint    2dintd   6dint  6dintc  6dints
cputime    0.00E+00    0.00E+00    0.00E+00    0.00E+00    0.00E+00    0.00E+00    0.00E+00    0.00E+00
systime    0.00E+00    0.00E+00    0.00E+00    0.00E+00    0.00E+00    0.00E+00    0.00E+00    0.00E+00
waltime    0.00E+00    0.00E+00    0.00E+00    0.00E+00    0.00E+00    0.00E+00    0.00E+00    0.00E+00
 Finish resp_deriv2e
  Gradient contribution from Analytic 2e
      1       -0.0000000000       -0.1715096300        0.0000000000
      2        0.0000000000        0.1268093651        0.0000000000
      3        0.0000000000        0.0223501325        0.0000000000
      4        0.0000000000        0.0223501325        0.0000000000
 Sum of gradient contribution from Analytic 2e
             -0.0000000000       -0.0000000000        0.0000000000
 
 
  Gradient contribution from Final-grad(no XC)
      1       -0.0000000000       -0.0021241221        0.0000000000
      2        0.0000000000        0.0007253443        0.0000000000
      3       -0.0000000000        0.0006993889        0.0000000000
      4        0.0000000000        0.0006993889        0.0000000000
 Sum of gradient contribution from Final-grad(no XC)
              0.0000000000       -0.0000000000        0.0000000000
 
 
 [resp_deriv_Exc]
 
 
 ---------------------------------------------------------------
  Timing for XC energy gradient calculation
 
  CPU TIME(S)      SYSTEM TIME(S)     WALL TIME(S)
         15.640            0.010               1.960
 ---------------------------------------------------------------
 
  Gradient contribution from XC
      1        0.0000000000        0.0121567497        0.0000000000
      2       -0.0000000000       -0.0076995262        0.0000000000
      3       -0.0000000000       -0.0022285833        0.0000000000
      4       -0.0000000000       -0.0022285833        0.0000000000
 Sum of gradient contribution from XC
             -0.0000000000        0.0000000569        0.0000000000
 
 
 [resp_deriv_dpq]
 
  Gradient contribution from dpq-R
      1       -0.0000000000        0.0010309947       -0.0000000000
      2       -0.0000000000       -0.0003995190       -0.0000000000
      3       -0.0000000000       -0.0000867779        0.0000000000
      4       -0.0000000000       -0.0000867779       -0.0000000000
 Sum of gradient contribution from dpq-R
             -0.0000000000        0.0004579198       -0.0000000000
 
  Gradient contribution from Final-NAC(R)
      1        0.0000000000        0.0110636222       -0.0000000000
      2       -0.0000000000       -0.0073737008       -0.0000000000
      3       -0.0000000000       -0.0016159723        0.0000000000
      4        0.0000000000       -0.0016159723       -0.0000000000
 Sum of gradient contribution from Final-NAC(R)
             -0.0000000000        0.0004579767       -0.0000000000
 
 ------------------------------------------------------------------
 
 Raw NACMEs, without electron-translation factor:
  FNAC_cpair=   1   1   1     1   4   1
  FNAC_epair=         -113.8580699038538881         -113.7369107812631910
  Gradient contribution from Final-NAC(R)-Escaled
      1        0.0000000000        0.0913148097       -0.0000000000
      2       -0.0000000000       -0.0608596421       -0.0000000000
      3       -0.0000000000       -0.0133376036        0.0000000000
      4        0.0000000000       -0.0133376036       -0.0000000000
 Sum of gradient contribution from Final-NAC(R)-Escaled
             -0.0000000000        0.0037799604       -0.0000000000
 
 ------------------------------------------------------------------
  Gradient contribution from dpq-S
      1       -0.0000000000       -0.0007460194        0.0000000000
      2       -0.0000000000        0.0003177733       -0.0000000000
      3        0.0000000000        0.0002141230        0.0000000000
      4        0.0000000000        0.0002141230       -0.0000000000
 Sum of gradient contribution from dpq-S
              0.0000000000       -0.0000000000        0.0000000000
 
  Gradient contribution from Final-NAC(S)
      1        0.0000000000        0.0092866082        0.0000000000
      2       -0.0000000000       -0.0066564085       -0.0000000000
      3       -0.0000000000       -0.0013150714        0.0000000000
      4        0.0000000000       -0.0013150714       -0.0000000000
 Sum of gradient contribution from Final-NAC(S)
             -0.0000000000        0.0000000569        0.0000000000
 
 
 NACMEs including electron-translation factor:
  Gradient contribution from Final-NAC(S)-Escaled
      1        0.0000000000        0.0766480310        0.0000000000
      2       -0.0000000000       -0.0549393921       -0.0000000000
      3       -0.0000000000       -0.0108540848        0.0000000000
      4        0.0000000000       -0.0108540848       -0.0000000000
 Sum of gradient contribution from Final-NAC(S)-Escaled
             -0.0000000000        0.0000004693        0.0000000000
 
 
 [resp_ex_final] : iop=                     2
 
 
 [resp_ex_final] : iop=                     0
 
 
 [resp_ex_init]
 
  Check normalization:
  R^t*L(vec)=   1.00000000000000     
  R^t*L(mat)=   1.00000000000000     
 
 =================================
  PairIJ=   1   1   2   1   4   1
 =================================
 
 [resp_nac_main2]
 
  wJI =  7.647137609080401E-002
  Check normalization:
  R1^t*L1(mat)=   1.00000000000000     
  R2^t*L2(mat)=   1.00000000000000     
  Check orthogonality:
  R1^t*L2(mat)=  0.000000000000000E+000
  L1^t*R2(mat)=  0.000000000000000E+000
  Z1^t*Z2(mat)=  0.000000000000000E+000
 ---------------------------------------------------
  I-state,J-state,wJI 
           0.280684        0.357156        0.076471
  CHECK TRANSITION DIPOLE : expect.  resp.  total 
  1       -0.000000        0.000000       -0.000000
  2        0.148457        0.000000        0.148457
  3       -0.000000        0.000000       -0.000000
 ---------------------------------------------------
 
 [resp_ex_zvector]
 
 [resp_fock2e_Qex]
 [resp_fockxc_Qex]
 
 ---------------------------------------------------------------
  Timing for Q operator formation
 
  CPU TIME(S)      SYSTEM TIME(S)     WALL TIME(S)
          5.770            0.010               0.730
 ---------------------------------------------------------------
 
 
 [resp_ex_Zmo] : Solving Z-vector equation ...
 
 respcphf%isolver=                     2                     1
 
 [resp_cphf_solver]
  isf  =                     0
  freq =  0.000000000000000E+000
 
 
 [LinearSolver]: ndim=                  1047
  Norm of RHS =   0.104096001317257     
 Initial Guess of CPHF vector                     0                     0
   iter  Ndim        |res|           |x|           time/s
    1      1    0.143401E-01    0.511985E-01       0.000
    2      2    0.242064E-02    0.608187E-01       0.230
    3      3    0.329390E-03    0.610012E-01       0.230
    4      4    0.111485E-03    0.610327E-01       0.240
    5      5    0.115025E-04    0.610458E-01       0.230
    6      6    0.367615E-05    0.610454E-01       0.240
    7      7    0.625138E-06    0.610455E-01       0.230
    8      8    0.705660E-07    0.610455E-01       0.230
    9      9    0.214015E-07    0.610455E-01       0.220
   10     10    0.107410E-08    0.610455E-01       0.220
   11     11    0.327681E-09    0.610455E-01       0.220
   12     12    0.137899E-10    0.610455E-01       0.220
   13     13    0.317861E-11    0.610455E-01       0.210
   14     14    0.233851E-12    0.610455E-01       0.200
  Converged ! |Res|=  2.338507335725495E-013  iter=                    14
 
 ---------------------------------------------------------------
  Timing for solving the Z vector equation
 
  CPU TIME(S)      SYSTEM TIME(S)     WALL TIME(S)
         24.960            0.120               3.140
 ---------------------------------------------------------------
 
 
 [resp_ex_Wmo]
 
  Skewness of Wmo(C,C) =  6.618725928706964E-003
  Skewness of Wmo(C,V) =  6.565641866093282E-013
  Skewness of Wmo(V,V) =  1.172458881451897E-003
  Skewness of Wmo(C,O) =  1.508095127016834E-019
  Skewness of Wmo(O,V) =  5.662086679747825E-014
  Skewness of Wmo(O,O) =  0.000000000000000E+000
 
 ---------------------------------------------------------------
  Timing for W matrix formation
 
  CPU TIME(S)      SYSTEM TIME(S)     WALL TIME(S)
          1.800            0.000               0.220
 ---------------------------------------------------------------
 
 
 [resp_deriv_energy]
 
 
 [resp_deriv1e_fock_new]
 
 
|--------------------------------------------------------------------------------|
          Molecular gradient - Overlap contribution
 
        Atom            X                    Y                    Z
        C             -0.0000000000         -0.0379306933          0.0000000000
        O              0.0000000000          0.0170218749          0.0000000000
        H              0.0000000000          0.0104544092          0.0000000000
        H              0.0000000000          0.0104544092          0.0000000000
|--------------------------------------------------------------------------------|
 
 
|--------------------------------------------------------------------------------|
          Molecular gradient - Kinetic energy contribution
 
        Atom            X                    Y                    Z
        C             -0.0000000000         -0.0410405792          0.0000000000
        O              0.0000000000          0.0264614323          0.0000000000
        H             -0.0000000000          0.0072895734          0.0000000000
        H              0.0000000000          0.0072895734          0.0000000000
|--------------------------------------------------------------------------------|
 
 
|--------------------------------------------------------------------------------|
          Molecular gradient - Nuclear attraction energy contribution
 
        Atom            X                    Y                    Z
        C              0.0000000000          0.5254205103          0.0000000000
        O             -0.0000000000         -0.2869593010          0.0000000000
        H             -0.0000000000         -0.1192306046          0.0000000000
        H             -0.0000000000         -0.1192306046          0.0000000000
|--------------------------------------------------------------------------------|
 
 
 ---------------------------------------------------------------
  Timing to calculate 1-electronic integrals                                      
 
  CPU TIME(S)      SYSTEM TIME(S)     WALL TIME(S)
          0.000            0.000               0.000
 ---------------------------------------------------------------
 
  Gradient contribution from 1e
      1        0.0000000000        0.4464492378        0.0000000000
      2       -0.0000000000       -0.2434759938        0.0000000000
      3       -0.0000000000       -0.1014866220        0.0000000000
      4       -0.0000000000       -0.1014866220        0.0000000000
 Sum of gradient contribution from 1e
             -0.0000000000       -0.0000000000        0.0000000000
 
 
 [resp_deriv2e]
 
resp deriv type   4
 Number of cartesian primative basis functions :      188
 If used primative density matrix:  F
  [int2e_petite_1st_gradient_screened]
 Total length of P4 ERIs 1st gradient:             1365957
 Maxium length of a batch of ERI 1st gradient:           50625
 Maxium length of a batch of dens matrix     :          320000
 Lenght of eri-grad core                     :         2350416
 If primative density matrix is used         : F
 Number of OpenMP threads                    :   8
 ngrad=                     1
 Esitmate buffer meomory used:        0.1592 GB
 
|--------------------------------------------------------------------------------|
          Molecular gradient - Elec Repulsive contribution
 
        Atom            X                    Y                    Z
        C             -0.0000000000         -0.4436277297          0.0000000000
        O              0.0000000000          0.2445125840          0.0000000000
        H              0.0000000000          0.0995575728          0.0000000000
        H              0.0000000000          0.0995575728          0.0000000000
|--------------------------------------------------------------------------------|
 
 
 ---------------------------------------------------------------
  Timing to calculate 2-electronic integrals Gradients                            
 
  CPU TIME(S)      SYSTEM TIME(S)     WALL TIME(S)
          3.920            0.010               0.490
 ---------------------------------------------------------------
 
 Time:   PreRys     Rys    2dint    2dintd   6dint  6dintc  6dints
cputime    0.00E+00    0.00E+00    0.00E+00    0.00E+00    0.00E+00    0.00E+00    0.00E+00    0.00E+00
systime    0.00E+00    0.00E+00    0.00E+00    0.00E+00    0.00E+00    0.00E+00    0.00E+00    0.00E+00
waltime    0.00E+00    0.00E+00    0.00E+00    0.00E+00    0.00E+00    0.00E+00    0.00E+00    0.00E+00
 Finish resp_deriv2e
  Gradient contribution from Analytic 2e
      1       -0.0000000000       -0.4436277297        0.0000000000
      2        0.0000000000        0.2445125840        0.0000000000
      3        0.0000000000        0.0995575728        0.0000000000
      4        0.0000000000        0.0995575728        0.0000000000
 Sum of gradient contribution from Analytic 2e
              0.0000000000       -0.0000000000        0.0000000000
 
 
  Gradient contribution from Final-grad(no XC)
      1        0.0000000000        0.0028215081        0.0000000000
      2        0.0000000000        0.0010365902        0.0000000000
      3        0.0000000000       -0.0019290492        0.0000000000
      4       -0.0000000000       -0.0019290492        0.0000000000
 Sum of gradient contribution from Final-grad(no XC)
             -0.0000000000       -0.0000000000        0.0000000000
 
 
 [resp_deriv_Exc]
 
 
 ---------------------------------------------------------------
  Timing for XC energy gradient calculation
 
  CPU TIME(S)      SYSTEM TIME(S)     WALL TIME(S)
         15.280            0.010               1.910
 ---------------------------------------------------------------
 
  Gradient contribution from XC
      1        0.0000000000        0.0284733649        0.0000000000
      2       -0.0000000000       -0.0162175755        0.0000000000
      3       -0.0000000000       -0.0061280117        0.0000000000
      4       -0.0000000000       -0.0061280117        0.0000000000
 Sum of gradient contribution from XC
              0.0000000000       -0.0000002342        0.0000000000
 
 
 [resp_deriv_dpq]
 
  Gradient contribution from dpq-R
      1       -0.0000000000        0.0003794348       -0.0000000000
      2       -0.0000000000       -0.0008265094       -0.0000000000
      3        0.0000000000        0.0001180897        0.0000000000
      4        0.0000000000        0.0001180897       -0.0000000000
 Sum of gradient contribution from dpq-R
             -0.0000000000       -0.0002108953       -0.0000000000
 
  Gradient contribution from Final-NAC(R)
      1        0.0000000000        0.0316743078       -0.0000000000
      2       -0.0000000000       -0.0160074948       -0.0000000000
      3       -0.0000000000       -0.0079389713        0.0000000000
      4       -0.0000000000       -0.0079389713       -0.0000000000
 Sum of gradient contribution from Final-NAC(R)
              0.0000000000       -0.0002111294       -0.0000000000
 
 ------------------------------------------------------------------
 
 Raw NACMEs, without electron-translation factor:
  FNAC_cpair=   1   1   2     1   4   1
  FNAC_epair=         -113.8133821573539990         -113.7369107812631910
  Gradient contribution from Final-NAC(R)-Escaled
      1        0.0000000000        0.4141982197       -0.0000000000
      2       -0.0000000000       -0.2093266211       -0.0000000000
      3       -0.0000000000       -0.1038162468        0.0000000000
      4       -0.0000000000       -0.1038162468       -0.0000000000
 Sum of gradient contribution from Final-NAC(R)-Escaled
              0.0000000000       -0.0027608949       -0.0000000000
 
 ------------------------------------------------------------------
  Gradient contribution from dpq-S
      1       -0.0000000000       -0.0017482724        0.0000000000
      2       -0.0000000000        0.0006544533       -0.0000000000
      3        0.0000000000        0.0005469096        0.0000000000
      4        0.0000000000        0.0005469096       -0.0000000000
 Sum of gradient contribution from dpq-S
             -0.0000000000        0.0000000000       -0.0000000000
 
  Gradient contribution from Final-NAC(S)
      1        0.0000000000        0.0295466006        0.0000000000
      2       -0.0000000000       -0.0145265321       -0.0000000000
      3       -0.0000000000       -0.0075101514        0.0000000000
      4       -0.0000000000       -0.0075101514       -0.0000000000
 Sum of gradient contribution from Final-NAC(S)
              0.0000000000       -0.0000002342       -0.0000000000
 
 
 NACMEs including electron-translation factor:
  Gradient contribution from Final-NAC(S)-Escaled
      1        0.0000000000        0.3863746429        0.0000000000
      2       -0.0000000000       -0.1899603854       -0.0000000000
      3       -0.0000000000       -0.0982086598        0.0000000000
      4       -0.0000000000       -0.0982086598       -0.0000000000
 Sum of gradient contribution from Final-NAC(S)-Escaled
              0.0000000000       -0.0000030622       -0.0000000000
 
 
 [resp_ex_final] : iop=                     2
 
 
 [resp_ex_final] : iop=                     0
 
 
 [resp_ex_final] : iop=                     0
 
 
 [resp_ex_init]
 
  Check normalization:
  R^t*L(vec)=   1.00000000000000     
  R^t*L(mat)=   1.00000000000000     
 
 [resp_ex_final] : iop=                     0
 
 
 [resp_ex_init]
 
  Check normalization:
  R^t*L(vec)=   1.00000000000000     
  R^t*L(mat)=   1.00000000000000     
 
 [resp_ex_final] : iop=                     0
 
 
 [resp_ex_init]
 
  Check normalization:
  R^t*L(vec)=   1.00000000000000     
  R^t*L(mat)=   1.00000000000000     
 
 [resp_ex_init]
 
  Check normalization:
  R^t*L(vec)=   1.00000000000000     
  R^t*L(mat)=   1.00000000000000     
 
 =================================
  PairIJ=   1   2   1   1   4   1
 =================================
 
 [resp_nac_main2]
 
  wJI =  0.218303577447500     
  Check normalization:
  R1^t*L1(mat)=   1.00000000000000     
  R2^t*L2(mat)=   1.00000000000000     
  Check orthogonality:
  R1^t*L2(mat)=  0.000000000000000E+000
  L1^t*R2(mat)=  0.000000000000000E+000
  Z1^t*Z2(mat)=  0.000000000000000E+000
 ---------------------------------------------------
  I-state,J-state,wJI 
           0.138852        0.357156        0.218304
  CHECK TRANSITION DIPOLE : expect.  resp.  total 
  1       -0.007319        0.000000       -0.007319
  2        0.000000        0.000000        0.000000
  3        0.000000        0.000000        0.000000
 ---------------------------------------------------
 
 [resp_ex_zvector]
 
 [resp_fock2e_Qex]
 [resp_fockxc_Qex]
 
 ---------------------------------------------------------------
  Timing for Q operator formation
 
  CPU TIME(S)      SYSTEM TIME(S)     WALL TIME(S)
          5.820            0.020               0.730
 ---------------------------------------------------------------
 
 
 [resp_ex_Zmo] : Solving Z-vector equation ...
 
 respcphf%isolver=                     2                     1
 
 [resp_cphf_solver]
  isf  =                     0
  freq =  0.000000000000000E+000
 
 
 [LinearSolver]: ndim=                  1047
  Norm of RHS =   2.356865125201116E-002
 Initial Guess of CPHF vector                     0                     0
   iter  Ndim        |res|           |x|           time/s
    1      1    0.192621E+01    0.354337E-01       0.000
    2      2    0.553209E+00    0.158025E+02       0.230
    3      3    0.258052E-01    0.749433E+01       0.220
    4      4    0.109224E-01    0.724199E+01       0.220
    5      5    0.179964E-02    0.720359E+01       0.220
    6      6    0.369737E-03    0.709315E+01       0.220
    7      7    0.902610E-04    0.713937E+01       0.220
    8      8    0.170451E-04    0.712936E+01       0.220
    9      9    0.486299E-05    0.713096E+01       0.220
   10     10    0.421377E-06    0.713042E+01       0.220
   11     11    0.113933E-06    0.713043E+01       0.220
   12     12    0.189279E-07    0.713044E+01       0.220
   13     13    0.396242E-08    0.713044E+01       0.220
   14     14    0.101034E-08    0.713044E+01       0.220
   15     15    0.150541E-09    0.713044E+01       0.220
   16     16    0.245496E-10    0.713044E+01       0.230
   17     17    0.531430E-11    0.713044E+01       0.210
   18     18    0.972275E-12    0.713044E+01       0.210
  Converged ! |Res|=  9.722748997082210E-013  iter=                    18
 
 ---------------------------------------------------------------
  Timing for solving the Z vector equation
 
  CPU TIME(S)      SYSTEM TIME(S)     WALL TIME(S)
         31.770            0.020               3.980
 ---------------------------------------------------------------
 
 
 [resp_ex_Wmo]
 
  Skewness of Wmo(C,C) =  2.481482119781131E-004
  Skewness of Wmo(C,V) =  3.183946927765824E-012
  Skewness of Wmo(V,V) =  8.074055813249009E-004
  Skewness of Wmo(C,O) =  2.141277021824260E-013
  Skewness of Wmo(O,V) =  1.617244947666687E-012
  Skewness of Wmo(O,O) =  0.000000000000000E+000
 
 ---------------------------------------------------------------
  Timing for W matrix formation
 
  CPU TIME(S)      SYSTEM TIME(S)     WALL TIME(S)
          1.900            0.000               0.240
 ---------------------------------------------------------------
 
 
 [resp_deriv_energy]
 
 
 [resp_deriv1e_fock_new]
 
 
|--------------------------------------------------------------------------------|
          Molecular gradient - Overlap contribution
 
        Atom            X                    Y                    Z
        C           -162.7166808025          0.0000000000          0.0000000000
        O             22.6209283207         -0.0000000000          0.0000000000
        H             70.0478762409          0.0000000000         41.5375043066
        H             70.0478762409         -0.0000000000        -41.5375043066
|--------------------------------------------------------------------------------|
 
 
|--------------------------------------------------------------------------------|
          Molecular gradient - Kinetic energy contribution
 
        Atom            X                    Y                    Z
        C            -51.2466565194          0.0000000000          0.0000000000
        O              7.4036690166         -0.0000000000          0.0000000000
        H             21.9214937514          0.0000000000         10.4610116766
        H             21.9214937514         -0.0000000000        -10.4610116766
|--------------------------------------------------------------------------------|
 
 
|--------------------------------------------------------------------------------|
          Molecular gradient - Nuclear attraction energy contribution
 
        Atom            X                    Y                    Z
        C           1105.4265300722         -0.0000000000          0.0000000000
        O           -152.8839690982          0.0000000000          0.0000000000
        H           -476.2712804870         -0.0000000000       -287.8417100834
        H           -476.2712804870          0.0000000000        287.8417100834
|--------------------------------------------------------------------------------|
 
 
 ---------------------------------------------------------------
  Timing to calculate 1-electronic integrals                                      
 
  CPU TIME(S)      SYSTEM TIME(S)     WALL TIME(S)
          0.010            0.000               0.000
 ---------------------------------------------------------------
 
  Gradient contribution from 1e
      1      891.4631927502       -0.0000000000        0.0000000000
      2     -122.8593717609        0.0000000000        0.0000000000
      3     -384.3019104946       -0.0000000000     -235.8431941002
      4     -384.3019104946        0.0000000000      235.8431941002
 Sum of gradient contribution from 1e
              0.0000000000       -0.0000000000        0.0000000000
 
 
 [resp_deriv2e]
 
resp deriv type   4
 Number of cartesian primative basis functions :      188
 If used primative density matrix:  F
  [int2e_petite_1st_gradient_screened]
 Total length of P4 ERIs 1st gradient:             1365957
 Maxium length of a batch of ERI 1st gradient:           50625
 Maxium length of a batch of dens matrix     :          320000
 Lenght of eri-grad core                     :         2350416
 If primative density matrix is used         : F
 Number of OpenMP threads                    :   8
 ngrad=                     1
 Esitmate buffer meomory used:        0.1592 GB
 
|--------------------------------------------------------------------------------|
          Molecular gradient - Elec Repulsive contribution
 
        Atom            X                    Y                    Z
        C           -946.4081877403          0.0000000000          0.0000000000
        O            130.4588854625         -0.0000000000          0.0000000000
        H            407.9746511389          0.0000000000        248.9919692203
        H            407.9746511389         -0.0000000000       -248.9919692203
|--------------------------------------------------------------------------------|
 
 
 ---------------------------------------------------------------
  Timing to calculate 2-electronic integrals Gradients                            
 
  CPU TIME(S)      SYSTEM TIME(S)     WALL TIME(S)
          4.870            0.020               0.620
 ---------------------------------------------------------------
 
 Time:   PreRys     Rys    2dint    2dintd   6dint  6dintc  6dints
cputime    0.00E+00    0.00E+00    0.00E+00    0.00E+00    0.00E+00    0.00E+00    0.00E+00    0.00E+00
systime    0.00E+00    0.00E+00    0.00E+00    0.00E+00    0.00E+00    0.00E+00    0.00E+00    0.00E+00
waltime    0.00E+00    0.00E+00    0.00E+00    0.00E+00    0.00E+00    0.00E+00    0.00E+00    0.00E+00
 Finish resp_deriv2e
  Gradient contribution from Analytic 2e
      1     -946.4081877403        0.0000000000        0.0000000000
      2      130.4588854625       -0.0000000000        0.0000000000
      3      407.9746511389        0.0000000000      248.9919692203
      4      407.9746511389       -0.0000000000     -248.9919692203
 Sum of gradient contribution from Analytic 2e
              0.0000000000        0.0000000000        0.0000000000
 
 
  Gradient contribution from Final-grad(no XC)
      1      -54.9449949901        0.0000000000        0.0000000000
      2        7.5995137016       -0.0000000000        0.0000000000
      3       23.6727406443       -0.0000000000       13.1487751201
      4       23.6727406443        0.0000000000      -13.1487751201
 Sum of gradient contribution from Final-grad(no XC)
              0.0000000000       -0.0000000000        0.0000000000
 
 
 [resp_deriv_Exc]
 
 
 ---------------------------------------------------------------
  Timing for XC energy gradient calculation
 
  CPU TIME(S)      SYSTEM TIME(S)     WALL TIME(S)
         16.060            0.010               2.010
 ---------------------------------------------------------------
 
  Gradient contribution from XC
      1       55.0013755428       -0.0000000000        0.0000000000
      2       -7.6115436169        0.0000000000        0.0000000000
      3      -23.6949354002        0.0000000000      -13.1723400336
      4      -23.6949354002        0.0000000000       13.1723400336
 Sum of gradient contribution from XC
             -0.0000388746        0.0000000000        0.0000000000
 
 
 [resp_deriv_dpq]
 
  Gradient contribution from dpq-R
      1        0.0015966527       -0.0000000000       -0.0000000000
      2       -0.0016140373        0.0000000000       -0.0000000000
      3       -0.0002193345       -0.0000000000       -0.0002021103
      4       -0.0002193345       -0.0000000000        0.0002021103
 Sum of gradient contribution from dpq-R
             -0.0004560536       -0.0000000000       -0.0000000000
 
  Gradient contribution from Final-NAC(R)
      1        0.0579772054       -0.0000000000       -0.0000000000
      2       -0.0136439527        0.0000000000       -0.0000000000
      3       -0.0224140904       -0.0000000000       -0.0237670239
      4       -0.0224140904        0.0000000000        0.0237670239
 Sum of gradient contribution from Final-NAC(R)
             -0.0004949282        0.0000000000        0.0000000000
 
 ------------------------------------------------------------------
 
 Raw NACMEs, without electron-translation factor:
  FNAC_cpair=   1   2   1     1   4   1
  FNAC_epair=         -113.9552143587106912         -113.7369107812631910
  Gradient contribution from Final-NAC(R)-Escaled
      1        0.2655806473       -0.0000000000       -0.0000000000
      2       -0.0624999044        0.0000000000       -0.0000000000
      3       -0.1026739493       -0.0000000000       -0.1088714357
      4       -0.1026739493        0.0000000000        0.1088714357
 Sum of gradient contribution from Final-NAC(R)-Escaled
             -0.0022671557        0.0000000000        0.0000000000
 
 ------------------------------------------------------------------
  Gradient contribution from dpq-S
      1        0.0009657131        0.0000000000       -0.0000000000
      2       -0.0006840869       -0.0000000000       -0.0000000000
      3       -0.0001408131       -0.0000000000        0.0000819880
      4       -0.0001408131       -0.0000000000       -0.0000819880
 Sum of gradient contribution from dpq-S
             -0.0000000000       -0.0000000000       -0.0000000000
 
  Gradient contribution from Final-NAC(S)
      1        0.0573462658       -0.0000000000       -0.0000000000
      2       -0.0127140023        0.0000000000       -0.0000000000
      3       -0.0223355690       -0.0000000000       -0.0234829256
      4       -0.0223355690        0.0000000000        0.0234829256
 Sum of gradient contribution from Final-NAC(S)
             -0.0000388746        0.0000000000        0.0000000000
 
 
 NACMEs including electron-translation factor:
  Gradient contribution from Final-NAC(S)-Escaled
      1        0.2626904536       -0.0000000000       -0.0000000000
      2       -0.0582400088        0.0000000000       -0.0000000000
      3       -0.1023142603       -0.0000000000       -0.1075700448
      4       -0.1023142603        0.0000000000        0.1075700448
 Sum of gradient contribution from Final-NAC(S)-Escaled
             -0.0001780758        0.0000000000        0.0000000000
 
 
 [resp_ex_final] : iop=                     2
 
 
 [resp_ex_final] : iop=                     0
 
 
 [resp_ex_init]
 
  Check normalization:
  R^t*L(vec)=   1.00000000000000     
  R^t*L(mat)=   1.00000000000000     
 
 =================================
  PairIJ=   1   2   2   1   4   1
 =================================
 
 [resp_nac_main2]
 
  wJI =  0.147863267810080     
  Check normalization:
  R1^t*L1(mat)=   1.00000000000000     
  R2^t*L2(mat)=   1.00000000000000     
  Check orthogonality:
  R1^t*L2(mat)=  0.000000000000000E+000
  L1^t*R2(mat)=  0.000000000000000E+000
  Z1^t*Z2(mat)=  0.000000000000000E+000
 ---------------------------------------------------
  I-state,J-state,wJI 
           0.209292        0.357156        0.147863
  CHECK TRANSITION DIPOLE : expect.  resp.  total 
  1        0.010430        0.000000        0.010430
  2        0.000000        0.000000        0.000000
  3        0.000000        0.000000        0.000000
 ---------------------------------------------------
 
 [resp_ex_zvector]
 
 [resp_fock2e_Qex]
 [resp_fockxc_Qex]
 
 ---------------------------------------------------------------
  Timing for Q operator formation
 
  CPU TIME(S)      SYSTEM TIME(S)     WALL TIME(S)
          5.990            0.010               0.750
 ---------------------------------------------------------------
 
 
 [resp_ex_Zmo] : Solving Z-vector equation ...
 
 respcphf%isolver=                     2                     1
 
 [resp_cphf_solver]
  isf  =                     0
  freq =  0.000000000000000E+000
 
 
 [LinearSolver]: ndim=                  1047
  Norm of RHS =   0.122064835741411     
 Initial Guess of CPHF vector                     0                     0
   iter  Ndim        |res|           |x|           time/s
    1      1    0.630354E+02    0.676310E+00       0.000
    2      2    0.201475E+01    0.575238E+02       0.230
    3      3    0.388594E+00    0.108172E+03       0.240
    4      4    0.126868E+00    0.838887E+02       0.230
    5      5    0.223675E-01    0.913335E+02       0.220
    6      6    0.465440E-02    0.921517E+02       0.210
    7      7    0.842644E-03    0.920655E+02       0.210
    8      8    0.139380E-03    0.920886E+02       0.210
    9      9    0.558738E-04    0.920481E+02       0.210
   10     10    0.595058E-05    0.920635E+02       0.200
   11     11    0.145597E-05    0.920640E+02       0.210
   12     12    0.290562E-06    0.920643E+02       0.200
   13     13    0.554477E-07    0.920642E+02       0.200
   14     14    0.160017E-07    0.920642E+02       0.210
   15     15    0.197116E-08    0.920642E+02       0.200
   16     16    0.427190E-09    0.920642E+02       0.200
   17     17    0.813895E-10    0.920642E+02       0.210
   18     18    0.143376E-10    0.920642E+02       0.200
   19     19    0.185707E-11    0.920642E+02       0.200
   20     20    0.266100E-12    0.920642E+02       0.180
  Converged ! |Res|=  2.661002158485644E-013  iter=                    20
 
 ---------------------------------------------------------------
  Timing for solving the Z vector equation
 
  CPU TIME(S)      SYSTEM TIME(S)     WALL TIME(S)
         33.550            0.030               4.210
 ---------------------------------------------------------------
 
 
 [resp_ex_Wmo]
 
  Skewness of Wmo(C,C) =  3.826306764564625E-003
  Skewness of Wmo(C,V) =  3.451461791608623E-011
  Skewness of Wmo(V,V) =  8.878686477912455E-004
  Skewness of Wmo(C,O) =  2.660822285033560E-013
  Skewness of Wmo(O,V) =  9.775890010298041E-012
  Skewness of Wmo(O,O) =  0.000000000000000E+000
 
 ---------------------------------------------------------------
  Timing for W matrix formation
 
  CPU TIME(S)      SYSTEM TIME(S)     WALL TIME(S)
          1.640            0.000               0.210
 ---------------------------------------------------------------
 
 
 [resp_deriv_energy]
 
 
 [resp_deriv1e_fock_new]
 
 
|--------------------------------------------------------------------------------|
          Molecular gradient - Overlap contribution
 
        Atom            X                    Y                    Z
        C          -2094.5656237702          0.0000000000          0.0000000000
        O            290.4218714766         -0.0000000000          0.0000000000
        H            902.0718761468          0.0000000000        528.6993218566
        H            902.0718761468         -0.0000000000       -528.6993218566
|--------------------------------------------------------------------------------|
 
 
|--------------------------------------------------------------------------------|
          Molecular gradient - Kinetic energy contribution
 
        Atom            X                    Y                    Z
        C           -661.2740651346          0.0000000000          0.0000000000
        O             94.9653808512         -0.0000000000          0.0000000000
        H            283.1543421417          0.0000000000        133.7302933318
        H            283.1543421417         -0.0000000000       -133.7302933318
|--------------------------------------------------------------------------------|
 
 
|--------------------------------------------------------------------------------|
          Molecular gradient - Nuclear attraction energy contribution
 
        Atom            X                    Y                    Z
        C          14252.2420853566         -0.0000000000          0.0000000000
        O          -1964.8404561032          0.0000000000          0.0000000000
        H          -6143.7008146267         -0.0000000000      -3671.9578843392
        H          -6143.7008146267          0.0000000000       3671.9578843392
|--------------------------------------------------------------------------------|
 
 
 ---------------------------------------------------------------
  Timing to calculate 1-electronic integrals                                      
 
  CPU TIME(S)      SYSTEM TIME(S)     WALL TIME(S)
          0.010            0.000               0.000
 ---------------------------------------------------------------
 
  Gradient contribution from 1e
      1    11496.4023964518       -0.0000000000        0.0000000000
      2    -1579.4532037754        0.0000000000        0.0000000000
      3    -4958.4745963382       -0.0000000000    -3009.5282691508
      4    -4958.4745963382        0.0000000000     3009.5282691508
 Sum of gradient contribution from 1e
             -0.0000000000       -0.0000000000        0.0000000000
 
 
 [resp_deriv2e]
 
resp deriv type   4
 Number of cartesian primative basis functions :      188
 If used primative density matrix:  F
  [int2e_petite_1st_gradient_screened]
 Total length of P4 ERIs 1st gradient:             1365957
 Maxium length of a batch of ERI 1st gradient:           50625
 Maxium length of a batch of dens matrix     :          320000
 Lenght of eri-grad core                     :         2350416
 If primative density matrix is used         : F
 Number of OpenMP threads                    :   8
 ngrad=                     1
 Esitmate buffer meomory used:        0.1592 GB
 
|--------------------------------------------------------------------------------|
          Molecular gradient - Elec Repulsive contribution
 
        Atom            X                    Y                    Z
        C         -12205.0024347773          0.0000000000          0.0000000000
        O           1677.0868025678         -0.0000000000          0.0000000000
        H           5263.9578161048          0.0000000000       3177.2002065984
        H           5263.9578161048         -0.0000000000      -3177.2002065984
|--------------------------------------------------------------------------------|
 
 
 ---------------------------------------------------------------
  Timing to calculate 2-electronic integrals Gradients                            
 
  CPU TIME(S)      SYSTEM TIME(S)     WALL TIME(S)
          4.460            0.010               0.560
 ---------------------------------------------------------------
 
 Time:   PreRys     Rys    2dint    2dintd   6dint  6dintc  6dints
cputime    0.00E+00    0.00E+00    0.00E+00    0.00E+00    0.00E+00    0.00E+00    0.00E+00    0.00E+00
systime    0.00E+00    0.00E+00    0.00E+00    0.00E+00    0.00E+00    0.00E+00    0.00E+00    0.00E+00
waltime    0.00E+00    0.00E+00    0.00E+00    0.00E+00    0.00E+00    0.00E+00    0.00E+00    0.00E+00
 Finish resp_deriv2e
  Gradient contribution from Analytic 2e
      1   -12205.0024347773        0.0000000000        0.0000000000
      2     1677.0868025678       -0.0000000000        0.0000000000
      3     5263.9578161048        0.0000000000     3177.2002065984
      4     5263.9578161048       -0.0000000000    -3177.2002065984
 Sum of gradient contribution from Analytic 2e
             -0.0000000000        0.0000000000        0.0000000000
 
 
  Gradient contribution from Final-grad(no XC)
      1     -708.6000383255        0.0000000000        0.0000000000
      2       97.6335987924       -0.0000000000        0.0000000000
      3      305.4832197666       -0.0000000000      167.6719374477
      4      305.4832197666        0.0000000000     -167.6719374477
 Sum of gradient contribution from Final-grad(no XC)
             -0.0000000000       -0.0000000000        0.0000000000
 
 
 [resp_deriv_Exc]
 
 
 ---------------------------------------------------------------
  Timing for XC energy gradient calculation
 
  CPU TIME(S)      SYSTEM TIME(S)     WALL TIME(S)
         14.010            0.010               1.760
 ---------------------------------------------------------------
 
  Gradient contribution from XC
      1      709.0907673213       -0.0000000000        0.0000000000
      2      -97.7570725659        0.0000000000        0.0000000000
      3     -305.6670244181        0.0000000000     -167.9046191742
      4     -305.6670244181        0.0000000000      167.9046191742
 Sum of gradient contribution from XC
             -0.0003540809        0.0000000000        0.0000000000
 
 
 [resp_deriv_dpq]
 
  Gradient contribution from dpq-R
      1        0.0010931944       -0.0000000000        0.0000000000
      2       -0.0002797604       -0.0000000000        0.0000000000
      3        0.0002198175        0.0000000000       -0.0000873695
      4        0.0002198175        0.0000000000        0.0000873695
 Sum of gradient contribution from dpq-R
              0.0012530690       -0.0000000000        0.0000000000
 
  Gradient contribution from Final-NAC(R)
      1        0.4918221902        0.0000000000        0.0000000000
      2       -0.1237535339        0.0000000000        0.0000000000
      3       -0.1835848341       -0.0000000000       -0.2327690960
      4       -0.1835848341        0.0000000000        0.2327690960
 Sum of gradient contribution from Final-NAC(R)
              0.0008989881        0.0000000000        0.0000000000
 
 ------------------------------------------------------------------
 
 Raw NACMEs, without electron-translation factor:
  FNAC_cpair=   1   2   2     1   4   1
  FNAC_epair=         -113.8847740490732718         -113.7369107812631910
  Gradient contribution from Final-NAC(R)-Escaled
      1        3.3261958664        0.0000000000        0.0000000000
      2       -0.8369457522        0.0000000000        0.0000000000
      3       -1.2415851265       -0.0000000000       -1.5742185296
      4       -1.2415851265        0.0000000000        1.5742185296
 Sum of gradient contribution from Final-NAC(R)-Escaled
              0.0060798612        0.0000000000        0.0000000000
 
 ------------------------------------------------------------------
  Gradient contribution from dpq-S
      1       -0.0008526428       -0.0000000000        0.0000000000
      2        0.0007800068       -0.0000000000        0.0000000000
      3        0.0000363180        0.0000000000       -0.0001301962
      4        0.0000363180        0.0000000000        0.0001301962
 Sum of gradient contribution from dpq-S
             -0.0000000000       -0.0000000000        0.0000000000
 
  Gradient contribution from Final-NAC(S)
      1        0.4898763530        0.0000000000        0.0000000000
      2       -0.1226937667        0.0000000000        0.0000000000
      3       -0.1837683336       -0.0000000000       -0.2328119228
      4       -0.1837683336        0.0000000000        0.2328119228
 Sum of gradient contribution from Final-NAC(S)
             -0.0003540809        0.0000000000        0.0000000000
 
 
 NACMEs including electron-translation factor:
  Gradient contribution from Final-NAC(S)-Escaled
      1        3.3130361602        0.0000000000        0.0000000000
      2       -0.8297785418        0.0000000000        0.0000000000
      3       -1.2428261346       -0.0000000000       -1.5745081670
      4       -1.2428261346        0.0000000000        1.5745081670
 Sum of gradient contribution from Final-NAC(S)-Escaled
             -0.0023946507        0.0000000000        0.0000000000
 
 
 [resp_ex_final] : iop=                     2
 
 
 [resp_ex_final] : iop=                     0
 
 
 [resp_ex_final] : iop=                     0
 
 
 [resp_ex_init]
 
  Check normalization:
  R^t*L(vec)=   1.00000000000000     
  R^t*L(mat)=   1.00000000000000     
 
 [resp_ex_final] : iop=                     0
 
 
 [resp_ex_init]
 
  Check normalization:
  R^t*L(vec)=   1.00000000000000     
  R^t*L(mat)=   1.00000000000000     
 
 [resp_ex_final] : iop=                     0
 
 
 [resp_ex_init]
 
  Check normalization:
  R^t*L(vec)=   1.00000000000000     
  R^t*L(mat)=   1.00000000000000     
 
 [resp_ex_init]
 
  Check normalization:
  R^t*L(vec)=   1.00000000000000     
  R^t*L(mat)=  0.999999999999999     
 
 =================================
  PairIJ=   1   3   1   1   4   1
 =================================
 
 [resp_nac_main2]
 
  wJI =  0.164416699833054     
  Check normalization:
  R1^t*L1(mat)=  0.999999999999999     
  R2^t*L2(mat)=   1.00000000000000     
  Check orthogonality:
  R1^t*L2(mat)=  0.000000000000000E+000
  L1^t*R2(mat)=  0.000000000000000E+000
  Z1^t*Z2(mat)=  0.000000000000000E+000
 ---------------------------------------------------
  I-state,J-state,wJI 
           0.192739        0.357156        0.164417
  CHECK TRANSITION DIPOLE : expect.  resp.  total 
  1        0.000000        0.000000        0.000000
  2       -0.000000        0.000000       -0.000000
  3       -0.000000        0.000000       -0.000000
 ---------------------------------------------------
 
 [resp_ex_zvector]
 
 [resp_fock2e_Qex]
 [resp_fockxc_Qex]
 
 ---------------------------------------------------------------
  Timing for Q operator formation
 
  CPU TIME(S)      SYSTEM TIME(S)     WALL TIME(S)
          5.330            0.020               0.670
 ---------------------------------------------------------------
 
 
 [resp_ex_Zmo] : Solving Z-vector equation ...
 
 respcphf%isolver=                     2                     1
 
 [resp_cphf_solver]
  isf  =                     0
  freq =  0.000000000000000E+000
 
 
 [LinearSolver]: ndim=                  1047
  Norm of RHS =   8.981483166393724E-002
 Initial Guess of CPHF vector                     0                     0
   iter  Ndim        |res|           |x|           time/s
    1      1    0.222198E-01    0.216515E+00       0.000
    2      2    0.557245E-02    0.232425E+00       0.200
    3      3    0.895557E-03    0.232557E+00       0.210
    4      4    0.120975E-03    0.232492E+00       0.200
    5      5    0.389035E-04    0.232488E+00       0.210
    6      6    0.223142E-05    0.232486E+00       0.200
    7      7    0.577914E-06    0.232486E+00       0.210
    8      8    0.521901E-07    0.232486E+00       0.200
    9      9    0.114682E-07    0.232486E+00       0.210
   10     10    0.953163E-09    0.232486E+00       0.200
   11     11    0.263108E-09    0.232486E+00       0.210
   12     12    0.177662E-10    0.232486E+00       0.200
   13     13    0.625291E-11    0.232486E+00       0.200
   14     14    0.383888E-12    0.232486E+00       0.190
  Converged ! |Res|=  3.838876166577397E-013  iter=                    14
 
 ---------------------------------------------------------------
  Timing for solving the Z vector equation
 
  CPU TIME(S)      SYSTEM TIME(S)     WALL TIME(S)
         22.610            0.100               2.850
 ---------------------------------------------------------------
 
 
 [resp_ex_Wmo]
 
  Skewness of Wmo(C,C) =  3.363878710823421E-006
  Skewness of Wmo(C,V) =  1.098724694071904E-012
  Skewness of Wmo(V,V) =  1.463602117559823E-003
  Skewness of Wmo(C,O) =  2.654126937521742E-016
  Skewness of Wmo(O,V) =  2.754226732750937E-013
  Skewness of Wmo(O,O) =  0.000000000000000E+000
 
 ---------------------------------------------------------------
  Timing for W matrix formation
 
  CPU TIME(S)      SYSTEM TIME(S)     WALL TIME(S)
          1.640            0.010               0.200
 ---------------------------------------------------------------
 
 
 [resp_deriv_energy]
 
 
 [resp_deriv1e_fock_new]
 
 
|--------------------------------------------------------------------------------|
          Molecular gradient - Overlap contribution
 
        Atom            X                    Y                    Z
        C              0.0000000000          0.0000000000          0.0000000000
        O             -0.0000000000          0.0000000000          0.0000000000
        H              0.0000000000          0.0153783518          0.0000000000
        H             -0.0000000000         -0.0153783518          0.0000000000
|--------------------------------------------------------------------------------|
 
 
|--------------------------------------------------------------------------------|
          Molecular gradient - Kinetic energy contribution
 
        Atom            X                    Y                    Z
        C              0.0000000000          0.0000000000          0.0000000000
        O              0.0000000000          0.0000000000          0.0000000000
        H             -0.0000000000          0.0235246037          0.0000000000
        H             -0.0000000000         -0.0235246037          0.0000000000
|--------------------------------------------------------------------------------|
 
 
|--------------------------------------------------------------------------------|
          Molecular gradient - Nuclear attraction energy contribution
 
        Atom            X                    Y                    Z
        C             -0.0000000000          0.0000000000          0.0000000000
        O             -0.0000000000          0.0000000000          0.0000000000
        H             -0.0000000000         -0.2993828210          0.0000000000
        H              0.0000000000          0.2993828210          0.0000000000
|--------------------------------------------------------------------------------|
 
 
 ---------------------------------------------------------------
  Timing to calculate 1-electronic integrals                                      
 
  CPU TIME(S)      SYSTEM TIME(S)     WALL TIME(S)
          0.010            0.000               0.000
 ---------------------------------------------------------------
 
  Gradient contribution from 1e
      1       -0.0000000000        0.0000000000        0.0000000000
      2       -0.0000000000        0.0000000000        0.0000000000
      3       -0.0000000000       -0.2604798655        0.0000000000
      4        0.0000000000        0.2604798655        0.0000000000
 Sum of gradient contribution from 1e
              0.0000000000        0.0000000000        0.0000000000
 
 
 [resp_deriv2e]
 
resp deriv type   4
 Number of cartesian primative basis functions :      188
 If used primative density matrix:  F
  [int2e_petite_1st_gradient_screened]
 Total length of P4 ERIs 1st gradient:             1365957
 Maxium length of a batch of ERI 1st gradient:           50625
 Maxium length of a batch of dens matrix     :          320000
 Lenght of eri-grad core                     :         2350416
 If primative density matrix is used         : F
 Number of OpenMP threads                    :   8
 ngrad=                     1
 Esitmate buffer meomory used:        0.1592 GB
 
|--------------------------------------------------------------------------------|
          Molecular gradient - Elec Repulsive contribution
 
        Atom            X                    Y                    Z
        C              0.0000000000         -0.0000000000          0.0000000000
        O              0.0000000000          0.0000000000          0.0000000000
        H              0.0000000000          0.2355744918          0.0000000000
        H             -0.0000000000         -0.2355744918          0.0000000000
|--------------------------------------------------------------------------------|
 
 
 ---------------------------------------------------------------
  Timing to calculate 2-electronic integrals Gradients                            
 
  CPU TIME(S)      SYSTEM TIME(S)     WALL TIME(S)
          3.630            0.010               0.450
 ---------------------------------------------------------------
 
 Time:   PreRys     Rys    2dint    2dintd   6dint  6dintc  6dints
cputime    0.00E+00    0.00E+00    0.00E+00    0.00E+00    0.00E+00    0.00E+00    0.00E+00    0.00E+00
systime    0.00E+00    0.00E+00    0.00E+00    0.00E+00    0.00E+00    0.00E+00    0.00E+00    0.00E+00
waltime    0.00E+00    0.00E+00    0.00E+00    0.00E+00    0.00E+00    0.00E+00    0.00E+00    0.00E+00
 Finish resp_deriv2e
  Gradient contribution from Analytic 2e
      1        0.0000000000       -0.0000000000        0.0000000000
      2        0.0000000000        0.0000000000        0.0000000000
      3        0.0000000000        0.2355744918        0.0000000000
      4       -0.0000000000       -0.2355744918        0.0000000000
 Sum of gradient contribution from Analytic 2e
              0.0000000000        0.0000000000        0.0000000000
 
 
  Gradient contribution from Final-grad(no XC)
      1       -0.0000000000       -0.0000000000        0.0000000000
      2        0.0000000000        0.0000000000        0.0000000000
      3       -0.0000000000       -0.0249053738        0.0000000000
      4        0.0000000000        0.0249053738        0.0000000000
 Sum of gradient contribution from Final-grad(no XC)
              0.0000000000        0.0000000000        0.0000000000
 
 
 [resp_deriv_Exc]
 
 
 ---------------------------------------------------------------
  Timing for XC energy gradient calculation
 
  CPU TIME(S)      SYSTEM TIME(S)     WALL TIME(S)
         13.860            0.010               1.740
 ---------------------------------------------------------------
 
  Gradient contribution from XC
      1        0.0000000000       -0.0000000000        0.0000000000
      2       -0.0000000000       -0.0000000000        0.0000000000
      3       -0.0000000000       -0.0203139304        0.0000000000
      4        0.0000000000        0.0203139304        0.0000000000
 Sum of gradient contribution from XC
             -0.0000000000       -0.0000000000        0.0000000000
 
 
 [resp_deriv_dpq]
 
  Gradient contribution from dpq-R
      1        0.0000000000       -0.0000000000       -0.0000000000
      2       -0.0000000000        0.0000000000        0.0000000000
      3        0.0000000000       -0.0016671062        0.0000000000
      4       -0.0000000000        0.0016671062        0.0000000000
 Sum of gradient contribution from dpq-R
              0.0000000000       -0.0000000000       -0.0000000000
 
  Gradient contribution from Final-NAC(R)
      1        0.0000000000       -0.0000000000       -0.0000000000
      2       -0.0000000000       -0.0000000000        0.0000000000
      3       -0.0000000000       -0.0468864104        0.0000000000
      4        0.0000000000        0.0468864104        0.0000000000
 Sum of gradient contribution from Final-NAC(R)
             -0.0000000000       -0.0000000000       -0.0000000000
 
 ------------------------------------------------------------------
 
 Raw NACMEs, without electron-translation factor:
  FNAC_cpair=   1   3   1     1   4   1
  FNAC_epair=         -113.9013274810962457         -113.7369107812631910
  Gradient contribution from Final-NAC(R)-Escaled
      1        0.0000000000       -0.0000000000       -0.0000000000
      2       -0.0000000000       -0.0000000000        0.0000000000
      3       -0.0000000000       -0.2851681758        0.0000000000
      4        0.0000000000        0.2851681758        0.0000000000
 Sum of gradient contribution from Final-NAC(R)-Escaled
             -0.0000000000       -0.0000000000       -0.0000000000
 
 ------------------------------------------------------------------
  Gradient contribution from dpq-S
      1        0.0000000000       -0.0000000000       -0.0000000000
      2       -0.0000000000        0.0000000000        0.0000000000
      3        0.0000000000        0.0035722503        0.0000000000
      4       -0.0000000000       -0.0035722503        0.0000000000
 Sum of gradient contribution from dpq-S
              0.0000000000        0.0000000000       -0.0000000000
 
  Gradient contribution from Final-NAC(S)
      1        0.0000000000       -0.0000000000       -0.0000000000
      2       -0.0000000000       -0.0000000000        0.0000000000
      3       -0.0000000000       -0.0416470538        0.0000000000
      4        0.0000000000        0.0416470538        0.0000000000
 Sum of gradient contribution from Final-NAC(S)
             -0.0000000000       -0.0000000000       -0.0000000000
 
 
 NACMEs including electron-translation factor:
  Gradient contribution from Final-NAC(S)-Escaled
      1        0.0000000000       -0.0000000000       -0.0000000000
      2       -0.0000000000       -0.0000000000        0.0000000000
      3       -0.0000000000       -0.2533018473        0.0000000000
      4        0.0000000000        0.2533018473        0.0000000000
 Sum of gradient contribution from Final-NAC(S)-Escaled
             -0.0000000000        0.0000000000       -0.0000000000
 
 
 [resp_ex_final] : iop=                     2
 
 
 [resp_ex_final] : iop=                     0
 
 
 [resp_ex_final] : iop=                     0
 
 
 [resp_ex_init]
 
  Check normalization:
  R^t*L(vec)=   1.00000000000000     
  R^t*L(mat)=   1.00000000000000     
 
 [resp_ex_final] : iop=                     0
 
 
 [resp_ex_init]
 
  Check normalization:
  R^t*L(vec)=   1.00000000000000     
  R^t*L(mat)=   1.00000000000000     
 
 [resp_ex_final] : iop=                     0
 
 
 [resp_ex_init]
 
  Check normalization:
  R^t*L(vec)=   1.00000000000000     
  R^t*L(mat)=   1.00000000000000     
 
 [resp_ex_final] : iop=                     0
 
 
 [resp_ex_init]
 
  Check normalization:
  R^t*L(vec)=   1.00000000000000     
  R^t*L(mat)=   1.00000000000000     
 
 [resp_ex_final] : iop=                     0
 
 
 [resp_ex_init]
 
  Check normalization:
  R^t*L(vec)=   1.00000000000000     
  R^t*L(mat)=   1.00000000000000     
 
 [resp_ex_final] : iop=                     0
 
 
 [resp_final]
 
 
 [tddft_props_final]
 
 ====================================================================
  Summary of timings:         CPU         Sys        Wall      %Total
 --------------------------------------------------------------------
       1e derivatives        1.10        0.01        0.19        0.12
       2e derivatives       98.59        0.34       12.40        7.52
       XC derivatives      367.69        0.21       46.08       27.94
 2e contribs. to Fock      448.81        1.87       56.43       34.22
 XC contribs. to Fock      388.04        0.40       48.77       29.57
        Miscellaneous        8.34        0.31        1.05        0.64
                Total     1312.57        3.14      164.92      100.00
 ====================================================================
 
 
 ---------------------------------------------------------------
  Timing of RESP_PROPS calculation                                                
 
  CPU TIME(S)      SYSTEM TIME(S)     WALL TIME(S)
       1312.570            3.140             164.920
 ---------------------------------------------------------------
 
|******************************************************************************|
 
    Total cpu     time:       1312.57  S
    Total system  time:          3.14  S
    Total wall    time:        164.93  S
 
    Current time   2026-02-03  11:08:52
    End running module resp
|******************************************************************************|
 
Total wall time         261.08 Seconds
You should check your OUTFILE name, neither .bdflog or .bdfout!
/apps/users/wzk/bdf/bdf-pkg/build/bdf-pkg-full/sbin/bdfsummary.py\bdf_summary\\b3lyp/AUG-CC-PVTZ\\1,2\\C,0.0000000000,-0.0000000000,-0.9898897512\O,-0.0000000000,0.0000000000,1.2590015543\H,-1.8503676573,0.0000000000,-2.0663369637\H,1.8503676573,-0.0000000000,-2.0663369637\\b3lyp=GEOM\\
Congratulations! BDF normal termination
('/apps/users/wzk/scratch/CH2O-XTDDFT-B3LYP_186', '/apps/users/wzk/bdf/test/CH2O')
 Warning! Removing scratch files. If you would like to keep scratch files for restaring. Please use -keeptmpdir

Sender: Unischeduler System <wzk@mgt01>
Subject: Job 218795: <#!/bin/bash
#BSUB -J CH2O-XTDDFT-B3LYP
#BSUB -o CH2O-XTDDFT-B3LYP.out
#BSUB -n 8
#BSUB -q cqueue
#BSUB -R span[hosts=1]
export BDFHOME=/apps/users/wzk/bdf/bdf-pkg/build/bdf-pkg-full
export BDF_TMPDIR=~/scratch/CH2O-XTDDFT-B3LYP_186
export USE_LIBCINT=no
export LD_LIBRARY_PATH=/apps/users/wzk/bdf/bdf-pkg/build/bdf-pkg-full/extlibs:/apps/users/wzk/bdf/bdf-pkg/build/bdf-pkg-full/libso:/apps/software/intel2019/mkl/lib/intel64:/apps/software/lib64/glibc:$LD_LIBRARY_PATH
export PATH=/apps/software/python3/bin:$PATH
ulimit -s unlimited
ulimit -t unlimited
export OMP_NUM_THREADS=8
export OMP_STACKSIZE=4G
/apps/users/wzk/bdf/bdf-pkg/build/bdf-pkg-full/sbin/bdfdrv.py -tmpdir ~/scratch/CH2O-XTDDFT-B3LYP_186 -r CH2O-XTDDFT-B3LYP.inp > CH2O-XTDDFT-B3LYP.out
rm -rf .CH2O-XTDDFT-B3LYP.wrk> Done

Job <#!/bin/bash
#BSUB -J CH2O-XTDDFT-B3LYP
#BSUB -o CH2O-XTDDFT-B3LYP.out
#BSUB -n 8
#BSUB -q cqueue
#BSUB -R span[hosts=1]
export BDFHOME=/apps/users/wzk/bdf/bdf-pkg/build/bdf-pkg-full
export BDF_TMPDIR=~/scratch/CH2O-XTDDFT-B3LYP_186
export USE_LIBCINT=no
export LD_LIBRARY_PATH=/apps/users/wzk/bdf/bdf-pkg/build/bdf-pkg-full/extlibs:/apps/users/wzk/bdf/bdf-pkg/build/bdf-pkg-full/libso:/apps/software/intel2019/mkl/lib/intel64:/apps/software/lib64/glibc:$LD_LIBRARY_PATH
export PATH=/apps/software/python3/bin:$PATH
ulimit -s unlimited
ulimit -t unlimited
export OMP_NUM_THREADS=8
export OMP_STACKSIZE=4G
/apps/users/wzk/bdf/bdf-pkg/build/bdf-pkg-full/sbin/bdfdrv.py -tmpdir ~/scratch/CH2O-XTDDFT-B3LYP_186 -r CH2O-XTDDFT-B3LYP.inp > CH2O-XTDDFT-B3LYP.out
rm -rf .CH2O-XTDDFT-B3LYP.wrk> was submitted from host <mgt01> by user <wzk>.
Job was executed on host(s) <8*cnode02>, in queue <cqueue>, as user <wzk>.
</apps/users/wzk> was used as the home directory.
</apps/users/wzk/bdf/test/CH2O> was used as the working directory.
Started at 2026-02-03 11:04:31
Results reported at 2026-02-03 11:08:52

Your job looked like:

------------------------------------------------------------
# User input
#!/bin/bash
#BSUB -J CH2O-XTDDFT-B3LYP
#BSUB -o CH2O-XTDDFT-B3LYP.out
#BSUB -n 8
#BSUB -q cqueue
#BSUB -R span[hosts=1]
export BDFHOME=/apps/users/wzk/bdf/bdf-pkg/build/bdf-pkg-full
export BDF_TMPDIR=~/scratch/CH2O-XTDDFT-B3LYP_186
export USE_LIBCINT=no
export LD_LIBRARY_PATH=/apps/users/wzk/bdf/bdf-pkg/build/bdf-pkg-full/extlibs:/apps/users/wzk/bdf/bdf-pkg/build/bdf-pkg-full/libso:/apps/software/intel2019/mkl/lib/intel64:/apps/software/lib64/glibc:$LD_LIBRARY_PATH
export PATH=/apps/software/python3/bin:$PATH
ulimit -s unlimited
ulimit -t unlimited
export OMP_NUM_THREADS=8
export OMP_STACKSIZE=4G
/apps/users/wzk/bdf/bdf-pkg/build/bdf-pkg-full/sbin/bdfdrv.py -tmpdir ~/scratch/CH2O-XTDDFT-B3LYP_186 -r CH2O-XTDDFT-B3LYP.inp > CH2O-XTDDFT-B3LYP.out
rm -rf .CH2O-XTDDFT-B3LYP.wrk
------------------------------------------------------------

Successfully completed.

Resource usage summary:

    CPU time   :         2000.66 sec.
    Max Memory :               488 MB
    Max Processes  :               6


The output (if any) follows:

