#!awk.bdf.output
====================== BDF version information ============================
commit b9f8d8323d948e506af552ea571d509107820b9d
Author: Zikuan Wang <zwang@kofo.mpg.de>
Date:   Sat Jan 3 15:39:18 2026 +0800

    added the functionality of turning off certain terms in X-TDDFT NACME
===========================================================================
BDFHOME     = /apps/users/wzk/bdf/bdf-pkg/build/bdf-pkg-full 
BDF_TMPDIR  = /tmp 
BDF_MPIRUN  = None 
BDF_MPIROOT = None 
|---------------------------------------------------------------------|
 Could not find mpirun. Set to serial running ...


(' BDFHOME     = ', '/apps/users/wzk/bdf/bdf-pkg/build/bdf-pkg-full')
(' BDF_WORKDIR = ', '/apps/users/wzk/bdf/test/CH2O')
(' BDF_TMPDIR  = ', '/apps/users/wzk/scratch/CH2O-UTDDFT-B3LYP_723')
(' BDFTASK     = ', 'CH2O-UTDDFT-B3LYP')

  BDF parallel running information ...
('  BDF_MASTER_NODE', 'cnode02')
('  BDF_MPIROOT = ', 'None')
  Total number of computational nodes   = 1
  Number of processes per node          = 1
  Number of openmp threads per process  = 8


('  Singlepoint_task = ', True)
('  Fragmp2_task     = ', False)


$compass
title
ch2o
basis
aug-cc-pvtz
geometry
C 0.0000000000 0.0000000000 -0.9898897512
O 0.0000000000 0.0000000000 1.2590015543
H -1.8503676573 0.0000000000 -2.0663369637
H 1.8503676573 0.0000000000 -2.0663369637
end geometry
unit
bohr
$end
$xuanyuan
$end
$scf
uks
dft
b3lyp
charge
1
spinmulti
2
threshconv
1.d-10 1.d-8
grid
ultra fine
gridtol
1.d-9
$end
$tddft
iroot
4
crit_e
1.d-10
crit_vec
1.d-8
istore
1
grid
ultra fine
gridtol
1.d-9
$end
$resp
iprt
3
quad
fnac
single
norder
1
method
2
nfiles
1
states
7 
1 2 1 
1 3 1 
1 2 2 
1 1 1 
1 1 2 
1 4 1 
1 2 3 
ignore
1
grid
ultra fine
rtol
1.d-12
gridtol
1.d-9
$end
$resp
iprt
3
quad
fnac
double
norder
1
method
2
nfiles
1
pairs
21
1 2 1 1 3 1 
1 2 1 1 2 2 
1 2 1 1 1 1 
1 2 1 1 1 2 
1 2 1 1 4 1 
1 2 1 1 2 3 
1 3 1 1 2 2 
1 3 1 1 1 1 
1 3 1 1 1 2 
1 3 1 1 4 1 
1 3 1 1 2 3 
1 2 2 1 1 1 
1 2 2 1 1 2 
1 2 2 1 4 1 
1 2 2 1 2 3 
1 1 1 1 1 2 
1 1 1 1 4 1 
1 1 1 1 2 3 
1 1 2 1 4 1 
1 1 2 1 2 3 
1 4 1 1 2 3 
ignore
1
grid
ultra fine
rtol
1.d-12
gridtol
1.d-9
noresp
$end
$compass
title
ch2o
basis
aug-cc-pvtz
geometry
C 0.0000000000 0.0000000000 -0.9898897512
O 0.0000000000 0.0000000000 1.2590015543
H -1.8503676573 0.0000000000 -2.0663369637
H 1.8503676573 0.0000000000 -2.0663369637
end geometry
unit
bohr
$end
('tmpstdin ', True)
('npro is ', 1)
('\n BDF command: ', '/apps/users/wzk/bdf/bdf-pkg/build/bdf-pkg-full/bin/compass.x /apps/users/wzk/scratch/CH2O-UTDDFT-B3LYP_723/CH2O-UTDDFT-B3LYPXX0.compass.inp')
  BDF process        0 of        1 on Serial  
 
|******************************************************************************|
 
    Start running module compass
    Current time   2026-02-03  11:04:31
 
|******************************************************************************|

 ++++++++++ Reading compass input ++++++++++++++++++
 TITLE
 BASIS
 Input Basis set is aug-cc-pVTZ
 Spherical GTO 5d,7f
 GEOMETRY
 C       0.00000000      0.00000000     -0.98988975
 O       0.00000000      0.00000000      1.25900155
 H      -1.85036766      0.00000000     -2.06633696
 H       1.85036766      0.00000000     -2.06633696
 Number of atoms:        4
 UNIT
 $END
 ++++++++++ End of reading compass input +++++++++++++


|-------------------------------------------------------------------------------------------|

 Atom           Cartcoord(Bohr)                 Charge Basis Auxbas Uatom Nstab Alink  Mass
  C        0.000000     0.000000    -0.989890     6.00    1     0     0     0   E     11.9967
  O        0.000000     0.000000     1.259002     8.00    2     0     0     0   E     15.9949
  H       -1.850368     0.000000    -2.066337     1.00    3     0     0     0   E      1.0073
  H        1.850368     0.000000    -2.066337     1.00    3     0     0     0   E      1.0073
 
|--------------------------------------------------------------------------------------------|

  End of reading atomic basis sets ..
 Printing basis sets for checking ....

 Atomic label:  C    6
 Maximum L  3 11s6p3d2f ----> 5s4p3d2f NBF =  46
 #--->s function
      Exp Coef          Norm Coef       Con Coef
          8236.000000   0.218425E+04    0.000542   -0.000196    0.000000    0.000000    0.000000
          1235.000000   0.526339E+03    0.004196   -0.001526    0.000000    0.000000    0.000000
           280.800000   0.173306E+03    0.021541   -0.007890    0.000000    0.000000    0.000000
            79.270000   0.671192E+02    0.083615   -0.031515    0.000000    0.000000    0.000000
            25.590000   0.287454E+02    0.239872   -0.096910    0.000000    0.000000    0.000000
             8.997000   0.131247E+02    0.443752   -0.220542    0.000000    0.000000    0.000000
             3.319000   0.621256E+01    0.353580   -0.296069    0.000000    0.000000    0.000000
             0.364300   0.118470E+01   -0.009176    1.040503    0.000000    0.000000    0.000000
             0.905900   0.234598E+01    0.000000    0.000000    1.000000    0.000000    0.000000
             0.128500   0.542241E+00    0.000000    0.000000    0.000000    1.000000    0.000000
             0.044020   0.242802E+00    0.000000    0.000000    0.000000    0.000000    1.000000
 #--->p function
      Exp Coef          Norm Coef       Con Coef
            18.710000   0.113521E+03    0.039426    0.000000    0.000000    0.000000
             4.133000   0.171916E+02    0.244089    0.000000    0.000000    0.000000
             1.200000   0.366405E+01    0.815492    0.000000    0.000000    0.000000
             0.382700   0.878127E+00    0.000000    1.000000    0.000000    0.000000
             0.120900   0.207978E+00    0.000000    0.000000    1.000000    0.000000
             0.035690   0.452551E-01    0.000000    0.000000    0.000000    1.000000
 #--->d function
      Exp Coef          Norm Coef       Con Coef
             1.097000   0.306825E+01    1.000000    0.000000    0.000000
             0.318000   0.351380E+00    0.000000    1.000000    0.000000
             0.100000   0.464012E-01    0.000000    0.000000    1.000000
 #--->f function
      Exp Coef          Norm Coef       Con Coef
             0.761000   0.106691E+01    1.000000    0.000000
             0.268000   0.101933E+00    0.000000    1.000000
 

 Atomic label:  O    8
 Maximum L  3 11s6p3d2f ----> 5s4p3d2f NBF =  46
 #--->s function
      Exp Coef          Norm Coef       Con Coef
         15330.000000   0.348074E+04    0.000520   -0.000197    0.000000    0.000000    0.000000
          2299.000000   0.838821E+03    0.004023   -0.001535    0.000000    0.000000    0.000000
           522.400000   0.276069E+03    0.020729   -0.007951    0.000000    0.000000    0.000000
           147.300000   0.106824E+03    0.081082   -0.032113    0.000000    0.000000    0.000000
            47.550000   0.457486E+02    0.236226   -0.100270    0.000000    0.000000    0.000000
            16.760000   0.209277E+02    0.443518   -0.234047    0.000000    0.000000    0.000000
             6.207000   0.993519E+01    0.358671   -0.301411    0.000000    0.000000    0.000000
             0.688200   0.190898E+01   -0.008350    1.034920    0.000000    0.000000    0.000000
             1.752000   0.384738E+01    0.000000    0.000000    1.000000    0.000000    0.000000
             0.238400   0.861975E+00    0.000000    0.000000    0.000000    1.000000    0.000000
             0.073760   0.357586E+00    0.000000    0.000000    0.000000    0.000000    1.000000
 #--->p function
      Exp Coef          Norm Coef       Con Coef
            34.460000   0.243573E+03    0.041163    0.000000    0.000000    0.000000
             7.749000   0.377174E+02    0.257763    0.000000    0.000000    0.000000
             2.280000   0.817340E+01    0.802419    0.000000    0.000000    0.000000
             0.715600   0.192009E+01    0.000000    1.000000    0.000000    0.000000
             0.214000   0.424621E+00    0.000000    0.000000    1.000000    0.000000
             0.059740   0.861620E-01    0.000000    0.000000    0.000000    1.000000
 #--->d function
      Exp Coef          Norm Coef       Con Coef
             2.314000   0.113283E+02    1.000000    0.000000    0.000000
             0.645000   0.121132E+01    0.000000    1.000000    0.000000
             0.214000   0.175693E+00    0.000000    0.000000    1.000000
 #--->f function
      Exp Coef          Norm Coef       Con Coef
             1.428000   0.439692E+01    1.000000    0.000000
             0.500000   0.414661E+00    0.000000    1.000000
 

 Atomic label:  H    1
 Maximum L  2 6s3p2d ----> 4s3p2d NBF =  23
 #--->s function
      Exp Coef          Norm Coef       Con Coef
            33.870000   0.354712E+02    0.025495    0.000000    0.000000    0.000000
             5.095000   0.856788E+01    0.190363    0.000000    0.000000    0.000000
             1.159000   0.282213E+01    0.852162    0.000000    0.000000    0.000000
             0.325800   0.108950E+01    0.000000    1.000000    0.000000    0.000000
             0.102700   0.458345E+00    0.000000    0.000000    1.000000    0.000000
             0.025260   0.160081E+00    0.000000    0.000000    0.000000    1.000000
 #--->p function
      Exp Coef          Norm Coef       Con Coef
             1.407000   0.447046E+01    1.000000    0.000000    0.000000
             0.388000   0.893355E+00    0.000000    1.000000    0.000000
             0.102000   0.168165E+00    0.000000    0.000000    1.000000
 #--->d function
      Exp Coef          Norm Coef       Con Coef
             1.057000   0.287515E+01    1.000000    0.000000
             0.247000   0.225813E+00    0.000000    1.000000
 
 

 Molecular center of mass
         0.00000000     0.00000000     0.13662030

 Molecular center of nuclear charge
         0.00000000     0.00000000    -0.00000000
 [molesym]
 
 Auto decide molecular point group! Rotate coordinates into standard orientation!
 Threshold= 0.10000E-08 0.10000E-11 0.10000E-03
 
 zgeomsort being called!
gsym: C02V, noper=    4
 Exiting zgeomsort....
 Representation generated
  Binary group is observed ...
  Point group name C(2V)   
  User set point group as C(2V)   
  Largest Abelian Subgroup C(2V)                        4
 Representation generated
 C|2|V|                     2
 Symmetry check OK
 Molecule has been symmetrized
  Number of symmery unique centers:                      3

|-------------------------------------------------------------------------------------------|

 Atom           Cartcoord(Bohr)                 Charge Basis Auxbas Uatom Nstab Alink  Mass
  C        0.000000    -0.000000    -0.989890     6.00    1     0     0     0   E     11.9967
  O       -0.000000     0.000000     1.259002     8.00    2     0     0     0   E     15.9949
  H       -1.850368     0.000000    -2.066337     1.00    3     0     0     0   E      1.0073
  H        1.850368    -0.000000    -2.066337     1.00    3     0     0     0   E      1.0073
 
|--------------------------------------------------------------------------------------------|

 rep A1       * A1       = A1                           1
 rep A1       * A2       = A2                           1
 rep A1       * B1       = B1                           1
 rep A1       * B2       = B2                           1
 rep A2       * A2       = A1                           1
 rep A2       * B1       = B2                           1
 rep A2       * B2       = B1                           1
 rep B1       * B1       = A1                           1
 rep B1       * B2       = A2                           1
 rep B2       * B2       = A1                           1
Number of irreps:    4
IRREP:   3   4   1
DIMEN:   1   1   1

 Irreps of multipole moment operators ...
 Operator  Component    Irrep       Row
  Dipole       x           B1          1
  Dipole       y           B2          1
  Dipole       z           A1          1
  Quadpole     xx          A1          1
  Quadpole     xy          A2          1
  Quadpole     yy          A1          1
  Quadpole     xz          B1          1
  Quadpole     yz          B2          1
  Quadpole     zz          A1          1
 
 Generate symmetry adapted orbital ...
 Print Multab
  1  2  3  4
  2  1  4  3
  3  4  1  2
  4  3  2  1

|--------------------------------------------------|
          Symmetry adapted orbital                   

  Total number of basis functions:     138     138

  Number of irreps:   4
  Irrep :   A1        A2        B1        B2      
  Norb  :     54        17        38        29
|--------------------------------------------------|

Total number of shells:       14
 
Number of atoms:       4
Number of basis functions:     138
 
|******************************************************************************|
 
    Total cpu     time:          0.02  S
    Total system  time:          0.02  S
    Total wall    time:          0.09  S
 
    Current time   2026-02-03  11:04:31
    End running module compass
|******************************************************************************|
 
$xuanyuan
$end
('tmpstdin ', True)
('npro is ', 1)
('\n BDF command: ', '/apps/users/wzk/bdf/bdf-pkg/build/bdf-pkg-full/bin/xuanyuan.x /apps/users/wzk/scratch/CH2O-UTDDFT-B3LYP_723/CH2O-UTDDFT-B3LYPXX1.xuanyuan.inp')
  BDF process        0 of        1 on Serial  
 
|******************************************************************************|
 
    Start running module xuanyuan
    Current time   2026-02-03  11:04:32
 
|******************************************************************************|
 $xuanyuan                                                                      
                                          
 $end                                                                           
                                          
  Mass polarization term:  F
 Total nuclear charge :         16.00
 Nuclear repulsion energy :      31.4241631051 a.u.

 Total number of primitive  basis sets :          166
 Total number of prim-cart  basis sets :          188
 Total number of contracted basis sets :          138

  Estimate memory for calculating 2e integrals...
 Minium memory to calculate ERIs:        3.725 M

[aoint_1e]
  Calculating one electron integrals ...
  S T and V integrals ....
  Dipole and Quadupole integrals ....
  Finish calculating one electron integrals ...
 
 ---------------------------------------------------------------
  Timing to calculate 1-electronic integrals                                      
 
  CPU TIME(S)      SYSTEM TIME(S)     WALL TIME(S)
          0.030            0.100               0.020
 ---------------------------------------------------------------
 
 Finish calculating 1e integral ...
 Direct SCF required. Skip 2e integral!
 Set significant shell pairs!

 Number of significant pairs:       72
 Timing caluclate K2 integrals.
 CPU:       0.04 SYS:       0.01 WALL:       0.01
 lenk2                  1864                    10
|******************************************************************************|
 
    Total cpu     time:          0.13  S
    Total system  time:          0.11  S
    Total wall    time:          0.20  S
 
    Current time   2026-02-03  11:04:32
    End running module xuanyuan
|******************************************************************************|
 
$scf
uks
dft
b3lyp
charge
1
spinmulti
2
threshconv
1.d-10 1.d-8
grid
ultra fine
gridtol
1.d-9
$end
('tmpstdin ', True)
('npro is ', 1)
('\n BDF command: ', '/apps/users/wzk/bdf/bdf-pkg/build/bdf-pkg-full/bin/scf.x /apps/users/wzk/scratch/CH2O-UTDDFT-B3LYP_723/CH2O-UTDDFT-B3LYPXX2.scf.inp')
  BDF process        0 of        1 on Serial  
 
|******************************************************************************|
 
    Start running module scf
    Current time   2026-02-03  11:04:32
 
|******************************************************************************|

|-------------------------------------------------------------------------------------------|

 Atom           Cartcoord(Bohr)                 Charge Basis Auxbas Uatom Nstab Alink  Mass
  C        0.000000    -0.000000    -0.989890     6.00    1     0     1     4   E     11.9967
  O       -0.000000     0.000000     1.259002     8.00    2     0     1     4   E     15.9949
  H       -1.850368     0.000000    -2.066337     1.00    3     0     1     2   E      1.0073
  H        1.850368    -0.000000    -2.066337     1.00    3     0     0     0   E      1.0073
 
|--------------------------------------------------------------------------------------------|

  [ SCF control ] 
 $scf
 uks
 dft
 Exchange and Correlation functional(ALL): B3LYP     
 charge
 spinmulti
 threshconv
 grid
 gridtol
 $end
 Finegrid                     5                     1
 
  --- PRINT: Information about SCF Calculation --- 
 ICTRL_FRAGSCF=  0
 IPRT  =  3
 IPRTMO=  1
 MAXITER=  100
 THRENE= 0.10E-09 THRDEN= 0.10E-07
 DAMP= 0.00 VSHIFT= 0.00
 IsXiisEnabled = T
 XiisId = 7
 MinXiis =  2    MaxXiis =  8
 XiisMode = 0
 IsOrthogonalizeDiisErrorMatrix = T
 IsSmhEnabled = T
 SmhVersion = 1
 SmhEnablingThreshold = 1.00E-03
 iCHECK=  0
 iAUFBAU=  1
 INIGUESS=  0
 IfMPEC= F
 IfCOSX= F
 Occupation number:
  Without occupation number in input.

 Wave function information ...
 Total Nuclear charge    :      16
 Total electrons         :      15
 ECP-core electrons      :       0
 Spin multiplicity(2S+1) :       2
 Num. of alpha electrons :       8
 Num. of beta  electrons :       7
 

 Threshold in dft prescreening ...
 Thresh_shellvalue_dft :  0.10000E-09
 ThreshRho     :  0.10000E-11

  DFT options:
 upden=  1
 fullvxc=  0
 Romega= 0.120E+31  F  0.000000   1.000000
 
  --- END:  Information about SCF Calculation  --- 
 
 The SMH converger is used...
 Numerical grid implemented by Yong Zhang 
 Finish scf input!

 DirectHF  T
 Number of significient shell pairs :       72
 Estimate memory for direct ERI calculations:           4.129 M

 IF USE_LIBCINT :    F

 Nuclear repulsion energy =    31.42416311
 
 iniguess                     0                     0
 [ATOM SCF control]
  heff=                      0
 After initial atom grid ...
 Finish atom    1  C             -37.7297683935
 After initial atom grid ...
 Finish atom    2  O             -74.9103828624
 After initial atom grid ...
 Finish atom    3  H              -0.7447203919
 
 
 Superposition of atomic densities as initial guess.
 [dft_init]  T
 Libxc version: 7.0.0
 xcfun_xc_libxc is    475 xcfun_ex_libxc is      0
 The functional 'B3LYP with VWN functional 5 instead of RPA' is an exchange-correlation functional, it belongs to the 'Hybrid GGA. Coeff of Exx=  0.2000' family and is defined in the reference(s):
 [1] P. J. Stephens, F. J. Devlin, C. F. Chabalowski, and M. J. Frisch.,  J. Phys. Chem. 98, 11623 (1994)
 
  Switch to Ultra Fine grid ...

 Intialize DFT grid written by Y. Zhang

   1  C     Second Kind Chebyshev (100)  Lebedev (-1202)         
   2  O     Second Kind Chebyshev (100)  Lebedev (-1202)         
   3  H     Second Kind Chebyshev (100)  Lebedev (-1202)         
  Partition Function:  SSF   Partitioning with Scalar=  0.64.
  Gtol, Npblock, Icoulpot, Iop_adaptive :  0.10E-08    128      0          0
  Numerical Grid Generated SUCCESSFULLY! 
 Total and symmetry independent Grid Number:    174404     46169
  Using OCTREE to redorder grids ...
 Gridinfo: Npoints/Nmax/NpointsU =     46336   174404    46169
 Saving Gridinfo to HARDISK record = Gridinfo
 
  --- PRINT: Information about DFT Calculation --- 
 No. of ATOMS =          4
 No. of Shells =         0
 No. of Batches =        0
 No. of Grids =          0
 No. of Basis Functions =      138
 No. of Records for [basval] =               0
 Estimated DiskSpace for storage [basval] =           0.000M
 
 Max No. of Rad point per atom =     0
 Max No. of Ang point per atom =     0
 Max No. of Grids per batch =          0
 Max No. of Basis per shell =          0
 Max No. of Records in one batch =               0
 Estimated Mem for [basval] =      0.000M
 Estimated Mem for [func] in R-DFT =      0.000M
 Estimated Mem for [func] in U-DFT =      0.000M
 DirectGrid:        T
 LogicOctree:       T
  --- END : Information about DFT Calculation --- 
 
 Zhang Yong numint ...
 
  Initializing informations for ZY-Numerical Integration...
  Number of atoms     =       4
  Total Prim and Cont =     166    138
  Timing for ZY-NI-INIT:       0.030 S      0.000 S      0.000 S

 Time to calculate dft grid and perform basis seiving ...
 CPU:       3.000 S    Sys:       0.110 S    Wall:        0.390 S

 Check basis set linear dependence! Tolerance =   1.000000E-05
 No. of occupied and virtual orbitals:        8      130
 [init_smh]
 sTDA/sTD-DFT parameters:
 facex =     0.2000
 alpha =     1.6700
 beta  =     1.5200
 
 Initial guess energy =   -114.1295920397
 
 [scf_cycle_init_ecdenpot]
Memory for coulpotential         0.00  G

 Start SCF iteration......


Iter.   idiis  vshift       SCF Energy            DeltaE          RMSDeltaD          MaxDeltaD      Damping    Times(S) 
   1      0    0.000    -114.5395321984      -0.4099401587       0.0026805284       0.1755285213    0.0000      0.20
   2      1    0.000    -114.0269452505       0.5125869479       0.0013824788       0.0817664193    0.0000      0.19
   3      2    0.000    -113.7665706769       0.2603745736       0.0009316724       0.0619199631    0.0000      0.18
   4      3    0.000    -114.0940561275      -0.3274854505       0.0001485202       0.0083455010    0.0000      0.19
   5      4    0.000    -114.0965440432      -0.0024879158       0.0001026849       0.0098460191    0.0000      0.20
   6      5    0.000    -114.0967332565      -0.0001892133       0.0000323312       0.0033333204    0.0000      0.20
   7      6    0.000    -114.0967724878      -0.0000392313       0.0000182434       0.0011322667    0.0000      0.20
   8      7    0.000    -114.0967774633      -0.0000049755       0.0000036238       0.0003277776    0.0000      0.19
   9      8    0.000    -114.0967782860      -0.0000008227       0.0000011800       0.0000904561    0.0000      0.20
  10      2    0.000    -114.0967783509      -0.0000000649       0.0000003187       0.0000197778    0.0000      0.19
  11      3    0.000    -114.0967783535      -0.0000000025       0.0000003669       0.0000239568    0.0000      0.19
  12      4    0.000    -114.0967783540      -0.0000000005       0.0000000653       0.0000041726    0.0000      0.19
  13      5    0.000    -114.0967783541      -0.0000000001       0.0000000138       0.0000007989    0.0000      0.19
  14      6    0.000    -114.0967783541      -0.0000000000       0.0000000015       0.0000001272    0.0000      0.19
 diis/vshift is closed at iter =  14
  15      1    0.000    -114.0967783541       0.0000000000       0.0000000007       0.0000000656    0.0000      0.19

  Label              CPU Time        SYS Time        Wall Time
 SCF iteration time:        22.970 S        0.110 S        2.900 S

 Final DeltaE =  2.842170943040401E-013
 Final DeltaD =  7.461563915248670E-010  1.000000000000000E-007
 
 Final scf result
   E_tot =              -114.09677835
   E_ele =              -145.52094146
   E_nn  =                31.42416311
   E_1e  =              -211.79093702
   E_ne  =              -325.22808568
   E_kin =               113.43714866
   E_ee  =                77.80446456
   E_xc  =               -11.53446900
   Virial Ratio            2.005815
 

 [Final occupation pattern: ]
 
 Irreps:        A1      A2      B1      B2  
 
 detailed occupation for iden/irep:      1   1
    1.00 1.00 1.00 1.00 1.00 0.00 0.00 0.00 0.00 0.00
    0.00 0.00 0.00 0.00 0.00 0.00 0.00 0.00 0.00 0.00
    0.00 0.00 0.00 0.00 0.00 0.00 0.00 0.00 0.00 0.00
    0.00 0.00 0.00 0.00 0.00 0.00 0.00 0.00 0.00 0.00
    0.00 0.00 0.00 0.00 0.00 0.00 0.00 0.00 0.00 0.00
    0.00 0.00 0.00 0.00
 detailed occupation for iden/irep:      1   2
    0.00 0.00 0.00 0.00 0.00 0.00 0.00 0.00 0.00 0.00
    0.00 0.00 0.00 0.00 0.00 0.00 0.00
 detailed occupation for iden/irep:      1   3
    1.00 1.00 0.00 0.00 0.00 0.00 0.00 0.00 0.00 0.00
    0.00 0.00 0.00 0.00 0.00 0.00 0.00 0.00 0.00 0.00
    0.00 0.00 0.00 0.00 0.00 0.00 0.00 0.00 0.00 0.00
    0.00 0.00 0.00 0.00 0.00 0.00 0.00 0.00
 detailed occupation for iden/irep:      1   4
    1.00 0.00 0.00 0.00 0.00 0.00 0.00 0.00 0.00 0.00
    0.00 0.00 0.00 0.00 0.00 0.00 0.00 0.00 0.00 0.00
    0.00 0.00 0.00 0.00 0.00 0.00 0.00 0.00 0.00
 Alpha       5.00    0.00    2.00    1.00
 
 detailed occupation for iden/irep:      2   1
    1.00 1.00 1.00 1.00 1.00 0.00 0.00 0.00 0.00 0.00
    0.00 0.00 0.00 0.00 0.00 0.00 0.00 0.00 0.00 0.00
    0.00 0.00 0.00 0.00 0.00 0.00 0.00 0.00 0.00 0.00
    0.00 0.00 0.00 0.00 0.00 0.00 0.00 0.00 0.00 0.00
    0.00 0.00 0.00 0.00 0.00 0.00 0.00 0.00 0.00 0.00
    0.00 0.00 0.00 0.00
 detailed occupation for iden/irep:      2   2
    0.00 0.00 0.00 0.00 0.00 0.00 0.00 0.00 0.00 0.00
    0.00 0.00 0.00 0.00 0.00 0.00 0.00
 detailed occupation for iden/irep:      2   3
    1.00 0.00 0.00 0.00 0.00 0.00 0.00 0.00 0.00 0.00
    0.00 0.00 0.00 0.00 0.00 0.00 0.00 0.00 0.00 0.00
    0.00 0.00 0.00 0.00 0.00 0.00 0.00 0.00 0.00 0.00
    0.00 0.00 0.00 0.00 0.00 0.00 0.00 0.00
 detailed occupation for iden/irep:      2   4
    1.00 0.00 0.00 0.00 0.00 0.00 0.00 0.00 0.00 0.00
    0.00 0.00 0.00 0.00 0.00 0.00 0.00 0.00 0.00 0.00
    0.00 0.00 0.00 0.00 0.00 0.00 0.00 0.00 0.00
 Beta        5.00    0.00    1.00    1.00
 

 [Orbital energies:]

 Energy of occ-orbsA:    A1            5
           -19.603213       -10.634929       -1.4923072      -0.98546070      -0.84188289    
 Energy of vir-orbsA:    A1           49
          -0.21131053      -0.16640481      -0.12373031      -0.60379938E-01  -0.50043483E-01
          -0.74070506E-02   0.68458987E-01   0.94809250E-01   0.10510937       0.16230482    
           0.18986961       0.26164249       0.32436607       0.44830281       0.47955818    
           0.56776932       0.59121586       0.62776204       0.69045553       0.81521289    
           0.93513887       0.98289197        1.1123713        1.2351659        1.4751877    
            1.5326104        1.7210117        1.8928160        2.0102692        2.2160157    
            2.3502196        2.5005406        2.8173438        3.0095909        3.1872385    
            3.4650026        3.5471505        3.8548727        4.0553086        4.4783668    
            4.5664256        5.0585188        5.4452006        6.0912622        6.2511904    
            6.5256835        6.7802493        14.098612        14.678131    
 Energy of vir-orbsA:    A2           17
          -0.54661223E-01   0.11226530       0.42439039       0.46187618       0.62795559    
           0.68821401        1.0780854        1.5256804        1.7044725        2.2021398    
            2.5496913        2.9825622        3.5437236        4.0156321        4.4818089    
            6.0481484        6.2192072    

 Energy of occ-orbsA:    B1            2
          -0.88987950      -0.68949362    
 Energy of vir-orbsA:    B1           36
          -0.15942206      -0.74443253E-01  -0.49329611E-01   0.24193355E-01   0.81468250E-01
           0.13657022       0.15040441       0.31209198       0.41905856       0.46377760    
           0.55443629       0.66073745       0.67289480       0.88371595        1.0187141    
            1.1012820        1.2047681        1.4279030        1.6792831        1.7705750    
            1.9685026        2.3069187        2.4117068        2.8805219        3.0623930    
            3.2421094        3.4648769        3.4857844        4.2512201        4.4282044    
            4.5645985        5.3539192        5.6902575        5.7927253        6.7444172    
            6.8192947    

 Energy of occ-orbsA:    B2            1
          -0.79251737    
 Energy of vir-orbsA:    B2           28
          -0.39068130      -0.11978337      -0.30564908E-01   0.44494507E-01   0.12306694    
           0.21882777       0.41660742       0.53183037       0.61569262       0.61985084    
           0.81611035       0.94020942        1.1493082        1.3075634        1.7094217    
            1.9034464        2.1015304        2.4364892        2.7645659        2.9085294    
            3.2999040        3.6531647        3.9867673        4.2929174        4.4146295    
            5.7203378        6.2579847        6.5968533    
 

 Energy of occ-orbsB:    A1            5
           -19.580249       -10.636711       -1.4478471      -0.95952978      -0.81768520    
 Energy of vir-orbsB:    A1           49
          -0.20436684      -0.16208353      -0.11670202      -0.59271386E-01  -0.48086156E-01
          -0.46554126E-02   0.71967072E-01   0.98759968E-01   0.10747195       0.16625717    
           0.19712182       0.26610535       0.32810597       0.45751050       0.48343989    
           0.57296458       0.59528665       0.63191782       0.69481416       0.81947325    
           0.93841607       0.98874881        1.1225417        1.2365068        1.4878612    
            1.5483995        1.7476264        1.9014068        2.0257754        2.2297981    
            2.3680289        2.5141990        2.8186382        3.0160263        3.2062024    
            3.4744721        3.5608021        3.8765409        4.0792423        4.5017189    
            4.5862572        5.0865155        5.4611128        6.1273678        6.3216203    
            6.5637071        6.8081538        14.126967        14.680476    
 Energy of vir-orbsB:    A2           17
          -0.51666143E-01   0.11401504       0.43130162       0.47311636       0.63092286    
           0.69190760        1.0831993        1.5339509        1.7418227        2.2143506    
            2.5571401        2.9875204        3.5622700        4.0466198        4.4992713    
            6.0854884        6.2999667    

 Energy of occ-orbsB:    B1            1
          -0.82505354    
 Energy of vir-orbsB:    B1           37
          -0.51474059      -0.15369278      -0.58390502E-01  -0.45820743E-01   0.28733613E-01
           0.83793033E-01   0.14069630       0.16489699       0.32214429       0.42278021    
           0.47163479       0.56065501       0.66792262       0.69329377       0.89868897    
            1.0262988        1.1056750        1.2244914        1.4405701        1.6920617    
            1.7900196        1.9904202        2.3295868        2.4378039        2.8964757    
            3.0718659        3.2660328        3.4835026        3.5183215        4.3030587    
            4.4590538        4.5912643        5.3868985        5.7316161        5.8299107    
            6.7888605        6.8825993    

 Energy of occ-orbsB:    B2            1
          -0.77350286    
 Energy of vir-orbsB:    B2           28
          -0.38580869      -0.12045943      -0.28731038E-01   0.45271535E-01   0.12305284    
           0.21723164       0.41880684       0.54071809       0.61769228       0.62438920    
           0.81811171       0.93861357        1.1518311        1.3125860        1.7231131    
            1.9077696        2.1081594        2.4358181        2.7695678        2.9105067    
            3.3068641        3.6718379        4.0155132        4.3045967        4.4293889    
            5.7787698        6.2667712        6.6120179    
 
 Alpha   HOMO energy:      -0.68949362 au     -18.76208413 eV  Irrep: B1      
 Alpha   LUMO energy:      -0.39068130 au     -10.63098355 eV  Irrep: B2      
 Beta    HOMO energy:      -0.77350286 au     -21.04809264 eV  Irrep: B2      
 Beta    LUMO energy:      -0.51474059 au     -14.00681017 eV  Irrep: B1      
 HOMO-LUMO gap:       0.17475303 au       4.75527396 eV
 
 [Alpha MOs]
 Frontier orbitals of each irrep:
 
  Symmetry   1 A1      
 
         Orbital                 1              2              3              4              5              6
         Energy            -19.60321      -10.63493       -1.49231       -0.98546       -0.84188       -0.21131
         Occ No.             1.00000        1.00000        1.00000        1.00000        1.00000        0.00000
      1 1C|1S0               0.00089       -0.98318       -0.02380        0.01861       -0.00017       -0.00303
      2 1C|2S0               0.00197       -0.02005        0.22078       -0.40470        0.00491       -0.29055
      3 1C|3S0               0.00144       -0.05386        0.05377       -0.10744       -0.00192       -0.09643
      4 1C|4S0              -0.00610       -0.03023        0.11552       -0.24997        0.12751       -0.28632
      5 1C|5S0              -0.00011       -0.00870        0.00639       -0.01177        0.00243        0.17472
      6 1C|2P0               0.00054       -0.00160        0.11128        0.08362       -0.22231        0.13063
      7 1C|3P0               0.00217       -0.00592        0.06710        0.09093       -0.22201        0.15020
      8 1C|4P0              -0.00142        0.00420       -0.03713        0.03828       -0.05928        0.11262
      9 1C|5P0               0.00007        0.00027       -0.00263        0.00101        0.00179        0.00361
     10 1C|3D0               0.00042       -0.00250        0.01828        0.00234       -0.01654       -0.00103
     11 1C|4D0              -0.00215        0.00052        0.00878        0.00614       -0.00658       -0.01275
     12 1C|5D0              -0.00272        0.00493       -0.01975       -0.01598       -0.00865       -0.00392
     13 1C|3D2              -0.00003       -0.00186        0.00236       -0.00934        0.00524        0.01295
     14 1C|4D2              -0.00033       -0.00053        0.01875       -0.01927        0.00572        0.06816
     15 1C|5D2               0.00098       -0.00307        0.01150        0.00368        0.00965        0.05824
     16 1C|4F0              -0.00074       -0.00224        0.00901       -0.00375       -0.00677        0.00351
     17 1C|5F0              -0.00074        0.00397        0.00267       -0.00194        0.01384        0.00956
     18 1C|4F2               0.00031        0.00135       -0.00414        0.00398        0.00026       -0.00396
     19 1C|5F2               0.00087       -0.00244       -0.00487        0.00478       -0.00826       -0.01610
     20 2O|1S0               0.97051       -0.00086       -0.01538        0.00096        0.00007       -0.00044
     21 2O|2S0              -0.00355       -0.00215        0.48043        0.24121        0.17489       -0.01861
     22 2O|3S0               0.05231       -0.00106        0.14095        0.07518        0.05499       -0.00628
     23 2O|4S0               0.00627        0.01085        0.24208        0.22171        0.21133       -0.09394
     24 2O|5S0               0.00097        0.00562        0.02950        0.02258        0.03327       -0.03288
     25 2O|2P0              -0.00179        0.00085       -0.10014        0.11634        0.30795       -0.03618
     26 2O|3P0               0.00043       -0.00384       -0.11885        0.12864        0.35025       -0.03935
     27 2O|4P0               0.00209       -0.01514       -0.02804        0.05201        0.15919        0.00121
     28 2O|5P0               0.00012       -0.00168       -0.00156       -0.00151       -0.00175       -0.03215
     29 2O|3D0               0.00013       -0.00019        0.00527       -0.00566       -0.01266       -0.00051
     30 2O|4D0              -0.00079        0.00448        0.01671       -0.01047       -0.02630       -0.00842
     31 2O|5D0              -0.00149        0.00526       -0.00233       -0.00335       -0.00603       -0.02564
     32 2O|3D2               0.00042       -0.00001        0.00333        0.00161        0.00136        0.00111
     33 2O|4D2              -0.00029        0.00005        0.00520        0.00279        0.00437        0.00579
     34 2O|5D2              -0.00038        0.00118       -0.00028       -0.00077        0.00288        0.01263
     35 2O|4F0              -0.00004       -0.00042       -0.00322        0.00064        0.00188        0.00023
     36 2O|5F0               0.00066       -0.00222       -0.00316       -0.00006        0.00381        0.00352
     37 2O|4F2              -0.00002        0.00012       -0.00079        0.00095        0.00172       -0.00067
     38 2O|5F2               0.00027       -0.00017        0.00005        0.00031       -0.00004       -0.00221
     39 3H|1S0               0.00033       -0.00095        0.01654       -0.14971        0.10079        0.09494
     40 3H|2S0               0.00288        0.00390       -0.04008       -0.16124        0.12362        0.11072
     41 3H|3S0              -0.00076        0.02076       -0.07876        0.01755       -0.01612        0.49902
     42 3H|4S0               0.00002        0.00161       -0.00269        0.00202        0.00010        0.26014
     43 3H|2P0               0.00021        0.00061        0.00097       -0.00624        0.00212       -0.00431
     44 3H|3P0              -0.00072        0.00314       -0.01086       -0.00161        0.00101       -0.03638
     45 3H|4P0              -0.00184        0.00615       -0.02433       -0.00614       -0.01126       -0.04722
     46 3H|2P1               0.00022        0.00087       -0.00073       -0.01366        0.01108       -0.01839
     47 3H|3P1               0.00114        0.00544       -0.01919       -0.01563        0.01732       -0.10844
     48 3H|4P1               0.00135        0.00266       -0.01065        0.01900       -0.00122       -0.17181
     49 3H|3D0              -0.00027       -0.00030        0.00191        0.00129       -0.00332        0.00325
     50 3H|4D0              -0.00045        0.00069       -0.00169        0.00190        0.00516        0.00458
     51 3H|3D1               0.00004        0.00180       -0.00092       -0.00254        0.00136       -0.00450
     52 3H|4D1              -0.00041        0.00087       -0.00531       -0.00033       -0.00258       -0.00930
     53 3H|3D2               0.00007        0.00144       -0.00147       -0.00326        0.00324       -0.00542
     54 3H|4D2               0.00026        0.00164       -0.00218        0.00005        0.00399       -0.00924
 
         Orbital                 7              8              9             10             11
         Energy             -0.16640       -0.12373       -0.06038       -0.05004       -0.00741
         Occ No.             0.00000        0.00000        0.00000        0.00000        0.00000
      1 1C|1S0              -0.00287        0.00357        0.00217       -0.00237        0.00437
      2 1C|2S0              -0.11041        0.07959       -0.00621        0.12223        0.12132
      3 1C|3S0              -0.03466        0.03846       -0.00246        0.05505        0.05709
      4 1C|4S0              -0.11072       -1.07432        0.07323       -2.11335       -0.04377
      5 1C|5S0              -0.40548        0.19983        0.10007       -7.15975       -0.58041
      6 1C|2P0              -0.01758       -0.04641       -0.00660       -0.04460        0.08783
      7 1C|3P0              -0.04628        0.02061        0.13162       -0.16583        0.13632
      8 1C|4P0              -0.28958        0.30077        1.26284       -0.22033       -0.74059
      9 1C|5P0              -0.64396       -0.15124        0.71333        0.38113       -2.44403
     10 1C|3D0               0.02679        0.00953        0.02229       -0.00777       -0.02715
     11 1C|4D0               0.07644        0.00423        0.14612       -0.05904       -0.15045
     12 1C|5D0               0.01857       -0.18474        0.32140        0.13407       -0.87533
     13 1C|3D2               0.00288       -0.02594        0.00431        0.00690        0.00195
     14 1C|4D2               0.02346       -0.14092        0.01829       -0.06654        0.00213
     15 1C|5D2               0.07654       -0.15999        0.06447       -0.26331        0.35397
     16 1C|4F0               0.00788       -0.00479        0.00495       -0.00793       -0.01240
     17 1C|5F0               0.01483       -0.04404        0.06517       -0.02146       -0.02264
     18 1C|4F2              -0.00228        0.00791        0.00182        0.00295        0.00529
     19 1C|5F2              -0.01127        0.05427       -0.01570        0.02214       -0.03019
     20 2O|1S0               0.00984        0.00145        0.00466       -0.00296       -0.01119
     21 2O|2S0               0.19026       -0.02490        0.01796        0.02051       -0.16834
     22 2O|3S0               0.06648       -0.00844        0.00663        0.00543       -0.06163
     23 2O|4S0               0.37140        0.02451       -0.70218        0.48622        0.23503
     24 2O|5S0               0.19966       -0.04456       -2.43763        2.36731        2.79399
     25 2O|2P0              -0.05756       -0.01859       -0.10321        0.03695        0.06152
     26 2O|3P0              -0.06661       -0.02669       -0.09286        0.02578        0.04389
     27 2O|4P0              -0.08387        0.02131        0.22191       -0.38304        0.05875
     28 2O|5P0               0.05088        0.18146        1.46597       -0.89147        1.50896
     29 2O|3D0              -0.00091        0.00053        0.00417       -0.00045        0.00466
     30 2O|4D0               0.00562       -0.00456       -0.00129        0.02530        0.03486
     31 2O|5D0              -0.00251       -0.02457       -0.02877        0.11493       -0.12879
     32 2O|3D2               0.00117       -0.00313        0.00106        0.00198       -0.00106
     33 2O|4D2               0.00329       -0.01477        0.00534        0.00096        0.01105
     34 2O|5D2              -0.00416       -0.04873        0.01921        0.04729       -0.01561
     35 2O|4F0              -0.00030        0.00033       -0.00021       -0.00128       -0.00473
     36 2O|5F0              -0.00231        0.00305        0.00185       -0.01034        0.01847
     37 2O|4F2              -0.00032        0.00041       -0.00041        0.00065       -0.00023
     38 2O|5F2              -0.00092        0.00894       -0.00338       -0.00630        0.00035
     39 3H|1S0               0.03728       -0.14023        0.03873        0.00473       -0.00349
     40 3H|2S0               0.02033       -0.04509        0.09152        0.21107       -0.09622
     41 3H|3S0               0.03982        0.25458        1.95451        1.91857       -0.48616
     42 3H|4S0              -0.12512        0.54843        0.35609        2.99697       -0.59785
     43 3H|2P0              -0.01240       -0.00436       -0.00441        0.00449        0.00847
     44 3H|3P0              -0.05892        0.00405       -0.02035        0.08813        0.07266
     45 3H|4P0              -0.22318       -0.13962       -0.04153        0.42025        0.12375
     46 3H|2P1               0.00007        0.00872       -0.00224        0.00213       -0.00459
     47 3H|3P1              -0.00640        0.13200        0.08566        0.09882        0.02512
     48 3H|4P1               0.03954        0.66619        0.49007       -0.02365        0.25062
     49 3H|3D0              -0.00025       -0.00336        0.00159       -0.00031       -0.00173
     50 3H|4D0               0.01291       -0.02433       -0.00818        0.00249        0.04987
     51 3H|3D1              -0.00284        0.00262        0.00359        0.00586        0.00475
     52 3H|4D1              -0.00195        0.01126       -0.00747       -0.00812        0.04701
     53 3H|3D2               0.00011        0.00230        0.00560        0.00513       -0.00001
     54 3H|4D2               0.00565        0.02076        0.04825       -0.00833        0.04048
 
 
  Symmetry   2 A2      
 
         Orbital                55             56             57             58             59             60
         Energy             -0.05466        0.11227        0.42439        0.46188        0.62796        0.68821
         Occ No.             0.00000        0.00000        0.00000        0.00000        0.00000        0.00000
      1 1C|3D-2              0.03255        0.00697        0.00107       -0.02105        0.05665       -0.05641
      2 1C|4D-2             -0.01134        0.24213        1.03186        0.47820       -0.38202        0.27225
      3 1C|5D-2              0.33018        2.95247       -1.23739        3.06681       -1.75735        0.00466
      4 1C|4F-2             -0.00033        0.00836        0.00520       -0.01362       -0.00733        0.00033
      5 1C|5F-2              0.03633       -0.14151       -0.39092        0.04056        0.58573       -0.86087
      6 2O|3D-2              0.00512        0.00650        0.01196       -0.03819       -0.00273       -0.00550
      7 2O|4D-2              0.02033        0.04985        0.00557        0.02590        0.05184       -0.01950
      8 2O|5D-2              0.03924        0.06079        0.53227       -1.54208       -0.51015        0.58340
      9 2O|4F-2             -0.00176       -0.00006        0.00509       -0.01017       -0.00792        0.01727
     10 2O|5F-2             -0.00411       -0.01015       -0.04742        0.07283        0.00248       -0.09400
     11 3H|2P-1             -0.01707       -0.01362       -0.00862       -0.00884        0.03546       -0.04290
     12 3H|3P-1             -0.11170        0.22862       -0.09018       -0.06564       -0.55821        0.88996
     13 3H|4P-1             -0.87977        4.43585        0.04259        3.81540       -2.80148        1.14652
     14 3H|3D-2             -0.00136       -0.00276        0.00686        0.00057       -0.02150       -0.01732
     15 3H|4D-2             -0.07689        0.30370        0.67128        0.30131       -0.55716        1.96620
     16 3H|3D-1             -0.00340       -0.00977        0.00964        0.00150        0.03279        0.03023
     17 3H|4D-1             -0.04511        0.18264        0.16971        0.33776       -1.35577       -0.27519
 
 
  Symmetry   3 B1      
 
         Orbital                72             73             74             75             76             77
         Energy             -0.88988       -0.68949       -0.15942       -0.07444       -0.04933        0.02419
         Occ No.             1.00000        1.00000        0.00000        0.00000        0.00000        0.00000
      1 1C|2P1               0.22033       -0.16156       -0.22999       -0.12635       -0.13391       -0.07007
      2 1C|3P1               0.24976       -0.19396       -0.28004       -0.11217       -0.13193        0.01478
      3 1C|4P1               0.01545       -0.20192       -0.21900       -0.47913        1.31631        0.93308
      4 1C|5P1              -0.00659       -0.00132        0.17373       -0.27695        2.87704       -5.03741
      5 1C|3D1               0.00616        0.02990       -0.00712       -0.01307       -0.00747       -0.01969
      6 1C|4D1              -0.01459        0.05779       -0.00674        0.08997       -0.05507       -0.33129
      7 1C|5D1              -0.03101        0.02224        0.09258        0.67184       -0.33293       -1.34890
      8 1C|4F1               0.00641        0.00634        0.00135        0.01068       -0.00119       -0.00144
      9 1C|5F1               0.00092        0.00779        0.01192        0.02959        0.02130       -0.17560
     10 1C|4F3               0.00165       -0.00275        0.00046        0.00034        0.00036        0.00924
     11 1C|5F3               0.00071       -0.00494        0.00472       -0.00903        0.03461        0.06763
     12 2O|2P1               0.26437        0.30854        0.03466        0.13714       -0.00679        0.00558
     13 2O|3P1               0.31427        0.36573        0.04017        0.17285       -0.00768        0.02365
     14 2O|4P1               0.19523        0.23253        0.02129       -0.06907       -0.07273        0.63128
     15 2O|5P1               0.01246        0.00945        0.05257       -0.95356        0.10014        3.56481
     16 2O|3D1              -0.00908       -0.00258        0.00629        0.00080        0.00502        0.00901
     17 2O|4D1              -0.02736       -0.00316        0.02513        0.02520        0.01589        0.00050
     18 2O|5D1              -0.02274       -0.00552        0.04568        0.08561        0.09195       -0.21957
     19 2O|4F1               0.00325       -0.00179       -0.00341       -0.00132       -0.00131       -0.00377
     20 2O|5F1               0.00384       -0.00028       -0.00866       -0.01593       -0.01015        0.02612
     21 2O|4F3               0.00195        0.00193        0.00020        0.00024        0.00029        0.00087
     22 2O|5F3               0.00058        0.00183        0.00064        0.00312       -0.00207       -0.00536
     23 3H|1S0              -0.13461        0.19059       -0.03642       -0.07855       -0.04132       -0.10051
     24 3H|2S0              -0.15289        0.25887       -0.08378       -0.37622        0.09718        0.20446
     25 3H|3S0              -0.03964       -0.09247       -0.72943       -1.90420        2.45416        3.51464
     26 3H|4S0              -0.00641       -0.00042       -0.82660        0.21682        7.56395       -6.64408
     27 3H|2P0              -0.01018        0.00702        0.01228        0.01107        0.00413        0.00577
     28 3H|3P0              -0.01213        0.00180        0.04354        0.05606        0.05718        0.23144
     29 3H|4P0              -0.02435       -0.02698        0.14647        0.80227        0.29797        0.86878
     30 3H|2P1              -0.01021        0.01073        0.01496        0.00366        0.00724        0.00228
     31 3H|3P1               0.00622        0.00540        0.05384       -0.00812        0.08083        0.07914
     32 3H|4P1              -0.00112       -0.03719        0.12072        0.01359        0.46225        0.87509
     33 3H|3D0              -0.00244       -0.00138        0.00125       -0.00007        0.00156        0.00251
     34 3H|4D0              -0.00179        0.00192        0.01014        0.03770        0.00830        0.02471
     35 3H|3D1              -0.00530        0.00218        0.00478       -0.00011        0.00446        0.00690
     36 3H|4D1               0.00328        0.00244       -0.00024        0.03615       -0.00441        0.09378
     37 3H|3D2              -0.00111        0.00173        0.00219       -0.00030        0.00482        0.00441
     38 3H|4D2               0.00376       -0.00009        0.00085        0.04324       -0.02748       -0.01899
 
         Orbital                78             79
         Energy              0.08147        0.13657
         Occ No.             0.00000        0.00000
      1 1C|2P1               0.12698        0.15071
      2 1C|3P1               0.13843        0.87959
      3 1C|4P1               3.64685        7.98312
      4 1C|5P1               5.80898       -0.81595
      5 1C|3D1               0.00017        0.00469
      6 1C|4D1               0.08065       -0.21841
      7 1C|5D1              -0.67800        0.06756
      8 1C|4F1               0.00162        0.00889
      9 1C|5F1              -0.16802        0.11898
     10 1C|4F3              -0.00803        0.01540
     11 1C|5F3               0.14651        0.04596
     12 2O|2P1               0.02667       -0.07488
     13 2O|3P1               0.06862       -0.07761
     14 2O|4P1              -0.08666       -0.63775
     15 2O|5P1              -0.98160        1.24277
     16 2O|3D1              -0.00255       -0.00767
     17 2O|4D1              -0.01392        0.00864
     18 2O|5D1               0.10817        0.09764
     19 2O|4F1               0.00474        0.00199
     20 2O|5F1              -0.01440       -0.01398
     21 2O|4F3               0.00164       -0.00098
     22 2O|5F3              -0.01432        0.00237
     23 3H|1S0               0.01620        0.06520
     24 3H|2S0               0.42249        1.15934
     25 3H|3S0               5.66731       17.66354
     26 3H|4S0               7.89438        1.10130
     27 3H|2P0              -0.00860       -0.01458
     28 3H|3P0               0.24207        0.19964
     29 3H|4P0               1.89975        4.56716
     30 3H|2P1              -0.00456       -0.01180
     31 3H|3P1              -0.20807        0.52141
     32 3H|4P1              -1.13717        7.12465
     33 3H|3D0               0.00361       -0.00862
     34 3H|4D0               0.23814       -0.04525
     35 3H|3D1              -0.00351        0.01065
     36 3H|4D1              -0.01416        0.27754
     37 3H|3D2               0.00338        0.01319
     38 3H|4D2              -0.22462        0.26014
 
 
  Symmetry   4 B2      
 
         Orbital               110            111            112            113            114            115
         Energy             -0.79252       -0.39068       -0.11978       -0.03056        0.04449        0.12307
         Occ No.             1.00000        0.00000        0.00000        0.00000        0.00000        0.00000
      1 1C|2P-1              0.17617        0.31700        0.14884        0.03954        0.15374       -0.04270
      2 1C|3P-1              0.20598        0.41328        0.20595        0.02462        0.33824        0.04073
      3 1C|4P-1              0.06279        0.32067        0.04966       -0.03357        1.64982       -0.14845
      4 1C|5P-1             -0.00090        0.03303       -0.95631       -1.13362        1.94512        0.40908
      5 1C|3D-1              0.02022       -0.01400        0.00425        0.00114        0.01644        0.00931
      6 1C|4D-1              0.02771       -0.05011        0.01607       -0.09738       -0.00948        0.41482
      7 1C|5D-1             -0.01102       -0.03707       -0.01685       -0.26148        0.12466        2.64007
      8 1C|4F-3              0.00117        0.00207        0.00155       -0.00028       -0.00512        0.00473
      9 1C|5F-3             -0.00199       -0.00019       -0.00917        0.00195        0.07014       -0.11320
     10 1C|4F-1              0.00768       -0.00344        0.00276       -0.00778       -0.00452        0.00154
     11 1C|5F-1              0.00545       -0.01249        0.00182       -0.02145        0.03414        0.18447
     12 2O|2P-1              0.33567       -0.23122        0.01448       -0.11774       -0.02486       -0.08067
     13 2O|3P-1              0.40102       -0.27883        0.02130       -0.14131       -0.01376       -0.07018
     14 2O|4P-1              0.23360       -0.21011       -0.01677        0.02942       -0.27715       -1.30264
     15 2O|5P-1              0.00893       -0.04791       -0.00988        2.04346       -1.21436       -2.23713
     16 2O|3D-1             -0.01038       -0.00413       -0.00546        0.00153       -0.00610       -0.00802
     17 2O|4D-1             -0.02943       -0.01754       -0.01284        0.00717       -0.02322        0.05242
     18 2O|5D-1             -0.01433       -0.02750       -0.03082       -0.15852        0.05048        0.37479
     19 2O|4F-3              0.00239       -0.00154       -0.00000       -0.00087        0.00051       -0.00240
     20 2O|5F-3              0.00152       -0.00095        0.00008        0.00040       -0.00729        0.01465
     21 2O|4F-1              0.00457        0.00280        0.00231       -0.00311        0.00328        0.00377
     22 2O|5F-1              0.00333        0.00582        0.00367        0.02374       -0.00080       -0.06521
     23 3H|2P-1              0.00388        0.01263       -0.00056       -0.00287       -0.00549       -0.01103
     24 3H|3P-1              0.01494        0.05253        0.00021       -0.01742       -0.12079        0.14866
     25 3H|4P-1             -0.00559        0.03000       -0.06569       -0.57415       -2.05266        2.17211
     26 3H|3D-2              0.00210        0.00604        0.00213        0.00266        0.00495       -0.00639
     27 3H|4D-2             -0.00118        0.00694        0.01557       -0.06398       -0.15732        0.15440
     28 3H|3D-1              0.00176        0.00278        0.00108       -0.00032        0.00408        0.00756
     29 3H|4D-1              0.00379        0.00133        0.01812        0.02718       -0.08199        0.14953
 
         Orbital               116
         Energy              0.21883
         Occ No.             0.00000
      1 1C|2P-1             -0.22713
      2 1C|3P-1             -0.12412
      3 1C|4P-1              5.72787
      4 1C|5P-1              0.67077
      5 1C|3D-1             -0.01490
      6 1C|4D-1              0.32964
      7 1C|5D-1             -0.25922
      8 1C|4F-3             -0.00477
      9 1C|5F-3              0.15150
     10 1C|4F-1              0.01011
     11 1C|5F-1              0.25776
     12 2O|2P-1             -0.00760
     13 2O|3P-1             -0.00443
     14 2O|4P-1             -1.36712
     15 2O|5P-1             -1.19359
     16 2O|3D-1             -0.00042
     17 2O|4D-1              0.07561
     18 2O|5D-1              0.76776
     19 2O|4F-3              0.00323
     20 2O|5F-3             -0.02298
     21 2O|4F-1              0.00647
     22 2O|5F-1             -0.10886
     23 3H|2P-1              0.03493
     24 3H|3P-1             -0.36202
     25 3H|4P-1             -2.95374
     26 3H|3D-2              0.00700
     27 3H|4D-2             -0.30581
     28 3H|3D-1              0.00263
     29 3H|4D-1             -0.19312
 
 
 [Beta MOs]
 Frontier orbitals of each irrep:
 
  Symmetry   1 A1      
 
         Orbital                 1              2              3              4              5              6
         Energy            -19.58025      -10.63671       -1.44785       -0.95953       -0.81769       -0.20437
         Occ No.             1.00000        1.00000        1.00000        1.00000        1.00000        0.00000
      1 1C|1S0               0.00095       -0.98317        0.02428       -0.01678       -0.00027        0.00399
      2 1C|2S0               0.00211       -0.02016       -0.24459        0.40500        0.00160        0.27189
      3 1C|3S0               0.00178       -0.05402       -0.05947        0.10909       -0.00286        0.09280
      4 1C|4S0              -0.00597       -0.03084       -0.11968        0.26098        0.12499        0.24131
      5 1C|5S0               0.00029       -0.00883       -0.00580        0.01295       -0.00006       -0.26364
      6 1C|2P0               0.00061       -0.00165       -0.11767       -0.10049       -0.22236       -0.12423
      7 1C|3P0               0.00234       -0.00622       -0.07778       -0.10731       -0.23180       -0.14443
      8 1C|4P0              -0.00157        0.00421        0.03009       -0.04724       -0.06736       -0.13016
      9 1C|5P0               0.00003        0.00027        0.00246       -0.00097        0.00092       -0.01870
     10 1C|3D0               0.00034       -0.00256       -0.01893       -0.00370       -0.01567        0.00242
     11 1C|4D0              -0.00248        0.00054       -0.00945       -0.00630       -0.00774        0.01576
     12 1C|5D0              -0.00289        0.00501        0.01640        0.01358       -0.01047        0.00064
     13 1C|3D2              -0.00005       -0.00172       -0.00214        0.00729        0.00407       -0.01226
     14 1C|4D2              -0.00054       -0.00057       -0.01892        0.01452        0.00520       -0.06723
     15 1C|5D2               0.00115       -0.00312       -0.00932       -0.00141        0.01105       -0.05297
     16 1C|4F0              -0.00091       -0.00219       -0.00882        0.00119       -0.00699       -0.00352
     17 1C|5F0              -0.00093        0.00395       -0.00171        0.00010        0.01099       -0.00928
     18 1C|4F2               0.00032        0.00127        0.00340       -0.00175        0.00087        0.00420
     19 1C|5F2               0.00087       -0.00241        0.00355       -0.00288       -0.00577        0.01401
     20 2O|1S0               0.97229       -0.00087        0.01806        0.00133       -0.00074        0.00072
     21 2O|2S0              -0.00181       -0.00218       -0.45054       -0.24819        0.18890        0.03041
     22 2O|3S0               0.05041       -0.00108       -0.13043       -0.07623        0.05846        0.01011
     23 2O|4S0               0.00523        0.01119       -0.23242       -0.22847        0.24039        0.13157
     24 2O|5S0               0.00043        0.00578       -0.02626       -0.02070        0.04842        0.07468
     25 2O|2P0              -0.00171        0.00086        0.10657       -0.10171        0.30520        0.03132
     26 2O|3P0               0.00002       -0.00390        0.12397       -0.11260        0.34498        0.03245
     27 2O|4P0               0.00328       -0.01547        0.03166       -0.04824        0.16041       -0.00746
     28 2O|5P0               0.00030       -0.00173        0.00094        0.00031       -0.00310        0.03166
     29 2O|3D0               0.00070       -0.00020       -0.00996        0.00261       -0.01064        0.00078
     30 2O|4D0              -0.00100        0.00455       -0.02340        0.00549       -0.02201        0.00872
     31 2O|5D0              -0.00194        0.00537        0.00085        0.00255       -0.00377        0.02304
     32 2O|3D2              -0.00037       -0.00001        0.00320        0.00193       -0.00132       -0.00123
     33 2O|4D2              -0.00002        0.00006        0.00405        0.00245       -0.00112       -0.00445
     34 2O|5D2              -0.00053        0.00117        0.00091        0.00155       -0.00024       -0.00920
     35 2O|4F0              -0.00010       -0.00043        0.00436       -0.00134        0.00446       -0.00010
     36 2O|5F0               0.00085       -0.00225        0.00381       -0.00032        0.00423       -0.00309
     37 2O|4F2              -0.00000        0.00011       -0.00050        0.00018       -0.00120        0.00039
     38 2O|5F2               0.00024       -0.00018       -0.00039        0.00041       -0.00045        0.00139
     39 3H|1S0               0.00034       -0.00096       -0.01838        0.13997        0.08913       -0.07966
     40 3H|2S0               0.00337        0.00391        0.03494        0.15184        0.10421       -0.06361
     41 3H|3S0              -0.00085        0.02101        0.07260       -0.02355       -0.02329       -0.46551
     42 3H|4S0              -0.00004        0.00163        0.00256       -0.00207        0.00016       -0.28535
     43 3H|2P0               0.00021        0.00060       -0.00127        0.00624        0.00209        0.00366
     44 3H|3P0              -0.00052        0.00315        0.01114        0.00339       -0.00022        0.03472
     45 3H|4P0              -0.00179        0.00624        0.02237        0.00483       -0.01322        0.03593
     46 3H|2P1               0.00025        0.00084        0.00028        0.01413        0.01048        0.01623
     47 3H|3P1               0.00135        0.00538        0.01812        0.01646        0.01371        0.09873
     48 3H|4P1               0.00151        0.00266        0.01151       -0.01808       -0.00154        0.15978
     49 3H|3D0              -0.00028       -0.00029       -0.00168       -0.00137       -0.00301       -0.00277
     50 3H|4D0              -0.00042        0.00070        0.00229       -0.00132        0.00498       -0.00453
     51 3H|3D1               0.00007        0.00178        0.00081        0.00283        0.00121        0.00457
     52 3H|4D1              -0.00034        0.00088        0.00524        0.00085       -0.00295        0.00975
     53 3H|3D2               0.00008        0.00144        0.00123        0.00344        0.00282        0.00516
     54 3H|4D2               0.00028        0.00162        0.00238       -0.00011        0.00307        0.00901
 
         Orbital                 7              8              9             10             11
         Energy             -0.16208       -0.11670       -0.05927       -0.04809       -0.00466
         Occ No.             0.00000        0.00000        0.00000        0.00000        0.00000
      1 1C|1S0               0.00301        0.00464       -0.00216        0.00210       -0.00483
      2 1C|2S0               0.11064        0.08971       -0.00697       -0.12343       -0.12252
      3 1C|3S0               0.03486        0.04387       -0.00245       -0.05562       -0.05871
      4 1C|4S0               0.10325       -1.20258       -0.00340        2.07284        0.11780
      5 1C|5S0               0.36256        0.24187        0.32959        7.12685        0.64864
      6 1C|2P0               0.00935       -0.04814        0.00483        0.04752       -0.08098
      7 1C|3P0               0.03504        0.03149       -0.12446        0.17907       -0.12992
      8 1C|4P0               0.29073        0.38179       -1.24938        0.29131        0.76806
      9 1C|5P0               0.68697       -0.09839       -0.70768       -0.38008        2.46422
     10 1C|3D0              -0.02668        0.00927       -0.02116        0.00855        0.02811
     11 1C|4D0              -0.07718        0.00538       -0.14630        0.06658        0.15602
     12 1C|5D0              -0.02034       -0.19631       -0.34849       -0.12693        0.89400
     13 1C|3D2              -0.00267       -0.02683       -0.00538       -0.00555       -0.00156
     14 1C|4D2              -0.02235       -0.15642       -0.01837        0.06882        0.00258
     15 1C|5D2              -0.07689       -0.18286       -0.04939        0.27235       -0.34402
     16 1C|4F0              -0.00778       -0.00464       -0.00441        0.00852        0.01277
     17 1C|5F0              -0.01514       -0.04915       -0.06695        0.02557        0.02665
     18 1C|4F2               0.00230        0.00792       -0.00195       -0.00329       -0.00564
     19 1C|5F2               0.01407        0.06026        0.01746       -0.02448        0.02622
     20 2O|1S0              -0.00750        0.00199       -0.00396        0.00339        0.00943
     21 2O|2S0              -0.17993       -0.02783       -0.01656       -0.02122        0.16626
     22 2O|3S0              -0.06140       -0.00920       -0.00582       -0.00551        0.05950
     23 2O|4S0              -0.36488        0.01232        0.68854       -0.52597       -0.25230
     24 2O|5S0              -0.22242       -0.14464        2.33701       -2.49274       -2.84372
     25 2O|2P0               0.05511       -0.01898        0.09765       -0.04289       -0.06174
     26 2O|3P0               0.06409       -0.02682        0.08654       -0.03114       -0.04382
     27 2O|4P0               0.07524        0.03055       -0.20035        0.39505       -0.04961
     28 2O|5P0              -0.06172        0.22054       -1.44187        1.03299       -1.50775
     29 2O|3D0              -0.00080        0.00042       -0.00438        0.00053       -0.00286
     30 2O|4D0              -0.00711       -0.00631       -0.00084       -0.02473       -0.03222
     31 2O|5D0               0.00904       -0.02426        0.02034       -0.11943        0.12840
     32 2O|3D2               0.00128       -0.00273       -0.00110       -0.00145       -0.00119
     33 2O|4D2              -0.00125       -0.01372       -0.00616        0.00071       -0.01327
     34 2O|5D2               0.00063       -0.05163       -0.02418       -0.04579        0.01719
     35 2O|4F0               0.00084        0.00030        0.00108        0.00084        0.00419
     36 2O|5F0               0.00174        0.00338       -0.00158        0.01096       -0.01910
     37 2O|4F2              -0.00021        0.00051       -0.00046       -0.00038        0.00073
     38 2O|5F2               0.00105        0.00897        0.00473        0.00568       -0.00004
     39 3H|1S0              -0.03197       -0.13717       -0.03851        0.00052        0.00457
     40 3H|2S0               0.00052        0.01494       -0.08771       -0.20551        0.07961
     41 3H|3S0              -0.03090        0.31646       -2.09747       -1.73725        0.47812
     42 3H|4S0               0.10698        0.53616       -0.53055       -2.97823        0.55985
     43 3H|2P0               0.01164       -0.00329        0.00338       -0.00424       -0.00800
     44 3H|3P0               0.05274        0.01451        0.00990       -0.08341       -0.07264
     45 3H|4P0               0.22794       -0.12566       -0.00638       -0.40179       -0.16152
     46 3H|2P1               0.00052        0.00844        0.00265       -0.00243        0.00389
     47 3H|3P1               0.00938        0.14099       -0.08655       -0.09235       -0.03099
     48 3H|4P1              -0.04374        0.73786       -0.45861        0.06719       -0.25186
     49 3H|3D0              -0.00009       -0.00327       -0.00176        0.00038        0.00224
     50 3H|4D0              -0.01057       -0.02946        0.00692       -0.00142       -0.05137
     51 3H|3D1               0.00275        0.00349       -0.00412       -0.00544       -0.00467
     52 3H|4D1               0.00149        0.01406        0.00828        0.00915       -0.04888
     53 3H|3D2               0.00032        0.00254       -0.00560       -0.00473       -0.00036
     54 3H|4D2              -0.00641        0.02471       -0.04590        0.01382       -0.03932
 
 
  Symmetry   2 A2      
 
         Orbital                55             56             57             58             59             60
         Energy             -0.05167        0.11402        0.43130        0.47312        0.63092        0.69191
         Occ No.             0.00000        0.00000        0.00000        0.00000        0.00000        0.00000
      1 1C|3D-2             -0.03272       -0.00678        0.00315       -0.02147       -0.05768        0.05597
      2 1C|4D-2              0.01081       -0.24921        1.02774        0.53850        0.40180       -0.26169
      3 1C|5D-2             -0.34726       -2.98275       -1.40524        2.98769        1.73899        0.01855
      4 1C|4F-2             -0.00008       -0.00870        0.00717       -0.01425        0.00673        0.00027
      5 1C|5F-2             -0.04102        0.13860       -0.39018        0.02548       -0.61636        0.85729
      6 2O|3D-2             -0.00481       -0.00560        0.01333       -0.03621        0.00296        0.00527
      7 2O|4D-2             -0.01761       -0.04513       -0.00001        0.04058       -0.04991        0.01578
      8 2O|5D-2             -0.03332       -0.04496        0.60515       -1.53231        0.53266       -0.57462
      9 2O|4F-2              0.00176        0.00007        0.00578       -0.01034        0.00805       -0.01699
     10 2O|5F-2              0.00311        0.00899       -0.05107        0.07250       -0.00706        0.09498
     11 3H|2P-1              0.01587        0.01363       -0.00507       -0.00740       -0.03638        0.04313
     12 3H|3P-1              0.10318       -0.22734       -0.07048       -0.06619        0.57932       -0.87885
     13 3H|4P-1              0.87062       -4.47921       -0.18093        3.78463        2.81443       -1.10681
     14 3H|3D-2              0.00153        0.00276        0.00694        0.00123        0.02164        0.01962
     15 3H|4D-2              0.08078       -0.30727        0.65949        0.33415        0.59799       -1.95704
     16 3H|3D-1              0.00314        0.00927        0.01032        0.00213       -0.03425       -0.03099
     17 3H|4D-1              0.04610       -0.18747        0.14431        0.35124        1.35017        0.30055
 
 
  Symmetry   3 B1      
 
         Orbital                72             73             74             75             76             77
         Energy             -0.82505       -0.51474       -0.15369       -0.05839       -0.04582        0.02873
         Occ No.             1.00000        0.00000        0.00000        0.00000        0.00000        0.00000
      1 1C|2P1              -0.26659       -0.09012       -0.21256       -0.10919       -0.15051       -0.07090
      2 1C|3P1              -0.31589       -0.11495       -0.26945       -0.08881       -0.15163        0.02577
      3 1C|4P1              -0.12150       -0.20034       -0.19027       -0.74651        1.21613        1.06568
      4 1C|5P1               0.00491       -0.00993        0.21582       -0.63997        2.91771       -5.06854
      5 1C|3D1              -0.00271        0.03317       -0.00614       -0.00851       -0.00944       -0.02007
      6 1C|4D1               0.01037        0.07484       -0.00560        0.13537       -0.02749       -0.33143
      7 1C|5D1               0.03273        0.04964        0.08469        0.92631       -0.15808       -1.32033
      8 1C|4F1              -0.00621        0.00873        0.00026        0.01213        0.00021       -0.00166
      9 1C|5F1              -0.00300        0.01267        0.01036        0.03120        0.02842       -0.18103
     10 1C|4F3              -0.00143       -0.00199        0.00051       -0.00010        0.00022        0.00947
     11 1C|5F3              -0.00197       -0.00625        0.00454       -0.01850        0.03172        0.07095
     12 2O|2P1              -0.16273        0.32932        0.03184        0.14449        0.01592        0.00773
     13 2O|3P1              -0.19305        0.39376        0.03763        0.18280        0.02160        0.02843
     14 2O|4P1              -0.12951        0.30447        0.02703       -0.05320       -0.10221        0.62860
     15 2O|5P1              -0.01232        0.02777        0.07682       -1.09130       -0.13286        3.59711
     16 2O|3D1               0.00826       -0.00428        0.00547       -0.00055        0.00449        0.00834
     17 2O|4D1               0.02347       -0.00902        0.01980        0.02353        0.01790       -0.00277
     18 2O|5D1               0.01620       -0.00717        0.03972        0.08667        0.10970       -0.22558
     19 2O|4F1              -0.00541        0.00307       -0.00258        0.00065       -0.00107       -0.00352
     20 2O|5F1              -0.00391        0.00179       -0.00647       -0.01794       -0.01268        0.02632
     21 2O|4F3               0.00099       -0.00214       -0.00013       -0.00157        0.00014        0.00082
     22 2O|5F3               0.00063       -0.00002       -0.00027        0.00450       -0.00194       -0.00594
     23 3H|1S0               0.16067        0.15368       -0.02455       -0.05464       -0.04683       -0.09673
     24 3H|2S0               0.18190        0.21159       -0.04884       -0.38522        0.04205        0.23534
     25 3H|3S0              -0.05131       -0.09559       -0.64973       -2.61818        2.00042        3.69796
     26 3H|4S0               0.00400       -0.00508       -0.85624       -0.87428        7.65283       -6.52937
     27 3H|2P0               0.01170        0.00328        0.01021        0.00902        0.00499        0.00484
     28 3H|3P0               0.01369       -0.00968        0.03222        0.03844        0.05866        0.23953
     29 3H|4P0               0.00661       -0.02670        0.11300        0.89553        0.44787        1.03309
     30 3H|2P1               0.01202        0.00725        0.01333        0.00319        0.00725        0.00276
     31 3H|3P1              -0.00532        0.00177        0.04357       -0.02340        0.07089        0.08610
     32 3H|4P1              -0.02212       -0.04597        0.11408       -0.04777        0.44731        0.99334
     33 3H|3D0               0.00231       -0.00207        0.00112       -0.00111        0.00140        0.00238
     34 3H|4D0               0.00224        0.00243        0.00806        0.04703        0.01653        0.03443
     35 3H|3D1               0.00546        0.00017        0.00417       -0.00080        0.00400        0.00723
     36 3H|4D1              -0.00345        0.00357       -0.00187        0.04780        0.00147        0.10582
     37 3H|3D2               0.00125        0.00147        0.00185       -0.00121        0.00441        0.00447
     38 3H|4D2              -0.00398        0.00092       -0.00131        0.05505       -0.01965       -0.01526
 
         Orbital                78
         Energy              0.08379
         Occ No.             0.00000
      1 1C|2P1              -0.12650
      2 1C|3P1              -0.13765
      3 1C|4P1              -3.63745
      4 1C|5P1              -5.84900
      5 1C|3D1              -0.00168
      6 1C|4D1              -0.09828
      7 1C|5D1               0.61679
      8 1C|4F1              -0.00220
      9 1C|5F1               0.16746
     10 1C|4F3               0.00852
     11 1C|5F3              -0.14589
     12 2O|2P1              -0.02590
     13 2O|3P1              -0.06778
     14 2O|4P1               0.09266
     15 2O|5P1               1.04098
     16 2O|3D1               0.00254
     17 2O|4D1               0.01242
     18 2O|5D1              -0.11715
     19 2O|4F1              -0.00505
     20 2O|5F1               0.01695
     21 2O|4F3              -0.00128
     22 2O|5F3               0.01325
     23 3H|1S0              -0.01691
     24 3H|2S0              -0.40198
     25 3H|3S0              -5.55002
     26 3H|4S0              -7.92546
     27 3H|2P0               0.00906
     28 3H|3P0              -0.23794
     29 3H|4P0              -1.94369
     30 3H|2P1               0.00333
     31 3H|3P1               0.20889
     32 3H|4P1               1.19356
     33 3H|3D0              -0.00350
     34 3H|4D0              -0.24775
     35 3H|3D1               0.00342
     36 3H|4D1               0.01247
     37 3H|3D2              -0.00322
     38 3H|4D2               0.23008
 
 
  Symmetry   4 B2      
 
         Orbital               110            111            112            113            114            115
         Energy             -0.77350       -0.38581       -0.12046       -0.02873        0.04527        0.12305
         Occ No.             1.00000        0.00000        0.00000        0.00000        0.00000        0.00000
      1 1C|2P-1              0.19550       -0.31032        0.14721       -0.03903        0.15348        0.04272
      2 1C|3P-1              0.23425       -0.41018        0.20534       -0.02380        0.33884       -0.04099
      3 1C|4P-1              0.07857       -0.32123        0.03667        0.03995        1.62236        0.12664
      4 1C|5P-1             -0.00106       -0.03492       -0.95556        1.14743        1.93796       -0.41074
      5 1C|3D-1              0.02052        0.01516        0.00474       -0.00046        0.01684       -0.00925
      6 1C|4D-1              0.02994        0.05424        0.01719        0.10067       -0.01233       -0.41550
      7 1C|5D-1             -0.01062        0.03965       -0.01374        0.27064        0.11731       -2.64167
      8 1C|4F-3              0.00098       -0.00109        0.00111        0.00037       -0.00563       -0.00476
      9 1C|5F-3             -0.00183       -0.00105       -0.00927       -0.00260        0.07043        0.11044
     10 1C|4F-1              0.00796        0.00390        0.00285        0.00800       -0.00463       -0.00152
     11 1C|5F-1              0.00597        0.01275        0.00166        0.02297        0.03186       -0.18313
     12 2O|2P-1              0.31703        0.24496        0.01515        0.11940       -0.02533        0.08153
     13 2O|3P-1              0.37777        0.29579        0.02203        0.14320       -0.01426        0.07068
     14 2O|4P-1              0.22785        0.23310       -0.01381       -0.02283       -0.26872        1.31663
     15 2O|5P-1              0.00925        0.05495       -0.00736       -2.06498       -1.18768        2.23016
     16 2O|3D-1             -0.01038        0.00373       -0.00532       -0.00155       -0.00590        0.00815
     17 2O|4D-1             -0.02922        0.01510       -0.01215       -0.00733       -0.02271       -0.05323
     18 2O|5D-1             -0.01420        0.02673       -0.03001        0.16174        0.04609       -0.37160
     19 2O|4F-3             -0.00172       -0.00120       -0.00020       -0.00042        0.00072        0.00161
     20 2O|5F-3             -0.00034       -0.00038        0.00081        0.00017       -0.00646       -0.01375
     21 2O|4F-1              0.00597       -0.00149        0.00231        0.00366        0.00305       -0.00340
     22 2O|5F-1              0.00398       -0.00510        0.00322       -0.02446       -0.00040        0.06470
     23 3H|2P-1              0.00399       -0.01141       -0.00084        0.00265       -0.00524        0.01072
     24 3H|3P-1              0.01498       -0.04341        0.00171        0.01523       -0.11298       -0.14805
     25 3H|4P-1             -0.00673       -0.02533       -0.06357        0.57046       -2.05585       -2.15481
     26 3H|3D-2              0.00201       -0.00511        0.00186       -0.00268        0.00487        0.00580
     27 3H|4D-2             -0.00115       -0.00596        0.01466        0.06484       -0.16073       -0.15427
     28 3H|3D-1              0.00170       -0.00237        0.00097        0.00065        0.00376       -0.00705
     29 3H|4D-1              0.00387       -0.00045        0.01697       -0.02601       -0.08451       -0.14637
 
         Orbital               116
         Energy              0.21723
         Occ No.             0.00000
      1 1C|2P-1             -0.22603
      2 1C|3P-1             -0.12364
      3 1C|4P-1              5.72805
      4 1C|5P-1              0.67703
      5 1C|3D-1             -0.01505
      6 1C|4D-1              0.32254
      7 1C|5D-1             -0.27165
      8 1C|4F-3             -0.00424
      9 1C|5F-3              0.15013
     10 1C|4F-1              0.00983
     11 1C|5F-1              0.25555
     12 2O|2P-1             -0.00712
     13 2O|3P-1             -0.00350
     14 2O|4P-1             -1.35569
     15 2O|5P-1             -1.18564
     16 2O|3D-1             -0.00059
     17 2O|4D-1              0.07415
     18 2O|5D-1              0.75702
     19 2O|4F-3              0.00325
     20 2O|5F-3             -0.02311
     21 2O|4F-1              0.00641
     22 2O|5F-1             -0.10717
     23 3H|2P-1              0.03502
     24 3H|3P-1             -0.36095
     25 3H|4P-1             -2.97609
     26 3H|3D-2              0.00700
     27 3H|4D-2             -0.30860
     28 3H|3D-1              0.00275
     29 3H|4D-1             -0.19222
 
 
 [Mulliken Population Analysis]
  Atomic charges and Spin densities : 
     1C       0.0090   -0.0552
     2O       0.0178    0.8006
     3H       0.4866    0.1273
     4H       0.4866    0.1273
     Sum:     1.0000    1.0000
 
 [Lowdin Population Analysis]
  Atomic charges and Spin densities : 
     1C       0.4101    0.2106
     2O       0.7444    0.6449
     3H      -0.0772    0.0723
     4H      -0.0772    0.0723
     Sum:     1.0000    1.0000
 
 
 [Dipole moment: Debye]
              X          Y          Z         |u|
   Elec:-.7275E-16 -.5326E-32 -.3151E+01
   Nucl:0.0000E+00 -.1253E-30 -.2258E-14
   Totl:   -0.0000    -0.0000    -3.1507     3.1507
 
 ---------------------------------------------------------------
  Timing of SCF calculation                                                       
 
  CPU TIME(S)      SYSTEM TIME(S)     WALL TIME(S)
         26.920            0.270               3.460
 ---------------------------------------------------------------
 
|******************************************************************************|
 
    Total cpu     time:         26.94  S
    Total system  time:          0.27  S
    Total wall    time:          3.48  S
 
    Current time   2026-02-03  11:04:36
    End running module scf
|******************************************************************************|
 
$tddft
iroot
4
crit_e
1.d-10
crit_vec
1.d-8
istore
1
grid
ultra fine
gridtol
1.d-9
$end
('tmpstdin ', True)
('npro is ', 1)
('\n BDF command: ', '/apps/users/wzk/bdf/bdf-pkg/build/bdf-pkg-full/bin/tddft.x /apps/users/wzk/scratch/CH2O-UTDDFT-B3LYP_723/CH2O-UTDDFT-B3LYPXX3.tddft.inp')
  BDF process        0 of        1 on Serial  
 
|******************************************************************************|
 
    Start running module tddft
    Current time   2026-02-03  11:04:36
 
|******************************************************************************|
 
 [postscf_readinfo]
  Ground state information: 
  KS Ground State 
  UKS orbitals 
 
 [postscf_trsint1e]
 
 [postscf_gsorb]
  Nc=    7 No=    1 Nv=  130 Ntot=  138
  NA=    8 NB=    7
  Ground-state spin: Si= 0.500
 
 [postscf_spinsim]
  <S^2>_U= 0.7583  Deviation= 0.0083
 Number of significient shell pairs :       72
 Estimate memory for direct ERI calculations:           4.129 M

 IF USE_LIBCINT :    F


 Binary group is used in TDDFT ...

  AO TDDFT
 
 [tddft_input]

 Threshold in dft prescreening ...
 Thresh_shellvalue_dft :  0.10000E-09
 ThreshRho     :  0.10000E-11

 Finegrid                     5                     1
  Switch to Ultra Fine grid ...
 
    --------------------------------------------------   
    --- PRINT: Information about TDDFT calculation ---   
    --------------------------------------------------   
 ERI Maxblk=     8M
 [print level]
  iprt= 0
 [method]
  U-TD-DFT 
  isf= 0
  SC Excitations 
  RPA: (A-B)(A+B)Z=w2*Z 
 [special choice for method]
  ialda= 0
 [active space]
  Full active space 
 [algorithm]
  Target Excited State in each rep / Diag method :
  1   A1       4   1
  2   A2       4   1
  3   B1       4   1
  4   B2       4   1
 [dvdson_parameters]
  iupdate =   3
  Nfac =  50
  Nmaxcycle=    50
  nblock   =500000
  crit_e   = 0.10E-09
  crit_vec = 0.10E-07
  crit_demo= 0.10E-07
  crit_indp= 0.10E-09
  guess    =  20
  dump     =   0
 [output eigenvector control]
  cthrd= 0.100
    -------------------------------------------------   
    --- END : Information about TDDFT calculation ---   
    -------------------------------------------------   
 [TDDFT algorithm] 
  AOTDDFT
  AOKXC
  Direct Grid
 Fragtomole calculation:  0
 
 [tddft_moval_drv]
 [dft_init]  T
 Libxc version: 7.0.0
 xcfun_xc_libxc is    475 xcfun_ex_libxc is      0
 The functional 'B3LYP with VWN functional 5 instead of RPA' is an exchange-correlation functional, it belongs to the 'Hybrid GGA. Coeff of Exx=  0.2000' family and is defined in the reference(s):
 [1] P. J. Stephens, F. J. Devlin, C. F. Chabalowski, and M. J. Frisch.,  J. Phys. Chem. 98, 11623 (1994)
 
  Switch to Ultra Fine grid ...
 
  --- PRINT: Information about DFT Calculation --- 
 No. of ATOMS =          4
 No. of Shells =         0
 No. of Batches =        0
 No. of Grids =          0
 No. of Basis Functions =      138
 No. of Records for [basval] =               0
 Estimated DiskSpace for storage [basval] =           0.000M
 
 Max No. of Rad point per atom =     0
 Max No. of Ang point per atom =     0
 Max No. of Grids per batch =          0
 Max No. of Basis per shell =          0
 Max No. of Records in one batch =               0
 Estimated Mem for [basval] =      0.000M
 Estimated Mem for [func] in R-DFT =      0.000M
 Estimated Mem for [func] in U-DFT =      0.000M
 DirectGrid:        T
 LogicOctree:       F
  --- END : Information about DFT Calculation --- 
 

 Time to calculate dft grid and perform basis seiving ...
 CPU:       0.000 S    Sys:       0.000 S    Wall:        0.000 S

 iXCFun (if using xcfun) =    2
  ex_fun=  20 co_fun=   0
  logic_gga =   T
 
  Initializing informations for TDDFT numerical integration...
 [ATOM SCF control]
  heff=                      0
 After initial atom grid ...
 After initial atom grid ...
 After initial atom grid ...
   1  C     Second Kind Chebyshev (100)  Lebedev (-1202)         
   2  O     Second Kind Chebyshev (100)  Lebedev (-1202)         
   3  H     Second Kind Chebyshev (100)  Lebedev (-1202)         
  Partition Function:  SSF   Partitioning with Scalar=  0.64.
  Gtol, Npblock, Icoulpot, Iop_adaptive :  0.10E-08    128      0          0
  Numerical Grid Generated SUCCESSFULLY! 
 Total and symmetry independent Grid Number:    174720    174404
 Gridinfo: Npoints/Nmax/NpointsU =    174720   174720   174720
  TDDFT EX-CO/Coul Matrix Numerical Integration Initialization done.
 
 Timing for TDDFT-ZY-NI-INIT:       3.680 S      0.100 S      0.470 S
 
 Number of frozen orbitals of each irrep:
  1   A1  Occ:      0  Vir:      0
  2   A2  Occ:      0  Vir:      0
  3   B1  Occ:      0  Vir:      0
  4   B2  Occ:      0  Vir:      0
 
 [tddft_actorb]
 
 [tddft_orbspread_analytic_int]
 
         Print [Active] Orbital List         
              ---[Alpha set]---
   idx irep (rep,ibas,type)       F_av(eV)     iact 
 ---------------------------------------------------
    1    1   A1     1   2          -533.43080   -0.31
    2    1   A1     2   2          -289.39126   -1.94
    3    1   A1     3   2           -40.60776    0.62
    4    1   A1     4   2           -26.81576   -1.00
    5    3   B1     1   2           -24.21486   -0.31
    6    1   A1     5   2           -22.90881    0.78
    7    4   B2     1   2           -21.56550    1.38
    8    3   B1     2   1           -18.76208    0.59
    9    4   B2     2   0           -10.63098    1.01
   10    1   A1     6   0            -5.75005   -3.28
   11    1   A1     7   0            -4.52811    4.59
   12    3   B1     3   0            -4.33810   -1.16
   13    1   A1     8   0            -3.36687    1.29
   14    4   B2     3   0            -3.25947   17.98
   15    3   B1     4   0            -2.02570    4.53
   16    1   A1     9   0            -1.64302    1.88
   17    2   A2     1   0            -1.48741    3.16
   18    1   A1    10   0            -1.36175    1.44
   19    3   B1     5   0            -1.34233   -3.38
   20    4   B2     4   0            -0.83171   14.90
   21    1   A1    11   0            -0.20156   11.33
   22    3   B1     6   0             0.65833    7.12
   23    4   B2     5   0             1.21076   16.86
   24    1   A1    12   0             1.86286    4.69
   25    3   B1     7   0             2.21686    4.66
   26    1   A1    13   0             2.57989    5.45
   27    1   A1    14   0             2.86017    3.44
   28    2   A2     2   0             3.05490    4.16
   29    4   B2     6   0             3.34882   10.06
   30    3   B1     8   0             3.71627   -1.82
   31    3   B1     9   0             4.09271    1.83
   32    1   A1    15   0             4.41654    1.30
   33    1   A1    16   0             5.16662    5.57
   34    4   B2     7   0             5.95461    6.55
   35    1   A1    17   0             7.11966    3.44
   36    3   B1    10   0             8.49246    4.32
   37    1   A1    18   0             8.82645    4.54
   38    4   B2     8   0            11.33647    5.36
   39    3   B1    11   0            11.40317    1.97
   40    2   A2     3   0            11.54826    3.70
   41    1   A1    19   0            12.19895    4.56
   42    2   A2     4   0            12.56830    5.32
   43    3   B1    12   0            12.62004    2.95
   44    1   A1    20   0            13.04945    2.80
   45    4   B2     9   0            14.47185    1.05
   46    3   B1    13   0            15.08699   -0.26
   47    1   A1    21   0            15.44980    3.56
   48    1   A1    22   0            16.08781    3.67
   49    4   B2    10   0            16.75386    3.78
   50    4   B2    11   0            16.86701    4.75
   51    1   A1    23   0            17.08228    3.33
   52    2   A2     5   0            17.08755   -0.12
   53    3   B1    14   0            17.97959   -5.78
   54    3   B1    15   0            18.31041    2.14
   55    2   A2     6   0            18.72726   -1.78
   56    1   A1    24   0            18.78826   -0.36
   57    1   A1    25   0            22.18308    1.10
   58    4   B2    12   0            22.20750    0.59
   59    3   B1    16   0            24.04714    1.64
   60    1   A1    26   0            25.44643   -0.18
   61    4   B2    13   0            25.58441    3.57
   62    1   A1    27   0            26.74586    2.47
   63    3   B1    17   0            27.72063    0.77
   64    2   A2     7   0            29.33621    1.49
   65    3   B1    18   0            29.96742    0.97
   66    1   A1    28   0            30.26917    1.67
   67    4   B2    14   0            31.27428    1.11
   68    3   B1    19   0            32.78342   -1.05
   69    1   A1    29   0            33.61059    3.41
   70    4   B2    15   0            35.58063    1.99
   71    3   B1    20   0            38.85523   -1.24
   72    1   A1    30   0            40.14192   -2.73
   73    2   A2     8   0            41.51589   -1.29
   74    1   A1    31   0            41.70447   -0.51
   75    3   B1    21   0            45.69564    1.67
   76    2   A2     9   0            46.38108    2.12
   77    4   B2    16   0            46.51575    2.30
   78    1   A1    32   0            46.83113    2.86
   79    3   B1    22   0            48.17982    1.56
   80    1   A1    33   0            51.50617    0.10
   81    4   B2    17   0            51.79543    2.45
   82    3   B1    23   0            53.56570    1.36
   83    1   A1    34   0            54.70223    2.27
   84    4   B2    18   0            57.18558    2.60
   85    2   A2    10   0            59.92330    2.22
   86    1   A1    35   0            60.30088    1.46
   87    3   B1    24   0            62.77448    1.30
   88    1   A1    36   0            63.95276    1.72
   89    3   B1    25   0            65.62591    0.92
   90    4   B2    19   0            66.30027    2.87
   91    1   A1    37   0            68.04320   -2.05
   92    2   A2    11   0            69.38066   -1.47
   93    4   B2    20   0            75.22770   -0.54
   94    1   A1    38   0            76.66386    0.26
   95    3   B1    26   0            78.38302   -1.70
   96    4   B2    21   0            79.14515   -1.66
   97    2   A2    12   0            81.15968   -0.97
   98    1   A1    39   0            81.89517   -1.43
   99    3   B1    27   0            83.33199   -1.80
  100    1   A1    40   0            86.72921   -2.08
  101    3   B1    28   0            88.22232   -1.04
  102    4   B2    22   0            89.79499    1.65
  103    3   B1    29   0            94.28414   -1.10
  104    1   A1    41   0            94.28756   -0.45
  105    3   B1    30   0            94.85306   -1.74
  106    2   A2    13   0            96.42967   -2.84
  107    1   A1    42   0            96.52292    0.30
  108    4   B2    23   0            99.40771   -3.18
  109    1   A1    43   0           104.89647   -1.70
  110    4   B2    24   0           108.48550   -4.01
  111    2   A2    14   0           109.27095   -5.10
  112    1   A1    44   0           110.35061   -3.53
  113    3   B1    31   0           115.68163    0.05
  114    4   B2    25   0           116.81627    0.44
  115    4   B2    26   0           120.12823   -0.75
  116    3   B1    32   0           120.49762   -4.82
  117    1   A1    45   0           121.86261   -3.36
  118    2   A2    15   0           121.95628   -3.51
  119    3   B1    33   0           124.20910   -4.66
  120    1   A1    46   0           124.25882   -2.11
  121    1   A1    47   0           137.64936   -2.24
  122    3   B1    34   0           145.68762   -0.39
  123    1   A1    48   0           148.17151    0.97
  124    3   B1    35   0           154.83985    0.53
  125    4   B2    27   0           155.65838    0.59
  126    3   B1    36   0           157.62814   -0.04
  127    2   A2    16   0           164.57856    0.43
  128    1   A1    49   0           165.75175    0.69
  129    2   A2    17   0           169.23331    0.55
  130    1   A1    50   0           170.10362    0.52
  131    4   B2    28   0           170.28850    0.83
  132    1   A1    51   0           177.57296    0.51
  133    4   B2    29   0           179.50959    0.59
  134    3   B1    37   0           183.52501    0.26
  135    1   A1    52   0           184.50005    0.29
  136    3   B1    38   0           185.56253    0.69
  137    1   A1    53   0           383.64292    1.11
  138    1   A1    54   0           399.41243   -0.96
              ---[Beta  set]---
   idx irep (rep,ibas,type)       F_av(eV)     iact 
 ---------------------------------------------------
    1    1   A1     1   2          -532.80592    0.05
    2    1   A1     2   2          -289.43975    0.10
    3    1   A1     3   2           -39.39794    1.66
    4    1   A1     4   2           -26.11014    4.71
    5    3   B1     1   2           -22.45086    3.60
    6    1   A1     5   2           -22.25036    4.30
    7    4   B2     1   2           -21.04809    2.91
    8    3   B1     2   1           -14.00681    5.56
    9    4   B2     2   0           -10.49839    5.08
   10    1   A1     6   0            -5.56111   17.68
   11    1   A1     7   0            -4.41052   22.27
   12    3   B1     3   0            -4.18219   25.84
   13    4   B2     3   0            -3.27787   33.84
   14    1   A1     8   0            -3.17562   25.32
   15    1   A1     9   0            -1.61286   25.70
   16    3   B1     4   0            -1.58889   26.40
   17    2   A2     1   0            -1.40591   17.12
   18    1   A1    10   0            -1.30849   66.36
   19    3   B1     5   0            -1.24685   75.13
   20    4   B2     4   0            -0.78181   32.99
   21    1   A1    11   0            -0.12668   44.94
   22    3   B1     6   0             0.78188   43.46
   23    4   B2     5   0             1.23190   37.20
   24    1   A1    12   0             1.95832   25.74
   25    3   B1     7   0             2.28013   47.31
   26    1   A1    13   0             2.68740   47.25
   27    1   A1    14   0             2.92446   33.17
   28    2   A2     2   0             3.10251   25.34
   29    4   B2     6   0             3.34844   26.73
   30    3   B1     8   0             3.82854   33.93
   31    3   B1     9   0             4.48708   30.62
   32    1   A1    15   0             4.52409   28.98
   33    1   A1    16   0             5.36396   29.05
   34    4   B2     7   0             5.91118   22.60
   35    1   A1    17   0             7.24110   20.73
   36    3   B1    10   0             8.76600   32.85
   37    1   A1    18   0             8.92822   23.68
   38    4   B2     8   0            11.39632   15.32
   39    3   B1    11   0            11.50444   27.31
   40    2   A2     3   0            11.73632   14.12
   41    1   A1    19   0            12.44950   19.81
   42    3   B1    12   0            12.83384   17.72
   43    2   A2     4   0            12.87416   17.03
   44    1   A1    20   0            13.15507   26.90
   45    4   B2     9   0            14.71369   14.73
   46    3   B1    13   0            15.25621   19.35
   47    1   A1    21   0            15.59117   22.40
   48    1   A1    22   0            16.19858   23.28
   49    4   B2    10   0            16.80827   16.27
   50    4   B2    11   0            16.99050   16.31
   51    2   A2     5   0            17.16829   15.35
   52    1   A1    23   0            17.19537   17.48
   53    3   B1    14   0            18.17511   19.45
   54    2   A2     6   0            18.82777   15.04
   55    3   B1    15   0            18.86549   19.12
   56    1   A1    24   0            18.90686   16.29
   57    4   B2    12   0            22.26196   13.39
   58    1   A1    25   0            22.29901   17.99
   59    3   B1    16   0            24.45458   17.08
   60    1   A1    26   0            25.53561   14.02
   61    4   B2    13   0            25.54099   12.55
   62    1   A1    27   0            26.90524   15.18
   63    3   B1    17   0            27.92702   15.69
   64    2   A2     7   0            29.47536   13.88
   65    3   B1    18   0            30.08696   14.91
   66    1   A1    28   0            30.54593   14.07
   67    4   B2    14   0            31.34293   12.94
   68    3   B1    19   0            33.32012   12.53
   69    1   A1    29   0            33.64708   14.31
   70    4   B2    15   0            35.71730   10.64
   71    3   B1    20   0            39.19992   13.10
   72    1   A1    30   0            40.48678   12.56
   73    2   A2     8   0            41.74094   10.95
   74    1   A1    31   0            42.13411   13.05
   75    3   B1    21   0            46.04336   11.17
   76    4   B2    16   0            46.88831    6.78
   77    2   A2     9   0            47.39743    5.90
   78    1   A1    32   0            47.55535    8.44
   79    3   B1    22   0            48.70893   11.31
   80    1   A1    33   0            51.73993    6.53
   81    4   B2    17   0            51.91307    7.46
   82    3   B1    23   0            54.16211    9.29
   83    1   A1    34   0            55.12418    8.66
   84    4   B2    18   0            57.36596    8.34
   85    2   A2    10   0            60.25557    7.67
   86    1   A1    35   0            60.67592    9.54
   87    3   B1    24   0            63.39131    9.79
   88    1   A1    36   0            64.43737    9.50
   89    4   B2    19   0            66.28201    7.88
   90    3   B1    25   0            66.33605    8.62
   91    1   A1    37   0            68.41486    6.96
   92    2   A2    11   0            69.58335    4.09
   93    4   B2    20   0            75.36381    5.25
   94    1   A1    38   0            76.69908    5.57
   95    3   B1    26   0            78.81715    6.12
   96    4   B2    21   0            79.19895    4.91
   97    2   A2    12   0            81.29460    5.28
   98    1   A1    39   0            82.07029    5.50
   99    3   B1    27   0            83.58976    7.07
  100    1   A1    40   0            87.24524    6.18
  101    3   B1    28   0            88.87331    7.13
  102    4   B2    22   0            89.98439    4.84
  103    1   A1    41   0            94.54524    6.28
  104    3   B1    29   0            94.79097    6.30
  105    3   B1    30   0            95.73844    7.23
  106    1   A1    42   0            96.89440    7.18
  107    2   A2    13   0            96.93434    6.31
  108    4   B2    23   0            99.91584    6.11
  109    1   A1    43   0           105.48609    6.85
  110    4   B2    24   0           109.26772    6.43
  111    2   A2    14   0           110.11417    6.40
  112    1   A1    44   0           111.00188    6.32
  113    3   B1    31   0           117.09223    6.00
  114    4   B2    25   0           117.13409    5.56
  115    4   B2    26   0           120.52986    5.75
  116    3   B1    32   0           121.33708    7.31
  117    2   A2    15   0           122.43145    4.96
  118    1   A1    45   0           122.49806    6.53
  119    1   A1    46   0           124.79846    6.29
  120    3   B1    33   0           124.93471    6.29
  121    1   A1    47   0           138.41119    6.90
  122    3   B1    34   0           146.58503    6.28
  123    1   A1    48   0           148.60450    6.19
  124    3   B1    35   0           155.96527    5.13
  125    4   B2    27   0           157.24839    2.15
  126    3   B1    36   0           158.64001    6.87
  127    2   A2    16   0           165.59464    2.62
  128    1   A1    49   0           166.73423    3.12
  129    4   B2    28   0           170.52759    2.83
  130    2   A2    17   0           171.43089    1.76
  131    1   A1    50   0           172.02011    2.25
  132    1   A1    51   0           178.60763    2.91
  133    4   B2    29   0           179.92224    2.00
  134    3   B1    37   0           184.73437    3.82
  135    1   A1    52   0           185.25937    2.26
  136    3   B1    38   0           187.28513    3.11
  137    1   A1    53   0           384.41448    3.46
  138    1   A1    54   0           399.47626    5.48
 
    ---------------------------------------------
    --- Start TD-DFT Calculations for isf = 0 ---
    ---------------------------------------------
 
 [tddft_main]
  SC parameters:  fac1=  1.7321      fac2=  1.2247    
                 cfac1=  0.0000     cfac2=  0.0000    
 
 [tddft_pairinfo_aotddft]
  idx=    1957  Npair=    1957
 
 [tddft_grimmestd_init]
 
 
 [tddft_select]
 [ Targeted Excited States / Diag method ] 
  TD-Nsym:    4
  1   A1       4 from      546   1
  2   A2       4 from      429   1
  3   B1       4 from      655   1
  4   B2       4 from      327   1
  Total No. of excited states:      16
 Estimate memory in tddft_init mem:           0.038 M
 
 ==============================================
  Jrep: 1  ExctSym:  A1  (convert to td-psym)
  Irep: 3  PairSym:  B1  GsSym:  B1
  Nexit:       4     Nsos:     546
 ==============================================
 Estimated memory for JK operator:         13.948 M
 Maximum memory to calculate JK operator:         512.000 M
 Allow to calculate    4 roots at one pass for RPA ...
 Allow to calculate    8 roots at one pass for TDA ...
 
  Nlarge=              546 Nlimdim=              200 Nfac=               50
  Estimated mem for dvdson storage (RPA) =           3.160 M          0.003 G
  Estimated mem for dvdson storage (TDA) =           1.683 M          0.002 G
 
 [dvdson_rpa_block]
 
 ------------------------------------------------------------------
  Size of blocks = 500000
  No.  of blocks =      1
  Eshift =    10001.0461776408
 ------------------------------------------------------------------
 
 ------------------------------------------------------
  iblock =      0     /      1
  ineig  =      4     / 500000
  istart =      1     /      4
  eshift =    10001.0461776408     
 ------------------------------------------------------
 
 Inital guess for dvdson iteration :  20   0   0
 [dvdson_v0_std]
      5 initial guess vectors will be generated.
  No. of initial guess Ndim/Neig/Nlimdim =      5     4   200
     tddft JK operator time:         2.86 S         0.03 S         0.37 S 
 
 
 Iteration started !
 
 Niter=     1   Nlarge =     546   Nmv =       5
 Ndim =     5   Nlimdim=     200   Nres=     195
 Approximated Eigenvalue (i,w,diff/eV,diff/a.u.):
    1        5.6132090635        5.6132090635           0.206E+00
    2       10.5806369651       10.5806369651           0.389E+00
    3       11.7438065729       11.7438065729           0.432E+00
    4       12.8527022023       12.8527022023           0.472E+00
 No. of converged eigval:     0
 Norm of Residuals:
    1        0.0069733131        0.0431740071           0.697E-02           0.432E-01
    2        0.0092581705        0.0857267527           0.926E-02           0.857E-01
    3        0.0136971260        0.0503306747           0.137E-01           0.503E-01
    4        0.0119346914        0.0410405231           0.119E-01           0.410E-01
 No. of converged eigvec:     0
 Max norm of residues   :  0.857E-01
 *** New Directions : sTDDFT-Davidson step ***
 Left  Nindp=    4
 Right Nindp=    4
 Total Nindp=    8
     tddft JK operator time:         2.73 S         0.03 S         0.34 S 
 
 
 Niter=     2   Nlarge =     546   Nmv =      13
 Ndim =    13   Nlimdim=     200   Nres=     187
 Approximated Eigenvalue (i,w,diff/eV,diff/a.u.):
    1        5.3843306095        0.2288784540           0.841E-02
    2       10.2438838476        0.3367531175           0.124E-01
    3       11.5400828525        0.2037237203           0.749E-02
    4       12.7147461738        0.1379560285           0.507E-02
 No. of converged eigval:     0
 Norm of Residuals:
    1        0.0007749046        0.0070165694           0.775E-03           0.702E-02
    2        0.0037058743        0.0140871126           0.371E-02           0.141E-01
    3        0.0027244086        0.0131212878           0.272E-02           0.131E-01
    4        0.0035710846        0.0110984620           0.357E-02           0.111E-01
 No. of converged eigvec:     0
 Max norm of residues   :  0.141E-01
 *** New Directions : sTDDFT-Davidson step ***
 Left  Nindp=    4
 Right Nindp=    4
 Total Nindp=    8
     tddft JK operator time:         2.79 S         0.03 S         0.36 S 
 
 
 Niter=     3   Nlarge =     546   Nmv =      21
 Ndim =    21   Nlimdim=     200   Nres=     179
 Approximated Eigenvalue (i,w,diff/eV,diff/a.u.):
    1        5.3774299470        0.0069006625           0.254E-03
    2       10.2295167368        0.0143671108           0.528E-03
    3       11.5288527787        0.0112300739           0.413E-03
    4       12.7055770553        0.0091691185           0.337E-03
 No. of converged eigval:     0
 Norm of Residuals:
    1        0.0000880971        0.0004935973           0.881E-04           0.494E-03
    2        0.0004334036        0.0017492698           0.433E-03           0.175E-02
    3        0.0005582843        0.0010609217           0.558E-03           0.106E-02
    4        0.0008377215        0.0013480494           0.838E-03           0.135E-02
 No. of converged eigvec:     0
 Max norm of residues   :  0.175E-02
 *** New Directions : sTDDFT-Davidson step ***
 Left  Nindp=    4
 Right Nindp=    4
 Total Nindp=    8
     tddft JK operator time:         2.74 S         0.03 S         0.34 S 
 
 
 Niter=     4   Nlarge =     546   Nmv =      29
 Ndim =    29   Nlimdim=     200   Nres=     171
 Approximated Eigenvalue (i,w,diff/eV,diff/a.u.):
    1        5.3773872559        0.0000426911           0.157E-05
    2       10.2293781963        0.0001385406           0.509E-05
    3       11.5287685341        0.0000842445           0.310E-05
    4       12.7054325283        0.0001445271           0.531E-05
 No. of converged eigval:     0
 Norm of Residuals:
    1        0.0000041960        0.0000404179           0.420E-05           0.404E-04
    2        0.0000297530        0.0001598783           0.298E-04           0.160E-03
    3        0.0000408999        0.0000799449           0.409E-04           0.799E-04
    4        0.0000874524        0.0001194601           0.875E-04           0.119E-03
 No. of converged eigvec:     0
 Max norm of residues   :  0.160E-03
 *** New Directions : sTDDFT-Davidson step ***
 Left  Nindp=    4
 Right Nindp=    4
 Total Nindp=    8
     tddft JK operator time:         2.70 S         0.02 S         0.35 S 
 
 
 Niter=     5   Nlarge =     546   Nmv =      37
 Ndim =    37   Nlimdim=     200   Nres=     163
 Approximated Eigenvalue (i,w,diff/eV,diff/a.u.):
    1        5.3773869781        0.0000002778           0.102E-07
    2       10.2293765719        0.0000016244           0.597E-07
    3       11.5287680451        0.0000004890           0.180E-07
    4       12.7054311247        0.0000014036           0.516E-07
 No. of converged eigval:     0
 Norm of Residuals:
    1        0.0000004139        0.0000021372           0.414E-06           0.214E-05
    2        0.0000045515        0.0000130472           0.455E-05           0.130E-04
    3        0.0000041183        0.0000053697           0.412E-05           0.537E-05
    4        0.0000082827        0.0000107231           0.828E-05           0.107E-04
 No. of converged eigvec:     0
 Max norm of residues   :  0.130E-04
 *** New Directions : sTDDFT-Davidson step ***
 Left  Nindp=    4
 Right Nindp=    4
 Total Nindp=    8
     tddft JK operator time:         2.73 S         0.02 S         0.35 S 
 
 
 Niter=     6   Nlarge =     546   Nmv =      45
 Ndim =    45   Nlimdim=     200   Nres=     155
 Approximated Eigenvalue (i,w,diff/eV,diff/a.u.):
    1        5.3773869772        0.0000000009           0.324E-10
    2       10.2293765611        0.0000000107           0.394E-09
    3       11.5287680425        0.0000000026           0.947E-10
    4       12.7054311131        0.0000000116           0.426E-09
 No. of converged eigval:     2
 Norm of Residuals:
    1        0.0000000212        0.0000001121           0.212E-07           0.112E-06
    2        0.0000002930        0.0000007713           0.293E-06           0.771E-06
    3        0.0000002283        0.0000004127           0.228E-06           0.413E-06
    4        0.0000007443        0.0000008416           0.744E-06           0.842E-06
 No. of converged eigvec:     0
 Max norm of residues   :  0.842E-06
 *** New Directions : sTDDFT-Davidson step ***
 Left  Nindp=    4
 Right Nindp=    4
 Total Nindp=    8
     tddft JK operator time:         2.73 S         0.02 S         0.34 S 
 
 
 Niter=     7   Nlarge =     546   Nmv =      53
 Ndim =    53   Nlimdim=     200   Nres=     147
 Approximated Eigenvalue (i,w,diff/eV,diff/a.u.):
    1        5.3773869772        0.0000000000           0.910E-13
    2       10.2293765611        0.0000000000           0.150E-11
    3       11.5287680425        0.0000000000           0.417E-12
    4       12.7054311130        0.0000000001           0.257E-11
 No. of converged eigval:     4
 ### Cong: Eigenvalues have Converged ! ###
 Norm of Residuals:
    1        0.0000000010        0.0000000059           0.102E-08           0.587E-08
    2        0.0000000171        0.0000000477           0.171E-07           0.477E-07
    3        0.0000000140        0.0000000261           0.140E-07           0.261E-07
    4        0.0000000433        0.0000000516           0.433E-07           0.516E-07
 No. of converged eigvec:     1
 Max norm of residues   :  0.516E-07
 
 ------------------------------------------------------------------
  Orthogonality check2 for iblock/dim =      0       4
  Averaged nHxProd =     13.250
  Ndim =        4  Maximum nonzero deviation from Iden = 0.935E-14
 ------------------------------------------------------------------
 
 ------------------------------------------------------------------
  Statistics for [dvdson_rpa_block]:
   No.  of blocks =        1
   Size of blocks =   500000
   No.  of eigens =        4
   No.  of HxProd =       53      Averaged =    13.250
   Eigenvalues (a.u.) = 
        0.1976152549        0.3759225188        0.4236742577
        0.4669158123
 ------------------------------------------------------------------
 
 Timing Spin analyze :        0.01        0.00        0.01
 
 No.     1    w=      5.3774 eV     -113.899163 a.u.  f=    0.0000   D<Pab>= 0.0083   Ova= 0.6770
     CO(bb):   A1(   4 )->  B1(   2 )  c_i: -0.1145  Per:  1.3%  IPA:    12.103 eV  Oai: 0.6966
     CO(bb):   A1(   5 )->  B1(   2 )  c_i:  0.9853  Per: 97.1%  IPA:     8.244 eV  Oai: 0.6812
 
 No.     2    w=     10.2294 eV     -113.720856 a.u.  f=    0.0246   D<Pab>= 0.0496   Ova= 0.6662
     OV(aa):   B1(   2 )->  A1(   6 )  c_i:  0.2624  Per:  6.9%  IPA:    13.012 eV  Oai: 0.4806
     OV(aa):   B1(   2 )->  A1(   8 )  c_i: -0.1331  Per:  1.8%  IPA:    15.395 eV  Oai: 0.3844
     CO(bb):   A1(   4 )->  B1(   2 )  c_i: -0.9348  Per: 87.4%  IPA:    12.103 eV  Oai: 0.6966
 
 No.     3    w=     11.5288 eV     -113.673104 a.u.  f=    0.1070   D<Pab>= 0.2014   Ova= 0.4900
     OV(aa):   B1(   2 )->  A1(   6 )  c_i: -0.9436  Per: 89.0%  IPA:    13.012 eV  Oai: 0.4806
     CO(bb):   A1(   4 )->  B1(   2 )  c_i: -0.2419  Per:  5.8%  IPA:    12.103 eV  Oai: 0.6966
     CV(bb):   B1(   1 )->  A1(   6 )  c_i: -0.1396  Per:  1.9%  IPA:    16.890 eV  Oai: 0.4781
 
 No.     4    w=     12.7054 eV     -113.629863 a.u.  f=    0.0068   D<Pab>= 0.0832   Ova= 0.4132
     OV(aa):   B1(   2 )->  A1(   7 )  c_i:  0.9867  Per: 97.4%  IPA:    14.234 eV  Oai: 0.4148
 Estimate memory in tddft_init mem:           0.030 M
 
 ==============================================
  Jrep: 2  ExctSym:  A2  (convert to td-psym)
  Irep: 4  PairSym:  B2  GsSym:  B1
  Nexit:       4     Nsos:     429
 ==============================================
 Estimated memory for JK operator:         13.948 M
 Maximum memory to calculate JK operator:         512.000 M
 Allow to calculate    4 roots at one pass for RPA ...
 Allow to calculate    8 roots at one pass for TDA ...
 
  Nlarge=              429 Nlimdim=              200 Nfac=               50
  Estimated mem for dvdson storage (RPA) =           2.614 M          0.003 G
  Estimated mem for dvdson storage (TDA) =           1.323 M          0.001 G
 
 [dvdson_rpa_block]
 
 ------------------------------------------------------------------
  Size of blocks = 500000
  No.  of blocks =      1
  Eshift =    10001.1474421839
 ------------------------------------------------------------------
 
 ------------------------------------------------------
  iblock =      0     /      1
  ineig  =      4     / 500000
  istart =      1     /      4
  eshift =    10001.1474421839     
 ------------------------------------------------------
 
 Inital guess for dvdson iteration :  20   0   0
 [dvdson_v0_std]
      5 initial guess vectors will be generated.
  No. of initial guess Ndim/Neig/Nlimdim =      5     4   200
     tddft JK operator time:         2.79 S         0.01 S         0.35 S 
 
 
 Iteration started !
 
 Niter=     1   Nlarge =     429   Nmv =       5
 Ndim =     5   Nlimdim=     200   Nres=     195
 Approximated Eigenvalue (i,w,diff/eV,diff/a.u.):
    1        8.9969329048        8.9969329048           0.331E+00
    2       10.3182129243       10.3182129243           0.379E+00
    3       13.8809948773       13.8809948773           0.510E+00
    4       14.1637274556       14.1637274556           0.521E+00
 No. of converged eigval:     0
 Norm of Residuals:
    1        0.0104893393        0.0448182675           0.105E-01           0.448E-01
    2        0.0134817089        0.0668988610           0.135E-01           0.669E-01
    3        0.0127266714        0.1233620858           0.127E-01           0.123E+00
    4        0.0097099717        0.0235788377           0.971E-02           0.236E-01
 No. of converged eigvec:     0
 Max norm of residues   :  0.123E+00
 *** New Directions : sTDDFT-Davidson step ***
 Left  Nindp=    4
 Right Nindp=    4
 Total Nindp=    8
     tddft JK operator time:         2.74 S         0.02 S         0.35 S 
 
 
 Niter=     2   Nlarge =     429   Nmv =      13
 Ndim =    13   Nlimdim=     200   Nres=     187
 Approximated Eigenvalue (i,w,diff/eV,diff/a.u.):
    1        8.8347828819        0.1621500228           0.596E-02
    2       10.1393602401        0.1788526843           0.657E-02
    3       12.4930729639        1.3879219133           0.510E-01
    4       14.1122341253        0.0514933302           0.189E-02
 No. of converged eigval:     0
 Norm of Residuals:
    1        0.0011688719        0.0030915143           0.117E-02           0.309E-02
    2        0.0028598748        0.0061208867           0.286E-02           0.612E-02
    3        0.0134196981        0.0462710114           0.134E-01           0.463E-01
    4        0.0042307556        0.0070866454           0.423E-02           0.709E-02
 No. of converged eigvec:     0
 Max norm of residues   :  0.463E-01
 *** New Directions : sTDDFT-Davidson step ***
 Left  Nindp=    4
 Right Nindp=    4
 Total Nindp=    8
     tddft JK operator time:         2.75 S         0.02 S         0.34 S 
 
 
 Niter=     3   Nlarge =     429   Nmv =      21
 Ndim =    21   Nlimdim=     200   Nres=     179
 Approximated Eigenvalue (i,w,diff/eV,diff/a.u.):
    1        8.8338954575        0.0008874245           0.326E-04
    2       10.1372156307        0.0021446094           0.788E-04
    3       12.3624685485        0.1306044154           0.480E-02
    4       14.1086022069        0.0036319185           0.133E-03
 No. of converged eigval:     0
 Norm of Residuals:
    1        0.0000690269        0.0003297980           0.690E-04           0.330E-03
    2        0.0001778960        0.0004141682           0.178E-03           0.414E-03
    3        0.0015349051        0.0042439324           0.153E-02           0.424E-02
    4        0.0007101269        0.0014349710           0.710E-03           0.143E-02
 No. of converged eigvec:     0
 Max norm of residues   :  0.424E-02
 *** New Directions : sTDDFT-Davidson step ***
 Left  Nindp=    4
 Right Nindp=    4
 Total Nindp=    8
     tddft JK operator time:         2.74 S         0.02 S         0.34 S 
 
 
 Niter=     4   Nlarge =     429   Nmv =      29
 Ndim =    29   Nlimdim=     200   Nres=     171
 Approximated Eigenvalue (i,w,diff/eV,diff/a.u.):
    1        8.8338844479        0.0000110095           0.405E-06
    2       10.1372059519        0.0000096787           0.356E-06
    3       12.3614422855        0.0010262630           0.377E-04
    4       14.1084260491        0.0001761578           0.647E-05
 No. of converged eigval:     0
 Norm of Residuals:
    1        0.0000092316        0.0000213553           0.923E-05           0.214E-04
    2        0.0000115222        0.0000231781           0.115E-04           0.232E-04
    3        0.0001837042        0.0003344563           0.184E-03           0.334E-03
    4        0.0002374179        0.0002794401           0.237E-03           0.279E-03
 No. of converged eigvec:     0
 Max norm of residues   :  0.334E-03
 *** New Directions : sTDDFT-Davidson step ***
 Left  Nindp=    4
 Right Nindp=    4
 Total Nindp=    8
     tddft JK operator time:         2.65 S         0.03 S         0.34 S 
 
 
 Niter=     5   Nlarge =     429   Nmv =      37
 Ndim =    37   Nlimdim=     200   Nres=     163
 Approximated Eigenvalue (i,w,diff/eV,diff/a.u.):
    1        8.8338844012        0.0000000468           0.172E-08
    2       10.1372059145        0.0000000374           0.138E-08
    3       12.3614348577        0.0000074277           0.273E-06
    4       14.1084166077        0.0000094414           0.347E-06
 No. of converged eigval:     0
 Norm of Residuals:
    1        0.0000004909        0.0000012058           0.491E-06           0.121E-05
    2        0.0000005944        0.0000013628           0.594E-06           0.136E-05
    3        0.0000132010        0.0000225670           0.132E-04           0.226E-04
    4        0.0000312790        0.0000378323           0.313E-04           0.378E-04
 No. of converged eigvec:     0
 Max norm of residues   :  0.378E-04
 *** New Directions : sTDDFT-Davidson step ***
 Left  Nindp=    4
 Right Nindp=    4
 Total Nindp=    8
     tddft JK operator time:         2.70 S         0.02 S         0.34 S 
 
 
 Niter=     6   Nlarge =     429   Nmv =      45
 Ndim =    45   Nlimdim=     200   Nres=     155
 Approximated Eigenvalue (i,w,diff/eV,diff/a.u.):
    1        8.8338844010        0.0000000001           0.500E-11
    2       10.1372059144        0.0000000001           0.417E-11
    3       12.3614348247        0.0000000330           0.121E-08
    4       14.1084164882        0.0000001195           0.439E-08
 No. of converged eigval:     2
 Norm of Residuals:
    1        0.0000000342        0.0000000570           0.342E-07           0.570E-07
    2        0.0000000453        0.0000000749           0.453E-07           0.749E-07
    3        0.0000010765        0.0000013687           0.108E-05           0.137E-05
    4        0.0000035210        0.0000045304           0.352E-05           0.453E-05
 No. of converged eigvec:     0
 Max norm of residues   :  0.453E-05
 *** New Directions : sTDDFT-Davidson step ***
 Left  Nindp=    4
 Right Nindp=    4
 Total Nindp=    8
     tddft JK operator time:         2.82 S         0.02 S         0.36 S 
 
 
 Niter=     7   Nlarge =     429   Nmv =      53
 Ndim =    53   Nlimdim=     200   Nres=     147
 Approximated Eigenvalue (i,w,diff/eV,diff/a.u.):
    1        8.8338844010        0.0000000000           0.108E-13
    2       10.1372059144        0.0000000000           0.175E-13
    3       12.3614348246        0.0000000001           0.433E-11
    4       14.1084164867        0.0000000014           0.525E-10
 No. of converged eigval:     4
 ### Cong: Eigenvalues have Converged ! ###
 Norm of Residuals:
    1        0.0000000010        0.0000000024           0.991E-09           0.241E-08
    2        0.0000000019        0.0000000034           0.193E-08           0.336E-08
    3        0.0000000448        0.0000000606           0.448E-07           0.606E-07
    4        0.0000002707        0.0000003044           0.271E-06           0.304E-06
 No. of converged eigvec:     2
 Max norm of residues   :  0.304E-06
 
 ------------------------------------------------------------------
  Orthogonality check2 for iblock/dim =      0       4
  Averaged nHxProd =     13.250
  Ndim =        4  Maximum nonzero deviation from Iden = 0.530E-13
 ------------------------------------------------------------------
 
 ------------------------------------------------------------------
  Statistics for [dvdson_rpa_block]:
   No.  of blocks =        1
   Size of blocks =   500000
   No.  of eigens =        4
   No.  of HxProd =       53      Averaged =    13.250
   Eigenvalues (a.u.) = 
        0.3246391464        0.3725353112        0.4542741864
        0.5184745551
 ------------------------------------------------------------------
 
 Timing Spin analyze :        0.00        0.00        0.00
 
 No.     1    w=      8.8339 eV     -113.772139 a.u.  f=    0.0000   D<Pab>= 1.9032   Ova= 0.5936
     CV(aa):   A1(   5 )->  B2(   2 )  c_i: -0.5372  Per: 28.9%  IPA:    12.278 eV  Oai: 0.5879
     CV(bb):   A1(   5 )->  B2(   2 )  c_i: -0.8357  Per: 69.8%  IPA:    11.752 eV  Oai: 0.6001
 
 No.     2    w=     10.1372 eV     -113.724243 a.u.  f=    0.0005   D<Pab>= 0.1136   Ova= 0.5898
     CV(aa):   A1(   5 )->  B2(   2 )  c_i:  0.8503  Per: 72.3%  IPA:    12.278 eV  Oai: 0.5879
     CV(bb):   A1(   5 )->  B2(   2 )  c_i: -0.5164  Per: 26.7%  IPA:    11.752 eV  Oai: 0.6001
 
 No.     3    w=     12.3614 eV     -113.642504 a.u.  f=    0.0007   D<Pab>= 1.9695   Ova= 0.7301
     CV(aa):   A1(   4 )->  B2(   2 )  c_i: -0.6208  Per: 38.5%  IPA:    16.185 eV  Oai: 0.7520
     CV(aa):   B2(   1 )->  A1(   6 )  c_i: -0.1202  Per:  1.4%  IPA:    15.815 eV  Oai: 0.2383
     CV(bb):   A1(   4 )->  B2(   2 )  c_i:  0.7487  Per: 56.0%  IPA:    15.612 eV  Oai: 0.7572
     CV(bb):   B2(   1 )->  A1(   6 )  c_i: -0.1164  Per:  1.4%  IPA:    15.487 eV  Oai: 0.2507
 
 No.     4    w=     14.1084 eV     -113.578304 a.u.  f=    0.0157   D<Pab>= 1.1727   Ova= 0.2736
     CV(aa):   B2(   1 )->  A1(   6 )  c_i:  0.1027  Per:  1.1%  IPA:    15.815 eV  Oai: 0.2383
     CV(bb):   A1(   4 )->  B2(   2 )  c_i:  0.2019  Per:  4.1%  IPA:    15.612 eV  Oai: 0.7572
     CV(bb):   B2(   1 )->  A1(   6 )  c_i:  0.9646  Per: 93.0%  IPA:    15.487 eV  Oai: 0.2507
 Estimate memory in tddft_init mem:           0.045 M
 
 ==============================================
  Jrep: 3  ExctSym:  B1  (convert to td-psym)
  Irep: 1  PairSym:  A1  GsSym:  B1
  Nexit:       4     Nsos:     655
 ==============================================
 Estimated memory for JK operator:         13.948 M
 Maximum memory to calculate JK operator:         512.000 M
 Allow to calculate    4 roots at one pass for RPA ...
 Allow to calculate    8 roots at one pass for TDA ...
 
  Nlarge=              655 Nlimdim=              200 Nfac=               50
  Estimated mem for dvdson storage (RPA) =           3.669 M          0.004 G
  Estimated mem for dvdson storage (TDA) =           2.019 M          0.002 G
 
 [dvdson_rpa_block]
 
 ------------------------------------------------------------------
  Size of blocks = 500000
  No.  of blocks =      1
  Eshift =    10001.0601431408
 ------------------------------------------------------------------
 
 ------------------------------------------------------
  iblock =      0     /      1
  ineig  =      4     / 500000
  istart =      1     /      4
  eshift =    10001.0601431408     
 ------------------------------------------------------
 
 Inital guess for dvdson iteration :  20   0   0
 [dvdson_v0_std]
      5 initial guess vectors will be generated.
  No. of initial guess Ndim/Neig/Nlimdim =      5     4   200
     tddft JK operator time:         2.74 S         0.03 S         0.35 S 
 
 
 Iteration started !
 
 Niter=     1   Nlarge =     655   Nmv =       5
 Ndim =     5   Nlimdim=     200   Nres=     195
 Approximated Eigenvalue (i,w,diff/eV,diff/a.u.):
    1        6.8012157225        6.8012157225           0.250E+00
    2        6.9495914363        6.9495914363           0.255E+00
    3       13.0504536183       13.0504536183           0.480E+00
    4       13.3520984446       13.3520984446           0.491E+00
 No. of converged eigval:     0
 Norm of Residuals:
    1        0.0084851249        0.0428450264           0.849E-02           0.428E-01
    2        0.0033507190        0.0403930357           0.335E-02           0.404E-01
    3        0.0603075291        0.2612986164           0.603E-01           0.261E+00
    4        0.0376740296        0.1066500632           0.377E-01           0.107E+00
 No. of converged eigvec:     0
 Max norm of residues   :  0.261E+00
 *** New Directions : sTDDFT-Davidson step ***
 Left  Nindp=    4
 Right Nindp=    4
 Total Nindp=    8
     tddft JK operator time:         2.54 S         0.02 S         0.32 S 
 
 
 Niter=     2   Nlarge =     655   Nmv =      13
 Ndim =    13   Nlimdim=     200   Nres=     187
 Approximated Eigenvalue (i,w,diff/eV,diff/a.u.):
    1        6.5443302545        0.2568854681           0.944E-02
    2        6.6594677833        0.2901236530           0.107E-01
    3       11.3821526390        1.6683009793           0.613E-01
    4       13.1047616434        0.2473368012           0.909E-02
 No. of converged eigval:     0
 Norm of Residuals:
    1        0.0010737357        0.0094261819           0.107E-02           0.943E-02
    2        0.0008814269        0.0036613376           0.881E-03           0.366E-02
    3        0.0144575314        0.0283706020           0.145E-01           0.284E-01
    4        0.0092806818        0.0251775879           0.928E-02           0.252E-01
 No. of converged eigvec:     0
 Max norm of residues   :  0.284E-01
 *** New Directions : sTDDFT-Davidson step ***
 Left  Nindp=    4
 Right Nindp=    4
 Total Nindp=    8
     tddft JK operator time:         2.67 S         0.01 S         0.34 S 
 
 
 Niter=     3   Nlarge =     655   Nmv =      21
 Ndim =    21   Nlimdim=     200   Nres=     179
 Approximated Eigenvalue (i,w,diff/eV,diff/a.u.):
    1        6.5337901345        0.0105401200           0.387E-03
    2        6.6567237030        0.0027440803           0.101E-03
    3       11.3397452466        0.0424073924           0.156E-02
    4       13.0376603310        0.0671013124           0.247E-02
 No. of converged eigval:     0
 Norm of Residuals:
    1        0.0001205232        0.0015804950           0.121E-03           0.158E-02
    2        0.0000933332        0.0004533854           0.933E-04           0.453E-03
    3        0.0013228494        0.0027142262           0.132E-02           0.271E-02
    4        0.0035856268        0.0078970372           0.359E-02           0.790E-02
 No. of converged eigvec:     0
 Max norm of residues   :  0.790E-02
 *** New Directions : sTDDFT-Davidson step ***
 Left  Nindp=    4
 Right Nindp=    4
 Total Nindp=    8
     tddft JK operator time:         2.58 S         0.01 S         0.32 S 
 
 
 Niter=     4   Nlarge =     655   Nmv =      29
 Ndim =    29   Nlimdim=     200   Nres=     171
 Approximated Eigenvalue (i,w,diff/eV,diff/a.u.):
    1        6.5334904566        0.0002996779           0.110E-04
    2        6.6566912087        0.0000324943           0.119E-05
    3       11.3394029946        0.0003422521           0.126E-04
    4       13.0333961581        0.0042641729           0.157E-03
 No. of converged eigval:     0
 Norm of Residuals:
    1        0.0000230314        0.0001805313           0.230E-04           0.181E-03
    2        0.0000071387        0.0000488025           0.714E-05           0.488E-04
    3        0.0001238921        0.0002906947           0.124E-03           0.291E-03
    4        0.0004398965        0.0013751104           0.440E-03           0.138E-02
 No. of converged eigvec:     0
 Max norm of residues   :  0.138E-02
 *** New Directions : sTDDFT-Davidson step ***
 Left  Nindp=    4
 Right Nindp=    4
 Total Nindp=    8
     tddft JK operator time:         2.61 S         0.00 S         0.33 S 
 
 
 Niter=     5   Nlarge =     655   Nmv =      37
 Ndim =    37   Nlimdim=     200   Nres=     163
 Approximated Eigenvalue (i,w,diff/eV,diff/a.u.):
    1        6.5334864547        0.0000040019           0.147E-06
    2        6.6566909414        0.0000002673           0.982E-08
    3       11.3393991117        0.0000038829           0.143E-06
    4       13.0332997717        0.0000963864           0.354E-05
 No. of converged eigval:     0
 Norm of Residuals:
    1        0.0000022285        0.0000170609           0.223E-05           0.171E-04
    2        0.0000006582        0.0000044757           0.658E-06           0.448E-05
    3        0.0000103770        0.0000286271           0.104E-04           0.286E-04
    4        0.0000916121        0.0001697512           0.916E-04           0.170E-03
 No. of converged eigvec:     0
 Max norm of residues   :  0.170E-03
 *** New Directions : sTDDFT-Davidson step ***
 Left  Nindp=    4
 Right Nindp=    4
 Total Nindp=    8
     tddft JK operator time:         2.52 S         0.00 S         0.31 S 
 
 
 Niter=     6   Nlarge =     655   Nmv =      45
 Ndim =    45   Nlimdim=     200   Nres=     155
 Approximated Eigenvalue (i,w,diff/eV,diff/a.u.):
    1        6.5334864235        0.0000000311           0.114E-08
    2        6.6566909390        0.0000000024           0.885E-10
    3       11.3393990820        0.0000000297           0.109E-08
    4       13.0332985242        0.0000012475           0.458E-07
 No. of converged eigval:     1
 Norm of Residuals:
    1        0.0000001759        0.0000011971           0.176E-06           0.120E-05
    2        0.0000000558        0.0000003357           0.558E-07           0.336E-06
    3        0.0000008227        0.0000020987           0.823E-06           0.210E-05
    4        0.0000063811        0.0000147408           0.638E-05           0.147E-04
 No. of converged eigvec:     0
 Max norm of residues   :  0.147E-04
 *** New Directions : sTDDFT-Davidson step ***
 Left  Nindp=    4
 Right Nindp=    4
 Total Nindp=    8
     tddft JK operator time:         2.51 S         0.00 S         0.32 S 
 
 
 Niter=     7   Nlarge =     655   Nmv =      53
 Ndim =    53   Nlimdim=     200   Nres=     147
 Approximated Eigenvalue (i,w,diff/eV,diff/a.u.):
    1        6.5334864234        0.0000000001           0.517E-11
    2        6.6566909390        0.0000000000           0.460E-12
    3       11.3393990818        0.0000000002           0.655E-11
    4       13.0332985144        0.0000000098           0.361E-09
 No. of converged eigval:     3
 Norm of Residuals:
    1        0.0000000137        0.0000000774           0.137E-07           0.774E-07
    2        0.0000000037        0.0000000188           0.375E-08           0.188E-07
    3        0.0000000893        0.0000002116           0.893E-07           0.212E-06
    4        0.0000007941        0.0000015843           0.794E-06           0.158E-05
 No. of converged eigvec:     0
 Max norm of residues   :  0.158E-05
 *** New Directions : sTDDFT-Davidson step ***
 Left  Nindp=    3
 Right Nindp=    4
 Total Nindp=    7
     tddft JK operator time:         2.87 S         0.01 S         0.37 S 
 
 
 Niter=     8   Nlarge =     655   Nmv =      60
 Ndim =    60   Nlimdim=     200   Nres=     140
 Approximated Eigenvalue (i,w,diff/eV,diff/a.u.):
    1        6.5334864234        0.0000000000           0.130E-13
    2        6.6566909390        0.0000000000           0.203E-14
    3       11.3393990818        0.0000000000           0.455E-13
    4       13.0332985143        0.0000000001           0.334E-11
 No. of converged eigval:     4
 ### Cong: Eigenvalues have Converged ! ###
 Norm of Residuals:
    1        0.0000000007        0.0000000044           0.658E-09           0.438E-08
    2        0.0000000025        0.0000000012           0.247E-08           0.118E-08
    3        0.0000000052        0.0000000133           0.524E-08           0.133E-07
    4        0.0000000561        0.0000001034           0.561E-07           0.103E-06
 No. of converged eigvec:     2
 Max norm of residues   :  0.103E-06
 
 ------------------------------------------------------------------
  Orthogonality check2 for iblock/dim =      0       4
  Averaged nHxProd =     15.000
  Ndim =        4  Maximum nonzero deviation from Iden = 0.155E-13
 ------------------------------------------------------------------
 
 ------------------------------------------------------------------
  Statistics for [dvdson_rpa_block]:
   No.  of blocks =        1
   Size of blocks =   500000
   No.  of eigens =        4
   No.  of HxProd =       60      Averaged =    15.000
   Eigenvalues (a.u.) = 
        0.2401011106        0.2446287914        0.4167150792
        0.4789647127
 ------------------------------------------------------------------
 
 Timing Spin analyze :        0.01        0.00        0.00
 
 No.     1    w=      6.5335 eV     -113.856677 a.u.  f=    0.0318   D<Pab>= 0.0751   Ova= 0.8014
     CV(aa):   B2(   1 )->  B2(   2 )  c_i:  0.3707  Per: 13.7%  IPA:    10.935 eV  Oai: 0.7920
     CO(bb):   B1(   1 )->  B1(   2 )  c_i: -0.9065  Per: 82.2%  IPA:     8.444 eV  Oai: 0.8152
     CV(bb):   B2(   1 )->  B2(   2 )  c_i: -0.1137  Per:  1.3%  IPA:    10.550 eV  Oai: 0.8334
 
 No.     2    w=      6.6567 eV     -113.852150 a.u.  f=    0.0000   D<Pab>= 1.9478   Ova= 0.8063
     CV(aa):   B2(   1 )->  B2(   2 )  c_i:  0.6371  Per: 40.6%  IPA:    10.935 eV  Oai: 0.7920
     CO(bb):   B1(   1 )->  B1(   2 )  c_i:  0.1228  Per:  1.5%  IPA:     8.444 eV  Oai: 0.8152
     CV(bb):   B2(   1 )->  B2(   2 )  c_i:  0.7463  Per: 55.7%  IPA:    10.550 eV  Oai: 0.8334
 
 No.     3    w=     11.3394 eV     -113.680063 a.u.  f=    0.2227   D<Pab>= 0.0259   Ova= 0.7311
     OV(aa):   B1(   2 )->  B1(   3 )  c_i:  0.1610  Per:  2.6%  IPA:    14.424 eV  Oai: 0.4655
     OV(aa):   B1(   2 )->  B1(   4 )  c_i:  0.2134  Per:  4.6%  IPA:    16.736 eV  Oai: 0.4833
     CV(aa):   B2(   1 )->  B2(   2 )  c_i:  0.6384  Per: 40.7%  IPA:    10.935 eV  Oai: 0.7920
     CO(bb):   B1(   1 )->  B1(   2 )  c_i:  0.2276  Per:  5.2%  IPA:     8.444 eV  Oai: 0.8152
     CV(bb):   B1(   1 )->  B1(   3 )  c_i: -0.1008  Per:  1.0%  IPA:    18.269 eV  Oai: 0.4911
     CV(bb):   B2(   1 )->  B2(   2 )  c_i: -0.5742  Per: 33.0%  IPA:    10.550 eV  Oai: 0.8334
 
 No.     4    w=     13.0333 eV     -113.617814 a.u.  f=    0.1349   D<Pab>= 0.2319   Ova= 0.4649
     OV(aa):   B1(   2 )->  B1(   3 )  c_i:  0.9508  Per: 90.4%  IPA:    14.424 eV  Oai: 0.4655
     CV(bb):   A1(   5 )->  A1(   6 )  c_i: -0.1258  Per:  1.6%  IPA:    16.689 eV  Oai: 0.3599
     CV(bb):   B1(   1 )->  B1(   3 )  c_i: -0.1142  Per:  1.3%  IPA:    18.269 eV  Oai: 0.4911
 Estimate memory in tddft_init mem:           0.023 M
 
 ==============================================
  Jrep: 4  ExctSym:  B2  (convert to td-psym)
  Irep: 2  PairSym:  A2  GsSym:  B1
  Nexit:       4     Nsos:     327
 ==============================================
 Estimated memory for JK operator:         13.948 M
 Maximum memory to calculate JK operator:         512.000 M
 Allow to calculate    4 roots at one pass for RPA ...
 Allow to calculate    8 roots at one pass for TDA ...
 
  Nlarge=              327 Nlimdim=              200 Nfac=               50
  Estimated mem for dvdson storage (RPA) =           2.138 M          0.002 G
  Estimated mem for dvdson storage (TDA) =           1.008 M          0.001 G
 
 [dvdson_rpa_block]
 
 ------------------------------------------------------------------
  Size of blocks = 500000
  No.  of blocks =      1
  Eshift =    10000.9983964102
 ------------------------------------------------------------------
 
 ------------------------------------------------------
  iblock =      0     /      1
  ineig  =      4     / 500000
  istart =      1     /      4
  eshift =    10000.9983964102     
 ------------------------------------------------------
 
 Inital guess for dvdson iteration :  20   0   0
 [dvdson_v0_std]
      5 initial guess vectors will be generated.
  No. of initial guess Ndim/Neig/Nlimdim =      5     4   200
     tddft JK operator time:         2.64 S         0.02 S         0.33 S 
 
 
 Iteration started !
 
 Niter=     1   Nlarge =     327   Nmv =       5
 Ndim =     5   Nlimdim=     200   Nres=     195
 Approximated Eigenvalue (i,w,diff/eV,diff/a.u.):
    1        4.0355864213        4.0355864213           0.148E+00
    2        5.8277054641        5.8277054641           0.214E+00
    3        9.3669524324        9.3669524324           0.344E+00
    4       11.1794734621       11.1794734621           0.411E+00
 No. of converged eigval:     0
 Norm of Residuals:
    1        0.0037719600        0.0197116061           0.377E-02           0.197E-01
    2        0.0055458201        0.0190911441           0.555E-02           0.191E-01
    3        0.0079319877        0.0351976767           0.793E-02           0.352E-01
    4        0.0111006596        0.0310870039           0.111E-01           0.311E-01
 No. of converged eigvec:     0
 Max norm of residues   :  0.352E-01
 *** New Directions : sTDDFT-Davidson step ***
 Left  Nindp=    4
 Right Nindp=    4
 Total Nindp=    8
     tddft JK operator time:         2.41 S         0.02 S         0.30 S 
 
 
 Niter=     2   Nlarge =     327   Nmv =      13
 Ndim =    13   Nlimdim=     200   Nres=     187
 Approximated Eigenvalue (i,w,diff/eV,diff/a.u.):
    1        3.9253339178        0.1102525035           0.405E-02
    2        5.7644017979        0.0633036662           0.233E-02
    3        9.2572866060        0.1096658264           0.403E-02
    4       11.1187619842        0.0607114778           0.223E-02
 No. of converged eigval:     0
 Norm of Residuals:
    1        0.0001867926        0.0007531790           0.187E-03           0.753E-03
    2        0.0002736420        0.0011267733           0.274E-03           0.113E-02
    3        0.0008215559        0.0013591753           0.822E-03           0.136E-02
    4        0.0008608870        0.0014925885           0.861E-03           0.149E-02
 No. of converged eigvec:     0
 Max norm of residues   :  0.149E-02
 *** New Directions : sTDDFT-Davidson step ***
 Left  Nindp=    4
 Right Nindp=    4
 Total Nindp=    8
     tddft JK operator time:         2.43 S         0.01 S         0.31 S 
 
 
 Niter=     3   Nlarge =     327   Nmv =      21
 Ndim =    21   Nlimdim=     200   Nres=     179
 Approximated Eigenvalue (i,w,diff/eV,diff/a.u.):
    1        3.9251688354        0.0001650824           0.607E-05
    2        5.7642184027        0.0001833952           0.674E-05
    3        9.2571097992        0.0001768068           0.650E-05
    4       11.1185881250        0.0001738592           0.639E-05
 No. of converged eigval:     0
 Norm of Residuals:
    1        0.0000074946        0.0000222799           0.749E-05           0.223E-04
    2        0.0000135250        0.0000594085           0.135E-04           0.594E-04
    3        0.0000416537        0.0000683024           0.417E-04           0.683E-04
    4        0.0000604997        0.0000936519           0.605E-04           0.937E-04
 No. of converged eigvec:     0
 Max norm of residues   :  0.937E-04
 *** New Directions : sTDDFT-Davidson step ***
 Left  Nindp=    4
 Right Nindp=    4
 Total Nindp=    8
     tddft JK operator time:         2.45 S         0.01 S         0.31 S 
 
 
 Niter=     4   Nlarge =     327   Nmv =      29
 Ndim =    29   Nlimdim=     200   Nres=     171
 Approximated Eigenvalue (i,w,diff/eV,diff/a.u.):
    1        3.9251686356        0.0000001998           0.734E-08
    2        5.7642178701        0.0000005326           0.196E-07
    3        9.2571093151        0.0000004841           0.178E-07
    4       11.1185873234        0.0000008016           0.295E-07
 No. of converged eigval:     0
 Norm of Residuals:
    1        0.0000002713        0.0000009372           0.271E-06           0.937E-06
    2        0.0000006371        0.0000028338           0.637E-06           0.283E-05
    3        0.0000014876        0.0000033358           0.149E-05           0.334E-05
    4        0.0000032363        0.0000066655           0.324E-05           0.667E-05
 No. of converged eigvec:     0
 Max norm of residues   :  0.667E-05
 *** New Directions : sTDDFT-Davidson step ***
 Left  Nindp=    4
 Right Nindp=    4
 Total Nindp=    8
     tddft JK operator time:         2.47 S         0.01 S         0.31 S 
 
 
 Niter=     5   Nlarge =     327   Nmv =      37
 Ndim =    37   Nlimdim=     200   Nres=     163
 Approximated Eigenvalue (i,w,diff/eV,diff/a.u.):
    1        3.9251686353        0.0000000004           0.135E-10
    2        5.7642178689        0.0000000012           0.455E-10
    3        9.2571093141        0.0000000009           0.337E-10
    4       11.1185873202        0.0000000032           0.119E-09
 No. of converged eigval:     3
 Norm of Residuals:
    1        0.0000000111        0.0000000478           0.111E-07           0.478E-07
    2        0.0000000254        0.0000001244           0.254E-07           0.124E-06
    3        0.0000000979        0.0000001747           0.979E-07           0.175E-06
    4        0.0000002359        0.0000003814           0.236E-06           0.381E-06
 No. of converged eigvec:     0
 Max norm of residues   :  0.381E-06
 *** New Directions : sTDDFT-Davidson step ***
 Left  Nindp=    4
 Right Nindp=    4
 Total Nindp=    8
     tddft JK operator time:         2.49 S         0.02 S         0.31 S 
 
 
 Niter=     6   Nlarge =     327   Nmv =      45
 Ndim =    45   Nlimdim=     200   Nres=     155
 Approximated Eigenvalue (i,w,diff/eV,diff/a.u.):
    1        3.9251686353        0.0000000000           0.127E-13
    2        5.7642178689        0.0000000000           0.613E-13
    3        9.2571093141        0.0000000000           0.948E-13
    4       11.1185873201        0.0000000000           0.343E-12
 No. of converged eigval:     4
 ### Cong: Eigenvalues have Converged ! ###
 Norm of Residuals:
    1        0.0000000003        0.0000000015           0.294E-09           0.146E-08
    2        0.0000000008        0.0000000038           0.842E-09           0.377E-08
    3        0.0000000037        0.0000000061           0.371E-08           0.607E-08
    4        0.0000000111        0.0000000166           0.111E-07           0.166E-07
 No. of converged eigvec:     3
 Max norm of residues   :  0.166E-07
 
 ------------------------------------------------------------------
  Orthogonality check2 for iblock/dim =      0       4
  Averaged nHxProd =     11.250
  Ndim =        4  Maximum nonzero deviation from Iden = 0.116E-13
 ------------------------------------------------------------------
 
 ------------------------------------------------------------------
  Statistics for [dvdson_rpa_block]:
   No.  of blocks =        1
   Size of blocks =   500000
   No.  of eigens =        4
   No.  of HxProd =       45      Averaged =    11.250
   Eigenvalues (a.u.) = 
        0.1442472345        0.2118310228        0.3401923694
        0.4086003996
 ------------------------------------------------------------------
 
 Timing Spin analyze :        0.00        0.00        0.00
 
 No.     1    w=      3.9252 eV     -113.952531 a.u.  f=    0.0000   D<Pab>= 0.0127   Ova= 0.5435
     OV(aa):   B1(   2 )->  B2(   2 )  c_i:  0.1421  Per:  2.0%  IPA:     8.131 eV  Oai: 0.5437
     CO(bb):   B2(   1 )->  B1(   2 )  c_i:  0.9805  Per: 96.1%  IPA:     7.041 eV  Oai: 0.5451
 
 No.     2    w=      5.7642 eV     -113.884947 a.u.  f=    0.0000   D<Pab>= 0.1038   Ova= 0.5428
     OV(aa):   B1(   2 )->  B2(   2 )  c_i:  0.9901  Per: 98.0%  IPA:     8.131 eV  Oai: 0.5437
     CO(bb):   B2(   1 )->  B1(   2 )  c_i: -0.1046  Per:  1.1%  IPA:     7.041 eV  Oai: 0.5451
 
 No.     3    w=      9.2571 eV     -113.756586 a.u.  f=    0.0000   D<Pab>= 1.4290   Ova= 0.5707
     CV(aa):   B1(   1 )->  B2(   2 )  c_i: -0.2426  Per:  5.9%  IPA:    13.584 eV  Oai: 0.5675
     CV(bb):   B1(   1 )->  B2(   2 )  c_i:  0.9645  Per: 93.0%  IPA:    11.952 eV  Oai: 0.5738
 
 No.     4    w=     11.1186 eV     -113.688178 a.u.  f=    0.0000   D<Pab>= 0.5377   Ova= 0.5659
     CV(aa):   B1(   1 )->  B2(   2 )  c_i: -0.9730  Per: 94.7%  IPA:    13.584 eV  Oai: 0.5675
     CV(bb):   B1(   1 )->  B2(   2 )  c_i: -0.2141  Per:  4.6%  IPA:    11.952 eV  Oai: 0.5738
 
 *** List of excitations ***
 
  Ground-state spatial symmetry:  B1
  Ground-state spin: Si=  0.5000
   <S^2>_U=  0.7583  Deviation=  0.0083
 
  Spin change: isf=  0
  D<S^2>_pure=  3.0000 for excited state (Sf=Si+1)
  D<S^2>_pure=  0.0000 for excited state (Sf=Si)
 
  Imaginary/complex excitation energies :   0 states
  Reversed sign excitation energies :   0 states
 
  No. Pair   ExSym   ExEnergies     Wavelengths      f     D<S^2>          Dominant Excitations             IPA   Ova     En-E1
 
    1  A2    1  B2    3.9252 eV        315.87 nm   0.0000   0.0127  96.1% CO(bb):  B2(   1 )->  B1(   2 )   7.041 0.544    0.0000
    2  B1    1  A1    5.3774 eV        230.57 nm   0.0000   0.0083  97.1% CO(bb):  A1(   5 )->  B1(   2 )   8.244 0.677    1.4522
    3  A2    2  B2    5.7642 eV        215.09 nm   0.0000   0.1038  98.0% OV(aa):  B1(   2 )->  B2(   2 )   8.131 0.543    1.8390
    4  A1    2  B1    6.5335 eV        189.77 nm   0.0318   0.0751  82.2% CO(bb):  B1(   1 )->  B1(   2 )   8.444 0.801    2.6083
    5  A1    3  B1    6.6567 eV        186.26 nm   0.0000   1.9478  55.7% CV(bb):  B2(   1 )->  B2(   2 )  10.550 0.806    2.7315
    6  B2    1  A2    8.8339 eV        140.35 nm   0.0000   1.9032  69.8% CV(bb):  A1(   5 )->  B2(   2 )  11.752 0.594    4.9087
    7  A2    3  B2    9.2571 eV        133.93 nm   0.0000   1.4290  93.0% CV(bb):  B1(   1 )->  B2(   2 )  11.952 0.571    5.3319
    8  B2    2  A2   10.1372 eV        122.31 nm   0.0005   0.1136  72.3% CV(aa):  A1(   5 )->  B2(   2 )  12.278 0.590    6.2120
    9  B1    2  A1   10.2294 eV        121.20 nm   0.0246   0.0496  87.4% CO(bb):  A1(   4 )->  B1(   2 )  12.103 0.666    6.3042
   10  A2    4  B2   11.1186 eV        111.51 nm   0.0000   0.5377  94.7% CV(aa):  B1(   1 )->  B2(   2 )  13.584 0.566    7.1934
   11  A1    4  B1   11.3394 eV        109.34 nm   0.2227   0.0259  40.7% CV(aa):  B2(   1 )->  B2(   2 )  10.935 0.731    7.4142
   12  B1    3  A1   11.5288 eV        107.54 nm   0.1070   0.2014  89.0% OV(aa):  B1(   2 )->  A1(   6 )  13.012 0.490    7.6036
   13  B2    3  A2   12.3614 eV        100.30 nm   0.0007   1.9695  56.0% CV(bb):  A1(   4 )->  B2(   2 )  15.612 0.730    8.4363
   14  B1    4  A1   12.7054 eV         97.58 nm   0.0068   0.0832  97.4% OV(aa):  B1(   2 )->  A1(   7 )  14.234 0.413    8.7803
   15  A1    5  B1   13.0333 eV         95.13 nm   0.1349   0.2319  90.4% OV(aa):  B1(   2 )->  B1(   3 )  14.424 0.465    9.1081
   16  B2    4  A2   14.1084 eV         87.88 nm   0.0157   1.1727  93.0% CV(bb):  B2(   1 )->  A1(   6 )  15.487 0.274   10.1832

 *** Ground to excited state Transition electric dipole moments (Au) ***
    State          X           Y           Z          Osc.
       1       0.0000       0.0000       0.0000       0.0000       0.0000
       2       0.0091      -0.0000      -0.0000       0.0000       0.0000
       3       0.0000       0.0000       0.0000       0.0000       0.0000
       4       0.0000      -0.0000       0.4456       0.0318       0.0318
       5       0.0000       0.0000       0.0124       0.0000       0.0000
       6       0.0000      -0.0068      -0.0000       0.0000       0.0000
       7       0.0000       0.0000       0.0000       0.0000       0.0000
       8       0.0000       0.0447      -0.0000       0.0005       0.0005
       9       0.3131      -0.0000      -0.0000       0.0246       0.0246
      10       0.0000       0.0000       0.0000       0.0000       0.0000
      11       0.0000      -0.0000      -0.8954       0.2227       0.2227
      12       0.6155      -0.0000       0.0000       0.1070       0.1070
      13      -0.0000      -0.0495      -0.0000       0.0007       0.0007
      14      -0.1482       0.0000      -0.0000       0.0068       0.0068
      15       0.0000      -0.0000       0.6500       0.1349       0.1349
      16      -0.0000      -0.2130      -0.0000       0.0157       0.0157
 
 
    ---------------------------------------------
    ---- End TD-DFT Calculations for isf = 0 ----
    ---------------------------------------------
 
 Final tddft

|***********************************************************************************|

 TDDFT detail timing(S):       CPU          SYS         WALL    
 Total  TDDFT    :          375.41         2.00        47.29
 Total  TDSolver :          373.48         1.91        47.03
 Leading Term    :            0.01         0.00         0.01
 Induce DENSMAT  :            0.36         0.03         0.05
 Total Kxc time  :            0.00         0.00         0.00
 Total JOP time  :           74.40         0.49         9.40
 Total KOP time  :            0.00         0.00         0.00
 JK contraction  :            0.22         0.01         0.01
 Total JK update :           79.83         0.58        10.05
 Total update vec:          372.83         1.88        46.95
 Total Dav solver:            0.65         0.03         0.08
 Time for Analyze:            0.05         0.02         0.02

|***********************************************************************************|



 
 ---------------------------------------------------------------
  Timing of TD-DFT calculation                                                    
 
  CPU TIME(S)      SYSTEM TIME(S)     WALL TIME(S)
        379.610            2.130              47.870
 ---------------------------------------------------------------
 
|******************************************************************************|
 
    Total cpu     time:        379.61  S
    Total system  time:          2.13  S
    Total wall    time:         47.87  S
 
    Current time   2026-02-03  11:05:23
    End running module tddft
|******************************************************************************|
 
$resp
iprt
3
quad
fnac
single
norder
1
method
2
nfiles
1
states
7 
1 2 1 
1 3 1 
1 2 2 
1 1 1 
1 1 2 
1 4 1 
1 2 3 
ignore
1
grid
ultra fine
rtol
1.d-12
gridtol
1.d-9
$end
('tmpstdin ', True)
('npro is ', 1)
('\n BDF command: ', '/apps/users/wzk/bdf/bdf-pkg/build/bdf-pkg-full/bin/resp.x /apps/users/wzk/scratch/CH2O-UTDDFT-B3LYP_723/CH2O-UTDDFT-B3LYPXX4.resp.inp')
  BDF process        0 of        1 on Serial  
 
|******************************************************************************|
 
    Start running module resp
    Current time   2026-02-03  11:05:24
 
|******************************************************************************|
 
 [resp_init]
 
 
 [postscf_readinfo]
  Ground state information: 
  KS Ground State 
  UKS orbitals 
 
 [postscf_trsint1e]
 
 [postscf_gsorb]
  Nc=    7 No=    1 Nv=  130 Ntot=  138
  NA=    8 NB=    7
  Ground-state spin: Si= 0.500
 
 [postscf_spinsim]
  <S^2>_U= 0.7583  Deviation= 0.0083
 Number of significient shell pairs :       72
 Estimate memory for direct ERI calculations:           4.129 M

 IF USE_LIBCINT :    F

 
  Permute atoms under MolGroup: 
   1  C           1  1  1  1
   2  O           2  2  2  2
   3  H           3  3  4  4
   4  H           4  4  3  3
  Mapshell under MolGroup: (it can be gen via patoms) 
  nshell,nop=                    14                     4
   1     1   1   1   1
   2     2   2   2   2
   3     3   3   3   3
   4     4   4   4   4
   5     5   5   5   5
   6     6   6   6   6
   7     7   7   7   7
   8     8   8   8   8
   9     9   9  12  12
  10    10  10  13  13
  11    11  11  14  14
  12    12  12   9   9
  13    13  13  10  10
  14    14  14  11  11
 
 [resp_input]
 
 Finegrid                     5                     1
  Switch to Ultra Fine grid ...

 Threshold in dft prescreening ...
 Thresh_shellvalue_dft :  0.10000E-09
 ThreshRho     :  0.10000E-11

 IfaMEPC  :    F
 IfaCOSX  :    F
 IfOCTREE :    F
 [dft_init]  T
 Libxc version: 7.0.0
 xcfun_xc_libxc is    475 xcfun_ex_libxc is      0
 The functional 'B3LYP with VWN functional 5 instead of RPA' is an exchange-correlation functional, it belongs to the 'Hybrid GGA. Coeff of Exx=  0.2000' family and is defined in the reference(s):
 [1] P. J. Stephens, F. J. Devlin, C. F. Chabalowski, and M. J. Frisch.,  J. Phys. Chem. 98, 11623 (1994)
 
  Switch to Ultra Fine grid ...

 Intialize DFT grid written by Y. Zhang

 [ATOM SCF control]
  heff=                      0
 After initial atom grid ...
 After initial atom grid ...
 After initial atom grid ...
   1  C     Second Kind Chebyshev (100)  Lebedev (-1202)         
   2  O     Second Kind Chebyshev (100)  Lebedev (-1202)         
   3  H     Second Kind Chebyshev (100)  Lebedev (-1202)         
  Partition Function:  SSF   Partitioning with Scalar=  0.64.
  Gtol, Npblock, Icoulpot, Iop_adaptive :  0.10E-08    128      0          0
  Numerical Grid Generated SUCCESSFULLY! 
 Total and symmetry independent Grid Number:    174720     46169
 Gridinfo: Npoints/Nmax/NpointsU =     46208   174720    46208
 Saving Gridinfo to HARDISK record = Gridinfo
 
  --- PRINT: Information about DFT Calculation --- 
 No. of ATOMS =          4
 No. of Shells =         0
 No. of Batches =      361
 No. of Grids =      46208
 No. of Basis Functions =      138
 No. of Records for [basval] =               0
 Estimated DiskSpace for storage [basval] =           0.000M
 
 Max No. of Rad point per atom =     0
 Max No. of Ang point per atom =     0
 Max No. of Grids per batch =          0
 Max No. of Basis per shell =          0
 Max No. of Records in one batch =               0
 Estimated Mem for [basval] =      0.000M
 Estimated Mem for [func] in R-DFT =      0.000M
 Estimated Mem for [func] in U-DFT =      0.000M
 DirectGrid:        T
 LogicOctree:       F
  --- END : Information about DFT Calculation --- 
 
 Using B. Suo numerical integration branch ...

 Timing to perform basis seiving ...
 CPU:       0.110 S    Sys:       0.000 S    Wall:        0.020 S


 Time to calculate dft grid and perform basis seiving ...
 CPU:       3.270 S    Sys:       0.100 S    Wall:        0.440 S

 
 [resp_interface]
 
 
  respinfo%method=                      2
  respinfo%idft  =                      1
  respinfo%iscf  =                      2
  respinfo%nden  =                      2
  respinfo%nb    =                    138
  respinfo%nc    =                      7
  respinfo%no    =                      1
  respinfo%nv    =                    130
  respinfo%facex =   0.200000000000000     
 
 [tddft_props_init] : ispin=                     0
  No. of files= 1
  Group=C(2V)    dim= 4
  Open: tdinfo1  imethod = 2  isf= 0 itda= 0
                 nph=    1957 nex=    16 mpeccosx= 0
  maxph=     1957  maxex=       16
 
  Evaluate No. of LS states: 
  In SOC-SI, |Gs> has been excluded !
  Sf=  0.500  Ndeg= 1  Nspatial=    16
  Total No. of States:    16
 
 ifile=   1
 Targeted Excited States (Not pairsym) 
  1   A1       4 from      546
  2   A2       4 from      429
  3   B1       4 from      655
  4   B2       4 from      327
 
 [resp_reorder_init] 
 
  MXNSOS/nreps                    54                     4
  New orbital mapping (in irreps): 
    1  |   1  58   6   7
    2  |   2  59   8 111
    3  |   3  60  75 112
    4  |   4  61  76 113
    5  |   5  62  77 114
    6  |   9  63  78 115
    7  |  10  64  79 116
    8  |  11  65  80 117
    9  |  12  66  81 118
   10  |  13  67  82 119
   11  |  14  68  83 120
   12  |  15  69  84 121
   13  |  16  70  85 122
   14  |  17  71  86 123
   15  |  18  72  87 124
   16  |  19  73  88 125
   17  |  20  74  89 126
   18  |  21   0  90 127
   19  |  22   0  91 128
   20  |  23   0  92 129
   21  |  24   0  93 130
   22  |  25   0  94 131
   23  |  26   0  95 132
   24  |  27   0  96 133
   25  |  28   0  97 134
   26  |  29   0  98 135
   27  |  30   0  99 136
   28  |  31   0 100 137
   29  |  32   0 101 138
   30  |  33   0 102   0
   31  |  34   0 103   0
   32  |  35   0 104   0
   33  |  36   0 105   0
   34  |  37   0 106   0
   35  |  38   0 107   0
   36  |  39   0 108   0
   37  |  40   0 109   0
   38  |  41   0 110   0
   39  |  42   0   0   0
   40  |  43   0   0   0
   41  |  44   0   0   0
   42  |  45   0   0   0
   43  |  46   0   0   0
   44  |  47   0   0   0
   45  |  48   0   0   0
   46  |  49   0   0   0
   47  |  50   0   0   0
   48  |  51   0   0   0
   49  |  52   0   0   0
   50  |  53   0   0   0
   51  |  54   0   0   0
   52  |  55   0   0   0
   53  |  56   0   0   0
   54  |  57   0   0   0
  Reorder MO coefficient ... DONE 
  Reorder Fock matrix ... DONE 
 
 [resp_main]
 
 -------- Job type -------
  CHCK= F
  GEOM= F
  LINE= F
  QUAD= T
  FNAC= T
  POLA= F
  HYPE= F
  FDIF= F
  SOLSS= F
  IGNORE level =  1
  STEP=  1.000000047497451E-003
 -------------------------
 
  --- Quadratic response properties ---
  First-order nonadiabatic couplings 
 
 [resp_quad_residues]
 
  Ntot =                    16
  Nfile=                     1
  Nex  =                    16
 -----------------------------------------------
     Single residue calculations: <0|A|ex>      
  States =                      7
  No.=   1 pair =   0   0   0   1   2   1
  No.=   2 pair =   0   0   0   1   3   1
  No.=   3 pair =   0   0   0   1   2   2
  No.=   4 pair =   0   0   0   1   1   1
  No.=   5 pair =   0   0   0   1   1   2
  No.=   6 pair =   0   0   0   1   4   1
  No.=   7 pair =   0   0   0   1   2   3
 -----------------------------------------------
 
 -----------------------------------------------
  File: 1 of 1
  imethod= 2   isf= 0   nph=    1957   nex=  16
 -----------------------------------------------
 
  <irep: 1 jnsos:     655 jnexi:   4>
 
 [resp_ex_init]
 
  Check normalization:
  R^t*L(vec)=   1.00000000000000     
  R^t*L(mat)=   1.00000000000000     
 
 =================================
  PairIJ=   0   0   0   1   1   1
 =================================
 
 [resp_nac_main1]
 
  wI0 =  0.240101110556274     
 
 [resp_ex_Wmo]
 
  Skewness of Wmo(C,C) =  7.444951143353173E-017
  Skewness of Wmo(C,V) =  1.307520101554700E-007
  Skewness of Wmo(V,V) =  0.000000000000000E+000
  Skewness of Wmo(C,C) =  1.125374623265524E-017
  Skewness of Wmo(C,V) =  1.809978237252369E-007
  Skewness of Wmo(V,V) =  0.000000000000000E+000
 
 [resp_deriv_energy]
 
 
 [resp_deriv1e_fock_new]
 
 
 ---------------------------------------------------------------
  Timing to calculate 1-electronic integrals                                      
 
  CPU TIME(S)      SYSTEM TIME(S)     WALL TIME(S)
          0.010            0.000               0.000
 ---------------------------------------------------------------
 
  Gradient contribution from 1e
      1        0.0000000000       -0.0000000000       -2.1984860068
      2        0.0000000000        0.0000000000        1.7272341770
      3        0.3024409989       -0.0000000000        0.2356259149
      4       -0.3024409989        0.0000000000        0.2356259149
 Sum of gradient contribution from 1e
              0.0000000000       -0.0000000000       -0.0000000000
 
 
 [resp_deriv2e]
 
resp deriv type   4
 Number of cartesian primative basis functions :      188
 If used primative density matrix:  F
  [int2e_petite_1st_gradient_screened]
 Total length of P4 ERIs 1st gradient:             1365957
 Maxium length of a batch of ERI 1st gradient:           50625
 Maxium length of a batch of dens matrix     :          320000
 Lenght of eri-grad core                     :         2350416
 If primative density matrix is used         : F
 Number of OpenMP threads                    :   8
 ngrad=                     1
 Esitmate buffer meomory used:        0.1592 GB
 
|--------------------------------------------------------------------------------|
          Molecular gradient - Elec Repulsive contribution
 
        Atom            X                    Y                    Z
        C              0.0000000000          0.0000000000          2.1106830826
        O              0.0000000000         -0.0000000000         -1.6669388706
        H             -0.2954557964          0.0000000000         -0.2218721060
        H              0.2954557964         -0.0000000000         -0.2218721060
|--------------------------------------------------------------------------------|
 
 
 ---------------------------------------------------------------
  Timing to calculate 2-electronic integrals Gradients                            
 
  CPU TIME(S)      SYSTEM TIME(S)     WALL TIME(S)
          4.250            0.020               0.540
 ---------------------------------------------------------------
 
 Time:   PreRys     Rys    2dint    2dintd   6dint  6dintc  6dints
cputime    0.00E+00    0.00E+00    0.00E+00    0.00E+00    0.00E+00    0.00E+00    0.00E+00    0.00E+00
systime    0.00E+00    0.00E+00    0.00E+00    0.00E+00    0.00E+00    0.00E+00    0.00E+00    0.00E+00
waltime    0.00E+00    0.00E+00    0.00E+00    0.00E+00    0.00E+00    0.00E+00    0.00E+00    0.00E+00
 Finish resp_deriv2e
  Gradient contribution from Analytic 2e
      1        0.0000000000        0.0000000000        2.1106830826
      2        0.0000000000       -0.0000000000       -1.6669388706
      3       -0.2954557964        0.0000000000       -0.2218721060
      4        0.2954557964       -0.0000000000       -0.2218721060
 Sum of gradient contribution from Analytic 2e
              0.0000000000        0.0000000000        0.0000000000
 
 
  Gradient contribution from Final-grad(no XC)
      1        0.0000000000       -0.0000000000       -0.0878029243
      2        0.0000000000        0.0000000000        0.0602953064
      3        0.0069852025       -0.0000000000        0.0137538089
      4       -0.0069852025        0.0000000000        0.0137538089
 Sum of gradient contribution from Final-grad(no XC)
              0.0000000000       -0.0000000000       -0.0000000000
 
 
 [resp_deriv_Exc]
 
 
 ---------------------------------------------------------------
  Timing for XC energy gradient calculation
 
  CPU TIME(S)      SYSTEM TIME(S)     WALL TIME(S)
          6.070            0.040               0.760
 ---------------------------------------------------------------
 
  Gradient contribution from XC
      1       -0.0000000000        0.0000000000       -0.1387454378
      2        0.0000000000       -0.0000000000        0.1044099542
      3        0.0198610834       -0.0000000000        0.0171677438
      4       -0.0198610834        0.0000000000        0.0171677438
 Sum of gradient contribution from XC
              0.0000000000       -0.0000000000        0.0000000039
 
 
 [resp_deriv_dpq]
 
  Gradient contribution from dpq-R
      1        0.0000000000        0.0000000000        0.0216732756
      2        0.0000000000       -0.0000000000       -0.0330687032
      3       -0.0070716456        0.0000000000       -0.0071140207
      4        0.0070716456       -0.0000000000       -0.0071140207
 Sum of gradient contribution from dpq-R
             -0.0000000000        0.0000000000       -0.0256234690
 
  Gradient contribution from Final-NAC(R)
      1       -0.0000000000        0.0000000000       -0.2048750864
      2        0.0000000000       -0.0000000000        0.1316365573
      3        0.0197746403       -0.0000000000        0.0238075320
      4       -0.0197746403        0.0000000000        0.0238075320
 Sum of gradient contribution from Final-NAC(R)
              0.0000000000       -0.0000000000       -0.0256234651
 
 ------------------------------------------------------------------
 
 Raw NACMEs, without electron-translation factor:
  FNAC_cpair=   0   0   0     1   1   1
  FNAC_epair=         -114.0967783540623941         -113.8566772435061267
  Gradient contribution from Final-NAC(R)-Escaled
      1       -0.0000000000        0.0000000000       -0.8532867088
      2        0.0000000000       -0.0000000000        0.5482546791
      3        0.0823596368       -0.0000000000        0.0991562761
      4       -0.0823596368        0.0000000000        0.0991562761
 Sum of gradient contribution from Final-NAC(R)-Escaled
              0.0000000000       -0.0000000000       -0.1067194774
 
 ------------------------------------------------------------------
  Gradient contribution from dpq-S
      1       -0.0000000000        0.0000000000        0.0304518072
      2       -0.0000000000       -0.0000000000       -0.0235260145
      3       -0.0048877946        0.0000000000       -0.0034628964
      4        0.0048877946       -0.0000000000       -0.0034628964
 Sum of gradient contribution from dpq-S
             -0.0000000000        0.0000000000        0.0000000000
 
  Gradient contribution from Final-NAC(S)
      1       -0.0000000000        0.0000000000       -0.1960965548
      2        0.0000000000       -0.0000000000        0.1411792460
      3        0.0219584913       -0.0000000000        0.0274586563
      4       -0.0219584913        0.0000000000        0.0274586563
 Sum of gradient contribution from Final-NAC(S)
              0.0000000000       -0.0000000000        0.0000000039
 
 
 NACMEs including electron-translation factor:
  Gradient contribution from Final-NAC(S)-Escaled
      1       -0.0000000000        0.0000000000       -0.8167248971
      2        0.0000000000       -0.0000000000        0.5879991379
      3        0.0914551842       -0.0000000000        0.1143628877
      4       -0.0914551842        0.0000000000        0.1143628877
 Sum of gradient contribution from Final-NAC(S)-Escaled
              0.0000000000       -0.0000000000        0.0000000163
 
 
 [resp_ex_final] : iop=                     2
 
 
 [resp_ex_final] : iop=                     0
 
 
 [resp_ex_init]
 
  Check normalization:
  R^t*L(vec)=   1.00000000000000     
  R^t*L(mat)=   1.00000000000000     
 
 =================================
  PairIJ=   0   0   0   1   1   2
 =================================
 
 [resp_nac_main1]
 
  wI0 =  0.244628791355012     
 
 [resp_ex_Wmo]
 
  Skewness of Wmo(C,C) =  2.340168377394692E-017
  Skewness of Wmo(C,V) =  2.918934864867772E-007
  Skewness of Wmo(V,V) =  0.000000000000000E+000
  Skewness of Wmo(C,C) =  1.503102440911410E-017
  Skewness of Wmo(C,V) =  2.756571078752180E-007
  Skewness of Wmo(V,V) =  0.000000000000000E+000
 
 [resp_deriv_energy]
 
 
 [resp_deriv1e_fock_new]
 
 
|--------------------------------------------------------------------------------|
          Molecular gradient - Overlap contribution
 
        Atom            X                    Y                    Z
        C              0.0000000000         -0.0000000000         -0.0076999911
        O              0.0000000000          0.0000000000          0.0004997701
        H              0.0063297392         -0.0000000000          0.0036001105
        H             -0.0063297392          0.0000000000          0.0036001105
|--------------------------------------------------------------------------------|
 
 
|--------------------------------------------------------------------------------|
          Molecular gradient - Kinetic energy contribution
 
        Atom            X                    Y                    Z
        C             -0.0000000000         -0.0000000000         -0.0122665522
        O              0.0000000000          0.0000000000          0.0013820310
        H              0.0091537358         -0.0000000000          0.0054422606
        H             -0.0091537358          0.0000000000          0.0054422606
|--------------------------------------------------------------------------------|
 
 
|--------------------------------------------------------------------------------|
          Molecular gradient - Nuclear attraction energy contribution
 
        Atom            X                    Y                    Z
        C              0.0000000000          0.0000000000          0.2015287221
        O              0.0000000000         -0.0000000000         -0.0987292703
        H             -0.0773357889          0.0000000000         -0.0513997259
        H              0.0773357889         -0.0000000000         -0.0513997259
|--------------------------------------------------------------------------------|
 
 
 ---------------------------------------------------------------
  Timing to calculate 1-electronic integrals                                      
 
  CPU TIME(S)      SYSTEM TIME(S)     WALL TIME(S)
          0.010            0.010               0.010
 ---------------------------------------------------------------
 
  Gradient contribution from 1e
      1       -0.0000000000        0.0000000000        0.1815621789
      2        0.0000000000       -0.0000000000       -0.0968474692
      3       -0.0618523139        0.0000000000       -0.0423573548
      4        0.0618523139       -0.0000000000       -0.0423573548
 Sum of gradient contribution from 1e
              0.0000000000        0.0000000000        0.0000000000
 
 
 [resp_deriv2e]
 
resp deriv type   4
 Number of cartesian primative basis functions :      188
 If used primative density matrix:  F
  [int2e_petite_1st_gradient_screened]
 Total length of P4 ERIs 1st gradient:             1365957
 Maxium length of a batch of ERI 1st gradient:           50625
 Maxium length of a batch of dens matrix     :          320000
 Lenght of eri-grad core                     :         2350416
 If primative density matrix is used         : F
 Number of OpenMP threads                    :   8
 ngrad=                     1
 Esitmate buffer meomory used:        0.1592 GB
 
|--------------------------------------------------------------------------------|
          Molecular gradient - Elec Repulsive contribution
 
        Atom            X                    Y                    Z
        C              0.0000000000         -0.0000000000         -0.1724511978
        O              0.0000000000          0.0000000000          0.0908390222
        H              0.0618388415         -0.0000000000          0.0408060878
        H             -0.0618388415          0.0000000000          0.0408060878
|--------------------------------------------------------------------------------|
 
 
 ---------------------------------------------------------------
  Timing to calculate 2-electronic integrals Gradients                            
 
  CPU TIME(S)      SYSTEM TIME(S)     WALL TIME(S)
          4.120            0.020               0.510
 ---------------------------------------------------------------
 
 Time:   PreRys     Rys    2dint    2dintd   6dint  6dintc  6dints
cputime    0.00E+00    0.00E+00    0.00E+00    0.00E+00    0.00E+00    0.00E+00    0.00E+00    0.00E+00
systime    0.00E+00    0.00E+00    0.00E+00    0.00E+00    0.00E+00    0.00E+00    0.00E+00    0.00E+00
waltime    0.00E+00    0.00E+00    0.00E+00    0.00E+00    0.00E+00    0.00E+00    0.00E+00    0.00E+00
 Finish resp_deriv2e
  Gradient contribution from Analytic 2e
      1        0.0000000000       -0.0000000000       -0.1724511978
      2        0.0000000000        0.0000000000        0.0908390222
      3        0.0618388415       -0.0000000000        0.0408060878
      4       -0.0618388415        0.0000000000        0.0408060878
 Sum of gradient contribution from Analytic 2e
              0.0000000000        0.0000000000        0.0000000000
 
 
  Gradient contribution from Final-grad(no XC)
      1       -0.0000000000       -0.0000000000        0.0091109810
      2        0.0000000000       -0.0000000000       -0.0060084471
      3       -0.0000134724        0.0000000000       -0.0015512670
      4        0.0000134724        0.0000000000       -0.0015512670
 Sum of gradient contribution from Final-grad(no XC)
              0.0000000000        0.0000000000        0.0000000000
 
 
 [resp_deriv_Exc]
 
 
 ---------------------------------------------------------------
  Timing for XC energy gradient calculation
 
  CPU TIME(S)      SYSTEM TIME(S)     WALL TIME(S)
          6.020            0.000               0.760
 ---------------------------------------------------------------
 
  Gradient contribution from XC
      1       -0.0000000000       -0.0000000000        0.0100723936
      2       -0.0000000000        0.0000000000       -0.0035914953
      3       -0.0048217592        0.0000000000       -0.0032404513
      4        0.0048217592       -0.0000000000       -0.0032404513
 Sum of gradient contribution from XC
             -0.0000000000        0.0000000000       -0.0000000043
 
 
 [resp_deriv_dpq]
 
  Gradient contribution from dpq-R
      1        0.0000000000       -0.0000000000       -0.0045256938
      2        0.0000000000       -0.0000000000        0.0010011567
      3        0.0016344235       -0.0000000000        0.0013946722
      4       -0.0016344235        0.0000000000        0.0013946722
 Sum of gradient contribution from dpq-R
              0.0000000000       -0.0000000000       -0.0007351927
 
  Gradient contribution from Final-NAC(R)
      1        0.0000000000       -0.0000000000        0.0146576809
      2       -0.0000000000        0.0000000000       -0.0085987856
      3       -0.0032008080        0.0000000000       -0.0033970461
      4        0.0032008080        0.0000000000       -0.0033970461
 Sum of gradient contribution from Final-NAC(R)
             -0.0000000000        0.0000000000       -0.0007351970
 
 ------------------------------------------------------------------
 
 Raw NACMEs, without electron-translation factor:
  FNAC_cpair=   0   0   0     1   1   2
  FNAC_epair=         -114.0967783540623941         -113.8521495627073818
  Gradient contribution from Final-NAC(R)-Escaled
      1        0.0000000000       -0.0000000000        0.0599180530
      2       -0.0000000000        0.0000000000       -0.0351503417
      3       -0.0130843470        0.0000000000       -0.0138865345
      4        0.0130843470        0.0000000000       -0.0138865345
 Sum of gradient contribution from Final-NAC(R)-Escaled
             -0.0000000000        0.0000000000       -0.0030053575
 
 ------------------------------------------------------------------
  Gradient contribution from dpq-S
      1        0.0000000000        0.0000000000       -0.0028631319
      2        0.0000000000       -0.0000000000        0.0013308752
      3        0.0013409999       -0.0000000000        0.0007661284
      4       -0.0013409999        0.0000000000        0.0007661284
 Sum of gradient contribution from dpq-S
              0.0000000000       -0.0000000000       -0.0000000000
 
  Gradient contribution from Final-NAC(S)
      1       -0.0000000000       -0.0000000000        0.0163202428
      2       -0.0000000000        0.0000000000       -0.0082690671
      3       -0.0034942317        0.0000000000       -0.0040255900
      4        0.0034942317        0.0000000000       -0.0040255900
 Sum of gradient contribution from Final-NAC(S)
             -0.0000000000        0.0000000000       -0.0000000043
 
 
 NACMEs including electron-translation factor:
  Gradient contribution from Final-NAC(S)-Escaled
      1       -0.0000000000       -0.0000000000        0.0667143171
      2       -0.0000000000        0.0000000000       -0.0338025099
      3       -0.0142838121        0.0000000000       -0.0164559124
      4        0.0142838121        0.0000000000       -0.0164559124
 Sum of gradient contribution from Final-NAC(S)-Escaled
             -0.0000000000        0.0000000000       -0.0000000176
 
 
 [resp_ex_final] : iop=                     2
 
 
 [resp_ex_final] : iop=                     0
 
 
  <irep: 2 jnsos:     327 jnexi:   4>
 
 [resp_ex_init]
 
  Check normalization:
  R^t*L(vec)=   1.00000000000000     
  R^t*L(mat)=   1.00000000000000     
 
 =================================
  PairIJ=   0   0   0   1   2   1
 =================================
 
 [resp_nac_main1]
 
  wI0 =  0.144247234534984     
 
 [resp_ex_Wmo]
 
  Skewness of Wmo(C,C) =  2.453270322106827E-017
  Skewness of Wmo(C,V) =  9.634941111807999E-008
  Skewness of Wmo(V,V) =  0.000000000000000E+000
  Skewness of Wmo(C,C) =  7.378452363302611E-018
  Skewness of Wmo(C,V) =  2.782155633537693E-007
  Skewness of Wmo(V,V) =  0.000000000000000E+000
 
 [resp_deriv_energy]
 
 
 [resp_deriv1e_fock_new]
 
 
|--------------------------------------------------------------------------------|
          Molecular gradient - Overlap contribution
 
        Atom            X                    Y                    Z
        C              0.0000000000          0.0000000000          0.0000000000
        O              0.0000000000          0.0000000000          0.0000000000
        H             -0.0000000000          0.0143905154          0.0000000000
        H             -0.0000000000         -0.0143905154          0.0000000000
|--------------------------------------------------------------------------------|
 
 
|--------------------------------------------------------------------------------|
          Molecular gradient - Kinetic energy contribution
 
        Atom            X                    Y                    Z
        C              0.0000000000          0.0000000000          0.0000000000
        O             -0.0000000000         -0.0000000000          0.0000000000
        H             -0.0000000000          0.0119069730          0.0000000000
        H             -0.0000000000         -0.0119069730          0.0000000000
|--------------------------------------------------------------------------------|
 
 
|--------------------------------------------------------------------------------|
          Molecular gradient - Nuclear attraction energy contribution
 
        Atom            X                    Y                    Z
        C             -0.0000000000          0.0000000000          0.0000000000
        O             -0.0000000000          0.0000000000          0.0000000000
        H             -0.0000000000         -0.1896210450          0.0000000000
        H              0.0000000000          0.1896210450          0.0000000000
|--------------------------------------------------------------------------------|
 
 
 ---------------------------------------------------------------
  Timing to calculate 1-electronic integrals                                      
 
  CPU TIME(S)      SYSTEM TIME(S)     WALL TIME(S)
          0.010            0.000               0.010
 ---------------------------------------------------------------
 
  Gradient contribution from 1e
      1       -0.0000000000        0.0000000000        0.0000000000
      2       -0.0000000000       -0.0000000000        0.0000000000
      3       -0.0000000000       -0.1633235566        0.0000000000
      4        0.0000000000        0.1633235566        0.0000000000
 Sum of gradient contribution from 1e
             -0.0000000000        0.0000000000        0.0000000000
 
 
 [resp_deriv2e]
 
resp deriv type   4
 Number of cartesian primative basis functions :      188
 If used primative density matrix:  F
  [int2e_petite_1st_gradient_screened]
 Total length of P4 ERIs 1st gradient:             1365957
 Maxium length of a batch of ERI 1st gradient:           50625
 Maxium length of a batch of dens matrix     :          320000
 Lenght of eri-grad core                     :         2350416
 If primative density matrix is used         : F
 Number of OpenMP threads                    :   8
 ngrad=                     1
 Esitmate buffer meomory used:        0.1592 GB
 
|--------------------------------------------------------------------------------|
          Molecular gradient - Elec Repulsive contribution
 
        Atom            X                    Y                    Z
        C              0.0000000000          0.0000000000          0.0000000000
        O              0.0000000000          0.0000000000          0.0000000000
        H              0.0000000000          0.1506320598          0.0000000000
        H             -0.0000000000         -0.1506320598          0.0000000000
|--------------------------------------------------------------------------------|
 
 
 ---------------------------------------------------------------
  Timing to calculate 2-electronic integrals Gradients                            
 
  CPU TIME(S)      SYSTEM TIME(S)     WALL TIME(S)
          4.100            0.020               0.510
 ---------------------------------------------------------------
 
 Time:   PreRys     Rys    2dint    2dintd   6dint  6dintc  6dints
cputime    0.00E+00    0.00E+00    0.00E+00    0.00E+00    0.00E+00    0.00E+00    0.00E+00    0.00E+00
systime    0.00E+00    0.00E+00    0.00E+00    0.00E+00    0.00E+00    0.00E+00    0.00E+00    0.00E+00
waltime    0.00E+00    0.00E+00    0.00E+00    0.00E+00    0.00E+00    0.00E+00    0.00E+00    0.00E+00
 Finish resp_deriv2e
  Gradient contribution from Analytic 2e
      1        0.0000000000        0.0000000000        0.0000000000
      2        0.0000000000        0.0000000000        0.0000000000
      3        0.0000000000        0.1506320598        0.0000000000
      4       -0.0000000000       -0.1506320598        0.0000000000
 Sum of gradient contribution from Analytic 2e
              0.0000000000        0.0000000000        0.0000000000
 
 
  Gradient contribution from Final-grad(no XC)
      1       -0.0000000000        0.0000000000        0.0000000000
      2        0.0000000000       -0.0000000000        0.0000000000
      3       -0.0000000000       -0.0126914968        0.0000000000
      4        0.0000000000        0.0126914968        0.0000000000
 Sum of gradient contribution from Final-grad(no XC)
             -0.0000000000        0.0000000000        0.0000000000
 
 
 [resp_deriv_Exc]
 
 
 ---------------------------------------------------------------
  Timing for XC energy gradient calculation
 
  CPU TIME(S)      SYSTEM TIME(S)     WALL TIME(S)
          6.040            0.010               0.760
 ---------------------------------------------------------------
 
  Gradient contribution from XC
      1        0.0000000000        0.0000000000        0.0000000000
      2       -0.0000000000        0.0000000000        0.0000000000
      3       -0.0000000000       -0.0120896357        0.0000000000
      4        0.0000000000        0.0120896357        0.0000000000
 Sum of gradient contribution from XC
             -0.0000000000        0.0000000000        0.0000000000
 
 
 [resp_deriv_dpq]
 
  Gradient contribution from dpq-R
      1       -0.0000000000        0.0000000000       -0.0000000000
      2       -0.0000000000        0.0000000000       -0.0000000000
      3        0.0000000000        0.0025007986        0.0000000000
      4       -0.0000000000       -0.0025007986        0.0000000000
 Sum of gradient contribution from dpq-R
             -0.0000000000        0.0000000000        0.0000000000
 
  Gradient contribution from Final-NAC(R)
      1        0.0000000000        0.0000000000       -0.0000000000
      2       -0.0000000000        0.0000000000       -0.0000000000
      3       -0.0000000000       -0.0222803338        0.0000000000
      4        0.0000000000        0.0222803338        0.0000000000
 Sum of gradient contribution from Final-NAC(R)
             -0.0000000000        0.0000000000        0.0000000000
 
 ------------------------------------------------------------------
 
 Raw NACMEs, without electron-translation factor:
  FNAC_cpair=   0   0   0     1   2   1
  FNAC_epair=         -114.0967783540623941         -113.9525311195274071
  Gradient contribution from Final-NAC(R)-Escaled
      1        0.0000000000        0.0000000000       -0.0000000000
      2       -0.0000000000        0.0000000000       -0.0000000000
      3       -0.0000000000       -0.1544593482        0.0000000000
      4        0.0000000000        0.1544593482        0.0000000000
 Sum of gradient contribution from Final-NAC(R)-Escaled
             -0.0000000000        0.0000000000        0.0000000000
 
 ------------------------------------------------------------------
  Gradient contribution from dpq-S
      1        0.0000000000        0.0000000000       -0.0000000000
      2       -0.0000000000       -0.0000000000       -0.0000000000
      3        0.0000000000        0.0016884920        0.0000000000
      4       -0.0000000000       -0.0016884920        0.0000000000
 Sum of gradient contribution from dpq-S
             -0.0000000000        0.0000000000       -0.0000000000
 
  Gradient contribution from Final-NAC(S)
      1        0.0000000000        0.0000000000       -0.0000000000
      2       -0.0000000000        0.0000000000       -0.0000000000
      3       -0.0000000000       -0.0230926405        0.0000000000
      4        0.0000000000        0.0230926405        0.0000000000
 Sum of gradient contribution from Final-NAC(S)
             -0.0000000000        0.0000000000       -0.0000000000
 
 
 NACMEs including electron-translation factor:
  Gradient contribution from Final-NAC(S)-Escaled
      1        0.0000000000        0.0000000000       -0.0000000000
      2       -0.0000000000        0.0000000000       -0.0000000000
      3       -0.0000000000       -0.1600906979        0.0000000000
      4        0.0000000000        0.1600906979        0.0000000000
 Sum of gradient contribution from Final-NAC(S)-Escaled
             -0.0000000000        0.0000000000       -0.0000000000
 
 
 [resp_ex_final] : iop=                     2
 
 
 [resp_ex_final] : iop=                     0
 
 
 [resp_ex_init]
 
  Check normalization:
  R^t*L(vec)=   1.00000000000000     
  R^t*L(mat)=   1.00000000000000     
 
 =================================
  PairIJ=   0   0   0   1   2   2
 =================================
 
 [resp_nac_main1]
 
  wI0 =  0.211831022844030     
 
 [resp_ex_Wmo]
 
  Skewness of Wmo(C,C) =  1.251450052009086E-017
  Skewness of Wmo(C,V) =  1.193577865877552E-007
  Skewness of Wmo(V,V) =  0.000000000000000E+000
  Skewness of Wmo(C,C) =  2.473304442780622E-018
  Skewness of Wmo(C,V) =  7.074106275826932E-008
  Skewness of Wmo(V,V) =  0.000000000000000E+000
 
 [resp_deriv_energy]
 
 
 [resp_deriv1e_fock_new]
 
 
|--------------------------------------------------------------------------------|
          Molecular gradient - Overlap contribution
 
        Atom            X                    Y                    Z
        C              0.0000000000          0.0000000000          0.0000000000
        O             -0.0000000000          0.0000000000          0.0000000000
        H              0.0000000000          0.0195275636          0.0000000000
        H             -0.0000000000         -0.0195275636          0.0000000000
|--------------------------------------------------------------------------------|
 
 
|--------------------------------------------------------------------------------|
          Molecular gradient - Kinetic energy contribution
 
        Atom            X                    Y                    Z
        C              0.0000000000          0.0000000000          0.0000000000
        O              0.0000000000          0.0000000000          0.0000000000
        H             -0.0000000000          0.0249361815          0.0000000000
        H             -0.0000000000         -0.0249361815          0.0000000000
|--------------------------------------------------------------------------------|
 
 
|--------------------------------------------------------------------------------|
          Molecular gradient - Nuclear attraction energy contribution
 
        Atom            X                    Y                    Z
        C             -0.0000000000          0.0000000000          0.0000000000
        O              0.0000000000          0.0000000000          0.0000000000
        H             -0.0000000000         -0.3209619638          0.0000000000
        H              0.0000000000          0.3209619638          0.0000000000
|--------------------------------------------------------------------------------|
 
 
 ---------------------------------------------------------------
  Timing to calculate 1-electronic integrals                                      
 
  CPU TIME(S)      SYSTEM TIME(S)     WALL TIME(S)
          0.010            0.000               0.010
 ---------------------------------------------------------------
 
  Gradient contribution from 1e
      1       -0.0000000000        0.0000000000        0.0000000000
      2        0.0000000000        0.0000000000        0.0000000000
      3       -0.0000000000       -0.2764982187        0.0000000000
      4        0.0000000000        0.2764982187        0.0000000000
 Sum of gradient contribution from 1e
             -0.0000000000        0.0000000000        0.0000000000
 
 
 [resp_deriv2e]
 
resp deriv type   4
 Number of cartesian primative basis functions :      188
 If used primative density matrix:  F
  [int2e_petite_1st_gradient_screened]
 Total length of P4 ERIs 1st gradient:             1365957
 Maxium length of a batch of ERI 1st gradient:           50625
 Maxium length of a batch of dens matrix     :          320000
 Lenght of eri-grad core                     :         2350416
 If primative density matrix is used         : F
 Number of OpenMP threads                    :   8
 ngrad=                     1
 Esitmate buffer meomory used:        0.1592 GB
 
|--------------------------------------------------------------------------------|
          Molecular gradient - Elec Repulsive contribution
 
        Atom            X                    Y                    Z
        C              0.0000000000          0.0000000000          0.0000000000
        O             -0.0000000000          0.0000000000          0.0000000000
        H              0.0000000000          0.2551758427          0.0000000000
        H             -0.0000000000         -0.2551758427          0.0000000000
|--------------------------------------------------------------------------------|
 
 
 ---------------------------------------------------------------
  Timing to calculate 2-electronic integrals Gradients                            
 
  CPU TIME(S)      SYSTEM TIME(S)     WALL TIME(S)
          4.170            0.020               0.520
 ---------------------------------------------------------------
 
 Time:   PreRys     Rys    2dint    2dintd   6dint  6dintc  6dints
cputime    0.00E+00    0.00E+00    0.00E+00    0.00E+00    0.00E+00    0.00E+00    0.00E+00    0.00E+00
systime    0.00E+00    0.00E+00    0.00E+00    0.00E+00    0.00E+00    0.00E+00    0.00E+00    0.00E+00
waltime    0.00E+00    0.00E+00    0.00E+00    0.00E+00    0.00E+00    0.00E+00    0.00E+00    0.00E+00
 Finish resp_deriv2e
  Gradient contribution from Analytic 2e
      1        0.0000000000        0.0000000000        0.0000000000
      2       -0.0000000000        0.0000000000        0.0000000000
      3        0.0000000000        0.2551758427        0.0000000000
      4       -0.0000000000       -0.2551758427        0.0000000000
 Sum of gradient contribution from Analytic 2e
              0.0000000000        0.0000000000        0.0000000000
 
 
  Gradient contribution from Final-grad(no XC)
      1       -0.0000000000        0.0000000000        0.0000000000
      2        0.0000000000        0.0000000000        0.0000000000
      3       -0.0000000000       -0.0213223760        0.0000000000
      4        0.0000000000        0.0213223760        0.0000000000
 Sum of gradient contribution from Final-grad(no XC)
             -0.0000000000        0.0000000000        0.0000000000
 
 
 [resp_deriv_Exc]
 
 
 ---------------------------------------------------------------
  Timing for XC energy gradient calculation
 
  CPU TIME(S)      SYSTEM TIME(S)     WALL TIME(S)
          5.970            0.000               0.750
 ---------------------------------------------------------------
 
  Gradient contribution from XC
      1        0.0000000000       -0.0000000000        0.0000000000
      2       -0.0000000000       -0.0000000000        0.0000000000
      3       -0.0000000000       -0.0213251740        0.0000000000
      4        0.0000000000        0.0213251740        0.0000000000
 Sum of gradient contribution from XC
              0.0000000000       -0.0000000000        0.0000000000
 
 
 [resp_deriv_dpq]
 
  Gradient contribution from dpq-R
      1       -0.0000000000       -0.0000000000       -0.0000000000
      2       -0.0000000000        0.0000000000        0.0000000000
      3       -0.0000000000       -0.0037726308       -0.0000000000
      4        0.0000000000        0.0037726308       -0.0000000000
 Sum of gradient contribution from dpq-R
             -0.0000000000       -0.0000000000       -0.0000000000
 
  Gradient contribution from Final-NAC(R)
      1        0.0000000000       -0.0000000000       -0.0000000000
      2        0.0000000000       -0.0000000000        0.0000000000
      3       -0.0000000000       -0.0464201808       -0.0000000000
      4        0.0000000000        0.0464201808       -0.0000000000
 Sum of gradient contribution from Final-NAC(R)
              0.0000000000       -0.0000000000       -0.0000000000
 
 ------------------------------------------------------------------
 
 Raw NACMEs, without electron-translation factor:
  FNAC_cpair=   0   0   0     1   2   2
  FNAC_epair=         -114.0967783540623941         -113.8849473312183704
  Gradient contribution from Final-NAC(R)-Escaled
      1        0.0000000000       -0.0000000000       -0.0000000000
      2        0.0000000000       -0.0000000000        0.0000000000
      3       -0.0000000000       -0.2191377834       -0.0000000000
      4        0.0000000000        0.2191377834       -0.0000000000
 Sum of gradient contribution from Final-NAC(R)-Escaled
              0.0000000000       -0.0000000000       -0.0000000000
 
 ------------------------------------------------------------------
  Gradient contribution from dpq-S
      1       -0.0000000000       -0.0000000000       -0.0000000000
      2       -0.0000000000       -0.0000000000        0.0000000000
      3        0.0000000000        0.0045090192        0.0000000000
      4       -0.0000000000       -0.0045090192        0.0000000000
 Sum of gradient contribution from dpq-S
             -0.0000000000        0.0000000000       -0.0000000000
 
  Gradient contribution from Final-NAC(S)
      1        0.0000000000       -0.0000000000       -0.0000000000
      2        0.0000000000       -0.0000000000        0.0000000000
      3       -0.0000000000       -0.0381385308        0.0000000000
      4        0.0000000000        0.0381385308        0.0000000000
 Sum of gradient contribution from Final-NAC(S)
              0.0000000000       -0.0000000000       -0.0000000000
 
 
 NACMEs including electron-translation factor:
  Gradient contribution from Final-NAC(S)-Escaled
      1        0.0000000000       -0.0000000000       -0.0000000000
      2        0.0000000000       -0.0000000000        0.0000000000
      3       -0.0000000000       -0.1800422352        0.0000000000
      4        0.0000000000        0.1800422352        0.0000000000
 Sum of gradient contribution from Final-NAC(S)-Escaled
              0.0000000000       -0.0000000000       -0.0000000000
 
 
 [resp_ex_final] : iop=                     2
 
 
 [resp_ex_final] : iop=                     0
 
 
 [resp_ex_init]
 
  Check normalization:
  R^t*L(vec)=   1.00000000000000     
  R^t*L(mat)=   1.00000000000000     
 
 =================================
  PairIJ=   0   0   0   1   2   3
 =================================
 
 [resp_nac_main1]
 
  wI0 =  0.340192369407120     
 
 [resp_ex_Wmo]
 
  Skewness of Wmo(C,C) =  8.529266957185643E-018
  Skewness of Wmo(C,V) =  8.956009942825258E-008
  Skewness of Wmo(V,V) =  0.000000000000000E+000
  Skewness of Wmo(C,C) =  4.958271944763284E-018
  Skewness of Wmo(C,V) =  1.629189703060247E-007
  Skewness of Wmo(V,V) =  0.000000000000000E+000
 
 [resp_deriv_energy]
 
 
 [resp_deriv1e_fock_new]
 
 
|--------------------------------------------------------------------------------|
          Molecular gradient - Overlap contribution
 
        Atom            X                    Y                    Z
        C             -0.0000000000          0.0000000000          0.0000000000
        O              0.0000000000         -0.0000000000          0.0000000000
        H             -0.0000000000         -0.0112270632          0.0000000000
        H              0.0000000000          0.0112270632          0.0000000000
|--------------------------------------------------------------------------------|
 
 
|--------------------------------------------------------------------------------|
          Molecular gradient - Kinetic energy contribution
 
        Atom            X                    Y                    Z
        C             -0.0000000000          0.0000000000          0.0000000000
        O             -0.0000000000          0.0000000000          0.0000000000
        H              0.0000000000         -0.0154255244          0.0000000000
        H              0.0000000000          0.0154255244          0.0000000000
|--------------------------------------------------------------------------------|
 
 
|--------------------------------------------------------------------------------|
          Molecular gradient - Nuclear attraction energy contribution
 
        Atom            X                    Y                    Z
        C              0.0000000000          0.0000000000          0.0000000000
        O             -0.0000000000          0.0000000000          0.0000000000
        H              0.0000000000          0.2070840103          0.0000000000
        H             -0.0000000000         -0.2070840103          0.0000000000
|--------------------------------------------------------------------------------|
 
 
 ---------------------------------------------------------------
  Timing to calculate 1-electronic integrals                                      
 
  CPU TIME(S)      SYSTEM TIME(S)     WALL TIME(S)
          0.010            0.000               0.000
 ---------------------------------------------------------------
 
  Gradient contribution from 1e
      1        0.0000000000        0.0000000000        0.0000000000
      2       -0.0000000000       -0.0000000000        0.0000000000
      3        0.0000000000        0.1804314228        0.0000000000
      4       -0.0000000000       -0.1804314228        0.0000000000
 Sum of gradient contribution from 1e
             -0.0000000000        0.0000000000        0.0000000000
 
 
 [resp_deriv2e]
 
resp deriv type   4
 Number of cartesian primative basis functions :      188
 If used primative density matrix:  F
  [int2e_petite_1st_gradient_screened]
 Total length of P4 ERIs 1st gradient:             1365957
 Maxium length of a batch of ERI 1st gradient:           50625
 Maxium length of a batch of dens matrix     :          320000
 Lenght of eri-grad core                     :         2350416
 If primative density matrix is used         : F
 Number of OpenMP threads                    :   8
 ngrad=                     1
 Esitmate buffer meomory used:        0.1592 GB
 
|--------------------------------------------------------------------------------|
          Molecular gradient - Elec Repulsive contribution
 
        Atom            X                    Y                    Z
        C             -0.0000000000          0.0000000000          0.0000000000
        O              0.0000000000          0.0000000000          0.0000000000
        H             -0.0000000000         -0.1609250767          0.0000000000
        H              0.0000000000          0.1609250767          0.0000000000
|--------------------------------------------------------------------------------|
 
 
 ---------------------------------------------------------------
  Timing to calculate 2-electronic integrals Gradients                            
 
  CPU TIME(S)      SYSTEM TIME(S)     WALL TIME(S)
          4.150            0.020               0.520
 ---------------------------------------------------------------
 
 Time:   PreRys     Rys    2dint    2dintd   6dint  6dintc  6dints
cputime    0.00E+00    0.00E+00    0.00E+00    0.00E+00    0.00E+00    0.00E+00    0.00E+00    0.00E+00
systime    0.00E+00    0.00E+00    0.00E+00    0.00E+00    0.00E+00    0.00E+00    0.00E+00    0.00E+00
waltime    0.00E+00    0.00E+00    0.00E+00    0.00E+00    0.00E+00    0.00E+00    0.00E+00    0.00E+00
 Finish resp_deriv2e
  Gradient contribution from Analytic 2e
      1       -0.0000000000        0.0000000000        0.0000000000
      2        0.0000000000        0.0000000000        0.0000000000
      3       -0.0000000000       -0.1609250767        0.0000000000
      4        0.0000000000        0.1609250767        0.0000000000
 Sum of gradient contribution from Analytic 2e
              0.0000000000        0.0000000000        0.0000000000
 
 
  Gradient contribution from Final-grad(no XC)
      1        0.0000000000        0.0000000000        0.0000000000
      2        0.0000000000       -0.0000000000        0.0000000000
      3        0.0000000000        0.0195063461        0.0000000000
      4       -0.0000000000       -0.0195063461        0.0000000000
 Sum of gradient contribution from Final-grad(no XC)
             -0.0000000000        0.0000000000        0.0000000000
 
 
 [resp_deriv_Exc]
 
 
 ---------------------------------------------------------------
  Timing for XC energy gradient calculation
 
  CPU TIME(S)      SYSTEM TIME(S)     WALL TIME(S)
          6.210            0.010               0.770
 ---------------------------------------------------------------
 
  Gradient contribution from XC
      1        0.0000000000       -0.0000000000        0.0000000000
      2       -0.0000000000        0.0000000000        0.0000000000
      3        0.0000000000        0.0136645208        0.0000000000
      4       -0.0000000000       -0.0136645208        0.0000000000
 Sum of gradient contribution from XC
              0.0000000000        0.0000000000        0.0000000000
 
 
 [resp_deriv_dpq]
 
  Gradient contribution from dpq-R
      1        0.0000000000       -0.0000000000        0.0000000000
      2        0.0000000000       -0.0000000000       -0.0000000000
      3        0.0000000000        0.0038665161        0.0000000000
      4       -0.0000000000       -0.0038665161        0.0000000000
 Sum of gradient contribution from dpq-R
              0.0000000000       -0.0000000000        0.0000000000
 
  Gradient contribution from Final-NAC(R)
      1        0.0000000000       -0.0000000000        0.0000000000
      2       -0.0000000000       -0.0000000000       -0.0000000000
      3        0.0000000000        0.0370373829        0.0000000000
      4       -0.0000000000       -0.0370373829        0.0000000000
 Sum of gradient contribution from Final-NAC(R)
              0.0000000000       -0.0000000000        0.0000000000
 
 ------------------------------------------------------------------
 
 Raw NACMEs, without electron-translation factor:
  FNAC_cpair=   0   0   0     1   2   3
  FNAC_epair=         -114.0967783540623941         -113.7565859846552740
  Gradient contribution from Final-NAC(R)-Escaled
      1        0.0000000000       -0.0000000000        0.0000000000
      2       -0.0000000000       -0.0000000000       -0.0000000000
      3        0.0000000000        0.1088718802        0.0000000000
      4       -0.0000000000       -0.1088718802        0.0000000000
 Sum of gradient contribution from Final-NAC(R)-Escaled
              0.0000000000       -0.0000000000        0.0000000000
 
 ------------------------------------------------------------------
  Gradient contribution from dpq-S
      1        0.0000000000       -0.0000000000        0.0000000000
      2        0.0000000000       -0.0000000000       -0.0000000000
      3       -0.0000000000       -0.0043463264       -0.0000000000
      4        0.0000000000        0.0043463264       -0.0000000000
 Sum of gradient contribution from dpq-S
              0.0000000000       -0.0000000000        0.0000000000
 
  Gradient contribution from Final-NAC(S)
      1        0.0000000000       -0.0000000000        0.0000000000
      2       -0.0000000000       -0.0000000000       -0.0000000000
      3        0.0000000000        0.0288245404       -0.0000000000
      4       -0.0000000000       -0.0288245404       -0.0000000000
 Sum of gradient contribution from Final-NAC(S)
              0.0000000000        0.0000000000        0.0000000000
 
 
 NACMEs including electron-translation factor:
  Gradient contribution from Final-NAC(S)-Escaled
      1        0.0000000000       -0.0000000000        0.0000000000
      2       -0.0000000000       -0.0000000000       -0.0000000000
      3        0.0000000000        0.0847301204       -0.0000000000
      4       -0.0000000000       -0.0847301204       -0.0000000000
 Sum of gradient contribution from Final-NAC(S)-Escaled
              0.0000000000        0.0000000000        0.0000000000
 
 
 [resp_ex_final] : iop=                     2
 
 
 [resp_ex_final] : iop=                     0
 
 
  <irep: 3 jnsos:     546 jnexi:   4>
 
 [resp_ex_init]
 
  Check normalization:
  R^t*L(vec)=   1.00000000000000     
  R^t*L(mat)=   1.00000000000000     
 
 =================================
  PairIJ=   0   0   0   1   3   1
 =================================
 
 [resp_nac_main1]
 
  wI0 =  0.197615254926210     
 
 [resp_ex_Wmo]
 
  Skewness of Wmo(C,C) =  7.174798007109425E-017
  Skewness of Wmo(C,V) =  1.021726378472696E-007
  Skewness of Wmo(V,V) =  0.000000000000000E+000
  Skewness of Wmo(C,C) =  2.505931985673521E-017
  Skewness of Wmo(C,V) =  1.995819041931424E-007
  Skewness of Wmo(V,V) =  0.000000000000000E+000
 
 [resp_deriv_energy]
 
 
 [resp_deriv1e_fock_new]
 
 
|--------------------------------------------------------------------------------|
          Molecular gradient - Overlap contribution
 
        Atom            X                    Y                    Z
        C             -0.0625017413          0.0000000000          0.0000000000
        O              0.0692870597         -0.0000000000          0.0000000000
        H             -0.0033926592         -0.0000000000         -0.0137250168
        H             -0.0033926592          0.0000000000          0.0137250168
|--------------------------------------------------------------------------------|
 
 
|--------------------------------------------------------------------------------|
          Molecular gradient - Kinetic energy contribution
 
        Atom            X                    Y                    Z
        C             -0.1640236753          0.0000000000          0.0000000000
        O              0.1272725685         -0.0000000000          0.0000000000
        H              0.0183755534         -0.0000000000          0.0003589991
        H              0.0183755534         -0.0000000000         -0.0003589991
|--------------------------------------------------------------------------------|
 
 
|--------------------------------------------------------------------------------|
          Molecular gradient - Nuclear attraction energy contribution
 
        Atom            X                    Y                    Z
        C              1.6808734645         -0.0000000000          0.0000000000
        O             -1.3817358550          0.0000000000          0.0000000000
        H             -0.1495688048          0.0000000000          0.0821608236
        H             -0.1495688048          0.0000000000         -0.0821608236
|--------------------------------------------------------------------------------|
 
 
 ---------------------------------------------------------------
  Timing to calculate 1-electronic integrals                                      
 
  CPU TIME(S)      SYSTEM TIME(S)     WALL TIME(S)
          0.010            0.000               0.000
 ---------------------------------------------------------------
 
  Gradient contribution from 1e
      1        1.4543480479       -0.0000000000        0.0000000000
      2       -1.1851762268        0.0000000000        0.0000000000
      3       -0.1345859105        0.0000000000        0.0687948060
      4       -0.1345859105        0.0000000000       -0.0687948060
 Sum of gradient contribution from 1e
             -0.0000000000        0.0000000000        0.0000000000
 
 
 [resp_deriv2e]
 
resp deriv type   4
 Number of cartesian primative basis functions :      188
 If used primative density matrix:  F
  [int2e_petite_1st_gradient_screened]
 Total length of P4 ERIs 1st gradient:             1365957
 Maxium length of a batch of ERI 1st gradient:           50625
 Maxium length of a batch of dens matrix     :          320000
 Lenght of eri-grad core                     :         2350416
 If primative density matrix is used         : F
 Number of OpenMP threads                    :   8
 ngrad=                     1
 Esitmate buffer meomory used:        0.1592 GB
 
|--------------------------------------------------------------------------------|
          Molecular gradient - Elec Repulsive contribution
 
        Atom            X                    Y                    Z
        C             -1.3997599951          0.0000000000          0.0000000000
        O              1.1510990952         -0.0000000000          0.0000000000
        H              0.1243304499         -0.0000000000         -0.0657599754
        H              0.1243304499         -0.0000000000          0.0657599754
|--------------------------------------------------------------------------------|
 
 
 ---------------------------------------------------------------
  Timing to calculate 2-electronic integrals Gradients                            
 
  CPU TIME(S)      SYSTEM TIME(S)     WALL TIME(S)
          4.200            0.020               0.530
 ---------------------------------------------------------------
 
 Time:   PreRys     Rys    2dint    2dintd   6dint  6dintc  6dints
cputime    0.00E+00    0.00E+00    0.00E+00    0.00E+00    0.00E+00    0.00E+00    0.00E+00    0.00E+00
systime    0.00E+00    0.00E+00    0.00E+00    0.00E+00    0.00E+00    0.00E+00    0.00E+00    0.00E+00
waltime    0.00E+00    0.00E+00    0.00E+00    0.00E+00    0.00E+00    0.00E+00    0.00E+00    0.00E+00
 Finish resp_deriv2e
  Gradient contribution from Analytic 2e
      1       -1.3997599951        0.0000000000        0.0000000000
      2        1.1510990952       -0.0000000000        0.0000000000
      3        0.1243304499       -0.0000000000       -0.0657599754
      4        0.1243304499       -0.0000000000        0.0657599754
 Sum of gradient contribution from Analytic 2e
             -0.0000000000        0.0000000000        0.0000000000
 
 
  Gradient contribution from Final-grad(no XC)
      1        0.0545880528       -0.0000000000        0.0000000000
      2       -0.0340771316        0.0000000000        0.0000000000
      3       -0.0102554606        0.0000000000        0.0030348306
      4       -0.0102554606        0.0000000000       -0.0030348306
 Sum of gradient contribution from Final-grad(no XC)
             -0.0000000000        0.0000000000        0.0000000000
 
 
 [resp_deriv_Exc]
 
 
 ---------------------------------------------------------------
  Timing for XC energy gradient calculation
 
  CPU TIME(S)      SYSTEM TIME(S)     WALL TIME(S)
          6.080            0.000               0.760
 ---------------------------------------------------------------
 
  Gradient contribution from XC
      1        0.0913216121       -0.0000000000        0.0000000000
      2       -0.0712590907        0.0000000000        0.0000000000
      3       -0.0100312446        0.0000000000        0.0046615811
      4       -0.0100312446        0.0000000000       -0.0046615811
 Sum of gradient contribution from XC
              0.0000000322       -0.0000000000        0.0000000000
 
 
 [resp_deriv_dpq]
 
  Gradient contribution from dpq-R
      1       -0.0006273316        0.0000000000        0.0000000000
      2       -0.0063695009       -0.0000000000        0.0000000000
      3        0.0031926102       -0.0000000000       -0.0023417613
      4        0.0031926102       -0.0000000000        0.0023417613
 Sum of gradient contribution from dpq-R
             -0.0006116121        0.0000000000        0.0000000000
 
  Gradient contribution from Final-NAC(R)
      1        0.1452823333       -0.0000000000        0.0000000000
      2       -0.1117057232        0.0000000000        0.0000000000
      3       -0.0170940950        0.0000000000        0.0053546503
      4       -0.0170940950        0.0000000000       -0.0053546503
 Sum of gradient contribution from Final-NAC(R)
             -0.0006115799       -0.0000000000        0.0000000000
 
 ------------------------------------------------------------------
 
 Raw NACMEs, without electron-translation factor:
  FNAC_cpair=   0   0   0     1   3   1
  FNAC_epair=         -114.0967783540623941         -113.8991630991361887
  Gradient contribution from Final-NAC(R)-Escaled
      1        0.7351777236       -0.0000000000        0.0000000000
      2       -0.5652687252        0.0000000000        0.0000000000
      3       -0.0865018998        0.0000000000        0.0270963411
      4       -0.0865018998        0.0000000000       -0.0270963411
 Sum of gradient contribution from Final-NAC(R)-Escaled
             -0.0030948012       -0.0000000000        0.0000000000
 
 ------------------------------------------------------------------
  Gradient contribution from dpq-S
      1       -0.0158971480        0.0000000000        0.0000000000
      2        0.0127757543       -0.0000000000       -0.0000000000
      3        0.0015606969       -0.0000000000       -0.0012600355
      4        0.0015606969       -0.0000000000        0.0012600355
 Sum of gradient contribution from dpq-S
             -0.0000000000        0.0000000000        0.0000000000
 
  Gradient contribution from Final-NAC(S)
      1        0.1300125168       -0.0000000000        0.0000000000
      2       -0.0925604680        0.0000000000       -0.0000000000
      3       -0.0187260083        0.0000000000        0.0064363761
      4       -0.0187260083        0.0000000000       -0.0064363761
 Sum of gradient contribution from Final-NAC(S)
              0.0000000322       -0.0000000000        0.0000000000
 
 
 NACMEs including electron-translation factor:
  Gradient contribution from Final-NAC(S)-Escaled
      1        0.6579072901       -0.0000000000        0.0000000000
      2       -0.4683872611        0.0000000000       -0.0000000000
      3       -0.0947599330        0.0000000000        0.0325702392
      4       -0.0947599330        0.0000000000       -0.0325702392
 Sum of gradient contribution from Final-NAC(S)-Escaled
              0.0000001629       -0.0000000000        0.0000000000
 
 
 [resp_ex_final] : iop=                     2
 
 
 [resp_ex_final] : iop=                     0
 
 
  <irep: 4 jnsos:     429 jnexi:   4>
 
 [resp_ex_init]
 
  Check normalization:
  R^t*L(vec)=   1.00000000000000     
  R^t*L(mat)=   1.00000000000000     
 
 =================================
  PairIJ=   0   0   0   1   4   1
 =================================
 
 [resp_nac_main1]
 
  wI0 =  0.324639146354738     
 
 [resp_ex_Wmo]
 
  Skewness of Wmo(C,C) =  2.072032131657077E-017
  Skewness of Wmo(C,V) =  1.342725699695489E-007
  Skewness of Wmo(V,V) =  0.000000000000000E+000
  Skewness of Wmo(C,C) =  2.615735692975283E-017
  Skewness of Wmo(C,V) =  1.606546675233668E-007
  Skewness of Wmo(V,V) =  0.000000000000000E+000
 
 [resp_deriv_energy]
 
 
 [resp_deriv1e_fock_new]
 
 
|--------------------------------------------------------------------------------|
          Molecular gradient - Overlap contribution
 
        Atom            X                    Y                    Z
        C              0.0000000000          0.0143152169          0.0000000000
        O             -0.0000000000         -0.0173874225          0.0000000000
        H              0.0000000000          0.0015361028          0.0000000000
        H              0.0000000000          0.0015361028          0.0000000000
|--------------------------------------------------------------------------------|
 
 
|--------------------------------------------------------------------------------|
          Molecular gradient - Kinetic energy contribution
 
        Atom            X                    Y                    Z
        C              0.0000000000          0.0435915386          0.0000000000
        O             -0.0000000000         -0.0476724891          0.0000000000
        H              0.0000000000          0.0020404753          0.0000000000
        H              0.0000000000          0.0020404753          0.0000000000
|--------------------------------------------------------------------------------|
 
 
|--------------------------------------------------------------------------------|
          Molecular gradient - Nuclear attraction energy contribution
 
        Atom            X                    Y                    Z
        C             -0.0000000000         -0.3703761334          0.0000000000
        O              0.0000000000          0.4373480087          0.0000000000
        H             -0.0000000000         -0.0334859376          0.0000000000
        H             -0.0000000000         -0.0334859376          0.0000000000
|--------------------------------------------------------------------------------|
 
 
 ---------------------------------------------------------------
  Timing to calculate 1-electronic integrals                                      
 
  CPU TIME(S)      SYSTEM TIME(S)     WALL TIME(S)
          0.010            0.000               0.010
 ---------------------------------------------------------------
 
  Gradient contribution from 1e
      1       -0.0000000000       -0.3124693779        0.0000000000
      2        0.0000000000        0.3722880971        0.0000000000
      3       -0.0000000000       -0.0299093596        0.0000000000
      4       -0.0000000000       -0.0299093596        0.0000000000
 Sum of gradient contribution from 1e
              0.0000000000        0.0000000000        0.0000000000
 
 
 [resp_deriv2e]
 
resp deriv type   4
 Number of cartesian primative basis functions :      188
 If used primative density matrix:  F
  [int2e_petite_1st_gradient_screened]
 Total length of P4 ERIs 1st gradient:             1365957
 Maxium length of a batch of ERI 1st gradient:           50625
 Maxium length of a batch of dens matrix     :          320000
 Lenght of eri-grad core                     :         2350416
 If primative density matrix is used         : F
 Number of OpenMP threads                    :   8
 ngrad=                     1
 Esitmate buffer meomory used:        0.1592 GB
 
|--------------------------------------------------------------------------------|
          Molecular gradient - Elec Repulsive contribution
 
        Atom            X                    Y                    Z
        C              0.0000000000          0.3029119198          0.0000000000
        O             -0.0000000000         -0.3562739060          0.0000000000
        H              0.0000000000          0.0266809931          0.0000000000
        H              0.0000000000          0.0266809931          0.0000000000
|--------------------------------------------------------------------------------|
 
 
 ---------------------------------------------------------------
  Timing to calculate 2-electronic integrals Gradients                            
 
  CPU TIME(S)      SYSTEM TIME(S)     WALL TIME(S)
          4.140            0.010               0.520
 ---------------------------------------------------------------
 
 Time:   PreRys     Rys    2dint    2dintd   6dint  6dintc  6dints
cputime    0.00E+00    0.00E+00    0.00E+00    0.00E+00    0.00E+00    0.00E+00    0.00E+00    0.00E+00
systime    0.00E+00    0.00E+00    0.00E+00    0.00E+00    0.00E+00    0.00E+00    0.00E+00    0.00E+00
waltime    0.00E+00    0.00E+00    0.00E+00    0.00E+00    0.00E+00    0.00E+00    0.00E+00    0.00E+00
 Finish resp_deriv2e
  Gradient contribution from Analytic 2e
      1        0.0000000000        0.3029119198        0.0000000000
      2       -0.0000000000       -0.3562739060        0.0000000000
      3        0.0000000000        0.0266809931        0.0000000000
      4        0.0000000000        0.0266809931        0.0000000000
 Sum of gradient contribution from Analytic 2e
              0.0000000000        0.0000000000        0.0000000000
 
 
  Gradient contribution from Final-grad(no XC)
      1       -0.0000000000       -0.0095574581        0.0000000000
      2        0.0000000000        0.0160141911        0.0000000000
      3       -0.0000000000       -0.0032283665        0.0000000000
      4       -0.0000000000       -0.0032283665        0.0000000000
 Sum of gradient contribution from Final-grad(no XC)
              0.0000000000        0.0000000000        0.0000000000
 
 
 [resp_deriv_Exc]
 
 
 ---------------------------------------------------------------
  Timing for XC energy gradient calculation
 
  CPU TIME(S)      SYSTEM TIME(S)     WALL TIME(S)
          6.080            0.050               0.760
 ---------------------------------------------------------------
 
  Gradient contribution from XC
      1       -0.0000000000       -0.0195282571        0.0000000000
      2        0.0000000000        0.0228312320        0.0000000000
      3       -0.0000000000       -0.0016515027        0.0000000000
      4       -0.0000000000       -0.0016515027        0.0000000000
 Sum of gradient contribution from XC
              0.0000000000       -0.0000000306        0.0000000000
 
 
 [resp_deriv_dpq]
 
  Gradient contribution from dpq-R
      1       -0.0000000000       -0.0038522337       -0.0000000000
      2        0.0000000000        0.0053555747        0.0000000000
      3       -0.0000000000       -0.0003446982        0.0000000000
      4       -0.0000000000       -0.0003446982       -0.0000000000
 Sum of gradient contribution from dpq-R
             -0.0000000000        0.0008139447        0.0000000000
 
  Gradient contribution from Final-NAC(R)
      1       -0.0000000000       -0.0329379489       -0.0000000000
      2        0.0000000000        0.0442009978        0.0000000000
      3       -0.0000000000       -0.0052245674        0.0000000000
      4       -0.0000000000       -0.0052245674       -0.0000000000
 Sum of gradient contribution from Final-NAC(R)
             -0.0000000000        0.0008139141        0.0000000000
 
 ------------------------------------------------------------------
 
 Raw NACMEs, without electron-translation factor:
  FNAC_cpair=   0   0   0     1   4   1
  FNAC_epair=         -114.0967783540623941         -113.7721392077076530
  Gradient contribution from Final-NAC(R)-Escaled
      1       -0.0000000000       -0.1014601883       -0.0000000000
      2        0.0000000000        0.1361542448        0.0000000000
      3       -0.0000000000       -0.0160934609        0.0000000000
      4       -0.0000000000       -0.0160934609       -0.0000000000
 Sum of gradient contribution from Final-NAC(R)-Escaled
             -0.0000000000        0.0025071347        0.0000000000
 
 ------------------------------------------------------------------
  Gradient contribution from dpq-S
      1       -0.0000000000        0.0044918130       -0.0000000000
      2        0.0000000000       -0.0056886270        0.0000000000
      3        0.0000000000        0.0005984070        0.0000000000
      4        0.0000000000        0.0005984070       -0.0000000000
 Sum of gradient contribution from dpq-S
              0.0000000000       -0.0000000000        0.0000000000
 
  Gradient contribution from Final-NAC(S)
      1       -0.0000000000       -0.0245939023       -0.0000000000
      2        0.0000000000        0.0331567961        0.0000000000
      3       -0.0000000000       -0.0042814622        0.0000000000
      4       -0.0000000000       -0.0042814622       -0.0000000000
 Sum of gradient contribution from Final-NAC(S)
              0.0000000000       -0.0000000306        0.0000000000
 
 
 NACMEs including electron-translation factor:
  Gradient contribution from Final-NAC(S)-Escaled
      1       -0.0000000000       -0.0757576606       -0.0000000000
      2        0.0000000000        0.1021343127        0.0000000000
      3       -0.0000000000       -0.0131883732        0.0000000000
      4       -0.0000000000       -0.0131883732       -0.0000000000
 Sum of gradient contribution from Final-NAC(S)-Escaled
              0.0000000000       -0.0000000942        0.0000000000
 
 
 [resp_ex_final] : iop=                     2
 
 
 [resp_ex_final] : iop=                     0
 
 
 [resp_final]
 
 
 [tddft_props_final]
 
 ====================================================================
  Summary of timings:         CPU         Sys        Wall      %Total
 --------------------------------------------------------------------
       1e derivatives        0.42        0.01        0.10        0.86
       2e derivatives       29.14        0.13        3.65       31.38
       XC derivatives       42.47        0.11        5.32       45.74
 2e contribs. to Fock        8.54        0.08        1.08        9.29
 XC contribs. to Fock        7.21        0.04        0.91        7.82
        Miscellaneous        4.17        0.13        0.57        4.90
                Total       91.95        0.50       11.63      100.00
 ====================================================================
 
 
 ---------------------------------------------------------------
  Timing of RESP_PROPS calculation                                                
 
  CPU TIME(S)      SYSTEM TIME(S)     WALL TIME(S)
         91.950            0.500              11.630
 ---------------------------------------------------------------
 
|******************************************************************************|
 
    Total cpu     time:         91.95  S
    Total system  time:          0.50  S
    Total wall    time:         11.63  S
 
    Current time   2026-02-03  11:05:35
    End running module resp
|******************************************************************************|
 
$resp
iprt
3
quad
fnac
double
norder
1
method
2
nfiles
1
pairs
21
1 2 1 1 3 1 
1 2 1 1 2 2 
1 2 1 1 1 1 
1 2 1 1 1 2 
1 2 1 1 4 1 
1 2 1 1 2 3 
1 3 1 1 2 2 
1 3 1 1 1 1 
1 3 1 1 1 2 
1 3 1 1 4 1 
1 3 1 1 2 3 
1 2 2 1 1 1 
1 2 2 1 1 2 
1 2 2 1 4 1 
1 2 2 1 2 3 
1 1 1 1 1 2 
1 1 1 1 4 1 
1 1 1 1 2 3 
1 1 2 1 4 1 
1 1 2 1 2 3 
1 4 1 1 2 3 
ignore
1
grid
ultra fine
rtol
1.d-12
gridtol
1.d-9
noresp
$end
('tmpstdin ', True)
('npro is ', 1)
('\n BDF command: ', '/apps/users/wzk/bdf/bdf-pkg/build/bdf-pkg-full/bin/resp.x /apps/users/wzk/scratch/CH2O-UTDDFT-B3LYP_723/CH2O-UTDDFT-B3LYPXX5.resp.inp')
  BDF process        0 of        1 on Serial  
 
|******************************************************************************|
 
    Start running module resp
    Current time   2026-02-03  11:05:35
 
|******************************************************************************|
 
 [resp_init]
 
 
 [postscf_readinfo]
  Ground state information: 
  KS Ground State 
  UKS orbitals 
 
 [postscf_trsint1e]
 
 [postscf_gsorb]
  Nc=    7 No=    1 Nv=  130 Ntot=  138
  NA=    8 NB=    7
  Ground-state spin: Si= 0.500
 
 [postscf_spinsim]
  <S^2>_U= 0.7583  Deviation= 0.0083
 Number of significient shell pairs :       72
 Estimate memory for direct ERI calculations:           4.129 M

 IF USE_LIBCINT :    F

 
  Permute atoms under MolGroup: 
   1  C           1  1  1  1
   2  O           2  2  2  2
   3  H           3  3  4  4
   4  H           4  4  3  3
  Mapshell under MolGroup: (it can be gen via patoms) 
  nshell,nop=                    14                     4
   1     1   1   1   1
   2     2   2   2   2
   3     3   3   3   3
   4     4   4   4   4
   5     5   5   5   5
   6     6   6   6   6
   7     7   7   7   7
   8     8   8   8   8
   9     9   9  12  12
  10    10  10  13  13
  11    11  11  14  14
  12    12  12   9   9
  13    13  13  10  10
  14    14  14  11  11
 
 [resp_input]
 
 Finegrid                     5                     1
  Switch to Ultra Fine grid ...

 Threshold in dft prescreening ...
 Thresh_shellvalue_dft :  0.10000E-09
 ThreshRho     :  0.10000E-11

 IfaMEPC  :    F
 IfaCOSX  :    F
 IfOCTREE :    F
 [dft_init]  T
 Libxc version: 7.0.0
 xcfun_xc_libxc is    475 xcfun_ex_libxc is      0
 The functional 'B3LYP with VWN functional 5 instead of RPA' is an exchange-correlation functional, it belongs to the 'Hybrid GGA. Coeff of Exx=  0.2000' family and is defined in the reference(s):
 [1] P. J. Stephens, F. J. Devlin, C. F. Chabalowski, and M. J. Frisch.,  J. Phys. Chem. 98, 11623 (1994)
 
  Switch to Ultra Fine grid ...

 Intialize DFT grid written by Y. Zhang

 [ATOM SCF control]
  heff=                      0
 After initial atom grid ...
 After initial atom grid ...
 After initial atom grid ...
   1  C     Second Kind Chebyshev (100)  Lebedev (-1202)         
   2  O     Second Kind Chebyshev (100)  Lebedev (-1202)         
   3  H     Second Kind Chebyshev (100)  Lebedev (-1202)         
  Partition Function:  SSF   Partitioning with Scalar=  0.64.
  Gtol, Npblock, Icoulpot, Iop_adaptive :  0.10E-08    128      0          0
  Numerical Grid Generated SUCCESSFULLY! 
 Total and symmetry independent Grid Number:    174720     46169
 Gridinfo: Npoints/Nmax/NpointsU =     46208   174720    46208
 Saving Gridinfo to HARDISK record = Gridinfo
 
  --- PRINT: Information about DFT Calculation --- 
 No. of ATOMS =          4
 No. of Shells =         0
 No. of Batches =      361
 No. of Grids =      46208
 No. of Basis Functions =      138
 No. of Records for [basval] =               0
 Estimated DiskSpace for storage [basval] =           0.000M
 
 Max No. of Rad point per atom =     0
 Max No. of Ang point per atom =     0
 Max No. of Grids per batch =          0
 Max No. of Basis per shell =          0
 Max No. of Records in one batch =               0
 Estimated Mem for [basval] =      0.000M
 Estimated Mem for [func] in R-DFT =      0.000M
 Estimated Mem for [func] in U-DFT =      0.000M
 DirectGrid:        T
 LogicOctree:       F
  --- END : Information about DFT Calculation --- 
 
 Using B. Suo numerical integration branch ...

 Timing to perform basis seiving ...
 CPU:       0.120 S    Sys:       0.000 S    Wall:        0.020 S


 Time to calculate dft grid and perform basis seiving ...
 CPU:       3.270 S    Sys:       0.080 S    Wall:        0.440 S

 
 [resp_interface]
 
 
  respinfo%method=                      2
  respinfo%idft  =                      1
  respinfo%iscf  =                      2
  respinfo%nden  =                      2
  respinfo%nb    =                    138
  respinfo%nc    =                      7
  respinfo%no    =                      1
  respinfo%nv    =                    130
  respinfo%facex =   0.200000000000000     
 
 [tddft_props_init] : ispin=                     0
  No. of files= 1
  Group=C(2V)    dim= 4
  Open: tdinfo1  imethod = 2  isf= 0 itda= 0
                 nph=    1957 nex=    16 mpeccosx= 0
  maxph=     1957  maxex=       16
 
  Evaluate No. of LS states: 
  In SOC-SI, |Gs> has been excluded !
  Sf=  0.500  Ndeg= 1  Nspatial=    16
  Total No. of States:    16
 
 ifile=   1
 Targeted Excited States (Not pairsym) 
  1   A1       4 from      546
  2   A2       4 from      429
  3   B1       4 from      655
  4   B2       4 from      327
 
 [resp_reorder_init] 
 
  MXNSOS/nreps                    54                     4
  New orbital mapping (in irreps): 
    1  |   1  58   6   7
    2  |   2  59   8 111
    3  |   3  60  75 112
    4  |   4  61  76 113
    5  |   5  62  77 114
    6  |   9  63  78 115
    7  |  10  64  79 116
    8  |  11  65  80 117
    9  |  12  66  81 118
   10  |  13  67  82 119
   11  |  14  68  83 120
   12  |  15  69  84 121
   13  |  16  70  85 122
   14  |  17  71  86 123
   15  |  18  72  87 124
   16  |  19  73  88 125
   17  |  20  74  89 126
   18  |  21   0  90 127
   19  |  22   0  91 128
   20  |  23   0  92 129
   21  |  24   0  93 130
   22  |  25   0  94 131
   23  |  26   0  95 132
   24  |  27   0  96 133
   25  |  28   0  97 134
   26  |  29   0  98 135
   27  |  30   0  99 136
   28  |  31   0 100 137
   29  |  32   0 101 138
   30  |  33   0 102   0
   31  |  34   0 103   0
   32  |  35   0 104   0
   33  |  36   0 105   0
   34  |  37   0 106   0
   35  |  38   0 107   0
   36  |  39   0 108   0
   37  |  40   0 109   0
   38  |  41   0 110   0
   39  |  42   0   0   0
   40  |  43   0   0   0
   41  |  44   0   0   0
   42  |  45   0   0   0
   43  |  46   0   0   0
   44  |  47   0   0   0
   45  |  48   0   0   0
   46  |  49   0   0   0
   47  |  50   0   0   0
   48  |  51   0   0   0
   49  |  52   0   0   0
   50  |  53   0   0   0
   51  |  54   0   0   0
   52  |  55   0   0   0
   53  |  56   0   0   0
   54  |  57   0   0   0
  Reorder MO coefficient ... DONE 
  Reorder Fock matrix ... DONE 
 
 [resp_main]
 
 -------- Job type -------
  CHCK= F
  GEOM= F
  LINE= F
  QUAD= T
  FNAC= T
  POLA= F
  HYPE= F
  FDIF= F
  SOLSS= F
  IGNORE level =  1
  STEP=  1.000000047497451E-003
 -------------------------
 
  --- Quadratic response properties ---
  First-order nonadiabatic couplings 
 
 [resp_quad_residues]
 
  Ntot =                    16
  Nfile=                     1
  Nex  =                    16
 -----------------------------------------------
  Double residue calculations: <ex|A|ex'> 
  Pairs of states =                     21
  No.=   1 pair =   1   2   1   1   3   1
  No.=   2 pair =   1   2   1   1   2   2
  No.=   3 pair =   1   2   1   1   1   1
  No.=   4 pair =   1   2   1   1   1   2
  No.=   5 pair =   1   2   1   1   4   1
  No.=   6 pair =   1   2   1   1   2   3
  No.=   7 pair =   1   3   1   1   2   2
  No.=   8 pair =   1   3   1   1   1   1
  No.=   9 pair =   1   3   1   1   1   2
  No.=  10 pair =   1   3   1   1   4   1
  No.=  11 pair =   1   3   1   1   2   3
  No.=  12 pair =   1   2   2   1   1   1
  No.=  13 pair =   1   2   2   1   1   2
  No.=  14 pair =   1   2   2   1   4   1
  No.=  15 pair =   1   2   2   1   2   3
  No.=  16 pair =   1   1   1   1   1   2
  No.=  17 pair =   1   1   1   1   4   1
  No.=  18 pair =   1   1   1   1   2   3
  No.=  19 pair =   1   1   2   1   4   1
  No.=  20 pair =   1   1   2   1   2   3
  No.=  21 pair =   1   4   1   1   2   3
 -----------------------------------------------
 
 -----------------------------------------------
  File: 1 of 1
  imethod= 2   isf= 0   nph=    1957   nex=  16
 -----------------------------------------------
 
  <irep: 1 jnsos:     655 jnexi:   4>
 
 [resp_ex_init]
 
  Check normalization:
  R^t*L(vec)=   1.00000000000000     
  R^t*L(mat)=   1.00000000000000     
 
 [resp_ex_final] : iop=                     0
 
 
 [resp_ex_init]
 
  Check normalization:
  R^t*L(vec)=   1.00000000000000     
  R^t*L(mat)=   1.00000000000000     
 
 [resp_ex_init]
 
  Check normalization:
  R^t*L(vec)=   1.00000000000000     
  R^t*L(mat)=   1.00000000000000     
 
 =================================
  PairIJ=   1   1   1   1   1   2
 =================================
 
 [resp_nac_main2]
 
  wJI =  4.527680798737388E-003
  Check normalization:
  R1^t*L1(mat)=   1.00000000000000     
  R2^t*L2(mat)=   1.00000000000000     
  Check orthogonality:
  R1^t*L2(mat)=  1.484923295436147E-014
  L1^t*R2(mat)=  1.565414464721471E-014
  Z1^t*Z2(mat)=  3.050337760157618E-014
 ---------------------------------------------------
  I-state,J-state,wJI 
           0.240101        0.244629        0.004528
  CHECK TRANSITION DIPOLE : expect.  resp.  total 
  1       -0.000000        0.000000       -0.000000
  2        0.000000        0.000000        0.000000
  3       -0.142436        0.000000       -0.142436
 ---------------------------------------------------
 
 [resp_ex_zvector]
 
 [resp_fock2e_Qex]
 [resp_fockxc_Qex]
 
 ---------------------------------------------------------------
  Timing for Q operator formation
 
  CPU TIME(S)      SYSTEM TIME(S)     WALL TIME(S)
          8.400            0.080               1.060
 ---------------------------------------------------------------
 
 
 [resp_ex_Zmo] : Solving Z-vector equation ...
 
 respcphf%isolver=                     2                     1
 
 [resp_cphf_solver]
  isf  =                     0
  freq =  0.000000000000000E+000
 
 
 [LinearSolver]: ndim=                  1957
  Norm of RHS =   0.196770210681999     
 Initial Guess of CPHF vector                     0                     0
   iter  Ndim        |res|           |x|           time/s
    1      1    0.181413E+00    0.139928E+00       0.000
    2      2    0.354581E-01    0.386357E+00       0.280
    3      3    0.117618E-01    0.410569E+00       0.280
    4      4    0.235905E-02    0.412867E+00       0.270
    5      5    0.957428E-03    0.412869E+00       0.280
    6      6    0.154383E-03    0.412727E+00       0.270
    7      7    0.236238E-04    0.412729E+00       0.280
    8      8    0.541955E-05    0.412730E+00       0.280
    9      9    0.943490E-06    0.412729E+00       0.270
   10     10    0.148147E-06    0.412729E+00       0.280
   11     11    0.219906E-07    0.412729E+00       0.280
   12     12    0.301163E-08    0.412729E+00       0.270
   13     13    0.334516E-09    0.412729E+00       0.270
   14     14    0.329391E-10    0.412729E+00       0.270
   15     15    0.346322E-11    0.412729E+00       0.260
   16     16    0.730273E-12    0.412729E+00       0.230
  Converged ! |Res|=  7.302730991336312E-013  iter=                    16
 
 ---------------------------------------------------------------
  Timing for solving the Z vector equation
 
  CPU TIME(S)      SYSTEM TIME(S)     WALL TIME(S)
         34.550            0.150               4.350
 ---------------------------------------------------------------
 
 
 [resp_ex_Wmo]
 
  Skewness of Wmo(C,C) =  4.107063187381023E-009
  Skewness of Wmo(C,V) =  3.936857509189767E-013
  Skewness of Wmo(V,V) =  5.153348717416142E-008
  Skewness of Wmo(C,C) =  9.502724815294943E-010
  Skewness of Wmo(C,V) =  4.336711654619086E-013
  Skewness of Wmo(V,V) =  3.819171154277012E-008
 
 ---------------------------------------------------------------
  Timing for W matrix formation
 
  CPU TIME(S)      SYSTEM TIME(S)     WALL TIME(S)
          2.170            0.010               0.280
 ---------------------------------------------------------------
 
 
 [resp_deriv_energy]
 
 
 [resp_deriv1e_fock_new]
 
 
 ---------------------------------------------------------------
  Timing to calculate 1-electronic integrals                                      
 
  CPU TIME(S)      SYSTEM TIME(S)     WALL TIME(S)
          0.010            0.000               0.000
 ---------------------------------------------------------------
 
  Gradient contribution from 1e
      1        0.0000000000        0.0000000000        0.2256439480
      2        0.0000000000        0.0000000000       -0.1065916563
      3       -0.0605106114        0.0000000000       -0.0595261458
      4        0.0605106114       -0.0000000000       -0.0595261458
 Sum of gradient contribution from 1e
              0.0000000000       -0.0000000000        0.0000000000
 
 
 [resp_deriv2e]
 
resp deriv type   4
 Number of cartesian primative basis functions :      188
 If used primative density matrix:  F
  [int2e_petite_1st_gradient_screened]
 Total length of P4 ERIs 1st gradient:             1365957
 Maxium length of a batch of ERI 1st gradient:           50625
 Maxium length of a batch of dens matrix     :          320000
 Lenght of eri-grad core                     :         2350416
 If primative density matrix is used         : F
 Number of OpenMP threads                    :   8
 ngrad=                     1
 Esitmate buffer meomory used:        0.1592 GB
 
|--------------------------------------------------------------------------------|
          Molecular gradient - Elec Repulsive contribution
 
        Atom            X                    Y                    Z
        C              0.0000000000         -0.0000000000         -0.2166531353
        O              0.0000000000         -0.0000000000          0.1021058043
        H              0.0607617059         -0.0000000000          0.0572736655
        H             -0.0607617059          0.0000000000          0.0572736655
|--------------------------------------------------------------------------------|
 
 
 ---------------------------------------------------------------
  Timing to calculate 2-electronic integrals Gradients                            
 
  CPU TIME(S)      SYSTEM TIME(S)     WALL TIME(S)
          4.790            0.010               0.600
 ---------------------------------------------------------------
 
 Time:   PreRys     Rys    2dint    2dintd   6dint  6dintc  6dints
cputime    0.00E+00    0.00E+00    0.00E+00    0.00E+00    0.00E+00    0.00E+00    0.00E+00    0.00E+00
systime    0.00E+00    0.00E+00    0.00E+00    0.00E+00    0.00E+00    0.00E+00    0.00E+00    0.00E+00
waltime    0.00E+00    0.00E+00    0.00E+00    0.00E+00    0.00E+00    0.00E+00    0.00E+00    0.00E+00
 Finish resp_deriv2e
  Gradient contribution from Analytic 2e
      1        0.0000000000       -0.0000000000       -0.2166531353
      2        0.0000000000       -0.0000000000        0.1021058043
      3        0.0607617059       -0.0000000000        0.0572736655
      4       -0.0607617059        0.0000000000        0.0572736655
 Sum of gradient contribution from Analytic 2e
              0.0000000000       -0.0000000000       -0.0000000000
 
 
  Gradient contribution from Final-grad(no XC)
      1        0.0000000000       -0.0000000000        0.0089908127
      2        0.0000000000       -0.0000000000       -0.0044858520
      3        0.0002510945        0.0000000000       -0.0022524803
      4       -0.0002510945        0.0000000000       -0.0022524803
 Sum of gradient contribution from Final-grad(no XC)
              0.0000000000       -0.0000000000       -0.0000000000
 
 
 [resp_deriv_Exc]
 
 
 ---------------------------------------------------------------
  Timing for XC energy gradient calculation
 
  CPU TIME(S)      SYSTEM TIME(S)     WALL TIME(S)
         18.760            0.030               2.360
 ---------------------------------------------------------------
 
  Gradient contribution from XC
      1        0.0000000000       -0.0000000000        0.0162850497
      2       -0.0000000000        0.0000000000       -0.0088484348
      3       -0.0039228273        0.0000000000       -0.0037183039
      4        0.0039228273       -0.0000000000       -0.0037183039
 Sum of gradient contribution from XC
             -0.0000000000       -0.0000000000        0.0000000072
 
 
 [resp_deriv_dpq]
 
  Gradient contribution from dpq-R
      1       -0.0000000000       -0.0000000000       -0.0001166010
      2        0.0000000000        0.0000000000        0.0000443383
      3        0.0000210600       -0.0000000000        0.0000249445
      4       -0.0000210600        0.0000000000        0.0000249445
 Sum of gradient contribution from dpq-R
              0.0000000000        0.0000000000       -0.0000223738
 
  Gradient contribution from Final-NAC(R)
      1        0.0000000000       -0.0000000000        0.0251592614
      2       -0.0000000000        0.0000000000       -0.0132899485
      3       -0.0036506727        0.0000000000       -0.0059458398
      4        0.0036506727       -0.0000000000       -0.0059458398
 Sum of gradient contribution from Final-NAC(R)
             -0.0000000000       -0.0000000000       -0.0000223666
 
 ------------------------------------------------------------------
 
 Raw NACMEs, without electron-translation factor:
  FNAC_cpair=   1   1   1     1   1   2
  FNAC_epair=         -113.8566772435061267         -113.8521495627073818
  Gradient contribution from Final-NAC(R)-Escaled
      1        0.0000000000       -0.0000000000        5.5567657127
      2       -0.0000000000        0.0000000000       -2.9352662171
      3       -0.8063008155        0.0000000000       -1.3132197299
      4        0.8063008155       -0.0000000000       -1.3132197299
 Sum of gradient contribution from Final-NAC(R)-Escaled
             -0.0000000000       -0.0000000000       -0.0049399641
 
 ------------------------------------------------------------------
  Gradient contribution from dpq-S
      1       -0.0000000000       -0.0000000000       -0.0000972646
      2        0.0000000000        0.0000000000        0.0000489417
      3        0.0000226862       -0.0000000000        0.0000241615
      4       -0.0000226862        0.0000000000        0.0000241615
 Sum of gradient contribution from dpq-S
              0.0000000000        0.0000000000        0.0000000000
 
  Gradient contribution from Final-NAC(S)
      1        0.0000000000       -0.0000000000        0.0251785978
      2       -0.0000000000        0.0000000000       -0.0132853451
      3       -0.0036490466        0.0000000000       -0.0059466228
      4        0.0036490466       -0.0000000000       -0.0059466228
 Sum of gradient contribution from Final-NAC(S)
             -0.0000000000       -0.0000000000        0.0000000072
 
 
 NACMEs including electron-translation factor:
  Gradient contribution from Final-NAC(S)-Escaled
      1        0.0000000000       -0.0000000000        5.5610364175
      2       -0.0000000000        0.0000000000       -2.9342494893
      3       -0.8059416660        0.0000000000       -1.3133926688
      4        0.8059416660       -0.0000000000       -1.3133926688
 Sum of gradient contribution from Final-NAC(S)-Escaled
             -0.0000000000       -0.0000000000        0.0000015907
 
 
 [resp_ex_final] : iop=                     2
 
 
 [resp_ex_final] : iop=                     0
 
 
 [resp_ex_final] : iop=                     0
 
 
 [resp_ex_init]
 
  Check normalization:
  R^t*L(vec)=   1.00000000000000     
  R^t*L(mat)=   1.00000000000000     
 
 [resp_ex_final] : iop=                     0
 
 
 [resp_ex_init]
 
  Check normalization:
  R^t*L(vec)=   1.00000000000000     
  R^t*L(mat)=   1.00000000000000     
 
 [resp_ex_init]
 
  Check normalization:
  R^t*L(vec)=   1.00000000000000     
  R^t*L(mat)=   1.00000000000000     
 
 =================================
  PairIJ=   1   2   1   1   1   1
 =================================
 
 [resp_nac_main2]
 
  wJI =  9.585387602129006E-002
  Check normalization:
  R1^t*L1(mat)=   1.00000000000000     
  R2^t*L2(mat)=   1.00000000000000     
  Check orthogonality:
  R1^t*L2(mat)=  0.000000000000000E+000
  L1^t*R2(mat)=  0.000000000000000E+000
  Z1^t*Z2(mat)=  0.000000000000000E+000
 ---------------------------------------------------
  I-state,J-state,wJI 
           0.144247        0.240101        0.095854
  CHECK TRANSITION DIPOLE : expect.  resp.  total 
  1        0.000000        0.000000        0.000000
  2        0.000000        0.000000        0.000000
  3       -0.000000        0.000000       -0.000000
 ---------------------------------------------------
 
 [resp_ex_zvector]
 
 [resp_fock2e_Qex]
 [resp_fockxc_Qex]
 
 ---------------------------------------------------------------
  Timing for Q operator formation
 
  CPU TIME(S)      SYSTEM TIME(S)     WALL TIME(S)
          6.720            0.020               0.850
 ---------------------------------------------------------------
 
 
 [resp_ex_Zmo] : Solving Z-vector equation ...
 
 respcphf%isolver=                     2                     1
 
 [resp_cphf_solver]
  isf  =                     0
  freq =  0.000000000000000E+000
 
 
 [LinearSolver]: ndim=                  1957
  Norm of RHS =   0.100613410830763     
 Initial Guess of CPHF vector                     0                     0
   iter  Ndim        |res|           |x|           time/s
    1      1    0.163658E-01    0.139168E+00       0.000
    2      2    0.728709E-02    0.147189E+00       0.270
    3      3    0.191842E-02    0.148097E+00       0.280
    4      4    0.195809E-03    0.148333E+00       0.270
    5      5    0.137763E-04    0.148367E+00       0.270
    6      6    0.101111E-05    0.148368E+00       0.280
    7      7    0.596146E-07    0.148368E+00       0.280
    8      8    0.274414E-08    0.148368E+00       0.270
    9      9    0.188061E-09    0.148368E+00       0.270
   10     10    0.992350E-11    0.148368E+00       0.270
   11     11    0.407021E-12    0.148368E+00       0.250
  Converged ! |Res|=  4.070214400743840E-013  iter=                    11
 
 ---------------------------------------------------------------
  Timing for solving the Z vector equation
 
  CPU TIME(S)      SYSTEM TIME(S)     WALL TIME(S)
         23.760            0.130               2.990
 ---------------------------------------------------------------
 
 
 [resp_ex_Wmo]
 
  Skewness of Wmo(C,C) =  2.733101945314376E-009
  Skewness of Wmo(C,V) =  3.142368321549844E-013
  Skewness of Wmo(V,V) =  1.394174236936644E-008
  Skewness of Wmo(C,C) =  1.298811773765920E-008
  Skewness of Wmo(C,V) =  1.326033655813264E-012
  Skewness of Wmo(V,V) =  6.493246063384012E-008
 
 ---------------------------------------------------------------
  Timing for W matrix formation
 
  CPU TIME(S)      SYSTEM TIME(S)     WALL TIME(S)
          2.170            0.010               0.270
 ---------------------------------------------------------------
 
 
 [resp_deriv_energy]
 
 
 [resp_deriv1e_fock_new]
 
 
|--------------------------------------------------------------------------------|
          Molecular gradient - Overlap contribution
 
        Atom            X                    Y                    Z
        C              0.0000000000          0.0000000000          0.0000000000
        O              0.0000000000          0.0000000000          0.0000000000
        H              0.0000000000          0.0137149063          0.0000000000
        H             -0.0000000000         -0.0137149063          0.0000000000
|--------------------------------------------------------------------------------|
 
 
|--------------------------------------------------------------------------------|
          Molecular gradient - Kinetic energy contribution
 
        Atom            X                    Y                    Z
        C              0.0000000000          0.0000000000          0.0000000000
        O             -0.0000000000          0.0000000000          0.0000000000
        H             -0.0000000000          0.0072380382          0.0000000000
        H             -0.0000000000         -0.0072380382          0.0000000000
|--------------------------------------------------------------------------------|
 
 
|--------------------------------------------------------------------------------|
          Molecular gradient - Nuclear attraction energy contribution
 
        Atom            X                    Y                    Z
        C             -0.0000000000          0.0000000000          0.0000000000
        O             -0.0000000000          0.0000000000          0.0000000000
        H             -0.0000000000         -0.1727176600          0.0000000000
        H              0.0000000000          0.1727176600          0.0000000000
|--------------------------------------------------------------------------------|
 
 
 ---------------------------------------------------------------
  Timing to calculate 1-electronic integrals                                      
 
  CPU TIME(S)      SYSTEM TIME(S)     WALL TIME(S)
          0.020            0.000               0.000
 ---------------------------------------------------------------
 
  Gradient contribution from 1e
      1       -0.0000000000        0.0000000000        0.0000000000
      2       -0.0000000000        0.0000000000        0.0000000000
      3       -0.0000000000       -0.1517647154        0.0000000000
      4        0.0000000000        0.1517647154        0.0000000000
 Sum of gradient contribution from 1e
             -0.0000000000        0.0000000000        0.0000000000
 
 
 [resp_deriv2e]
 
resp deriv type   4
 Number of cartesian primative basis functions :      188
 If used primative density matrix:  F
  [int2e_petite_1st_gradient_screened]
 Total length of P4 ERIs 1st gradient:             1365957
 Maxium length of a batch of ERI 1st gradient:           50625
 Maxium length of a batch of dens matrix     :          320000
 Lenght of eri-grad core                     :         2350416
 If primative density matrix is used         : F
 Number of OpenMP threads                    :   8
 ngrad=                     1
 Esitmate buffer meomory used:        0.1592 GB
 
|--------------------------------------------------------------------------------|
          Molecular gradient - Elec Repulsive contribution
 
        Atom            X                    Y                    Z
        C              0.0000000000         -0.0000000000          0.0000000000
        O              0.0000000000          0.0000000000          0.0000000000
        H              0.0000000000          0.1388074454          0.0000000000
        H             -0.0000000000         -0.1388074454          0.0000000000
|--------------------------------------------------------------------------------|
 
 
 ---------------------------------------------------------------
  Timing to calculate 2-electronic integrals Gradients                            
 
  CPU TIME(S)      SYSTEM TIME(S)     WALL TIME(S)
          4.760            0.010               0.600
 ---------------------------------------------------------------
 
 Time:   PreRys     Rys    2dint    2dintd   6dint  6dintc  6dints
cputime    0.00E+00    0.00E+00    0.00E+00    0.00E+00    0.00E+00    0.00E+00    0.00E+00    0.00E+00
systime    0.00E+00    0.00E+00    0.00E+00    0.00E+00    0.00E+00    0.00E+00    0.00E+00    0.00E+00
waltime    0.00E+00    0.00E+00    0.00E+00    0.00E+00    0.00E+00    0.00E+00    0.00E+00    0.00E+00
 Finish resp_deriv2e
  Gradient contribution from Analytic 2e
      1        0.0000000000       -0.0000000000        0.0000000000
      2        0.0000000000        0.0000000000        0.0000000000
      3        0.0000000000        0.1388074454        0.0000000000
      4       -0.0000000000       -0.1388074454        0.0000000000
 Sum of gradient contribution from Analytic 2e
              0.0000000000        0.0000000000        0.0000000000
 
 
  Gradient contribution from Final-grad(no XC)
      1       -0.0000000000       -0.0000000000        0.0000000000
      2        0.0000000000        0.0000000000        0.0000000000
      3       -0.0000000000       -0.0129572701        0.0000000000
      4        0.0000000000        0.0129572701        0.0000000000
 Sum of gradient contribution from Final-grad(no XC)
             -0.0000000000        0.0000000000        0.0000000000
 
 
 [resp_deriv_Exc]
 
 
 ---------------------------------------------------------------
  Timing for XC energy gradient calculation
 
  CPU TIME(S)      SYSTEM TIME(S)     WALL TIME(S)
         18.930            0.040               2.380
 ---------------------------------------------------------------
 
  Gradient contribution from XC
      1        0.0000000000       -0.0000000000        0.0000000000
      2       -0.0000000000        0.0000000000        0.0000000000
      3       -0.0000000000       -0.0094214435        0.0000000000
      4        0.0000000000        0.0094214435        0.0000000000
 Sum of gradient contribution from XC
             -0.0000000000        0.0000000000        0.0000000000
 
 
 [resp_deriv_dpq]
 
  Gradient contribution from dpq-R
      1       -0.0000000000        0.0000000000       -0.0000000000
      2        0.0000000000       -0.0000000000       -0.0000000000
      3       -0.0000000000       -0.0003808487       -0.0000000000
      4        0.0000000000        0.0003808487       -0.0000000000
 Sum of gradient contribution from dpq-R
              0.0000000000        0.0000000000       -0.0000000000
 
  Gradient contribution from Final-NAC(R)
      1       -0.0000000000       -0.0000000000       -0.0000000000
      2       -0.0000000000        0.0000000000       -0.0000000000
      3       -0.0000000000       -0.0227595623       -0.0000000000
      4        0.0000000000        0.0227595623       -0.0000000000
 Sum of gradient contribution from Final-NAC(R)
             -0.0000000000        0.0000000000       -0.0000000000
 
 ------------------------------------------------------------------
 
 Raw NACMEs, without electron-translation factor:
  FNAC_cpair=   1   2   1     1   1   1
  FNAC_epair=         -113.9525311195274071         -113.8566772435061267
  Gradient contribution from Final-NAC(R)-Escaled
      1       -0.0000000000       -0.0000000000       -0.0000000000
      2       -0.0000000000        0.0000000000       -0.0000000000
      3       -0.0000000000       -0.2374401871       -0.0000000000
      4        0.0000000000        0.2374401871       -0.0000000000
 Sum of gradient contribution from Final-NAC(R)-Escaled
             -0.0000000000        0.0000000000       -0.0000000000
 
 ------------------------------------------------------------------
  Gradient contribution from dpq-S
      1       -0.0000000000        0.0000000000       -0.0000000000
      2        0.0000000000       -0.0000000000       -0.0000000000
      3        0.0000000000        0.0011015214        0.0000000000
      4       -0.0000000000       -0.0011015214        0.0000000000
 Sum of gradient contribution from dpq-S
             -0.0000000000        0.0000000000       -0.0000000000
 
  Gradient contribution from Final-NAC(S)
      1       -0.0000000000       -0.0000000000       -0.0000000000
      2       -0.0000000000        0.0000000000       -0.0000000000
      3       -0.0000000000       -0.0212771921        0.0000000000
      4        0.0000000000        0.0212771921        0.0000000000
 Sum of gradient contribution from Final-NAC(S)
             -0.0000000000        0.0000000000       -0.0000000000
 
 
 NACMEs including electron-translation factor:
  Gradient contribution from Final-NAC(S)-Escaled
      1       -0.0000000000       -0.0000000000       -0.0000000000
      2       -0.0000000000        0.0000000000       -0.0000000000
      3       -0.0000000000       -0.2219752920        0.0000000000
      4        0.0000000000        0.2219752920        0.0000000000
 Sum of gradient contribution from Final-NAC(S)-Escaled
             -0.0000000000        0.0000000000       -0.0000000000
 
 
 [resp_ex_final] : iop=                     2
 
 
 [resp_ex_final] : iop=                     0
 
 
 [resp_ex_init]
 
  Check normalization:
  R^t*L(vec)=   1.00000000000000     
  R^t*L(mat)=   1.00000000000000     
 
 =================================
  PairIJ=   1   2   2   1   1   1
 =================================
 
 [resp_nac_main2]
 
  wJI =  2.827008771224415E-002
  Check normalization:
  R1^t*L1(mat)=   1.00000000000000     
  R2^t*L2(mat)=   1.00000000000000     
  Check orthogonality:
  R1^t*L2(mat)=  0.000000000000000E+000
  L1^t*R2(mat)=  0.000000000000000E+000
  Z1^t*Z2(mat)=  0.000000000000000E+000
 ---------------------------------------------------
  I-state,J-state,wJI 
           0.211831        0.240101        0.028270
  CHECK TRANSITION DIPOLE : expect.  resp.  total 
  1       -0.000000        0.000000       -0.000000
  2        0.000000        0.000000        0.000000
  3       -0.000000        0.000000       -0.000000
 ---------------------------------------------------
 
 [resp_ex_zvector]
 
 [resp_fock2e_Qex]
 [resp_fockxc_Qex]
 
 ---------------------------------------------------------------
  Timing for Q operator formation
 
  CPU TIME(S)      SYSTEM TIME(S)     WALL TIME(S)
          6.670            0.020               0.840
 ---------------------------------------------------------------
 
 
 [resp_ex_Zmo] : Solving Z-vector equation ...
 
 respcphf%isolver=                     2                     1
 
 [resp_cphf_solver]
  isf  =                     0
  freq =  0.000000000000000E+000
 
 
 [LinearSolver]: ndim=                  1957
  Norm of RHS =   8.609285300218560E-002
 Initial Guess of CPHF vector                     0                     0
   iter  Ndim        |res|           |x|           time/s
    1      1    0.258731E-01    0.195561E+00       0.000
    2      2    0.708666E-02    0.209484E+00       0.280
    3      3    0.801225E-03    0.209225E+00       0.270
    4      4    0.171040E-03    0.209214E+00       0.270
    5      5    0.184121E-04    0.209224E+00       0.270
    6      6    0.155683E-05    0.209223E+00       0.280
    7      7    0.741460E-07    0.209223E+00       0.270
    8      8    0.497841E-08    0.209223E+00       0.270
    9      9    0.365631E-09    0.209223E+00       0.270
   10     10    0.196466E-10    0.209223E+00       0.280
   11     11    0.101775E-11    0.209223E+00       0.260
   12     12    0.209979E-12    0.209223E+00       0.180
  Converged ! |Res|=  2.099793382233472E-013  iter=                    12
 
 ---------------------------------------------------------------
  Timing for solving the Z vector equation
 
  CPU TIME(S)      SYSTEM TIME(S)     WALL TIME(S)
         25.220            0.090               3.170
 ---------------------------------------------------------------
 
 
 [resp_ex_Wmo]
 
  Skewness of Wmo(C,C) =  4.657120802584668E-009
  Skewness of Wmo(C,V) =  8.806582872105286E-014
  Skewness of Wmo(V,V) =  3.982900069081516E-008
  Skewness of Wmo(C,C) =  4.107982715914152E-009
  Skewness of Wmo(C,V) =  7.755853719884028E-014
  Skewness of Wmo(V,V) =  1.929180849110024E-008
 
 ---------------------------------------------------------------
  Timing for W matrix formation
 
  CPU TIME(S)      SYSTEM TIME(S)     WALL TIME(S)
          2.180            0.010               0.270
 ---------------------------------------------------------------
 
 
 [resp_deriv_energy]
 
 
 [resp_deriv1e_fock_new]
 
 
|--------------------------------------------------------------------------------|
          Molecular gradient - Overlap contribution
 
        Atom            X                    Y                    Z
        C              0.0000000000          0.0000000000          0.0000000000
        O             -0.0000000000         -0.0000000000          0.0000000000
        H              0.0000000000         -0.0007933012          0.0000000000
        H              0.0000000000          0.0007933012          0.0000000000
|--------------------------------------------------------------------------------|
 
 
|--------------------------------------------------------------------------------|
          Molecular gradient - Kinetic energy contribution
 
        Atom            X                    Y                    Z
        C              0.0000000000          0.0000000000          0.0000000000
        O              0.0000000000          0.0000000000          0.0000000000
        H              0.0000000000          0.0025176456          0.0000000000
        H             -0.0000000000         -0.0025176456          0.0000000000
|--------------------------------------------------------------------------------|
 
 
|--------------------------------------------------------------------------------|
          Molecular gradient - Nuclear attraction energy contribution
 
        Atom            X                    Y                    Z
        C             -0.0000000000          0.0000000000          0.0000000000
        O              0.0000000000          0.0000000000          0.0000000000
        H              0.0000000000         -0.0134701401          0.0000000000
        H              0.0000000000          0.0134701401          0.0000000000
|--------------------------------------------------------------------------------|
 
 
 ---------------------------------------------------------------
  Timing to calculate 1-electronic integrals                                      
 
  CPU TIME(S)      SYSTEM TIME(S)     WALL TIME(S)
          0.010            0.000               0.010
 ---------------------------------------------------------------
 
  Gradient contribution from 1e
      1       -0.0000000000        0.0000000000        0.0000000000
      2        0.0000000000       -0.0000000000        0.0000000000
      3        0.0000000000       -0.0117457957        0.0000000000
      4        0.0000000000        0.0117457957        0.0000000000
 Sum of gradient contribution from 1e
              0.0000000000        0.0000000000        0.0000000000
 
 
 [resp_deriv2e]
 
resp deriv type   4
 Number of cartesian primative basis functions :      188
 If used primative density matrix:  F
  [int2e_petite_1st_gradient_screened]
 Total length of P4 ERIs 1st gradient:             1365957
 Maxium length of a batch of ERI 1st gradient:           50625
 Maxium length of a batch of dens matrix     :          320000
 Lenght of eri-grad core                     :         2350416
 If primative density matrix is used         : F
 Number of OpenMP threads                    :   8
 ngrad=                     1
 Esitmate buffer meomory used:        0.1592 GB
 
|--------------------------------------------------------------------------------|
          Molecular gradient - Elec Repulsive contribution
 
        Atom            X                    Y                    Z
        C              0.0000000000          0.0000000000          0.0000000000
        O             -0.0000000000          0.0000000000          0.0000000000
        H              0.0000000000          0.0130984625          0.0000000000
        H             -0.0000000000         -0.0130984625          0.0000000000
|--------------------------------------------------------------------------------|
 
 
 ---------------------------------------------------------------
  Timing to calculate 2-electronic integrals Gradients                            
 
  CPU TIME(S)      SYSTEM TIME(S)     WALL TIME(S)
          4.830            0.020               0.600
 ---------------------------------------------------------------
 
 Time:   PreRys     Rys    2dint    2dintd   6dint  6dintc  6dints
cputime    0.00E+00    0.00E+00    0.00E+00    0.00E+00    0.00E+00    0.00E+00    0.00E+00    0.00E+00
systime    0.00E+00    0.00E+00    0.00E+00    0.00E+00    0.00E+00    0.00E+00    0.00E+00    0.00E+00
waltime    0.00E+00    0.00E+00    0.00E+00    0.00E+00    0.00E+00    0.00E+00    0.00E+00    0.00E+00
 Finish resp_deriv2e
  Gradient contribution from Analytic 2e
      1        0.0000000000        0.0000000000        0.0000000000
      2       -0.0000000000        0.0000000000        0.0000000000
      3        0.0000000000        0.0130984625        0.0000000000
      4       -0.0000000000       -0.0130984625        0.0000000000
 Sum of gradient contribution from Analytic 2e
              0.0000000000        0.0000000000        0.0000000000
 
 
  Gradient contribution from Final-grad(no XC)
      1       -0.0000000000        0.0000000000        0.0000000000
      2        0.0000000000       -0.0000000000        0.0000000000
      3        0.0000000000        0.0013526667        0.0000000000
      4        0.0000000000       -0.0013526667        0.0000000000
 Sum of gradient contribution from Final-grad(no XC)
              0.0000000000        0.0000000000        0.0000000000
 
 
 [resp_deriv_Exc]
 
 
 ---------------------------------------------------------------
  Timing for XC energy gradient calculation
 
  CPU TIME(S)      SYSTEM TIME(S)     WALL TIME(S)
         18.860            0.010               2.370
 ---------------------------------------------------------------
 
  Gradient contribution from XC
      1       -0.0000000000        0.0000000000        0.0000000000
      2        0.0000000000       -0.0000000000        0.0000000000
      3       -0.0000000000       -0.0000266977        0.0000000000
      4       -0.0000000000        0.0000266977        0.0000000000
 Sum of gradient contribution from XC
              0.0000000000       -0.0000000000        0.0000000000
 
 
 [resp_deriv_dpq]
 
  Gradient contribution from dpq-R
      1       -0.0000000000        0.0000000000        0.0000000000
      2        0.0000000000       -0.0000000000        0.0000000000
      3        0.0000000000        0.0005254224       -0.0000000000
      4       -0.0000000000       -0.0005254224       -0.0000000000
 Sum of gradient contribution from dpq-R
              0.0000000000       -0.0000000000       -0.0000000000
 
  Gradient contribution from Final-NAC(R)
      1       -0.0000000000        0.0000000000        0.0000000000
      2        0.0000000000       -0.0000000000        0.0000000000
      3        0.0000000000        0.0018513914       -0.0000000000
      4        0.0000000000       -0.0018513914       -0.0000000000
 Sum of gradient contribution from Final-NAC(R)
              0.0000000000       -0.0000000000       -0.0000000000
 
 ------------------------------------------------------------------
 
 Raw NACMEs, without electron-translation factor:
  FNAC_cpair=   1   2   2     1   1   1
  FNAC_epair=         -113.8849473312183704         -113.8566772435061267
  Gradient contribution from Final-NAC(R)-Escaled
      1       -0.0000000000        0.0000000000        0.0000000000
      2        0.0000000000       -0.0000000000        0.0000000000
      3        0.0000000000        0.0654894100       -0.0000000000
      4        0.0000000000       -0.0654894100       -0.0000000000
 Sum of gradient contribution from Final-NAC(R)-Escaled
              0.0000000000       -0.0000000000       -0.0000000000
 
 ------------------------------------------------------------------
  Gradient contribution from dpq-S
      1       -0.0000000000        0.0000000000       -0.0000000000
      2        0.0000000000       -0.0000000000        0.0000000000
      3        0.0000000000        0.0001756404       -0.0000000000
      4       -0.0000000000       -0.0001756404       -0.0000000000
 Sum of gradient contribution from dpq-S
             -0.0000000000       -0.0000000000        0.0000000000
 
  Gradient contribution from Final-NAC(S)
      1       -0.0000000000        0.0000000000       -0.0000000000
      2        0.0000000000       -0.0000000000        0.0000000000
      3        0.0000000000        0.0015016094       -0.0000000000
      4        0.0000000000       -0.0015016094       -0.0000000000
 Sum of gradient contribution from Final-NAC(S)
              0.0000000000       -0.0000000000        0.0000000000
 
 
 NACMEs including electron-translation factor:
  Gradient contribution from Final-NAC(S)-Escaled
      1       -0.0000000000        0.0000000000       -0.0000000000
      2        0.0000000000       -0.0000000000        0.0000000000
      3        0.0000000000        0.0531165456       -0.0000000000
      4        0.0000000000       -0.0531165456       -0.0000000000
 Sum of gradient contribution from Final-NAC(S)-Escaled
              0.0000000000       -0.0000000000        0.0000000000
 
 
 [resp_ex_final] : iop=                     2
 
 
 [resp_ex_final] : iop=                     0
 
 
 [resp_ex_final] : iop=                     0
 
 
 [resp_ex_init]
 
  Check normalization:
  R^t*L(vec)=   1.00000000000000     
  R^t*L(mat)=   1.00000000000000     
 
 [resp_ex_init]
 
  Check normalization:
  R^t*L(vec)=   1.00000000000000     
  R^t*L(mat)=   1.00000000000000     
 
 =================================
  PairIJ=   1   2   1   1   1   2
 =================================
 
 [resp_nac_main2]
 
  wJI =  0.100381556820027     
  Check normalization:
  R1^t*L1(mat)=   1.00000000000000     
  R2^t*L2(mat)=   1.00000000000000     
  Check orthogonality:
  R1^t*L2(mat)=  0.000000000000000E+000
  L1^t*R2(mat)=  0.000000000000000E+000
  Z1^t*Z2(mat)=  0.000000000000000E+000
 ---------------------------------------------------
  I-state,J-state,wJI 
           0.144247        0.244629        0.100382
  CHECK TRANSITION DIPOLE : expect.  resp.  total 
  1        0.000000        0.000000        0.000000
  2        0.000000        0.000000        0.000000
  3        0.000000        0.000000        0.000000
 ---------------------------------------------------
 
 [resp_ex_zvector]
 
 [resp_fock2e_Qex]
 [resp_fockxc_Qex]
 
 ---------------------------------------------------------------
  Timing for Q operator formation
 
  CPU TIME(S)      SYSTEM TIME(S)     WALL TIME(S)
          6.600            0.020               0.830
 ---------------------------------------------------------------
 
 
 [resp_ex_Zmo] : Solving Z-vector equation ...
 
 respcphf%isolver=                     2                     1
 
 [resp_cphf_solver]
  isf  =                     0
  freq =  0.000000000000000E+000
 
 
 [LinearSolver]: ndim=                  1957
  Norm of RHS =   0.102708129216022     
 Initial Guess of CPHF vector                     0                     0
   iter  Ndim        |res|           |x|           time/s
    1      1    0.313225E-01    0.223786E+00       0.000
    2      2    0.608656E-02    0.236404E+00       0.270
    3      3    0.191513E-02    0.236441E+00       0.270
    4      4    0.208999E-03    0.236692E+00       0.270
    5      5    0.187079E-04    0.236682E+00       0.270
    6      6    0.184528E-05    0.236683E+00       0.280
    7      7    0.741495E-07    0.236683E+00       0.270
    8      8    0.271544E-08    0.236683E+00       0.270
    9      9    0.121539E-09    0.236683E+00       0.270
   10     10    0.530239E-11    0.236683E+00       0.270
   11     11    0.211291E-12    0.236683E+00       0.240
  Converged ! |Res|=  2.112907366934710E-013  iter=                    11
 
 ---------------------------------------------------------------
  Timing for solving the Z vector equation
 
  CPU TIME(S)      SYSTEM TIME(S)     WALL TIME(S)
         23.480            0.070               2.950
 ---------------------------------------------------------------
 
 
 [resp_ex_Wmo]
 
  Skewness of Wmo(C,C) =  4.653811126545295E-009
  Skewness of Wmo(C,V) =  1.758168997770957E-013
  Skewness of Wmo(V,V) =  2.203847322253945E-008
  Skewness of Wmo(C,C) =  1.294043789604166E-008
  Skewness of Wmo(C,V) =  3.752374974825051E-013
  Skewness of Wmo(V,V) =  9.014136710632390E-008
 
 ---------------------------------------------------------------
  Timing for W matrix formation
 
  CPU TIME(S)      SYSTEM TIME(S)     WALL TIME(S)
          2.140            0.010               0.270
 ---------------------------------------------------------------
 
 
 [resp_deriv_energy]
 
 
 [resp_deriv1e_fock_new]
 
 
|--------------------------------------------------------------------------------|
          Molecular gradient - Overlap contribution
 
        Atom            X                    Y                    Z
        C             -0.0000000000          0.0000000000          0.0000000000
        O              0.0000000000          0.0000000000          0.0000000000
        H              0.0000000000         -0.0024395708          0.0000000000
        H              0.0000000000          0.0024395708          0.0000000000
|--------------------------------------------------------------------------------|
 
 
|--------------------------------------------------------------------------------|
          Molecular gradient - Kinetic energy contribution
 
        Atom            X                    Y                    Z
        C             -0.0000000000          0.0000000000          0.0000000000
        O             -0.0000000000          0.0000000000          0.0000000000
        H              0.0000000000         -0.0061974198          0.0000000000
        H              0.0000000000          0.0061974198          0.0000000000
|--------------------------------------------------------------------------------|
 
 
|--------------------------------------------------------------------------------|
          Molecular gradient - Nuclear attraction energy contribution
 
        Atom            X                    Y                    Z
        C              0.0000000000          0.0000000000          0.0000000000
        O              0.0000000000          0.0000000000          0.0000000000
        H              0.0000000000          0.0854565657          0.0000000000
        H             -0.0000000000         -0.0854565657          0.0000000000
|--------------------------------------------------------------------------------|
 
 
 ---------------------------------------------------------------
  Timing to calculate 1-electronic integrals                                      
 
  CPU TIME(S)      SYSTEM TIME(S)     WALL TIME(S)
          0.000            0.000               0.000
 ---------------------------------------------------------------
 
  Gradient contribution from 1e
      1        0.0000000000        0.0000000000        0.0000000000
      2        0.0000000000        0.0000000000        0.0000000000
      3        0.0000000000        0.0768195751        0.0000000000
      4       -0.0000000000       -0.0768195751        0.0000000000
 Sum of gradient contribution from 1e
              0.0000000000        0.0000000000        0.0000000000
 
 
 [resp_deriv2e]
 
resp deriv type   4
 Number of cartesian primative basis functions :      188
 If used primative density matrix:  F
  [int2e_petite_1st_gradient_screened]
 Total length of P4 ERIs 1st gradient:             1365957
 Maxium length of a batch of ERI 1st gradient:           50625
 Maxium length of a batch of dens matrix     :          320000
 Lenght of eri-grad core                     :         2350416
 If primative density matrix is used         : F
 Number of OpenMP threads                    :   8
 ngrad=                     1
 Esitmate buffer meomory used:        0.1592 GB
 
|--------------------------------------------------------------------------------|
          Molecular gradient - Elec Repulsive contribution
 
        Atom            X                    Y                    Z
        C             -0.0000000000          0.0000000000          0.0000000000
        O             -0.0000000000          0.0000000000          0.0000000000
        H             -0.0000000000         -0.0617272930          0.0000000000
        H              0.0000000000          0.0617272930          0.0000000000
|--------------------------------------------------------------------------------|
 
 
 ---------------------------------------------------------------
  Timing to calculate 2-electronic integrals Gradients                            
 
  CPU TIME(S)      SYSTEM TIME(S)     WALL TIME(S)
          4.770            0.020               0.600
 ---------------------------------------------------------------
 
 Time:   PreRys     Rys    2dint    2dintd   6dint  6dintc  6dints
cputime    0.00E+00    0.00E+00    0.00E+00    0.00E+00    0.00E+00    0.00E+00    0.00E+00    0.00E+00
systime    0.00E+00    0.00E+00    0.00E+00    0.00E+00    0.00E+00    0.00E+00    0.00E+00    0.00E+00
waltime    0.00E+00    0.00E+00    0.00E+00    0.00E+00    0.00E+00    0.00E+00    0.00E+00    0.00E+00
 Finish resp_deriv2e
  Gradient contribution from Analytic 2e
      1       -0.0000000000        0.0000000000        0.0000000000
      2       -0.0000000000        0.0000000000        0.0000000000
      3       -0.0000000000       -0.0617272930        0.0000000000
      4        0.0000000000        0.0617272930        0.0000000000
 Sum of gradient contribution from Analytic 2e
              0.0000000000        0.0000000000        0.0000000000
 
 
  Gradient contribution from Final-grad(no XC)
      1        0.0000000000        0.0000000000        0.0000000000
      2       -0.0000000000        0.0000000000        0.0000000000
      3        0.0000000000        0.0150922821        0.0000000000
      4       -0.0000000000       -0.0150922821        0.0000000000
 Sum of gradient contribution from Final-grad(no XC)
              0.0000000000        0.0000000000        0.0000000000
 
 
 [resp_deriv_Exc]
 
 
 ---------------------------------------------------------------
  Timing for XC energy gradient calculation
 
  CPU TIME(S)      SYSTEM TIME(S)     WALL TIME(S)
         19.690            0.010               2.470
 ---------------------------------------------------------------
 
  Gradient contribution from XC
      1       -0.0000000000        0.0000000000        0.0000000000
      2        0.0000000000        0.0000000000        0.0000000000
      3        0.0000000000        0.0065635412        0.0000000000
      4       -0.0000000000       -0.0065635412        0.0000000000
 Sum of gradient contribution from XC
              0.0000000000        0.0000000000        0.0000000000
 
 
 [resp_deriv_dpq]
 
  Gradient contribution from dpq-R
      1       -0.0000000000       -0.0000000000        0.0000000000
      2       -0.0000000000        0.0000000000       -0.0000000000
      3       -0.0000000000        0.0005452063       -0.0000000000
      4        0.0000000000       -0.0005452063       -0.0000000000
 Sum of gradient contribution from dpq-R
             -0.0000000000       -0.0000000000        0.0000000000
 
  Gradient contribution from Final-NAC(R)
      1       -0.0000000000       -0.0000000000        0.0000000000
      2        0.0000000000        0.0000000000       -0.0000000000
      3        0.0000000000        0.0222010296       -0.0000000000
      4       -0.0000000000       -0.0222010296       -0.0000000000
 Sum of gradient contribution from Final-NAC(R)
              0.0000000000        0.0000000000        0.0000000000
 
 ------------------------------------------------------------------
 
 Raw NACMEs, without electron-translation factor:
  FNAC_cpair=   1   2   1     1   1   2
  FNAC_epair=         -113.9525311195274071         -113.8521495627073818
  Gradient contribution from Final-NAC(R)-Escaled
      1       -0.0000000000       -0.0000000000        0.0000000000
      2        0.0000000000        0.0000000000       -0.0000000000
      3        0.0000000000        0.2211664206       -0.0000000000
      4       -0.0000000000       -0.2211664206       -0.0000000000
 Sum of gradient contribution from Final-NAC(R)-Escaled
              0.0000000000        0.0000000000        0.0000000000
 
 ------------------------------------------------------------------
  Gradient contribution from dpq-S
      1       -0.0000000000       -0.0000000000        0.0000000000
      2        0.0000000000        0.0000000000        0.0000000000
      3       -0.0000000000       -0.0011495469       -0.0000000000
      4        0.0000000000        0.0011495469       -0.0000000000
 Sum of gradient contribution from dpq-S
              0.0000000000       -0.0000000000        0.0000000000
 
  Gradient contribution from Final-NAC(S)
      1       -0.0000000000        0.0000000000        0.0000000000
      2        0.0000000000        0.0000000000        0.0000000000
      3        0.0000000000        0.0205062764       -0.0000000000
      4       -0.0000000000       -0.0205062764       -0.0000000000
 Sum of gradient contribution from Final-NAC(S)
              0.0000000000       -0.0000000000        0.0000000000
 
 
 NACMEs including electron-translation factor:
  Gradient contribution from Final-NAC(S)-Escaled
      1       -0.0000000000        0.0000000000        0.0000000000
      2        0.0000000000        0.0000000000        0.0000000000
      3        0.0000000000        0.2042833073       -0.0000000000
      4       -0.0000000000       -0.2042833073       -0.0000000000
 Sum of gradient contribution from Final-NAC(S)-Escaled
              0.0000000000       -0.0000000000        0.0000000000
 
 
 [resp_ex_final] : iop=                     2
 
 
 [resp_ex_final] : iop=                     0
 
 
 [resp_ex_init]
 
  Check normalization:
  R^t*L(vec)=   1.00000000000000     
  R^t*L(mat)=   1.00000000000000     
 
 =================================
  PairIJ=   1   2   2   1   1   2
 =================================
 
 [resp_nac_main2]
 
  wJI =  3.279776851098154E-002
  Check normalization:
  R1^t*L1(mat)=   1.00000000000000     
  R2^t*L2(mat)=   1.00000000000000     
  Check orthogonality:
  R1^t*L2(mat)=  0.000000000000000E+000
  L1^t*R2(mat)=  0.000000000000000E+000
  Z1^t*Z2(mat)=  0.000000000000000E+000
 ---------------------------------------------------
  I-state,J-state,wJI 
           0.211831        0.244629        0.032798
  CHECK TRANSITION DIPOLE : expect.  resp.  total 
  1        0.000000        0.000000        0.000000
  2       -0.000000        0.000000       -0.000000
  3        0.000000        0.000000        0.000000
 ---------------------------------------------------
 
 [resp_ex_zvector]
 
 [resp_fock2e_Qex]
 [resp_fockxc_Qex]
 
 ---------------------------------------------------------------
  Timing for Q operator formation
 
  CPU TIME(S)      SYSTEM TIME(S)     WALL TIME(S)
          6.630            0.010               0.830
 ---------------------------------------------------------------
 
 
 [resp_ex_Zmo] : Solving Z-vector equation ...
 
 respcphf%isolver=                     2                     1
 
 [resp_cphf_solver]
  isf  =                     0
  freq =  0.000000000000000E+000
 
 
 [LinearSolver]: ndim=                  1957
  Norm of RHS =   9.063720142662282E-002
 Initial Guess of CPHF vector                     0                     0
   iter  Ndim        |res|           |x|           time/s
    1      1    0.410871E-01    0.333843E+00       0.000
    2      2    0.825488E-02    0.356412E+00       0.270
    3      3    0.108204E-02    0.355882E+00       0.270
    4      4    0.142306E-03    0.356126E+00       0.270
    5      5    0.149828E-04    0.356124E+00       0.280
    6      6    0.118602E-05    0.356125E+00       0.270
    7      7    0.968871E-07    0.356125E+00       0.270
    8      8    0.564947E-08    0.356125E+00       0.270
    9      9    0.321247E-09    0.356125E+00       0.270
   10     10    0.162934E-10    0.356125E+00       0.270
   11     11    0.750443E-12    0.356125E+00       0.260
  Converged ! |Res|=  7.504430434026083E-013  iter=                    11
 
 ---------------------------------------------------------------
  Timing for solving the Z vector equation
 
  CPU TIME(S)      SYSTEM TIME(S)     WALL TIME(S)
         23.660            0.100               2.980
 ---------------------------------------------------------------
 
 
 [resp_ex_Wmo]
 
  Skewness of Wmo(C,C) =  7.904662163366192E-009
  Skewness of Wmo(C,V) =  1.057257373222989E-012
  Skewness of Wmo(V,V) =  3.441328871182810E-008
  Skewness of Wmo(C,C) =  7.345962000014010E-010
  Skewness of Wmo(C,V) =  4.933471458526134E-013
  Skewness of Wmo(V,V) =  2.888350091365949E-008
 
 ---------------------------------------------------------------
  Timing for W matrix formation
 
  CPU TIME(S)      SYSTEM TIME(S)     WALL TIME(S)
          2.140            0.000               0.270
 ---------------------------------------------------------------
 
 
 [resp_deriv_energy]
 
 
 [resp_deriv1e_fock_new]
 
 
|--------------------------------------------------------------------------------|
          Molecular gradient - Overlap contribution
 
        Atom            X                    Y                    Z
        C             -0.0000000000          0.0000000000          0.0000000000
        O             -0.0000000000          0.0000000000          0.0000000000
        H             -0.0000000000         -0.0159662739          0.0000000000
        H              0.0000000000          0.0159662739          0.0000000000
|--------------------------------------------------------------------------------|
 
 
|--------------------------------------------------------------------------------|
          Molecular gradient - Kinetic energy contribution
 
        Atom            X                    Y                    Z
        C             -0.0000000000          0.0000000000          0.0000000000
        O              0.0000000000          0.0000000000          0.0000000000
        H             -0.0000000000         -0.0097292938          0.0000000000
        H              0.0000000000          0.0097292938          0.0000000000
|--------------------------------------------------------------------------------|
 
 
|--------------------------------------------------------------------------------|
          Molecular gradient - Nuclear attraction energy contribution
 
        Atom            X                    Y                    Z
        C              0.0000000000          0.0000000000          0.0000000000
        O             -0.0000000000          0.0000000000          0.0000000000
        H             -0.0000000000          0.1682639749          0.0000000000
        H             -0.0000000000         -0.1682639749          0.0000000000
|--------------------------------------------------------------------------------|
 
 
 ---------------------------------------------------------------
  Timing to calculate 1-electronic integrals                                      
 
  CPU TIME(S)      SYSTEM TIME(S)     WALL TIME(S)
          0.010            0.000               0.000
 ---------------------------------------------------------------
 
  Gradient contribution from 1e
      1        0.0000000000        0.0000000000        0.0000000000
      2       -0.0000000000        0.0000000000        0.0000000000
      3       -0.0000000000        0.1425684073        0.0000000000
      4       -0.0000000000       -0.1425684073        0.0000000000
 Sum of gradient contribution from 1e
             -0.0000000000        0.0000000000        0.0000000000
 
 
 [resp_deriv2e]
 
resp deriv type   4
 Number of cartesian primative basis functions :      188
 If used primative density matrix:  F
  [int2e_petite_1st_gradient_screened]
 Total length of P4 ERIs 1st gradient:             1365957
 Maxium length of a batch of ERI 1st gradient:           50625
 Maxium length of a batch of dens matrix     :          320000
 Lenght of eri-grad core                     :         2350416
 If primative density matrix is used         : F
 Number of OpenMP threads                    :   8
 ngrad=                     1
 Esitmate buffer meomory used:        0.1592 GB
 
|--------------------------------------------------------------------------------|
          Molecular gradient - Elec Repulsive contribution
 
        Atom            X                    Y                    Z
        C             -0.0000000000          0.0000000000          0.0000000000
        O              0.0000000000          0.0000000000          0.0000000000
        H             -0.0000000000         -0.1481982001          0.0000000000
        H              0.0000000000          0.1481982001          0.0000000000
|--------------------------------------------------------------------------------|
 
 
 ---------------------------------------------------------------
  Timing to calculate 2-electronic integrals Gradients                            
 
  CPU TIME(S)      SYSTEM TIME(S)     WALL TIME(S)
          4.730            0.020               0.600
 ---------------------------------------------------------------
 
 Time:   PreRys     Rys    2dint    2dintd   6dint  6dintc  6dints
cputime    0.00E+00    0.00E+00    0.00E+00    0.00E+00    0.00E+00    0.00E+00    0.00E+00    0.00E+00
systime    0.00E+00    0.00E+00    0.00E+00    0.00E+00    0.00E+00    0.00E+00    0.00E+00    0.00E+00
waltime    0.00E+00    0.00E+00    0.00E+00    0.00E+00    0.00E+00    0.00E+00    0.00E+00    0.00E+00
 Finish resp_deriv2e
  Gradient contribution from Analytic 2e
      1       -0.0000000000        0.0000000000        0.0000000000
      2        0.0000000000        0.0000000000        0.0000000000
      3       -0.0000000000       -0.1481982001        0.0000000000
      4        0.0000000000        0.1481982001        0.0000000000
 Sum of gradient contribution from Analytic 2e
              0.0000000000        0.0000000000        0.0000000000
 
 
  Gradient contribution from Final-grad(no XC)
      1        0.0000000000        0.0000000000        0.0000000000
      2       -0.0000000000        0.0000000000        0.0000000000
      3       -0.0000000000       -0.0056297928        0.0000000000
      4       -0.0000000000        0.0056297928        0.0000000000
 Sum of gradient contribution from Final-grad(no XC)
             -0.0000000000        0.0000000000        0.0000000000
 
 
 [resp_deriv_Exc]
 
 
 ---------------------------------------------------------------
  Timing for XC energy gradient calculation
 
  CPU TIME(S)      SYSTEM TIME(S)     WALL TIME(S)
         19.680            0.020               2.470
 ---------------------------------------------------------------
 
  Gradient contribution from XC
      1        0.0000000000        0.0000000000        0.0000000000
      2       -0.0000000000       -0.0000000000        0.0000000000
      3        0.0000000000        0.0072919809        0.0000000000
      4       -0.0000000000       -0.0072919809        0.0000000000
 Sum of gradient contribution from XC
             -0.0000000000       -0.0000000000        0.0000000000
 
 
 [resp_deriv_dpq]
 
  Gradient contribution from dpq-R
      1        0.0000000000        0.0000000000       -0.0000000000
      2        0.0000000000       -0.0000000000       -0.0000000000
      3       -0.0000000000       -0.0008942785       -0.0000000000
      4        0.0000000000        0.0008942785       -0.0000000000
 Sum of gradient contribution from dpq-R
              0.0000000000        0.0000000000       -0.0000000000
 
  Gradient contribution from Final-NAC(R)
      1        0.0000000000        0.0000000000       -0.0000000000
      2       -0.0000000000       -0.0000000000       -0.0000000000
      3       -0.0000000000        0.0007679096       -0.0000000000
      4       -0.0000000000       -0.0007679096       -0.0000000000
 Sum of gradient contribution from Final-NAC(R)
             -0.0000000000       -0.0000000000       -0.0000000000
 
 ------------------------------------------------------------------
 
 Raw NACMEs, without electron-translation factor:
  FNAC_cpair=   1   2   2     1   1   2
  FNAC_epair=         -113.8849473312183704         -113.8521495627073818
  Gradient contribution from Final-NAC(R)-Escaled
      1        0.0000000000        0.0000000000       -0.0000000000
      2       -0.0000000000       -0.0000000000       -0.0000000000
      3       -0.0000000000        0.0234134696       -0.0000000000
      4       -0.0000000000       -0.0234134696       -0.0000000000
 Sum of gradient contribution from Final-NAC(R)-Escaled
             -0.0000000000       -0.0000000000       -0.0000000000
 
 ------------------------------------------------------------------
  Gradient contribution from dpq-S
      1        0.0000000000       -0.0000000000        0.0000000000
      2       -0.0000000000       -0.0000000000        0.0000000000
      3       -0.0000000000       -0.0004397910       -0.0000000000
      4        0.0000000000        0.0004397910       -0.0000000000
 Sum of gradient contribution from dpq-S
              0.0000000000        0.0000000000        0.0000000000
 
  Gradient contribution from Final-NAC(S)
      1        0.0000000000        0.0000000000        0.0000000000
      2       -0.0000000000       -0.0000000000        0.0000000000
      3       -0.0000000000        0.0012223971       -0.0000000000
      4       -0.0000000000       -0.0012223971       -0.0000000000
 Sum of gradient contribution from Final-NAC(S)
             -0.0000000000       -0.0000000000        0.0000000000
 
 
 NACMEs including electron-translation factor:
  Gradient contribution from Final-NAC(S)-Escaled
      1        0.0000000000        0.0000000000        0.0000000000
      2       -0.0000000000       -0.0000000000        0.0000000000
      3       -0.0000000000        0.0372707396       -0.0000000000
      4       -0.0000000000       -0.0372707396       -0.0000000000
 Sum of gradient contribution from Final-NAC(S)-Escaled
             -0.0000000000       -0.0000000000        0.0000000000
 
 
 [resp_ex_final] : iop=                     2
 
 
 [resp_ex_final] : iop=                     0
 
 
 [resp_ex_final] : iop=                     0
 
 
 [resp_ex_init]
 
  Check normalization:
  R^t*L(vec)=   1.00000000000000     
  R^t*L(mat)=   1.00000000000000     
 
 [resp_ex_final] : iop=                     0
 
 
 [resp_ex_init]
 
  Check normalization:
  R^t*L(vec)=   1.00000000000000     
  R^t*L(mat)=   1.00000000000000     
 
 [resp_ex_init]
 
  Check normalization:
  R^t*L(vec)=   1.00000000000000     
  R^t*L(mat)=   1.00000000000000     
 
 =================================
  PairIJ=   1   3   1   1   1   1
 =================================
 
 [resp_nac_main2]
 
  wJI =  4.248585563006435E-002
  Check normalization:
  R1^t*L1(mat)=   1.00000000000000     
  R2^t*L2(mat)=   1.00000000000000     
  Check orthogonality:
  R1^t*L2(mat)=  0.000000000000000E+000
  L1^t*R2(mat)=  0.000000000000000E+000
  Z1^t*Z2(mat)=  0.000000000000000E+000
 ---------------------------------------------------
  I-state,J-state,wJI 
           0.197615        0.240101        0.042486
  CHECK TRANSITION DIPOLE : expect.  resp.  total 
  1        0.480458        0.000000        0.480458
  2       -0.000000        0.000000       -0.000000
  3       -0.000000        0.000000       -0.000000
 ---------------------------------------------------
 
 [resp_ex_zvector]
 
 [resp_fock2e_Qex]
 [resp_fockxc_Qex]
 
 ---------------------------------------------------------------
  Timing for Q operator formation
 
  CPU TIME(S)      SYSTEM TIME(S)     WALL TIME(S)
          6.600            0.020               0.830
 ---------------------------------------------------------------
 
 
 [resp_ex_Zmo] : Solving Z-vector equation ...
 
 respcphf%isolver=                     2                     1
 
 [resp_cphf_solver]
  isf  =                     0
  freq =  0.000000000000000E+000
 
 
 [LinearSolver]: ndim=                  1957
  Norm of RHS =   0.121463206065532     
 Initial Guess of CPHF vector                     0                     0
   iter  Ndim        |res|           |x|           time/s
    1      1    0.239554E-01    0.703421E-01       0.000
    2      2    0.522236E-02    0.799236E-01       0.270
    3      3    0.133644E-02    0.804852E-01       0.270
    4      4    0.287907E-03    0.805077E-01       0.270
    5      5    0.582207E-04    0.805271E-01       0.270
    6      6    0.107739E-04    0.805323E-01       0.270
    7      7    0.240912E-05    0.805329E-01       0.260
    8      8    0.362153E-06    0.805329E-01       0.280
    9      9    0.327601E-07    0.805328E-01       0.260
   10     10    0.263226E-08    0.805328E-01       0.270
   11     11    0.276309E-09    0.805328E-01       0.270
   12     12    0.225020E-10    0.805328E-01       0.270
   13     13    0.145662E-11    0.805328E-01       0.250
   14     14    0.441641E-12    0.805328E-01       0.200
  Converged ! |Res|=  4.416406842464850E-013  iter=                    14
 
 ---------------------------------------------------------------
  Timing for solving the Z vector equation
 
  CPU TIME(S)      SYSTEM TIME(S)     WALL TIME(S)
         29.370            0.030               3.680
 ---------------------------------------------------------------
 
 
 [resp_ex_Wmo]
 
  Skewness of Wmo(C,C) =  1.639411414041120E-009
  Skewness of Wmo(C,V) =  1.176095509237307E-013
  Skewness of Wmo(V,V) =  8.408218587352902E-009
  Skewness of Wmo(C,C) =  2.726823532109501E-008
  Skewness of Wmo(C,V) =  1.753997784509679E-013
  Skewness of Wmo(V,V) =  9.272732033299847E-008
 
 ---------------------------------------------------------------
  Timing for W matrix formation
 
  CPU TIME(S)      SYSTEM TIME(S)     WALL TIME(S)
          2.130            0.000               0.270
 ---------------------------------------------------------------
 
 
 [resp_deriv_energy]
 
 
 [resp_deriv1e_fock_new]
 
 
|--------------------------------------------------------------------------------|
          Molecular gradient - Overlap contribution
 
        Atom            X                    Y                    Z
        C             -0.0230418286          0.0000000000          0.0000000000
        O              0.0037656819         -0.0000000000          0.0000000000
        H              0.0096380734         -0.0000000000         -0.0011343103
        H              0.0096380734         -0.0000000000          0.0011343103
|--------------------------------------------------------------------------------|
 
 
|--------------------------------------------------------------------------------|
          Molecular gradient - Kinetic energy contribution
 
        Atom            X                    Y                    Z
        C             -0.0623431381          0.0000000000          0.0000000000
        O              0.0166498640         -0.0000000000          0.0000000000
        H              0.0228466370         -0.0000000000          0.0043882346
        H              0.0228466370         -0.0000000000         -0.0043882346
|--------------------------------------------------------------------------------|
 
 
|--------------------------------------------------------------------------------|
          Molecular gradient - Nuclear attraction energy contribution
 
        Atom            X                    Y                    Z
        C              0.4495519335         -0.0000000000          0.0000000000
        O             -0.0934757851          0.0000000000          0.0000000000
        H             -0.1780380742          0.0000000000         -0.0208942144
        H             -0.1780380742          0.0000000000          0.0208942144
|--------------------------------------------------------------------------------|
 
 
 ---------------------------------------------------------------
  Timing to calculate 1-electronic integrals                                      
 
  CPU TIME(S)      SYSTEM TIME(S)     WALL TIME(S)
          0.010            0.000               0.000
 ---------------------------------------------------------------
 
  Gradient contribution from 1e
      1        0.3641669668       -0.0000000000        0.0000000000
      2       -0.0730602391        0.0000000000        0.0000000000
      3       -0.1455533638        0.0000000000       -0.0176402901
      4       -0.1455533638        0.0000000000        0.0176402901
 Sum of gradient contribution from 1e
              0.0000000000       -0.0000000000        0.0000000000
 
 
 [resp_deriv2e]
 
resp deriv type   4
 Number of cartesian primative basis functions :      188
 If used primative density matrix:  F
  [int2e_petite_1st_gradient_screened]
 Total length of P4 ERIs 1st gradient:             1365957
 Maxium length of a batch of ERI 1st gradient:           50625
 Maxium length of a batch of dens matrix     :          320000
 Lenght of eri-grad core                     :         2350416
 If primative density matrix is used         : F
 Number of OpenMP threads                    :   8
 ngrad=                     1
 Esitmate buffer meomory used:        0.1592 GB
 
|--------------------------------------------------------------------------------|
          Molecular gradient - Elec Repulsive contribution
 
        Atom            X                    Y                    Z
        C             -0.3345619383          0.0000000000          0.0000000000
        O              0.0651406242         -0.0000000000          0.0000000000
        H              0.1347106571         -0.0000000000          0.0151895237
        H              0.1347106571         -0.0000000000         -0.0151895237
|--------------------------------------------------------------------------------|
 
 
 ---------------------------------------------------------------
  Timing to calculate 2-electronic integrals Gradients                            
 
  CPU TIME(S)      SYSTEM TIME(S)     WALL TIME(S)
          4.880            0.010               0.620
 ---------------------------------------------------------------
 
 Time:   PreRys     Rys    2dint    2dintd   6dint  6dintc  6dints
cputime    0.00E+00    0.00E+00    0.00E+00    0.00E+00    0.00E+00    0.00E+00    0.00E+00    0.00E+00
systime    0.00E+00    0.00E+00    0.00E+00    0.00E+00    0.00E+00    0.00E+00    0.00E+00    0.00E+00
waltime    0.00E+00    0.00E+00    0.00E+00    0.00E+00    0.00E+00    0.00E+00    0.00E+00    0.00E+00
 Finish resp_deriv2e
  Gradient contribution from Analytic 2e
      1       -0.3345619383        0.0000000000        0.0000000000
      2        0.0651406242       -0.0000000000        0.0000000000
      3        0.1347106571       -0.0000000000        0.0151895237
      4        0.1347106571       -0.0000000000       -0.0151895237
 Sum of gradient contribution from Analytic 2e
             -0.0000000000       -0.0000000000        0.0000000000
 
 
  Gradient contribution from Final-grad(no XC)
      1        0.0296050284       -0.0000000000        0.0000000000
      2       -0.0079196149        0.0000000000        0.0000000000
      3       -0.0108427067        0.0000000000       -0.0024507664
      4       -0.0108427067        0.0000000000        0.0024507664
 Sum of gradient contribution from Final-grad(no XC)
              0.0000000000       -0.0000000000        0.0000000000
 
 
 [resp_deriv_Exc]
 
 
 ---------------------------------------------------------------
  Timing for XC energy gradient calculation
 
  CPU TIME(S)      SYSTEM TIME(S)     WALL TIME(S)
         19.550            0.000               2.450
 ---------------------------------------------------------------
 
  Gradient contribution from XC
      1        0.0320981992       -0.0000000000        0.0000000000
      2       -0.0084440948        0.0000000000        0.0000000000
      3       -0.0118270408        0.0000000000       -0.0009814440
      4       -0.0118270408        0.0000000000        0.0009814440
 Sum of gradient contribution from XC
              0.0000000229        0.0000000000        0.0000000000
 
 
 [resp_deriv_dpq]
 
  Gradient contribution from dpq-R
      1        0.0003507624        0.0000000000        0.0000000000
      2        0.0003911175       -0.0000000000       -0.0000000000
      3        0.0001209844       -0.0000000000        0.0006915301
      4        0.0001209844       -0.0000000000       -0.0006915301
 Sum of gradient contribution from dpq-R
              0.0009838486       -0.0000000000       -0.0000000000
 
  Gradient contribution from Final-NAC(R)
      1        0.0620539900       -0.0000000000        0.0000000000
      2       -0.0159725922        0.0000000000       -0.0000000000
      3       -0.0225487631        0.0000000000       -0.0027406803
      4       -0.0225487631        0.0000000000        0.0027406803
 Sum of gradient contribution from Final-NAC(R)
              0.0009838715        0.0000000000        0.0000000000
 
 ------------------------------------------------------------------
 
 Raw NACMEs, without electron-translation factor:
  FNAC_cpair=   1   3   1     1   1   1
  FNAC_epair=         -113.8991630991361887         -113.8566772435061267
  Gradient contribution from Final-NAC(R)-Escaled
      1        1.4605799756       -0.0000000000        0.0000000000
      2       -0.3759508196        0.0000000000       -0.0000000000
      3       -0.5307357656        0.0000000000       -0.0645080641
      4       -0.5307357656        0.0000000000        0.0645080641
 Sum of gradient contribution from Final-NAC(R)-Escaled
              0.0231576248        0.0000000000        0.0000000000
 
 ------------------------------------------------------------------
  Gradient contribution from dpq-S
      1       -0.0008657370        0.0000000000        0.0000000000
      2        0.0000815226       -0.0000000000       -0.0000000000
      3        0.0003921072       -0.0000000000        0.0000651474
      4        0.0003921072       -0.0000000000       -0.0000651474
 Sum of gradient contribution from dpq-S
             -0.0000000000        0.0000000000       -0.0000000000
 
  Gradient contribution from Final-NAC(S)
      1        0.0608374906       -0.0000000000        0.0000000000
      2       -0.0162821871        0.0000000000       -0.0000000000
      3       -0.0222776403        0.0000000000       -0.0033670630
      4       -0.0222776403        0.0000000000        0.0033670630
 Sum of gradient contribution from Final-NAC(S)
              0.0000000229        0.0000000000       -0.0000000000
 
 
 NACMEs including electron-translation factor:
  Gradient contribution from Final-NAC(S)-Escaled
      1        1.4319469316       -0.0000000000        0.0000000000
      2       -0.3832378291        0.0000000000       -0.0000000000
      3       -0.5243542821        0.0000000000       -0.0792513867
      4       -0.5243542821        0.0000000000        0.0792513867
 Sum of gradient contribution from Final-NAC(S)-Escaled
              0.0000005383        0.0000000000       -0.0000000000
 
 
 [resp_ex_final] : iop=                     2
 
 
 [resp_ex_final] : iop=                     0
 
 
 [resp_ex_final] : iop=                     0
 
 
 [resp_ex_init]
 
  Check normalization:
  R^t*L(vec)=   1.00000000000000     
  R^t*L(mat)=   1.00000000000000     
 
 [resp_ex_init]
 
  Check normalization:
  R^t*L(vec)=   1.00000000000000     
  R^t*L(mat)=   1.00000000000000     
 
 =================================
  PairIJ=   1   3   1   1   1   2
 =================================
 
 [resp_nac_main2]
 
  wJI =  4.701353642880174E-002
  Check normalization:
  R1^t*L1(mat)=   1.00000000000000     
  R2^t*L2(mat)=   1.00000000000000     
  Check orthogonality:
  R1^t*L2(mat)=  0.000000000000000E+000
  L1^t*R2(mat)=  0.000000000000000E+000
  Z1^t*Z2(mat)=  0.000000000000000E+000
 ---------------------------------------------------
  I-state,J-state,wJI 
           0.197615        0.244629        0.047014
  CHECK TRANSITION DIPOLE : expect.  resp.  total 
  1       -0.063543        0.000000       -0.063543
  2        0.000000        0.000000        0.000000
  3       -0.000000        0.000000       -0.000000
 ---------------------------------------------------
 
 [resp_ex_zvector]
 
 [resp_fock2e_Qex]
 [resp_fockxc_Qex]
 
 ---------------------------------------------------------------
  Timing for Q operator formation
 
  CPU TIME(S)      SYSTEM TIME(S)     WALL TIME(S)
          6.590            0.010               0.830
 ---------------------------------------------------------------
 
 
 [resp_ex_Zmo] : Solving Z-vector equation ...
 
 respcphf%isolver=                     2                     1
 
 [resp_cphf_solver]
  isf  =                     0
  freq =  0.000000000000000E+000
 
 
 [LinearSolver]: ndim=                  1957
  Norm of RHS =   3.061756397144349E-002
 Initial Guess of CPHF vector                     0                     0
   iter  Ndim        |res|           |x|           time/s
    1      1    0.557257E-02    0.191612E-01       0.000
    2      2    0.826284E-03    0.214965E-01       0.270
    3      3    0.243768E-03    0.215904E-01       0.270
    4      4    0.824166E-04    0.216173E-01       0.270
    5      5    0.113276E-04    0.216133E-01       0.280
    6      6    0.238993E-05    0.216146E-01       0.270
    7      7    0.314239E-06    0.216145E-01       0.270
    8      8    0.497100E-07    0.216145E-01       0.270
    9      9    0.824223E-08    0.216145E-01       0.270
   10     10    0.798163E-09    0.216145E-01       0.270
   11     11    0.824705E-10    0.216145E-01       0.270
   12     12    0.736893E-11    0.216145E-01       0.270
   13     13    0.626637E-12    0.216145E-01       0.230
  Converged ! |Res|=  6.266374359959987E-013  iter=                    13
 
 ---------------------------------------------------------------
  Timing for solving the Z vector equation
 
  CPU TIME(S)      SYSTEM TIME(S)     WALL TIME(S)
         27.800            0.100               3.490
 ---------------------------------------------------------------
 
 
 [resp_ex_Wmo]
 
  Skewness of Wmo(C,C) =  2.575811678918859E-009
  Skewness of Wmo(C,V) =  6.875824279937303E-013
  Skewness of Wmo(V,V) =  1.197146062777846E-008
  Skewness of Wmo(C,C) =  9.696179613638938E-009
  Skewness of Wmo(C,V) =  8.605055670028922E-013
  Skewness of Wmo(V,V) =  5.234477937864053E-008
 
 ---------------------------------------------------------------
  Timing for W matrix formation
 
  CPU TIME(S)      SYSTEM TIME(S)     WALL TIME(S)
          2.150            0.010               0.280
 ---------------------------------------------------------------
 
 
 [resp_deriv_energy]
 
 
 [resp_deriv1e_fock_new]
 
 
|--------------------------------------------------------------------------------|
          Molecular gradient - Overlap contribution
 
        Atom            X                    Y                    Z
        C              0.0060056735         -0.0000000000          0.0000000000
        O             -0.0008469694          0.0000000000          0.0000000000
        H             -0.0025793520          0.0000000000         -0.0018022646
        H             -0.0025793520          0.0000000000          0.0018022646
|--------------------------------------------------------------------------------|
 
 
|--------------------------------------------------------------------------------|
          Molecular gradient - Kinetic energy contribution
 
        Atom            X                    Y                    Z
        C              0.0127355683         -0.0000000000          0.0000000000
        O             -0.0040505080          0.0000000000          0.0000000000
        H             -0.0043425302          0.0000000000         -0.0021766501
        H             -0.0043425302          0.0000000000          0.0021766501
|--------------------------------------------------------------------------------|
 
 
|--------------------------------------------------------------------------------|
          Molecular gradient - Nuclear attraction energy contribution
 
        Atom            X                    Y                    Z
        C             -0.0891409880          0.0000000000          0.0000000000
        O              0.0174226085         -0.0000000000          0.0000000000
        H              0.0358591897         -0.0000000000          0.0195298340
        H              0.0358591897         -0.0000000000         -0.0195298340
|--------------------------------------------------------------------------------|
 
 
 ---------------------------------------------------------------
  Timing to calculate 1-electronic integrals                                      
 
  CPU TIME(S)      SYSTEM TIME(S)     WALL TIME(S)
          0.010            0.000               0.000
 ---------------------------------------------------------------
 
  Gradient contribution from 1e
      1       -0.0703997461        0.0000000000        0.0000000000
      2        0.0125251312       -0.0000000000        0.0000000000
      3        0.0289373075       -0.0000000000        0.0155509193
      4        0.0289373075       -0.0000000000       -0.0155509193
 Sum of gradient contribution from 1e
              0.0000000000       -0.0000000000        0.0000000000
 
 
 [resp_deriv2e]
 
resp deriv type   4
 Number of cartesian primative basis functions :      188
 If used primative density matrix:  F
  [int2e_petite_1st_gradient_screened]
 Total length of P4 ERIs 1st gradient:             1365957
 Maxium length of a batch of ERI 1st gradient:           50625
 Maxium length of a batch of dens matrix     :          320000
 Lenght of eri-grad core                     :         2350416
 If primative density matrix is used         : F
 Number of OpenMP threads                    :   8
 ngrad=                     1
 Esitmate buffer meomory used:        0.1592 GB
 
|--------------------------------------------------------------------------------|
          Molecular gradient - Elec Repulsive contribution
 
        Atom            X                    Y                    Z
        C              0.0683295557         -0.0000000000          0.0000000000
        O             -0.0126667156          0.0000000000          0.0000000000
        H             -0.0278314201          0.0000000000         -0.0157613652
        H             -0.0278314201          0.0000000000          0.0157613652
|--------------------------------------------------------------------------------|
 
 
 ---------------------------------------------------------------
  Timing to calculate 2-electronic integrals Gradients                            
 
  CPU TIME(S)      SYSTEM TIME(S)     WALL TIME(S)
          4.840            0.020               0.610
 ---------------------------------------------------------------
 
 Time:   PreRys     Rys    2dint    2dintd   6dint  6dintc  6dints
cputime    0.00E+00    0.00E+00    0.00E+00    0.00E+00    0.00E+00    0.00E+00    0.00E+00    0.00E+00
systime    0.00E+00    0.00E+00    0.00E+00    0.00E+00    0.00E+00    0.00E+00    0.00E+00    0.00E+00
waltime    0.00E+00    0.00E+00    0.00E+00    0.00E+00    0.00E+00    0.00E+00    0.00E+00    0.00E+00
 Finish resp_deriv2e
  Gradient contribution from Analytic 2e
      1        0.0683295557       -0.0000000000        0.0000000000
      2       -0.0126667156        0.0000000000        0.0000000000
      3       -0.0278314201        0.0000000000       -0.0157613652
      4       -0.0278314201        0.0000000000        0.0157613652
 Sum of gradient contribution from Analytic 2e
             -0.0000000000        0.0000000000        0.0000000000
 
 
  Gradient contribution from Final-grad(no XC)
      1       -0.0020701904        0.0000000000        0.0000000000
      2       -0.0001415844        0.0000000000        0.0000000000
      3        0.0011058874       -0.0000000000       -0.0002104460
      4        0.0011058874       -0.0000000000        0.0002104460
 Sum of gradient contribution from Final-grad(no XC)
              0.0000000000       -0.0000000000        0.0000000000
 
 
 [resp_deriv_Exc]
 
 
 ---------------------------------------------------------------
  Timing for XC energy gradient calculation
 
  CPU TIME(S)      SYSTEM TIME(S)     WALL TIME(S)
         19.720            0.000               2.470
 ---------------------------------------------------------------
 
  Gradient contribution from XC
      1       -0.0067173755        0.0000000000        0.0000000000
      2        0.0019445550       -0.0000000000        0.0000000000
      3        0.0023864057       -0.0000000000        0.0012232723
      4        0.0023864057       -0.0000000000       -0.0012232723
 Sum of gradient contribution from XC
             -0.0000000091        0.0000000000        0.0000000000
 
 
 [resp_deriv_dpq]
 
  Gradient contribution from dpq-R
      1        0.0001330115       -0.0000000000       -0.0000000000
      2        0.0002151415        0.0000000000        0.0000000000
      3       -0.0000671117        0.0000000000       -0.0001388775
      4       -0.0000671117        0.0000000000        0.0001388775
 Sum of gradient contribution from dpq-R
              0.0002139297       -0.0000000000        0.0000000000
 
  Gradient contribution from Final-NAC(R)
      1       -0.0086545545        0.0000000000       -0.0000000000
      2        0.0020181121       -0.0000000000        0.0000000000
      3        0.0034251815       -0.0000000000        0.0008739488
      4        0.0034251815       -0.0000000000       -0.0008739488
 Sum of gradient contribution from Final-NAC(R)
              0.0002139205        0.0000000000        0.0000000000
 
 ------------------------------------------------------------------
 
 Raw NACMEs, without electron-translation factor:
  FNAC_cpair=   1   3   1     1   1   2
  FNAC_epair=         -113.8991630991361887         -113.8521495627073818
  Gradient contribution from Final-NAC(R)-Escaled
      1       -0.1840864378        0.0000000000       -0.0000000000
      2        0.0429261915       -0.0000000000        0.0000000000
      3        0.0728552184       -0.0000000000        0.0185893020
      4        0.0728552184       -0.0000000000       -0.0185893020
 Sum of gradient contribution from Final-NAC(R)-Escaled
              0.0045501905        0.0000000000        0.0000000000
 
 ------------------------------------------------------------------
  Gradient contribution from dpq-S
      1        0.0002564758       -0.0000000000       -0.0000000000
      2       -0.0000377262       -0.0000000000        0.0000000000
      3       -0.0001093748        0.0000000000       -0.0000342175
      4       -0.0001093748        0.0000000000        0.0000342175
 Sum of gradient contribution from dpq-S
              0.0000000000       -0.0000000000        0.0000000000
 
  Gradient contribution from Final-NAC(S)
      1       -0.0085310901        0.0000000000       -0.0000000000
      2        0.0017652444       -0.0000000000        0.0000000000
      3        0.0033829183       -0.0000000000        0.0009786088
      4        0.0033829183       -0.0000000000       -0.0009786088
 Sum of gradient contribution from Final-NAC(S)
             -0.0000000091        0.0000000000        0.0000000000
 
 
 NACMEs including electron-translation factor:
  Gradient contribution from Final-NAC(S)-Escaled
      1       -0.1814602937        0.0000000000       -0.0000000000
      2        0.0375475771       -0.0000000000        0.0000000000
      3        0.0719562611       -0.0000000000        0.0208154690
      4        0.0719562611       -0.0000000000       -0.0208154690
 Sum of gradient contribution from Final-NAC(S)-Escaled
             -0.0000001944        0.0000000000        0.0000000000
 
 
 [resp_ex_final] : iop=                     2
 
 
 [resp_ex_final] : iop=                     0
 
 
 [resp_ex_final] : iop=                     0
 
 
 [resp_ex_init]
 
  Check normalization:
  R^t*L(vec)=   1.00000000000000     
  R^t*L(mat)=   1.00000000000000     
 
 [resp_ex_final] : iop=                     0
 
 
 [resp_ex_init]
 
  Check normalization:
  R^t*L(vec)=   1.00000000000000     
  R^t*L(mat)=   1.00000000000000     
 
 [resp_ex_final] : iop=                     0
 
 
 [resp_ex_init]
 
  Check normalization:
  R^t*L(vec)=   1.00000000000000     
  R^t*L(mat)=   1.00000000000000     
 
 [resp_ex_final] : iop=                     0
 
 
 [resp_ex_init]
 
  Check normalization:
  R^t*L(vec)=   1.00000000000000     
  R^t*L(mat)=   1.00000000000000     
 
 [resp_ex_final] : iop=                     0
 
 
  <irep: 2 jnsos:     327 jnexi:   4>
 
 [resp_ex_init]
 
  Check normalization:
  R^t*L(vec)=   1.00000000000000     
  R^t*L(mat)=   1.00000000000000     
 
 [resp_ex_final] : iop=                     0
 
 
 [resp_ex_init]
 
  Check normalization:
  R^t*L(vec)=   1.00000000000000     
  R^t*L(mat)=   1.00000000000000     
 
 [resp_ex_final] : iop=                     0
 
 
 [resp_ex_init]
 
  Check normalization:
  R^t*L(vec)=   1.00000000000000     
  R^t*L(mat)=   1.00000000000000     
 
 [resp_ex_init]
 
  Check normalization:
  R^t*L(vec)=   1.00000000000000     
  R^t*L(mat)=   1.00000000000000     
 
 =================================
  PairIJ=   1   1   1   1   2   3
 =================================
 
 [resp_nac_main2]
 
  wJI =  0.100091258850846     
  Check normalization:
  R1^t*L1(mat)=   1.00000000000000     
  R2^t*L2(mat)=   1.00000000000000     
  Check orthogonality:
  R1^t*L2(mat)=  0.000000000000000E+000
  L1^t*R2(mat)=  0.000000000000000E+000
  Z1^t*Z2(mat)=  0.000000000000000E+000
 ---------------------------------------------------
  I-state,J-state,wJI 
           0.240101        0.340192        0.100091
  CHECK TRANSITION DIPOLE : expect.  resp.  total 
  1       -0.000000        0.000000       -0.000000
  2       -0.000000        0.000000       -0.000000
  3        0.000000        0.000000        0.000000
 ---------------------------------------------------
 
 [resp_ex_zvector]
 
 [resp_fock2e_Qex]
 [resp_fockxc_Qex]
 
 ---------------------------------------------------------------
  Timing for Q operator formation
 
  CPU TIME(S)      SYSTEM TIME(S)     WALL TIME(S)
          6.760            0.020               0.850
 ---------------------------------------------------------------
 
 
 [resp_ex_Zmo] : Solving Z-vector equation ...
 
 respcphf%isolver=                     2                     1
 
 [resp_cphf_solver]
  isf  =                     0
  freq =  0.000000000000000E+000
 
 
 [LinearSolver]: ndim=                  1957
  Norm of RHS =   0.118572866461367     
 Initial Guess of CPHF vector                     0                     0
   iter  Ndim        |res|           |x|           time/s
    1      1    0.534241E-01    0.367734E+00       0.000
    2      2    0.115265E-01    0.389269E+00       0.270
    3      3    0.136778E-02    0.391989E+00       0.270
    4      4    0.112693E-03    0.392263E+00       0.270
    5      5    0.712178E-05    0.392274E+00       0.270
    6      6    0.537350E-06    0.392274E+00       0.280
    7      7    0.268106E-07    0.392274E+00       0.270
    8      8    0.162854E-08    0.392274E+00       0.270
    9      9    0.116666E-09    0.392274E+00       0.270
   10     10    0.622455E-11    0.392274E+00       0.270
   11     11    0.392924E-12    0.392274E+00       0.240
  Converged ! |Res|=  3.929236612715661E-013  iter=                    11
 
 ---------------------------------------------------------------
  Timing for solving the Z vector equation
 
  CPU TIME(S)      SYSTEM TIME(S)     WALL TIME(S)
         23.520            0.080               2.960
 ---------------------------------------------------------------
 
 
 [resp_ex_Wmo]
 
  Skewness of Wmo(C,C) =  2.462124685479149E-009
  Skewness of Wmo(C,V) =  2.252838405899371E-013
  Skewness of Wmo(V,V) =  1.549670749335583E-008
  Skewness of Wmo(C,C) =  2.054079199723601E-008
  Skewness of Wmo(C,V) =  4.780172391296614E-013
  Skewness of Wmo(V,V) =  8.905576029658246E-008
 
 ---------------------------------------------------------------
  Timing for W matrix formation
 
  CPU TIME(S)      SYSTEM TIME(S)     WALL TIME(S)
          2.130            0.010               0.270
 ---------------------------------------------------------------
 
 
 [resp_deriv_energy]
 
 
 [resp_deriv1e_fock_new]
 
 
|--------------------------------------------------------------------------------|
          Molecular gradient - Overlap contribution
 
        Atom            X                    Y                    Z
        C              0.0000000000          0.0000000000          0.0000000000
        O             -0.0000000000          0.0000000000          0.0000000000
        H              0.0000000000          0.0031617548          0.0000000000
        H             -0.0000000000         -0.0031617548          0.0000000000
|--------------------------------------------------------------------------------|
 
 
|--------------------------------------------------------------------------------|
          Molecular gradient - Kinetic energy contribution
 
        Atom            X                    Y                    Z
        C              0.0000000000          0.0000000000          0.0000000000
        O              0.0000000000          0.0000000000          0.0000000000
        H             -0.0000000000          0.0093362576          0.0000000000
        H             -0.0000000000         -0.0093362576          0.0000000000
|--------------------------------------------------------------------------------|
 
 
|--------------------------------------------------------------------------------|
          Molecular gradient - Nuclear attraction energy contribution
 
        Atom            X                    Y                    Z
        C             -0.0000000000          0.0000000000          0.0000000000
        O             -0.0000000000          0.0000000000          0.0000000000
        H             -0.0000000000         -0.0990572435          0.0000000000
        H              0.0000000000          0.0990572435          0.0000000000
|--------------------------------------------------------------------------------|
 
 
 ---------------------------------------------------------------
  Timing to calculate 1-electronic integrals                                      
 
  CPU TIME(S)      SYSTEM TIME(S)     WALL TIME(S)
          0.010            0.000               0.000
 ---------------------------------------------------------------
 
  Gradient contribution from 1e
      1       -0.0000000000        0.0000000000        0.0000000000
      2       -0.0000000000        0.0000000000        0.0000000000
      3       -0.0000000000       -0.0865592311        0.0000000000
      4        0.0000000000        0.0865592311        0.0000000000
 Sum of gradient contribution from 1e
             -0.0000000000        0.0000000000        0.0000000000
 
 
 [resp_deriv2e]
 
resp deriv type   4
 Number of cartesian primative basis functions :      188
 If used primative density matrix:  F
  [int2e_petite_1st_gradient_screened]
 Total length of P4 ERIs 1st gradient:             1365957
 Maxium length of a batch of ERI 1st gradient:           50625
 Maxium length of a batch of dens matrix     :          320000
 Lenght of eri-grad core                     :         2350416
 If primative density matrix is used         : F
 Number of OpenMP threads                    :   8
 ngrad=                     1
 Esitmate buffer meomory used:        0.1592 GB
 
|--------------------------------------------------------------------------------|
          Molecular gradient - Elec Repulsive contribution
 
        Atom            X                    Y                    Z
        C              0.0000000000          0.0000000000          0.0000000000
        O              0.0000000000          0.0000000000          0.0000000000
        H              0.0000000000          0.0759821808          0.0000000000
        H             -0.0000000000         -0.0759821808          0.0000000000
|--------------------------------------------------------------------------------|
 
 
 ---------------------------------------------------------------
  Timing to calculate 2-electronic integrals Gradients                            
 
  CPU TIME(S)      SYSTEM TIME(S)     WALL TIME(S)
          4.740            0.010               0.600
 ---------------------------------------------------------------
 
 Time:   PreRys     Rys    2dint    2dintd   6dint  6dintc  6dints
cputime    0.00E+00    0.00E+00    0.00E+00    0.00E+00    0.00E+00    0.00E+00    0.00E+00    0.00E+00
systime    0.00E+00    0.00E+00    0.00E+00    0.00E+00    0.00E+00    0.00E+00    0.00E+00    0.00E+00
waltime    0.00E+00    0.00E+00    0.00E+00    0.00E+00    0.00E+00    0.00E+00    0.00E+00    0.00E+00
 Finish resp_deriv2e
  Gradient contribution from Analytic 2e
      1        0.0000000000        0.0000000000        0.0000000000
      2        0.0000000000        0.0000000000        0.0000000000
      3        0.0000000000        0.0759821808        0.0000000000
      4       -0.0000000000       -0.0759821808        0.0000000000
 Sum of gradient contribution from Analytic 2e
              0.0000000000        0.0000000000        0.0000000000
 
 
  Gradient contribution from Final-grad(no XC)
      1       -0.0000000000        0.0000000000        0.0000000000
      2        0.0000000000        0.0000000000        0.0000000000
      3       -0.0000000000       -0.0105770504        0.0000000000
      4        0.0000000000        0.0105770504        0.0000000000
 Sum of gradient contribution from Final-grad(no XC)
              0.0000000000        0.0000000000        0.0000000000
 
 
 [resp_deriv_Exc]
 
 
 ---------------------------------------------------------------
  Timing for XC energy gradient calculation
 
  CPU TIME(S)      SYSTEM TIME(S)     WALL TIME(S)
         19.590            0.010               2.450
 ---------------------------------------------------------------
 
  Gradient contribution from XC
      1        0.0000000000       -0.0000000000        0.0000000000
      2        0.0000000000       -0.0000000000        0.0000000000
      3       -0.0000000000       -0.0080955856        0.0000000000
      4        0.0000000000        0.0080955856        0.0000000000
 Sum of gradient contribution from XC
              0.0000000000       -0.0000000000        0.0000000000
 
 
 [resp_deriv_dpq]
 
  Gradient contribution from dpq-R
      1       -0.0000000000        0.0000000000       -0.0000000000
      2        0.0000000000        0.0000000000        0.0000000000
      3        0.0000000000       -0.0007587078        0.0000000000
      4       -0.0000000000        0.0007587078        0.0000000000
 Sum of gradient contribution from dpq-R
             -0.0000000000        0.0000000000       -0.0000000000
 
  Gradient contribution from Final-NAC(R)
      1        0.0000000000        0.0000000000       -0.0000000000
      2        0.0000000000       -0.0000000000        0.0000000000
      3       -0.0000000000       -0.0194313437        0.0000000000
      4        0.0000000000        0.0194313437        0.0000000000
 Sum of gradient contribution from Final-NAC(R)
              0.0000000000       -0.0000000000       -0.0000000000
 
 ------------------------------------------------------------------
 
 Raw NACMEs, without electron-translation factor:
  FNAC_cpair=   1   1   1     1   2   3
  FNAC_epair=         -113.8566772435061267         -113.7565859846552740
  Gradient contribution from Final-NAC(R)-Escaled
      1        0.0000000000        0.0000000000       -0.0000000000
      2        0.0000000000       -0.0000000000        0.0000000000
      3       -0.0000000000       -0.1941362708        0.0000000000
      4        0.0000000000        0.1941362708        0.0000000000
 Sum of gradient contribution from Final-NAC(R)-Escaled
              0.0000000000       -0.0000000000       -0.0000000000
 
 ------------------------------------------------------------------
  Gradient contribution from dpq-S
      1       -0.0000000000        0.0000000000       -0.0000000000
      2       -0.0000000000        0.0000000000        0.0000000000
      3        0.0000000000        0.0016290796        0.0000000000
      4       -0.0000000000       -0.0016290796        0.0000000000
 Sum of gradient contribution from dpq-S
             -0.0000000000        0.0000000000       -0.0000000000
 
  Gradient contribution from Final-NAC(S)
      1        0.0000000000       -0.0000000000       -0.0000000000
      2        0.0000000000       -0.0000000000        0.0000000000
      3       -0.0000000000       -0.0170435564        0.0000000000
      4        0.0000000000        0.0170435564        0.0000000000
 Sum of gradient contribution from Final-NAC(S)
              0.0000000000       -0.0000000000       -0.0000000000
 
 
 NACMEs including electron-translation factor:
  Gradient contribution from Final-NAC(S)-Escaled
      1        0.0000000000       -0.0000000000       -0.0000000000
      2        0.0000000000       -0.0000000000        0.0000000000
      3       -0.0000000000       -0.1702801679        0.0000000000
      4        0.0000000000        0.1702801679        0.0000000000
 Sum of gradient contribution from Final-NAC(S)-Escaled
              0.0000000000       -0.0000000000       -0.0000000000
 
 
 [resp_ex_final] : iop=                     2
 
 
 [resp_ex_final] : iop=                     0
 
 
 [resp_ex_init]
 
  Check normalization:
  R^t*L(vec)=   1.00000000000000     
  R^t*L(mat)=   1.00000000000000     
 
 =================================
  PairIJ=   1   1   2   1   2   3
 =================================
 
 [resp_nac_main2]
 
  wJI =  9.556357805210886E-002
  Check normalization:
  R1^t*L1(mat)=   1.00000000000000     
  R2^t*L2(mat)=   1.00000000000000     
  Check orthogonality:
  R1^t*L2(mat)=  0.000000000000000E+000
  L1^t*R2(mat)=  0.000000000000000E+000
  Z1^t*Z2(mat)=  0.000000000000000E+000
 ---------------------------------------------------
  I-state,J-state,wJI 
           0.244629        0.340192        0.095564
  CHECK TRANSITION DIPOLE : expect.  resp.  total 
  1        0.000000        0.000000        0.000000
  2       -0.000000        0.000000       -0.000000
  3       -0.000000        0.000000       -0.000000
 ---------------------------------------------------
 
 [resp_ex_zvector]
 
 [resp_fock2e_Qex]
 [resp_fockxc_Qex]
 
 ---------------------------------------------------------------
  Timing for Q operator formation
 
  CPU TIME(S)      SYSTEM TIME(S)     WALL TIME(S)
          6.740            0.010               0.840
 ---------------------------------------------------------------
 
 
 [resp_ex_Zmo] : Solving Z-vector equation ...
 
 respcphf%isolver=                     2                     1
 
 [resp_cphf_solver]
  isf  =                     0
  freq =  0.000000000000000E+000
 
 
 [LinearSolver]: ndim=                  1957
  Norm of RHS =   8.650366111225119E-002
 Initial Guess of CPHF vector                     0                     0
   iter  Ndim        |res|           |x|           time/s
    1      1    0.248086E-01    0.105934E+00       0.000
    2      2    0.501188E-02    0.117843E+00       0.270
    3      3    0.127219E-02    0.119695E+00       0.270
    4      4    0.151272E-03    0.119982E+00       0.270
    5      5    0.130892E-04    0.119966E+00       0.270
    6      6    0.754867E-06    0.119964E+00       0.270
    7      7    0.388684E-07    0.119964E+00       0.270
    8      8    0.177707E-08    0.119964E+00       0.260
    9      9    0.128221E-09    0.119964E+00       0.270
   10     10    0.767940E-11    0.119964E+00       0.280
   11     11    0.508387E-12    0.119964E+00       0.250
  Converged ! |Res|=  5.083870541964862E-013  iter=                    11
 
 ---------------------------------------------------------------
  Timing for solving the Z vector equation
 
  CPU TIME(S)      SYSTEM TIME(S)     WALL TIME(S)
         23.430            0.080               2.950
 ---------------------------------------------------------------
 
 
 [resp_ex_Wmo]
 
  Skewness of Wmo(C,C) =  2.679722778833675E-009
  Skewness of Wmo(C,V) =  3.919314050843668E-013
  Skewness of Wmo(V,V) =  2.538910311145661E-008
  Skewness of Wmo(C,C) =  2.006405632588042E-008
  Skewness of Wmo(C,V) =  6.644280271915070E-013
  Skewness of Wmo(V,V) =  4.656981404830540E-008
 
 ---------------------------------------------------------------
  Timing for W matrix formation
 
  CPU TIME(S)      SYSTEM TIME(S)     WALL TIME(S)
          2.140            0.010               0.270
 ---------------------------------------------------------------
 
 
 [resp_deriv_energy]
 
 
 [resp_deriv1e_fock_new]
 
 
|--------------------------------------------------------------------------------|
          Molecular gradient - Overlap contribution
 
        Atom            X                    Y                    Z
        C             -0.0000000000          0.0000000000          0.0000000000
        O             -0.0000000000          0.0000000000          0.0000000000
        H             -0.0000000000         -0.0185728860          0.0000000000
        H              0.0000000000          0.0185728860          0.0000000000
|--------------------------------------------------------------------------------|
 
 
|--------------------------------------------------------------------------------|
          Molecular gradient - Kinetic energy contribution
 
        Atom            X                    Y                    Z
        C             -0.0000000000          0.0000000000          0.0000000000
        O              0.0000000000          0.0000000000          0.0000000000
        H             -0.0000000000         -0.0131319695          0.0000000000
        H              0.0000000000          0.0131319695          0.0000000000
|--------------------------------------------------------------------------------|
 
 
|--------------------------------------------------------------------------------|
          Molecular gradient - Nuclear attraction energy contribution
 
        Atom            X                    Y                    Z
        C              0.0000000000          0.0000000000          0.0000000000
        O              0.0000000000          0.0000000000          0.0000000000
        H              0.0000000000          0.2434186152          0.0000000000
        H             -0.0000000000         -0.2434186152          0.0000000000
|--------------------------------------------------------------------------------|
 
 
 ---------------------------------------------------------------
  Timing to calculate 1-electronic integrals                                      
 
  CPU TIME(S)      SYSTEM TIME(S)     WALL TIME(S)
          0.010            0.000               0.000
 ---------------------------------------------------------------
 
  Gradient contribution from 1e
      1        0.0000000000        0.0000000000        0.0000000000
      2       -0.0000000000        0.0000000000        0.0000000000
      3        0.0000000000        0.2117137596        0.0000000000
      4       -0.0000000000       -0.2117137596        0.0000000000
 Sum of gradient contribution from 1e
              0.0000000000        0.0000000000        0.0000000000
 
 
 [resp_deriv2e]
 
resp deriv type   4
 Number of cartesian primative basis functions :      188
 If used primative density matrix:  F
  [int2e_petite_1st_gradient_screened]
 Total length of P4 ERIs 1st gradient:             1365957
 Maxium length of a batch of ERI 1st gradient:           50625
 Maxium length of a batch of dens matrix     :          320000
 Lenght of eri-grad core                     :         2350416
 If primative density matrix is used         : F
 Number of OpenMP threads                    :   8
 ngrad=                     1
 Esitmate buffer meomory used:        0.1592 GB
 
|--------------------------------------------------------------------------------|
          Molecular gradient - Elec Repulsive contribution
 
        Atom            X                    Y                    Z
        C             -0.0000000000         -0.0000000000          0.0000000000
        O             -0.0000000000          0.0000000000          0.0000000000
        H             -0.0000000000         -0.2022254816          0.0000000000
        H              0.0000000000          0.2022254816          0.0000000000
|--------------------------------------------------------------------------------|
 
 
 ---------------------------------------------------------------
  Timing to calculate 2-electronic integrals Gradients                            
 
  CPU TIME(S)      SYSTEM TIME(S)     WALL TIME(S)
          4.760            0.020               0.600
 ---------------------------------------------------------------
 
 Time:   PreRys     Rys    2dint    2dintd   6dint  6dintc  6dints
cputime    0.00E+00    0.00E+00    0.00E+00    0.00E+00    0.00E+00    0.00E+00    0.00E+00    0.00E+00
systime    0.00E+00    0.00E+00    0.00E+00    0.00E+00    0.00E+00    0.00E+00    0.00E+00    0.00E+00
waltime    0.00E+00    0.00E+00    0.00E+00    0.00E+00    0.00E+00    0.00E+00    0.00E+00    0.00E+00
 Finish resp_deriv2e
  Gradient contribution from Analytic 2e
      1       -0.0000000000       -0.0000000000        0.0000000000
      2       -0.0000000000        0.0000000000        0.0000000000
      3       -0.0000000000       -0.2022254816        0.0000000000
      4        0.0000000000        0.2022254816        0.0000000000
 Sum of gradient contribution from Analytic 2e
              0.0000000000        0.0000000000        0.0000000000
 
 
  Gradient contribution from Final-grad(no XC)
      1        0.0000000000       -0.0000000000        0.0000000000
      2       -0.0000000000        0.0000000000        0.0000000000
      3       -0.0000000000        0.0094882780        0.0000000000
      4       -0.0000000000       -0.0094882780        0.0000000000
 Sum of gradient contribution from Final-grad(no XC)
              0.0000000000        0.0000000000        0.0000000000
 
 
 [resp_deriv_Exc]
 
 
 ---------------------------------------------------------------
  Timing for XC energy gradient calculation
 
  CPU TIME(S)      SYSTEM TIME(S)     WALL TIME(S)
         18.950            0.000               2.370
 ---------------------------------------------------------------
 
  Gradient contribution from XC
      1       -0.0000000000        0.0000000000        0.0000000000
      2       -0.0000000000        0.0000000000        0.0000000000
      3        0.0000000000        0.0131238904        0.0000000000
      4       -0.0000000000       -0.0131238904        0.0000000000
 Sum of gradient contribution from XC
             -0.0000000000        0.0000000000        0.0000000000
 
 
 [resp_deriv_dpq]
 
  Gradient contribution from dpq-R
      1       -0.0000000000        0.0000000000        0.0000000000
      2       -0.0000000000        0.0000000000        0.0000000000
      3       -0.0000000000       -0.0005036977       -0.0000000000
      4        0.0000000000        0.0005036977       -0.0000000000
 Sum of gradient contribution from dpq-R
             -0.0000000000        0.0000000000        0.0000000000
 
  Gradient contribution from Final-NAC(R)
      1        0.0000000000        0.0000000000        0.0000000000
      2       -0.0000000000        0.0000000000        0.0000000000
      3        0.0000000000        0.0221084706       -0.0000000000
      4       -0.0000000000       -0.0221084706       -0.0000000000
 Sum of gradient contribution from Final-NAC(R)
             -0.0000000000        0.0000000000        0.0000000000
 
 ------------------------------------------------------------------
 
 Raw NACMEs, without electron-translation factor:
  FNAC_cpair=   1   1   2     1   2   3
  FNAC_epair=         -113.8521495627073818         -113.7565859846552740
  Gradient contribution from Final-NAC(R)-Escaled
      1        0.0000000000        0.0000000000        0.0000000000
      2       -0.0000000000        0.0000000000        0.0000000000
      3        0.0000000000        0.2313482929       -0.0000000000
      4       -0.0000000000       -0.2313482929       -0.0000000000
 Sum of gradient contribution from Final-NAC(R)-Escaled
             -0.0000000000        0.0000000000        0.0000000000
 
 ------------------------------------------------------------------
  Gradient contribution from dpq-S
      1       -0.0000000000        0.0000000000        0.0000000000
      2       -0.0000000000        0.0000000000        0.0000000000
      3       -0.0000000000       -0.0016717974       -0.0000000000
      4        0.0000000000        0.0016717974       -0.0000000000
 Sum of gradient contribution from dpq-S
             -0.0000000000       -0.0000000000        0.0000000000
 
  Gradient contribution from Final-NAC(S)
      1        0.0000000000        0.0000000000        0.0000000000
      2       -0.0000000000        0.0000000000        0.0000000000
      3        0.0000000000        0.0209403710       -0.0000000000
      4       -0.0000000000       -0.0209403710       -0.0000000000
 Sum of gradient contribution from Final-NAC(S)
             -0.0000000000        0.0000000000        0.0000000000
 
 
 NACMEs including electron-translation factor:
  Gradient contribution from Final-NAC(S)-Escaled
      1        0.0000000000        0.0000000000        0.0000000000
      2       -0.0000000000        0.0000000000        0.0000000000
      3        0.0000000000        0.2191250206       -0.0000000000
      4       -0.0000000000       -0.2191250206       -0.0000000000
 Sum of gradient contribution from Final-NAC(S)-Escaled
             -0.0000000000        0.0000000000        0.0000000000
 
 
 [resp_ex_final] : iop=                     2
 
 
 [resp_ex_final] : iop=                     0
 
 
 [resp_ex_final] : iop=                     0
 
 
 [resp_ex_init]
 
  Check normalization:
  R^t*L(vec)=   1.00000000000000     
  R^t*L(mat)=   1.00000000000000     
 
 [resp_ex_final] : iop=                     0
 
 
 [resp_ex_init]
 
  Check normalization:
  R^t*L(vec)=   1.00000000000000     
  R^t*L(mat)=   1.00000000000000     
 
 [resp_ex_init]
 
  Check normalization:
  R^t*L(vec)=   1.00000000000000     
  R^t*L(mat)=   1.00000000000000     
 
 =================================
  PairIJ=   1   2   1   1   2   2
 =================================
 
 [resp_nac_main2]
 
  wJI =  6.758378830904591E-002
  Check normalization:
  R1^t*L1(mat)=   1.00000000000000     
  R2^t*L2(mat)=   1.00000000000000     
  Check orthogonality:
  R1^t*L2(mat)=  1.831867990631508E-015
  L1^t*R2(mat)=  2.706168622523819E-015
  Z1^t*Z2(mat)=  4.538036613155327E-015
 ---------------------------------------------------
  I-state,J-state,wJI 
           0.144247        0.211831        0.067584
  CHECK TRANSITION DIPOLE : expect.  resp.  total 
  1       -0.000000        0.000000       -0.000000
  2       -0.000000        0.000000       -0.000000
  3        0.015487        0.000000        0.015487
 ---------------------------------------------------
 
 [resp_ex_zvector]
 
 [resp_fock2e_Qex]
 [resp_fockxc_Qex]
 
 ---------------------------------------------------------------
  Timing for Q operator formation
 
  CPU TIME(S)      SYSTEM TIME(S)     WALL TIME(S)
          6.720            0.020               0.840
 ---------------------------------------------------------------
 
 
 [resp_ex_Zmo] : Solving Z-vector equation ...
 
 respcphf%isolver=                     2                     1
 
 [resp_cphf_solver]
  isf  =                     0
  freq =  0.000000000000000E+000
 
 
 [LinearSolver]: ndim=                  1957
  Norm of RHS =   9.865012830397515E-002
 Initial Guess of CPHF vector                     0                     0
   iter  Ndim        |res|           |x|           time/s
    1      1    0.908811E-01    0.615501E-01       0.000
    2      2    0.379874E-01    0.156616E+00       0.270
    3      3    0.101060E-01    0.178174E+00       0.270
    4      4    0.194768E-02    0.183071E+00       0.280
    5      5    0.581174E-03    0.183498E+00       0.270
    6      6    0.118420E-03    0.183478E+00       0.270
    7      7    0.224472E-04    0.183457E+00       0.270
    8      8    0.512843E-05    0.183456E+00       0.270
    9      9    0.103272E-05    0.183457E+00       0.270
   10     10    0.163444E-06    0.183457E+00       0.270
   11     11    0.188476E-07    0.183457E+00       0.270
   12     12    0.212233E-08    0.183457E+00       0.260
   13     13    0.220484E-09    0.183457E+00       0.270
   14     14    0.206314E-10    0.183457E+00       0.270
   15     15    0.141354E-11    0.183457E+00       0.250
   16     16    0.279831E-11    0.183457E+00       0.200
   17     17    0.297018E-13    0.183457E+00       0.260
  Converged ! |Res|=  2.970175245938733E-014  iter=                    17
 
 ---------------------------------------------------------------
  Timing for solving the Z vector equation
 
  CPU TIME(S)      SYSTEM TIME(S)     WALL TIME(S)
         35.960            0.030               4.510
 ---------------------------------------------------------------
 
 
 [resp_ex_Wmo]
 
  Skewness of Wmo(C,C) =  6.135685455463153E-009
  Skewness of Wmo(C,V) =  1.913160864698358E-012
  Skewness of Wmo(V,V) =  1.588667233953485E-008
  Skewness of Wmo(C,C) =  8.890545801278488E-010
  Skewness of Wmo(C,V) =  1.902455201596496E-012
  Skewness of Wmo(V,V) =  3.496310989113814E-008
 
 ---------------------------------------------------------------
  Timing for W matrix formation
 
  CPU TIME(S)      SYSTEM TIME(S)     WALL TIME(S)
          2.150            0.000               0.270
 ---------------------------------------------------------------
 
 
 [resp_deriv_energy]
 
 
 [resp_deriv1e_fock_new]
 
 
|--------------------------------------------------------------------------------|
          Molecular gradient - Overlap contribution
 
        Atom            X                    Y                    Z
        C              0.0000000000          0.0000000000          0.0258400606
        O              0.0000000000         -0.0000000000         -0.0205859715
        H             -0.0032018956          0.0000000000         -0.0026270446
        H              0.0032018956         -0.0000000000         -0.0026270446
|--------------------------------------------------------------------------------|
 
 
|--------------------------------------------------------------------------------|
          Molecular gradient - Kinetic energy contribution
 
        Atom            X                    Y                    Z
        C              0.0000000000          0.0000000000          0.0209798962
        O              0.0000000000         -0.0000000000         -0.0106022702
        H             -0.0070650806          0.0000000000         -0.0051888130
        H              0.0070650806         -0.0000000000         -0.0051888130
|--------------------------------------------------------------------------------|
 
 
|--------------------------------------------------------------------------------|
          Molecular gradient - Nuclear attraction energy contribution
 
        Atom            X                    Y                    Z
        C              0.0000000000         -0.0000000000         -0.3429197483
        O              0.0000000000          0.0000000000          0.2941842699
        H              0.0306188666         -0.0000000000          0.0243677392
        H             -0.0306188666          0.0000000000          0.0243677392
|--------------------------------------------------------------------------------|
 
 
 ---------------------------------------------------------------
  Timing to calculate 1-electronic integrals                                      
 
  CPU TIME(S)      SYSTEM TIME(S)     WALL TIME(S)
          0.010            0.000               0.000
 ---------------------------------------------------------------
 
  Gradient contribution from 1e
      1        0.0000000000       -0.0000000000       -0.2960997916
      2        0.0000000000        0.0000000000        0.2629960282
      3        0.0203518904       -0.0000000000        0.0165518817
      4       -0.0203518904        0.0000000000        0.0165518817
 Sum of gradient contribution from 1e
              0.0000000000        0.0000000000        0.0000000000
 
 
 [resp_deriv2e]
 
resp deriv type   4
 Number of cartesian primative basis functions :      188
 If used primative density matrix:  F
  [int2e_petite_1st_gradient_screened]
 Total length of P4 ERIs 1st gradient:             1365957
 Maxium length of a batch of ERI 1st gradient:           50625
 Maxium length of a batch of dens matrix     :          320000
 Lenght of eri-grad core                     :         2350416
 If primative density matrix is used         : F
 Number of OpenMP threads                    :   8
 ngrad=                     1
 Esitmate buffer meomory used:        0.1592 GB
 
|--------------------------------------------------------------------------------|
          Molecular gradient - Elec Repulsive contribution
 
        Atom            X                    Y                    Z
        C              0.0000000000          0.0000000000          0.2964545506
        O              0.0000000000         -0.0000000000         -0.2610551938
        H             -0.0209881221          0.0000000000         -0.0176996784
        H              0.0209881221         -0.0000000000         -0.0176996784
|--------------------------------------------------------------------------------|
 
 
 ---------------------------------------------------------------
  Timing to calculate 2-electronic integrals Gradients                            
 
  CPU TIME(S)      SYSTEM TIME(S)     WALL TIME(S)
          4.770            0.010               0.600
 ---------------------------------------------------------------
 
 Time:   PreRys     Rys    2dint    2dintd   6dint  6dintc  6dints
cputime    0.00E+00    0.00E+00    0.00E+00    0.00E+00    0.00E+00    0.00E+00    0.00E+00    0.00E+00
systime    0.00E+00    0.00E+00    0.00E+00    0.00E+00    0.00E+00    0.00E+00    0.00E+00    0.00E+00
waltime    0.00E+00    0.00E+00    0.00E+00    0.00E+00    0.00E+00    0.00E+00    0.00E+00    0.00E+00
 Finish resp_deriv2e
  Gradient contribution from Analytic 2e
      1        0.0000000000        0.0000000000        0.2964545506
      2        0.0000000000       -0.0000000000       -0.2610551938
      3       -0.0209881221        0.0000000000       -0.0176996784
      4        0.0209881221       -0.0000000000       -0.0176996784
 Sum of gradient contribution from Analytic 2e
              0.0000000000        0.0000000000        0.0000000000
 
 
  Gradient contribution from Final-grad(no XC)
      1        0.0000000000       -0.0000000000        0.0003547591
      2        0.0000000000        0.0000000000        0.0019408345
      3       -0.0006362317        0.0000000000       -0.0011477968
      4        0.0006362317       -0.0000000000       -0.0011477968
 Sum of gradient contribution from Final-grad(no XC)
              0.0000000000        0.0000000000        0.0000000000
 
 
 [resp_deriv_Exc]
 
 
 ---------------------------------------------------------------
  Timing for XC energy gradient calculation
 
  CPU TIME(S)      SYSTEM TIME(S)     WALL TIME(S)
         19.020            0.020               2.380
 ---------------------------------------------------------------
 
  Gradient contribution from XC
      1       -0.0000000000        0.0000000000       -0.0185957384
      2       -0.0000000000        0.0000000000        0.0157123086
      3        0.0021121848       -0.0000000000        0.0014417032
      4       -0.0021121848        0.0000000000        0.0014417032
 Sum of gradient contribution from XC
             -0.0000000000        0.0000000000       -0.0000000235
 
 
 [resp_deriv_dpq]
 
  Gradient contribution from dpq-R
      1        0.0000000000        0.0000000000        0.0011451982
      2        0.0000000000       -0.0000000000       -0.0015222387
      3       -0.0000733668        0.0000000000       -0.0001108748
      4        0.0000733668       -0.0000000000       -0.0001108748
 Sum of gradient contribution from dpq-R
              0.0000000000        0.0000000000       -0.0005987900
 
  Gradient contribution from Final-NAC(R)
      1       -0.0000000000        0.0000000000       -0.0170957811
      2       -0.0000000000        0.0000000000        0.0161309044
      3        0.0014025863       -0.0000000000        0.0001830316
      4       -0.0014025863        0.0000000000        0.0001830316
 Sum of gradient contribution from Final-NAC(R)
             -0.0000000000        0.0000000000       -0.0005988135
 
 ------------------------------------------------------------------
 
 Raw NACMEs, without electron-translation factor:
  FNAC_cpair=   1   2   1     1   2   2
  FNAC_epair=         -113.9525311195274071         -113.8849473312183704
  Gradient contribution from Final-NAC(R)-Escaled
      1       -0.0000000000        0.0000000000       -0.2529568344
      2       -0.0000000000        0.0000000000        0.2386800856
      3        0.0207532954       -0.0000000000        0.0027082181
      4       -0.0207532954        0.0000000000        0.0027082181
 Sum of gradient contribution from Final-NAC(R)-Escaled
             -0.0000000000        0.0000000000       -0.0088603126
 
 ------------------------------------------------------------------
  Gradient contribution from dpq-S
      1        0.0000000000        0.0000000000        0.0012104073
      2        0.0000000000       -0.0000000000       -0.0011373919
      3       -0.0000465492        0.0000000000       -0.0000365077
      4        0.0000465492       -0.0000000000       -0.0000365077
 Sum of gradient contribution from dpq-S
              0.0000000000        0.0000000000       -0.0000000000
 
  Gradient contribution from Final-NAC(S)
      1       -0.0000000000        0.0000000000       -0.0170305720
      2       -0.0000000000        0.0000000000        0.0165157512
      3        0.0014294039       -0.0000000000        0.0002573987
      4       -0.0014294039        0.0000000000        0.0002573987
 Sum of gradient contribution from Final-NAC(S)
             -0.0000000000        0.0000000000       -0.0000000235
 
 
 NACMEs including electron-translation factor:
  Gradient contribution from Final-NAC(S)-Escaled
      1       -0.0000000000        0.0000000000       -0.2519919712
      2       -0.0000000000        0.0000000000        0.2443744512
      3        0.0211501005       -0.0000000000        0.0038085862
      4       -0.0211501005        0.0000000000        0.0038085862
 Sum of gradient contribution from Final-NAC(S)-Escaled
             -0.0000000000        0.0000000000       -0.0000003475
 
 
 [resp_ex_final] : iop=                     2
 
 
 [resp_ex_final] : iop=                     0
 
 
 [resp_ex_final] : iop=                     0
 
 
 [resp_ex_init]
 
  Check normalization:
  R^t*L(vec)=   1.00000000000000     
  R^t*L(mat)=   1.00000000000000     
 
 [resp_ex_init]
 
  Check normalization:
  R^t*L(vec)=   1.00000000000000     
  R^t*L(mat)=   1.00000000000000     
 
 =================================
  PairIJ=   1   2   1   1   2   3
 =================================
 
 [resp_nac_main2]
 
  wJI =  0.195945134872136     
  Check normalization:
  R1^t*L1(mat)=   1.00000000000000     
  R2^t*L2(mat)=   1.00000000000000     
  Check orthogonality:
  R1^t*L2(mat)= -1.526556658859590E-015
  L1^t*R2(mat)= -3.450364993717869E-015
  Z1^t*Z2(mat)= -4.976921652577460E-015
 ---------------------------------------------------
  I-state,J-state,wJI 
           0.144247        0.340192        0.195945
  CHECK TRANSITION DIPOLE : expect.  resp.  total 
  1        0.000000        0.000000        0.000000
  2        0.000000        0.000000        0.000000
  3        0.010145        0.000000        0.010145
 ---------------------------------------------------
 
 [resp_ex_zvector]
 
 [resp_fock2e_Qex]
 [resp_fockxc_Qex]
 
 ---------------------------------------------------------------
  Timing for Q operator formation
 
  CPU TIME(S)      SYSTEM TIME(S)     WALL TIME(S)
          6.720            0.020               0.840
 ---------------------------------------------------------------
 
 
 [resp_ex_Zmo] : Solving Z-vector equation ...
 
 respcphf%isolver=                     2                     1
 
 [resp_cphf_solver]
  isf  =                     0
  freq =  0.000000000000000E+000
 
 
 [LinearSolver]: ndim=                  1957
  Norm of RHS =   3.150953732665586E-002
 Initial Guess of CPHF vector                     0                     0
   iter  Ndim        |res|           |x|           time/s
    1      1    0.385924E-01    0.361510E-01       0.000
    2      2    0.945525E-02    0.637867E-01       0.270
    3      3    0.322712E-02    0.651096E-01       0.280
    4      4    0.983165E-03    0.666994E-01       0.270
    5      5    0.348021E-03    0.666517E-01       0.280
    6      6    0.759322E-04    0.666554E-01       0.270
    7      7    0.151676E-04    0.666450E-01       0.270
    8      8    0.349093E-05    0.666470E-01       0.270
    9      9    0.547109E-06    0.666469E-01       0.270
   10     10    0.757711E-07    0.666469E-01       0.270
   11     11    0.120904E-07    0.666469E-01       0.270
   12     12    0.948877E-09    0.666469E-01       0.260
   13     13    0.846883E-10    0.666469E-01       0.270
   14     14    0.804954E-11    0.666469E-01       0.270
   15     15    0.918827E-12    0.666469E-01       0.240
  Converged ! |Res|=  9.188274052249638E-013  iter=                    15
 
 ---------------------------------------------------------------
  Timing for solving the Z vector equation
 
  CPU TIME(S)      SYSTEM TIME(S)     WALL TIME(S)
         32.240            0.030               4.040
 ---------------------------------------------------------------
 
 
 [resp_ex_Wmo]
 
  Skewness of Wmo(C,C) =  1.675525784208201E-009
  Skewness of Wmo(C,V) =  9.741989473105095E-013
  Skewness of Wmo(V,V) =  5.392550402287753E-009
  Skewness of Wmo(C,C) =  1.299222575696684E-009
  Skewness of Wmo(C,V) =  1.019034032060987E-012
  Skewness of Wmo(V,V) =  6.016554293719641E-008
 
 ---------------------------------------------------------------
  Timing for W matrix formation
 
  CPU TIME(S)      SYSTEM TIME(S)     WALL TIME(S)
          2.140            0.000               0.270
 ---------------------------------------------------------------
 
 
 [resp_deriv_energy]
 
 
 [resp_deriv1e_fock_new]
 
 
|--------------------------------------------------------------------------------|
          Molecular gradient - Overlap contribution
 
        Atom            X                    Y                    Z
        C              0.0000000000          0.0000000000         -0.0024008084
        O              0.0000000000          0.0000000000         -0.0014093746
        H             -0.0006005514         -0.0000000000          0.0019050915
        H              0.0006005514         -0.0000000000          0.0019050915
|--------------------------------------------------------------------------------|
 
 
|--------------------------------------------------------------------------------|
          Molecular gradient - Kinetic energy contribution
 
        Atom            X                    Y                    Z
        C              0.0000000000         -0.0000000000         -0.0033118444
        O              0.0000000000          0.0000000000         -0.0031517569
        H              0.0035576057         -0.0000000000          0.0032318006
        H             -0.0035576057          0.0000000000          0.0032318006
|--------------------------------------------------------------------------------|
 
 
|--------------------------------------------------------------------------------|
          Molecular gradient - Nuclear attraction energy contribution
 
        Atom            X                    Y                    Z
        C              0.0000000000          0.0000000000          0.0701554914
        O              0.0000000000          0.0000000000         -0.0160508927
        H             -0.0072367251          0.0000000000         -0.0270522994
        H              0.0072367251         -0.0000000000         -0.0270522994
|--------------------------------------------------------------------------------|
 
 
 ---------------------------------------------------------------
  Timing to calculate 1-electronic integrals                                      
 
  CPU TIME(S)      SYSTEM TIME(S)     WALL TIME(S)
          0.010            0.000               0.000
 ---------------------------------------------------------------
 
  Gradient contribution from 1e
      1        0.0000000000       -0.0000000000        0.0644428386
      2        0.0000000000        0.0000000000       -0.0206120242
      3       -0.0042796708        0.0000000000       -0.0219154072
      4        0.0042796708       -0.0000000000       -0.0219154072
 Sum of gradient contribution from 1e
              0.0000000000        0.0000000000        0.0000000000
 
 
 [resp_deriv2e]
 
resp deriv type   4
 Number of cartesian primative basis functions :      188
 If used primative density matrix:  F
  [int2e_petite_1st_gradient_screened]
 Total length of P4 ERIs 1st gradient:             1365957
 Maxium length of a batch of ERI 1st gradient:           50625
 Maxium length of a batch of dens matrix     :          320000
 Lenght of eri-grad core                     :         2350416
 If primative density matrix is used         : F
 Number of OpenMP threads                    :   8
 ngrad=                     1
 Esitmate buffer meomory used:        0.1592 GB
 
|--------------------------------------------------------------------------------|
          Molecular gradient - Elec Repulsive contribution
 
        Atom            X                    Y                    Z
        C              0.0000000000          0.0000000000         -0.0604480679
        O              0.0000000000         -0.0000000000          0.0184406404
        H              0.0035145604         -0.0000000000          0.0210037138
        H             -0.0035145604          0.0000000000          0.0210037138
|--------------------------------------------------------------------------------|
 
 
 ---------------------------------------------------------------
  Timing to calculate 2-electronic integrals Gradients                            
 
  CPU TIME(S)      SYSTEM TIME(S)     WALL TIME(S)
          4.750            0.010               0.600
 ---------------------------------------------------------------
 
 Time:   PreRys     Rys    2dint    2dintd   6dint  6dintc  6dints
cputime    0.00E+00    0.00E+00    0.00E+00    0.00E+00    0.00E+00    0.00E+00    0.00E+00    0.00E+00
systime    0.00E+00    0.00E+00    0.00E+00    0.00E+00    0.00E+00    0.00E+00    0.00E+00    0.00E+00
waltime    0.00E+00    0.00E+00    0.00E+00    0.00E+00    0.00E+00    0.00E+00    0.00E+00    0.00E+00
 Finish resp_deriv2e
  Gradient contribution from Analytic 2e
      1        0.0000000000        0.0000000000       -0.0604480679
      2        0.0000000000       -0.0000000000        0.0184406404
      3        0.0035145604       -0.0000000000        0.0210037138
      4       -0.0035145604        0.0000000000        0.0210037138
 Sum of gradient contribution from Analytic 2e
              0.0000000000        0.0000000000        0.0000000000
 
 
  Gradient contribution from Final-grad(no XC)
      1        0.0000000000        0.0000000000        0.0039947707
      2        0.0000000000        0.0000000000       -0.0021713838
      3       -0.0007651104       -0.0000000000       -0.0009116935
      4        0.0007651104       -0.0000000000       -0.0009116935
 Sum of gradient contribution from Final-grad(no XC)
              0.0000000000        0.0000000000        0.0000000000
 
 
 [resp_deriv_Exc]
 
 
 ---------------------------------------------------------------
  Timing for XC energy gradient calculation
 
  CPU TIME(S)      SYSTEM TIME(S)     WALL TIME(S)
         18.970            0.000               2.380
 ---------------------------------------------------------------
 
  Gradient contribution from XC
      1        0.0000000000       -0.0000000000        0.0016000422
      2       -0.0000000000       -0.0000000000        0.0006882612
      3       -0.0000808270        0.0000000000       -0.0011441618
      4        0.0000808270       -0.0000000000       -0.0011441618
 Sum of gradient contribution from XC
             -0.0000000000       -0.0000000000       -0.0000000203
 
 
 [resp_deriv_dpq]
 
  Gradient contribution from dpq-R
      1        0.0000000000        0.0000000000        0.0016408599
      2        0.0000000000       -0.0000000000       -0.0009622118
      3       -0.0002970656       -0.0000000000       -0.0002577264
      4        0.0002970656        0.0000000000       -0.0002577264
 Sum of gradient contribution from dpq-R
              0.0000000000        0.0000000000        0.0001631954
 
  Gradient contribution from Final-NAC(R)
      1        0.0000000000       -0.0000000000        0.0072356728
      2       -0.0000000000       -0.0000000000       -0.0024453343
      3       -0.0011430030       -0.0000000000       -0.0023135817
      4        0.0011430030       -0.0000000000       -0.0023135817
 Sum of gradient contribution from Final-NAC(R)
              0.0000000000       -0.0000000000        0.0001631751
 
 ------------------------------------------------------------------
 
 Raw NACMEs, without electron-translation factor:
  FNAC_cpair=   1   2   1     1   2   3
  FNAC_epair=         -113.9525311195274071         -113.7565859846552740
  Gradient contribution from Final-NAC(R)-Escaled
      1        0.0000000000       -0.0000000000        0.0369270348
      2       -0.0000000000       -0.0000000000       -0.0124796890
      3       -0.0058332809       -0.0000000000       -0.0118072934
      4        0.0058332809       -0.0000000000       -0.0118072934
 Sum of gradient contribution from Final-NAC(R)-Escaled
              0.0000000000       -0.0000000000        0.0008327591
 
 ------------------------------------------------------------------
  Gradient contribution from dpq-S
      1        0.0000000000        0.0000000000        0.0009341102
      2        0.0000000000       -0.0000000000       -0.0007624278
      3       -0.0001487640       -0.0000000000       -0.0000858412
      4        0.0001487640        0.0000000000       -0.0000858412
 Sum of gradient contribution from dpq-S
              0.0000000000       -0.0000000000       -0.0000000000
 
  Gradient contribution from Final-NAC(S)
      1        0.0000000000       -0.0000000000        0.0065289232
      2       -0.0000000000       -0.0000000000       -0.0022455504
      3       -0.0009947014       -0.0000000000       -0.0021416965
      4        0.0009947014       -0.0000000000       -0.0021416965
 Sum of gradient contribution from Final-NAC(S)
              0.0000000000       -0.0000000000       -0.0000000203
 
 
 NACMEs including electron-translation factor:
  Gradient contribution from Final-NAC(S)-Escaled
      1        0.0000000000       -0.0000000000        0.0333201595
      2       -0.0000000000       -0.0000000000       -0.0114600977
      3       -0.0050764280       -0.0000000000       -0.0109300826
      4        0.0050764280       -0.0000000000       -0.0109300826
 Sum of gradient contribution from Final-NAC(S)-Escaled
              0.0000000000       -0.0000000000       -0.0000001034
 
 
 [resp_ex_final] : iop=                     2
 
 
 [resp_ex_final] : iop=                     0
 
 
 [resp_ex_init]
 
  Check normalization:
  R^t*L(vec)=   1.00000000000000     
  R^t*L(mat)=   1.00000000000000     
 
 =================================
  PairIJ=   1   2   2   1   2   3
 =================================
 
 [resp_nac_main2]
 
  wJI =  0.128361346563090     
  Check normalization:
  R1^t*L1(mat)=   1.00000000000000     
  R2^t*L2(mat)=   1.00000000000000     
  Check orthogonality:
  R1^t*L2(mat)= -4.678549214709449E-015
  L1^t*R2(mat)= -7.564261716996867E-015
  Z1^t*Z2(mat)= -1.224281093170632E-014
 ---------------------------------------------------
  I-state,J-state,wJI 
           0.211831        0.340192        0.128361
  CHECK TRANSITION DIPOLE : expect.  resp.  total 
  1       -0.000000        0.000000       -0.000000
  2        0.000000        0.000000        0.000000
  3        0.281798        0.000000        0.281798
 ---------------------------------------------------
 
 [resp_ex_zvector]
 
 [resp_fock2e_Qex]
 [resp_fockxc_Qex]
 
 ---------------------------------------------------------------
  Timing for Q operator formation
 
  CPU TIME(S)      SYSTEM TIME(S)     WALL TIME(S)
          6.890            0.040               0.870
 ---------------------------------------------------------------
 
 
 [resp_ex_Zmo] : Solving Z-vector equation ...
 
 respcphf%isolver=                     2                     1
 
 [resp_cphf_solver]
  isf  =                     0
  freq =  0.000000000000000E+000
 
 
 [LinearSolver]: ndim=                  1957
  Norm of RHS =   0.167741060697125     
 Initial Guess of CPHF vector                     0                     0
   iter  Ndim        |res|           |x|           time/s
    1      1    0.103228E+00    0.115206E+00       0.000
    2      2    0.233272E-01    0.212727E+00       0.280
    3      3    0.884559E-02    0.223332E+00       0.280
    4      4    0.388116E-02    0.225368E+00       0.270
    5      5    0.123390E-02    0.225568E+00       0.270
    6      6    0.261325E-03    0.225383E+00       0.270
    7      7    0.667882E-04    0.225357E+00       0.270
    8      8    0.118815E-04    0.225364E+00       0.270
    9      9    0.170791E-05    0.225364E+00       0.260
   10     10    0.189629E-06    0.225364E+00       0.270
   11     11    0.292889E-07    0.225364E+00       0.270
   12     12    0.239902E-08    0.225364E+00       0.270
   13     13    0.216471E-09    0.225364E+00       0.260
   14     14    0.266339E-10    0.225364E+00       0.270
   15     15    0.245870E-11    0.225364E+00       0.260
   16     16    0.844570E-12    0.225364E+00       0.220
  Converged ! |Res|=  8.445699448858033E-013  iter=                    16
 
 ---------------------------------------------------------------
  Timing for solving the Z vector equation
 
  CPU TIME(S)      SYSTEM TIME(S)     WALL TIME(S)
         33.980            0.020               4.260
 ---------------------------------------------------------------
 
 
 [resp_ex_Wmo]
 
  Skewness of Wmo(C,C) =  1.153300074814980E-009
  Skewness of Wmo(C,V) =  1.904126269065667E-013
  Skewness of Wmo(V,V) =  2.646263833310605E-008
  Skewness of Wmo(C,C) =  1.044120659239920E-009
  Skewness of Wmo(C,V) =  1.760389154502765E-013
  Skewness of Wmo(V,V) =  2.204386356895735E-008
 
 ---------------------------------------------------------------
  Timing for W matrix formation
 
  CPU TIME(S)      SYSTEM TIME(S)     WALL TIME(S)
          2.140            0.010               0.270
 ---------------------------------------------------------------
 
 
 [resp_deriv_energy]
 
 
 [resp_deriv1e_fock_new]
 
 
|--------------------------------------------------------------------------------|
          Molecular gradient - Overlap contribution
 
        Atom            X                    Y                    Z
        C              0.0000000000         -0.0000000000         -0.0296527182
        O              0.0000000000          0.0000000000          0.0326262076
        H              0.0127345076         -0.0000000000         -0.0014867447
        H             -0.0127345076          0.0000000000         -0.0014867447
|--------------------------------------------------------------------------------|
 
 
|--------------------------------------------------------------------------------|
          Molecular gradient - Kinetic energy contribution
 
        Atom            X                    Y                    Z
        C              0.0000000000         -0.0000000000         -0.0235065147
        O              0.0000000000          0.0000000000          0.0279676369
        H              0.0050841723         -0.0000000000         -0.0022305611
        H             -0.0050841723          0.0000000000         -0.0022305611
|--------------------------------------------------------------------------------|
 
 
|--------------------------------------------------------------------------------|
          Molecular gradient - Nuclear attraction energy contribution
 
        Atom            X                    Y                    Z
        C              0.0000000000          0.0000000000          0.2919449974
        O              0.0000000000         -0.0000000000         -0.3868048438
        H             -0.0724223937          0.0000000000          0.0474299232
        H              0.0724223937         -0.0000000000          0.0474299232
|--------------------------------------------------------------------------------|
 
 
 ---------------------------------------------------------------
  Timing to calculate 1-electronic integrals                                      
 
  CPU TIME(S)      SYSTEM TIME(S)     WALL TIME(S)
          0.010            0.000               0.000
 ---------------------------------------------------------------
 
  Gradient contribution from 1e
      1        0.0000000000        0.0000000000        0.2387857645
      2        0.0000000000       -0.0000000000       -0.3262109994
      3       -0.0546037138        0.0000000000        0.0437126175
      4        0.0546037138       -0.0000000000        0.0437126175
 Sum of gradient contribution from 1e
              0.0000000000       -0.0000000000       -0.0000000000
 
 
 [resp_deriv2e]
 
resp deriv type   4
 Number of cartesian primative basis functions :      188
 If used primative density matrix:  F
  [int2e_petite_1st_gradient_screened]
 Total length of P4 ERIs 1st gradient:             1365957
 Maxium length of a batch of ERI 1st gradient:           50625
 Maxium length of a batch of dens matrix     :          320000
 Lenght of eri-grad core                     :         2350416
 If primative density matrix is used         : F
 Number of OpenMP threads                    :   8
 ngrad=                     1
 Esitmate buffer meomory used:        0.1592 GB
 
|--------------------------------------------------------------------------------|
          Molecular gradient - Elec Repulsive contribution
 
        Atom            X                    Y                    Z
        C              0.0000000000         -0.0000000000         -0.2394756169
        O              0.0000000000          0.0000000000          0.3238168890
        H              0.0589331273         -0.0000000000         -0.0421706361
        H             -0.0589331273          0.0000000000         -0.0421706361
|--------------------------------------------------------------------------------|
 
 
 ---------------------------------------------------------------
  Timing to calculate 2-electronic integrals Gradients                            
 
  CPU TIME(S)      SYSTEM TIME(S)     WALL TIME(S)
          4.790            0.020               0.600
 ---------------------------------------------------------------
 
 Time:   PreRys     Rys    2dint    2dintd   6dint  6dintc  6dints
cputime    0.00E+00    0.00E+00    0.00E+00    0.00E+00    0.00E+00    0.00E+00    0.00E+00    0.00E+00
systime    0.00E+00    0.00E+00    0.00E+00    0.00E+00    0.00E+00    0.00E+00    0.00E+00    0.00E+00
waltime    0.00E+00    0.00E+00    0.00E+00    0.00E+00    0.00E+00    0.00E+00    0.00E+00    0.00E+00
 Finish resp_deriv2e
  Gradient contribution from Analytic 2e
      1        0.0000000000       -0.0000000000       -0.2394756169
      2        0.0000000000        0.0000000000        0.3238168890
      3        0.0589331273       -0.0000000000       -0.0421706361
      4       -0.0589331273        0.0000000000       -0.0421706361
 Sum of gradient contribution from Analytic 2e
              0.0000000000        0.0000000000        0.0000000000
 
 
  Gradient contribution from Final-grad(no XC)
      1        0.0000000000       -0.0000000000       -0.0006898524
      2        0.0000000000       -0.0000000000       -0.0023941103
      3        0.0043294135        0.0000000000        0.0015419814
      4       -0.0043294135        0.0000000000        0.0015419814
 Sum of gradient contribution from Final-grad(no XC)
              0.0000000000       -0.0000000000       -0.0000000000
 
 
 [resp_deriv_Exc]
 
 
 ---------------------------------------------------------------
  Timing for XC energy gradient calculation
 
  CPU TIME(S)      SYSTEM TIME(S)     WALL TIME(S)
         19.340            0.020               2.430
 ---------------------------------------------------------------
 
  Gradient contribution from XC
      1       -0.0000000000        0.0000000000        0.0159446573
      2       -0.0000000000       -0.0000000000       -0.0205874483
      3       -0.0040950450        0.0000000000        0.0023214442
      4        0.0040950450       -0.0000000000        0.0023214442
 Sum of gradient contribution from XC
              0.0000000000       -0.0000000000        0.0000000974
 
 
 [resp_deriv_dpq]
 
  Gradient contribution from dpq-R
      1       -0.0000000000       -0.0000000000       -0.0020741008
      2       -0.0000000000       -0.0000000000       -0.0027225922
      3       -0.0005191011        0.0000000000       -0.0011007232
      4        0.0005191011       -0.0000000000       -0.0011007232
 Sum of gradient contribution from dpq-R
              0.0000000000       -0.0000000000       -0.0069981394
 
  Gradient contribution from Final-NAC(R)
      1       -0.0000000000       -0.0000000000        0.0131807040
      2       -0.0000000000       -0.0000000000       -0.0257041509
      3       -0.0002847326        0.0000000000        0.0027627025
      4        0.0002847326        0.0000000000        0.0027627025
 Sum of gradient contribution from Final-NAC(R)
             -0.0000000000       -0.0000000000       -0.0069980419
 
 ------------------------------------------------------------------
 
 Raw NACMEs, without electron-translation factor:
  FNAC_cpair=   1   2   2     1   2   3
  FNAC_epair=         -113.8849473312183704         -113.7565859846552740
  Gradient contribution from Final-NAC(R)-Escaled
      1       -0.0000000000       -0.0000000000        0.1026843702
      2       -0.0000000000       -0.0000000000       -0.2002483738
      3       -0.0022182113        0.0000000000        0.0215228535
      4        0.0022182113        0.0000000000        0.0215228535
 Sum of gradient contribution from Final-NAC(R)-Escaled
             -0.0000000000       -0.0000000000       -0.0545182965
 
 ------------------------------------------------------------------
  Gradient contribution from dpq-S
      1       -0.0000000000        0.0000000000        0.0005589106
      2       -0.0000000000       -0.0000000000        0.0005576789
      3       -0.0003042315        0.0000000000       -0.0005582948
      4        0.0003042315       -0.0000000000       -0.0005582948
 Sum of gradient contribution from dpq-S
              0.0000000000        0.0000000000        0.0000000000
 
  Gradient contribution from Final-NAC(S)
      1       -0.0000000000       -0.0000000000        0.0158137154
      2       -0.0000000000       -0.0000000000       -0.0224238797
      3       -0.0000698630        0.0000000000        0.0033051309
      4        0.0000698630        0.0000000000        0.0033051309
 Sum of gradient contribution from Final-NAC(S)
             -0.0000000000       -0.0000000000        0.0000000974
 
 
 NACMEs including electron-translation factor:
  Gradient contribution from Final-NAC(S)-Escaled
      1       -0.0000000000       -0.0000000000        0.1231968643
      2       -0.0000000000       -0.0000000000       -0.1746933975
      3       -0.0005442681        0.0000000000        0.0257486460
      4        0.0005442681        0.0000000000        0.0257486460
 Sum of gradient contribution from Final-NAC(S)-Escaled
             -0.0000000000       -0.0000000000        0.0000007589
 
 
 [resp_ex_final] : iop=                     2
 
 
 [resp_ex_final] : iop=                     0
 
 
 [resp_ex_final] : iop=                     0
 
 
 [resp_ex_init]
 
  Check normalization:
  R^t*L(vec)=   1.00000000000000     
  R^t*L(mat)=   1.00000000000000     
 
 [resp_ex_final] : iop=                     0
 
 
 [resp_ex_init]
 
  Check normalization:
  R^t*L(vec)=   1.00000000000000     
  R^t*L(mat)=   1.00000000000000     
 
 [resp_ex_init]
 
  Check normalization:
  R^t*L(vec)=   1.00000000000000     
  R^t*L(mat)=   1.00000000000000     
 
 =================================
  PairIJ=   1   3   1   1   2   2
 =================================
 
 [resp_nac_main2]
 
  wJI =  1.421576791782020E-002
  Check normalization:
  R1^t*L1(mat)=   1.00000000000000     
  R2^t*L2(mat)=   1.00000000000000     
  Check orthogonality:
  R1^t*L2(mat)=  0.000000000000000E+000
  L1^t*R2(mat)=  0.000000000000000E+000
  Z1^t*Z2(mat)=  0.000000000000000E+000
 ---------------------------------------------------
  I-state,J-state,wJI 
           0.197615        0.211831        0.014216
  CHECK TRANSITION DIPOLE : expect.  resp.  total 
  1        0.000000        0.000000        0.000000
  2        0.045153        0.000000        0.045153
  3        0.000000        0.000000        0.000000
 ---------------------------------------------------
 
 [resp_ex_zvector]
 
 [resp_fock2e_Qex]
 [resp_fockxc_Qex]
 
 ---------------------------------------------------------------
  Timing for Q operator formation
 
  CPU TIME(S)      SYSTEM TIME(S)     WALL TIME(S)
          6.750            0.020               0.850
 ---------------------------------------------------------------
 
 
 [resp_ex_Zmo] : Solving Z-vector equation ...
 
 respcphf%isolver=                     2                     1
 
 [resp_cphf_solver]
  isf  =                     0
  freq =  0.000000000000000E+000
 
 
 [LinearSolver]: ndim=                  1957
  Norm of RHS =   5.790688353294073E-002
 Initial Guess of CPHF vector                     0                     0
   iter  Ndim        |res|           |x|           time/s
    1      1    0.202246E-01    0.118004E+00       0.000
    2      2    0.528347E-02    0.124970E+00       0.270
    3      3    0.102336E-02    0.126141E+00       0.270
    4      4    0.210175E-03    0.126207E+00       0.270
    5      5    0.208387E-04    0.126196E+00       0.280
    6      6    0.249213E-05    0.126196E+00       0.270
    7      7    0.171447E-06    0.126196E+00       0.270
    8      8    0.113937E-07    0.126196E+00       0.270
    9      9    0.193607E-08    0.126196E+00       0.270
   10     10    0.216292E-09    0.126196E+00       0.270
   11     11    0.205839E-10    0.126196E+00       0.270
   12     12    0.142830E-11    0.126196E+00       0.250
   13     13    0.216932E-11    0.126196E+00       0.180
   14     14    0.488123E-13    0.126196E+00       0.260
  Converged ! |Res|=  4.881232745142903E-014  iter=                    14
 
 ---------------------------------------------------------------
  Timing for solving the Z vector equation
 
  CPU TIME(S)      SYSTEM TIME(S)     WALL TIME(S)
         29.170            0.110               3.670
 ---------------------------------------------------------------
 
 
 [resp_ex_Wmo]
 
  Skewness of Wmo(C,C) =  6.109411038062453E-010
  Skewness of Wmo(C,V) =  1.120926740072383E-012
  Skewness of Wmo(V,V) =  3.325068636206978E-008
  Skewness of Wmo(C,C) =  4.755049440677292E-009
  Skewness of Wmo(C,V) =  1.218203077098521E-012
  Skewness of Wmo(V,V) =  9.083415251728794E-009
 
 ---------------------------------------------------------------
  Timing for W matrix formation
 
  CPU TIME(S)      SYSTEM TIME(S)     WALL TIME(S)
          2.140            0.010               0.270
 ---------------------------------------------------------------
 
 
 [resp_deriv_energy]
 
 
 [resp_deriv1e_fock_new]
 
 
|--------------------------------------------------------------------------------|
          Molecular gradient - Overlap contribution
 
        Atom            X                    Y                    Z
        C             -0.0000000000         -0.0029269117          0.0000000000
        O              0.0000000000          0.0046397265          0.0000000000
        H             -0.0000000000         -0.0008564074          0.0000000000
        H             -0.0000000000         -0.0008564074          0.0000000000
|--------------------------------------------------------------------------------|
 
 
|--------------------------------------------------------------------------------|
          Molecular gradient - Kinetic energy contribution
 
        Atom            X                    Y                    Z
        C              0.0000000000          0.0078858747          0.0000000000
        O             -0.0000000000         -0.0040687151          0.0000000000
        H             -0.0000000000         -0.0019085798          0.0000000000
        H             -0.0000000000         -0.0019085798          0.0000000000
|--------------------------------------------------------------------------------|
 
 
|--------------------------------------------------------------------------------|
          Molecular gradient - Nuclear attraction energy contribution
 
        Atom            X                    Y                    Z
        C             -0.0000000000         -0.0020316289          0.0000000000
        O             -0.0000000000         -0.0249700712          0.0000000000
        H             -0.0000000000          0.0135008500          0.0000000000
        H              0.0000000000          0.0135008500          0.0000000000
|--------------------------------------------------------------------------------|
 
 
 ---------------------------------------------------------------
  Timing to calculate 1-electronic integrals                                      
 
  CPU TIME(S)      SYSTEM TIME(S)     WALL TIME(S)
          0.010            0.000               0.000
 ---------------------------------------------------------------
 
  Gradient contribution from 1e
      1        0.0000000000        0.0029273340        0.0000000000
      2       -0.0000000000       -0.0243990598        0.0000000000
      3       -0.0000000000        0.0107358629        0.0000000000
      4        0.0000000000        0.0107358629        0.0000000000
 Sum of gradient contribution from 1e
              0.0000000000       -0.0000000000        0.0000000000
 
 
 [resp_deriv2e]
 
resp deriv type   4
 Number of cartesian primative basis functions :      188
 If used primative density matrix:  F
  [int2e_petite_1st_gradient_screened]
 Total length of P4 ERIs 1st gradient:             1365957
 Maxium length of a batch of ERI 1st gradient:           50625
 Maxium length of a batch of dens matrix     :          320000
 Lenght of eri-grad core                     :         2350416
 If primative density matrix is used         : F
 Number of OpenMP threads                    :   8
 ngrad=                     1
 Esitmate buffer meomory used:        0.1592 GB
 
|--------------------------------------------------------------------------------|
          Molecular gradient - Elec Repulsive contribution
 
        Atom            X                    Y                    Z
        C             -0.0000000000         -0.0049038984          0.0000000000
        O              0.0000000000          0.0262932745          0.0000000000
        H             -0.0000000000         -0.0106946880          0.0000000000
        H             -0.0000000000         -0.0106946880          0.0000000000
|--------------------------------------------------------------------------------|
 
 
 ---------------------------------------------------------------
  Timing to calculate 2-electronic integrals Gradients                            
 
  CPU TIME(S)      SYSTEM TIME(S)     WALL TIME(S)
          4.770            0.010               0.600
 ---------------------------------------------------------------
 
 Time:   PreRys     Rys    2dint    2dintd   6dint  6dintc  6dints
cputime    0.00E+00    0.00E+00    0.00E+00    0.00E+00    0.00E+00    0.00E+00    0.00E+00    0.00E+00
systime    0.00E+00    0.00E+00    0.00E+00    0.00E+00    0.00E+00    0.00E+00    0.00E+00    0.00E+00
waltime    0.00E+00    0.00E+00    0.00E+00    0.00E+00    0.00E+00    0.00E+00    0.00E+00    0.00E+00
 Finish resp_deriv2e
  Gradient contribution from Analytic 2e
      1       -0.0000000000       -0.0049038984        0.0000000000
      2        0.0000000000        0.0262932745        0.0000000000
      3       -0.0000000000       -0.0106946880        0.0000000000
      4       -0.0000000000       -0.0106946880        0.0000000000
 Sum of gradient contribution from Analytic 2e
              0.0000000000        0.0000000000        0.0000000000
 
 
  Gradient contribution from Final-grad(no XC)
      1       -0.0000000000       -0.0019765644        0.0000000000
      2        0.0000000000        0.0018942147        0.0000000000
      3       -0.0000000000        0.0000411748        0.0000000000
      4        0.0000000000        0.0000411748        0.0000000000
 Sum of gradient contribution from Final-grad(no XC)
              0.0000000000       -0.0000000000        0.0000000000
 
 
 [resp_deriv_Exc]
 
 
 ---------------------------------------------------------------
  Timing for XC energy gradient calculation
 
  CPU TIME(S)      SYSTEM TIME(S)     WALL TIME(S)
         18.880            0.010               2.370
 ---------------------------------------------------------------
 
  Gradient contribution from XC
      1       -0.0000000000       -0.0005606427        0.0000000000
      2        0.0000000000       -0.0008954163        0.0000000000
      3        0.0000000000        0.0007280511        0.0000000000
      4        0.0000000000        0.0007280511        0.0000000000
 Sum of gradient contribution from XC
              0.0000000000        0.0000000431        0.0000000000
 
 
 [resp_deriv_dpq]
 
  Gradient contribution from dpq-R
      1        0.0000000000       -0.0000269099        0.0000000000
      2       -0.0000000000       -0.0000636025        0.0000000000
      3        0.0000000000        0.0000378512        0.0000000000
      4        0.0000000000        0.0000378512       -0.0000000000
 Sum of gradient contribution from dpq-R
              0.0000000000       -0.0000148101        0.0000000000
 
  Gradient contribution from Final-NAC(R)
      1       -0.0000000000       -0.0025641169        0.0000000000
      2        0.0000000000        0.0009351959        0.0000000000
      3       -0.0000000000        0.0008070770        0.0000000000
      4        0.0000000000        0.0008070770       -0.0000000000
 Sum of gradient contribution from Final-NAC(R)
              0.0000000000       -0.0000147669        0.0000000000
 
 ------------------------------------------------------------------
 
 Raw NACMEs, without electron-translation factor:
  FNAC_cpair=   1   3   1     1   2   2
  FNAC_epair=         -113.8991630991361887         -113.8849473312183704
  Gradient contribution from Final-NAC(R)-Escaled
      1       -0.0000000000       -0.1803713233        0.0000000000
      2        0.0000000000        0.0657858152        0.0000000000
      3       -0.0000000000        0.0567733683        0.0000000000
      4        0.0000000000        0.0567733683       -0.0000000000
 Sum of gradient contribution from Final-NAC(R)-Escaled
              0.0000000000       -0.0010387714        0.0000000000
 
 ------------------------------------------------------------------
  Gradient contribution from dpq-S
      1        0.0000000000        0.0000399338        0.0000000000
      2       -0.0000000000        0.0000277168       -0.0000000000
      3       -0.0000000000       -0.0000338253       -0.0000000000
      4       -0.0000000000       -0.0000338253        0.0000000000
 Sum of gradient contribution from dpq-S
              0.0000000000        0.0000000000        0.0000000000
 
  Gradient contribution from Final-NAC(S)
      1       -0.0000000000       -0.0024972732        0.0000000000
      2        0.0000000000        0.0010265152       -0.0000000000
      3       -0.0000000000        0.0007354006       -0.0000000000
      4        0.0000000000        0.0007354006        0.0000000000
 Sum of gradient contribution from Final-NAC(S)
              0.0000000000        0.0000000431        0.0000000000
 
 
 NACMEs including electron-translation factor:
  Gradient contribution from Final-NAC(S)-Escaled
      1       -0.0000000000       -0.1756692440        0.0000000000
      2        0.0000000000        0.0722096175       -0.0000000000
      3       -0.0000000000        0.0517313299       -0.0000000000
      4        0.0000000000        0.0517313299        0.0000000000
 Sum of gradient contribution from Final-NAC(S)-Escaled
              0.0000000000        0.0000030334        0.0000000000
 
 
 [resp_ex_final] : iop=                     2
 
 
 [resp_ex_final] : iop=                     0
 
 
 [resp_ex_final] : iop=                     0
 
 
 [resp_ex_init]
 
  Check normalization:
  R^t*L(vec)=   1.00000000000000     
  R^t*L(mat)=   1.00000000000000     
 
 [resp_ex_init]
 
  Check normalization:
  R^t*L(vec)=   1.00000000000000     
  R^t*L(mat)=   1.00000000000000     
 
 =================================
  PairIJ=   1   3   1   1   2   3
 =================================
 
 [resp_nac_main2]
 
  wJI =  0.142577114480911     
  Check normalization:
  R1^t*L1(mat)=   1.00000000000000     
  R2^t*L2(mat)=   1.00000000000000     
  Check orthogonality:
  R1^t*L2(mat)=  0.000000000000000E+000
  L1^t*R2(mat)=  0.000000000000000E+000
  Z1^t*Z2(mat)=  0.000000000000000E+000
 ---------------------------------------------------
  I-state,J-state,wJI 
           0.197615        0.340192        0.142577
  CHECK TRANSITION DIPOLE : expect.  resp.  total 
  1        0.000000        0.000000        0.000000
  2       -0.004281        0.000000       -0.004281
  3        0.000000        0.000000        0.000000
 ---------------------------------------------------
 
 [resp_ex_zvector]
 
 [resp_fock2e_Qex]
 [resp_fockxc_Qex]
 
 ---------------------------------------------------------------
  Timing for Q operator formation
 
  CPU TIME(S)      SYSTEM TIME(S)     WALL TIME(S)
          6.770            0.020               0.850
 ---------------------------------------------------------------
 
 
 [resp_ex_Zmo] : Solving Z-vector equation ...
 
 respcphf%isolver=                     2                     1
 
 [resp_cphf_solver]
  isf  =                     0
  freq =  0.000000000000000E+000
 
 
 [LinearSolver]: ndim=                  1957
  Norm of RHS =   2.194133325891306E-002
 Initial Guess of CPHF vector                     0                     0
   iter  Ndim        |res|           |x|           time/s
    1      1    0.514551E-02    0.281680E-01       0.000
    2      2    0.129865E-02    0.298631E-01       0.270
    3      3    0.295419E-03    0.300858E-01       0.280
    4      4    0.543172E-04    0.300825E-01       0.270
    5      5    0.700794E-05    0.300811E-01       0.270
    6      6    0.132375E-05    0.300811E-01       0.270
    7      7    0.201917E-06    0.300812E-01       0.270
    8      8    0.254041E-07    0.300812E-01       0.270
    9      9    0.132511E-08    0.300812E-01       0.270
   10     10    0.930355E-10    0.300812E-01       0.260
   11     11    0.743111E-11    0.300812E-01       0.270
   12     12    0.760701E-12    0.300812E-01       0.230
  Converged ! |Res|=  7.607007789216074E-013  iter=                    12
 
 ---------------------------------------------------------------
  Timing for solving the Z vector equation
 
  CPU TIME(S)      SYSTEM TIME(S)     WALL TIME(S)
         25.500            0.090               3.210
 ---------------------------------------------------------------
 
 
 [resp_ex_Wmo]
 
  Skewness of Wmo(C,C) =  5.204131325774676E-010
  Skewness of Wmo(C,V) =  5.562397149317049E-013
  Skewness of Wmo(V,V) =  7.742909902692466E-009
  Skewness of Wmo(C,C) =  7.400345993417611E-009
  Skewness of Wmo(C,V) =  6.423376326593798E-013
  Skewness of Wmo(V,V) =  5.817154508742678E-008
 
 ---------------------------------------------------------------
  Timing for W matrix formation
 
  CPU TIME(S)      SYSTEM TIME(S)     WALL TIME(S)
          2.140            0.010               0.270
 ---------------------------------------------------------------
 
 
 [resp_deriv_energy]
 
 
 [resp_deriv1e_fock_new]
 
 
|--------------------------------------------------------------------------------|
          Molecular gradient - Overlap contribution
 
        Atom            X                    Y                    Z
        C              0.0000000000          0.0044572680          0.0000000000
        O             -0.0000000000         -0.0022786078          0.0000000000
        H              0.0000000000         -0.0010893301          0.0000000000
        H             -0.0000000000         -0.0010893301          0.0000000000
|--------------------------------------------------------------------------------|
 
 
|--------------------------------------------------------------------------------|
          Molecular gradient - Kinetic energy contribution
 
        Atom            X                    Y                    Z
        C              0.0000000000          0.0037504622          0.0000000000
        O             -0.0000000000         -0.0025704503          0.0000000000
        H             -0.0000000000         -0.0005900060          0.0000000000
        H             -0.0000000000         -0.0005900060          0.0000000000
|--------------------------------------------------------------------------------|
 
 
|--------------------------------------------------------------------------------|
          Molecular gradient - Nuclear attraction energy contribution
 
        Atom            X                    Y                    Z
        C             -0.0000000000         -0.0482209200          0.0000000000
        O              0.0000000000          0.0227821212          0.0000000000
        H             -0.0000000000          0.0127193994          0.0000000000
        H              0.0000000000          0.0127193994          0.0000000000
|--------------------------------------------------------------------------------|
 
 
 ---------------------------------------------------------------
  Timing to calculate 1-electronic integrals                                      
 
  CPU TIME(S)      SYSTEM TIME(S)     WALL TIME(S)
          0.010            0.000               0.000
 ---------------------------------------------------------------
 
  Gradient contribution from 1e
      1       -0.0000000000       -0.0400131897        0.0000000000
      2        0.0000000000        0.0179330631        0.0000000000
      3       -0.0000000000        0.0110400633        0.0000000000
      4        0.0000000000        0.0110400633        0.0000000000
 Sum of gradient contribution from 1e
              0.0000000000        0.0000000000        0.0000000000
 
 
 [resp_deriv2e]
 
resp deriv type   4
 Number of cartesian primative basis functions :      188
 If used primative density matrix:  F
  [int2e_petite_1st_gradient_screened]
 Total length of P4 ERIs 1st gradient:             1365957
 Maxium length of a batch of ERI 1st gradient:           50625
 Maxium length of a batch of dens matrix     :          320000
 Lenght of eri-grad core                     :         2350416
 If primative density matrix is used         : F
 Number of OpenMP threads                    :   8
 ngrad=                     1
 Esitmate buffer meomory used:        0.1592 GB
 
|--------------------------------------------------------------------------------|
          Molecular gradient - Elec Repulsive contribution
 
        Atom            X                    Y                    Z
        C              0.0000000000          0.0433656095          0.0000000000
        O             -0.0000000000         -0.0204763910          0.0000000000
        H             -0.0000000000         -0.0114446093          0.0000000000
        H             -0.0000000000         -0.0114446093          0.0000000000
|--------------------------------------------------------------------------------|
 
 
 ---------------------------------------------------------------
  Timing to calculate 2-electronic integrals Gradients                            
 
  CPU TIME(S)      SYSTEM TIME(S)     WALL TIME(S)
          4.760            0.010               0.600
 ---------------------------------------------------------------
 
 Time:   PreRys     Rys    2dint    2dintd   6dint  6dintc  6dints
cputime    0.00E+00    0.00E+00    0.00E+00    0.00E+00    0.00E+00    0.00E+00    0.00E+00    0.00E+00
systime    0.00E+00    0.00E+00    0.00E+00    0.00E+00    0.00E+00    0.00E+00    0.00E+00    0.00E+00
waltime    0.00E+00    0.00E+00    0.00E+00    0.00E+00    0.00E+00    0.00E+00    0.00E+00    0.00E+00
 Finish resp_deriv2e
  Gradient contribution from Analytic 2e
      1        0.0000000000        0.0433656095        0.0000000000
      2       -0.0000000000       -0.0204763910        0.0000000000
      3       -0.0000000000       -0.0114446093        0.0000000000
      4       -0.0000000000       -0.0114446093        0.0000000000
 Sum of gradient contribution from Analytic 2e
              0.0000000000       -0.0000000000        0.0000000000
 
 
  Gradient contribution from Final-grad(no XC)
      1        0.0000000000        0.0033524198        0.0000000000
      2       -0.0000000000       -0.0025433279        0.0000000000
      3       -0.0000000000       -0.0004045460        0.0000000000
      4        0.0000000000       -0.0004045460        0.0000000000
 Sum of gradient contribution from Final-grad(no XC)
              0.0000000000       -0.0000000000        0.0000000000
 
 
 [resp_deriv_Exc]
 
 
 ---------------------------------------------------------------
  Timing for XC energy gradient calculation
 
  CPU TIME(S)      SYSTEM TIME(S)     WALL TIME(S)
         18.910            0.000               2.370
 ---------------------------------------------------------------
 
  Gradient contribution from XC
      1       -0.0000000000       -0.0049880850        0.0000000000
      2        0.0000000000        0.0021158745        0.0000000000
      3        0.0000000000        0.0014360678        0.0000000000
      4        0.0000000000        0.0014360678        0.0000000000
 Sum of gradient contribution from XC
             -0.0000000000       -0.0000000749        0.0000000000
 
 
 [resp_deriv_dpq]
 
  Gradient contribution from dpq-R
      1        0.0000000000        0.0007847740       -0.0000000000
      2       -0.0000000000        0.0000153356       -0.0000000000
      3       -0.0000000000       -0.0000583328       -0.0000000000
      4       -0.0000000000       -0.0000583328        0.0000000000
 Sum of gradient contribution from dpq-R
              0.0000000000        0.0006834439       -0.0000000000
 
  Gradient contribution from Final-NAC(R)
      1       -0.0000000000       -0.0008508912       -0.0000000000
      2       -0.0000000000       -0.0004121178       -0.0000000000
      3        0.0000000000        0.0009731890       -0.0000000000
      4        0.0000000000        0.0009731890        0.0000000000
 Sum of gradient contribution from Final-NAC(R)
             -0.0000000000        0.0006833690       -0.0000000000
 
 ------------------------------------------------------------------
 
 Raw NACMEs, without electron-translation factor:
  FNAC_cpair=   1   3   1     1   2   3
  FNAC_epair=         -113.8991630991361887         -113.7565859846552740
  Gradient contribution from Final-NAC(R)-Escaled
      1       -0.0000000000       -0.0059679365       -0.0000000000
      2       -0.0000000000       -0.0028904908       -0.0000000000
      3        0.0000000000        0.0068257028       -0.0000000000
      4        0.0000000000        0.0068257028        0.0000000000
 Sum of gradient contribution from Final-NAC(R)-Escaled
             -0.0000000000        0.0047929783       -0.0000000000
 
 ------------------------------------------------------------------
  Gradient contribution from dpq-S
      1        0.0000000000        0.0005974307       -0.0000000000
      2       -0.0000000000       -0.0002916105        0.0000000000
      3       -0.0000000000       -0.0001529101       -0.0000000000
      4       -0.0000000000       -0.0001529101        0.0000000000
 Sum of gradient contribution from dpq-S
              0.0000000000       -0.0000000000        0.0000000000
 
  Gradient contribution from Final-NAC(S)
      1       -0.0000000000       -0.0010382345       -0.0000000000
      2       -0.0000000000       -0.0007190639        0.0000000000
      3        0.0000000000        0.0008786117       -0.0000000000
      4        0.0000000000        0.0008786117        0.0000000000
 Sum of gradient contribution from Final-NAC(S)
             -0.0000000000       -0.0000000749        0.0000000000
 
 
 NACMEs including electron-translation factor:
  Gradient contribution from Final-NAC(S)-Escaled
      1       -0.0000000000       -0.0072819156       -0.0000000000
      2       -0.0000000000       -0.0050433330        0.0000000000
      3        0.0000000000        0.0061623616       -0.0000000000
      4        0.0000000000        0.0061623616        0.0000000000
 Sum of gradient contribution from Final-NAC(S)-Escaled
             -0.0000000000       -0.0000005254        0.0000000000
 
 
 [resp_ex_final] : iop=                     2
 
 
 [resp_ex_final] : iop=                     0
 
 
 [resp_ex_final] : iop=                     0
 
 
 [resp_ex_init]
 
  Check normalization:
  R^t*L(vec)=   1.00000000000000     
  R^t*L(mat)=   1.00000000000000     
 
 [resp_ex_final] : iop=                     0
 
 
 [resp_ex_init]
 
  Check normalization:
  R^t*L(vec)=   1.00000000000000     
  R^t*L(mat)=   1.00000000000000     
 
 [resp_ex_final] : iop=                     0
 
 
 [resp_ex_init]
 
  Check normalization:
  R^t*L(vec)=   1.00000000000000     
  R^t*L(mat)=   1.00000000000000     
 
 [resp_ex_init]
 
  Check normalization:
  R^t*L(vec)=   1.00000000000000     
  R^t*L(mat)=   1.00000000000000     
 
 =================================
  PairIJ=   1   4   1   1   2   3
 =================================
 
 [resp_nac_main2]
 
  wJI =  1.555322305238244E-002
  Check normalization:
  R1^t*L1(mat)=   1.00000000000000     
  R2^t*L2(mat)=   1.00000000000000     
  Check orthogonality:
  R1^t*L2(mat)=  0.000000000000000E+000
  L1^t*R2(mat)=  0.000000000000000E+000
  Z1^t*Z2(mat)=  0.000000000000000E+000
 ---------------------------------------------------
  I-state,J-state,wJI 
           0.324639        0.340192        0.015553
  CHECK TRANSITION DIPOLE : expect.  resp.  total 
  1        0.323332        0.000000        0.323332
  2       -0.000000        0.000000       -0.000000
  3       -0.000000        0.000000       -0.000000
 ---------------------------------------------------
 
 [resp_ex_zvector]
 
 [resp_fock2e_Qex]
 [resp_fockxc_Qex]
 
 ---------------------------------------------------------------
  Timing for Q operator formation
 
  CPU TIME(S)      SYSTEM TIME(S)     WALL TIME(S)
          6.640            0.010               0.830
 ---------------------------------------------------------------
 
 
 [resp_ex_Zmo] : Solving Z-vector equation ...
 
 respcphf%isolver=                     2                     1
 
 [resp_cphf_solver]
  isf  =                     0
  freq =  0.000000000000000E+000
 
 
 [LinearSolver]: ndim=                  1957
  Norm of RHS =   0.122173608162294     
 Initial Guess of CPHF vector                     0                     0
   iter  Ndim        |res|           |x|           time/s
    1      1    0.346220E-01    0.861192E-01       0.000
    2      2    0.797636E-02    0.105590E+00       0.270
    3      3    0.243109E-02    0.108378E+00       0.280
    4      4    0.443620E-03    0.108200E+00       0.270
    5      5    0.104354E-03    0.108365E+00       0.280
    6      6    0.198915E-04    0.108352E+00       0.270
    7      7    0.213770E-05    0.108352E+00       0.280
    8      8    0.264980E-06    0.108352E+00       0.270
    9      9    0.215296E-07    0.108352E+00       0.270
   10     10    0.210238E-08    0.108352E+00       0.270
   11     11    0.218929E-09    0.108352E+00       0.270
   12     12    0.157639E-10    0.108352E+00       0.260
   13     13    0.907214E-12    0.108352E+00       0.260
  Converged ! |Res|=  9.072140461970289E-013  iter=                    13
 
 ---------------------------------------------------------------
  Timing for solving the Z vector equation
 
  CPU TIME(S)      SYSTEM TIME(S)     WALL TIME(S)
         28.090            0.020               3.530
 ---------------------------------------------------------------
 
 
 [resp_ex_Wmo]
 
  Skewness of Wmo(C,C) =  3.751900549438908E-009
  Skewness of Wmo(C,V) =  6.740592313234562E-013
  Skewness of Wmo(V,V) =  1.145719760067625E-008
  Skewness of Wmo(C,C) =  1.861278364097151E-008
  Skewness of Wmo(C,V) =  1.203692207230425E-012
  Skewness of Wmo(V,V) =  3.712528009232345E-008
 
 ---------------------------------------------------------------
  Timing for W matrix formation
 
  CPU TIME(S)      SYSTEM TIME(S)     WALL TIME(S)
          2.140            0.010               0.270
 ---------------------------------------------------------------
 
 
 [resp_deriv_energy]
 
 
 [resp_deriv1e_fock_new]
 
 
|--------------------------------------------------------------------------------|
          Molecular gradient - Overlap contribution
 
        Atom            X                    Y                    Z
        C             -0.0101090377          0.0000000000          0.0000000000
        O              0.0082317992         -0.0000000000          0.0000000000
        H              0.0009386192         -0.0000000000         -0.0049115776
        H              0.0009386192         -0.0000000000          0.0049115776
|--------------------------------------------------------------------------------|
 
 
|--------------------------------------------------------------------------------|
          Molecular gradient - Kinetic energy contribution
 
        Atom            X                    Y                    Z
        C             -0.0587352594          0.0000000000          0.0000000000
        O              0.0144450141         -0.0000000000          0.0000000000
        H              0.0221451226         -0.0000000000          0.0049902754
        H              0.0221451226         -0.0000000000         -0.0049902754
|--------------------------------------------------------------------------------|
 
 
|--------------------------------------------------------------------------------|
          Molecular gradient - Nuclear attraction energy contribution
 
        Atom            X                    Y                    Z
        C              0.4330250900         -0.0000000000          0.0000000000
        O             -0.0550088871          0.0000000000          0.0000000000
        H             -0.1890081014          0.0000000000         -0.0488531347
        H             -0.1890081014          0.0000000000          0.0488531347
|--------------------------------------------------------------------------------|
 
 
 ---------------------------------------------------------------
  Timing to calculate 1-electronic integrals                                      
 
  CPU TIME(S)      SYSTEM TIME(S)     WALL TIME(S)
          0.010            0.000               0.000
 ---------------------------------------------------------------
 
  Gradient contribution from 1e
      1        0.3641807929       -0.0000000000        0.0000000000
      2       -0.0323320738        0.0000000000        0.0000000000
      3       -0.1659243596        0.0000000000       -0.0487744369
      4       -0.1659243596        0.0000000000        0.0487744369
 Sum of gradient contribution from 1e
              0.0000000000       -0.0000000000        0.0000000000
 
 
 [resp_deriv2e]
 
resp deriv type   4
 Number of cartesian primative basis functions :      188
 If used primative density matrix:  F
  [int2e_petite_1st_gradient_screened]
 Total length of P4 ERIs 1st gradient:             1365957
 Maxium length of a batch of ERI 1st gradient:           50625
 Maxium length of a batch of dens matrix     :          320000
 Lenght of eri-grad core                     :         2350416
 If primative density matrix is used         : F
 Number of OpenMP threads                    :   8
 ngrad=                     1
 Esitmate buffer meomory used:        0.1592 GB
 
|--------------------------------------------------------------------------------|
          Molecular gradient - Elec Repulsive contribution
 
        Atom            X                    Y                    Z
        C             -0.3339978902          0.0000000000          0.0000000000
        O              0.0277381148         -0.0000000000          0.0000000000
        H              0.1531298877         -0.0000000000          0.0427608126
        H              0.1531298877         -0.0000000000         -0.0427608126
|--------------------------------------------------------------------------------|
 
 
 ---------------------------------------------------------------
  Timing to calculate 2-electronic integrals Gradients                            
 
  CPU TIME(S)      SYSTEM TIME(S)     WALL TIME(S)
          4.710            0.030               0.590
 ---------------------------------------------------------------
 
 Time:   PreRys     Rys    2dint    2dintd   6dint  6dintc  6dints
cputime    0.00E+00    0.00E+00    0.00E+00    0.00E+00    0.00E+00    0.00E+00    0.00E+00    0.00E+00
systime    0.00E+00    0.00E+00    0.00E+00    0.00E+00    0.00E+00    0.00E+00    0.00E+00    0.00E+00
waltime    0.00E+00    0.00E+00    0.00E+00    0.00E+00    0.00E+00    0.00E+00    0.00E+00    0.00E+00
 Finish resp_deriv2e
  Gradient contribution from Analytic 2e
      1       -0.3339978902        0.0000000000        0.0000000000
      2        0.0277381148       -0.0000000000        0.0000000000
      3        0.1531298877       -0.0000000000        0.0427608126
      4        0.1531298877       -0.0000000000       -0.0427608126
 Sum of gradient contribution from Analytic 2e
             -0.0000000000       -0.0000000000        0.0000000000
 
 
  Gradient contribution from Final-grad(no XC)
      1        0.0301829028       -0.0000000000        0.0000000000
      2       -0.0045939590        0.0000000000        0.0000000000
      3       -0.0127944719        0.0000000000       -0.0060136243
      4       -0.0127944719        0.0000000000        0.0060136243
 Sum of gradient contribution from Final-grad(no XC)
             -0.0000000000       -0.0000000000        0.0000000000
 
 
 [resp_deriv_Exc]
 
 
 ---------------------------------------------------------------
  Timing for XC energy gradient calculation
 
  CPU TIME(S)      SYSTEM TIME(S)     WALL TIME(S)
         18.680            0.000               2.340
 ---------------------------------------------------------------
 
  Gradient contribution from XC
      1        0.0302833372       -0.0000000000        0.0000000000
      2       -0.0054517000        0.0000000000        0.0000000000
      3       -0.0124157743        0.0000000000       -0.0026606462
      4       -0.0124157743        0.0000000000        0.0026606462
 Sum of gradient contribution from XC
              0.0000000886        0.0000000000        0.0000000000
 
 
 [resp_deriv_dpq]
 
  Gradient contribution from dpq-R
      1       -0.0000656338        0.0000000000        0.0000000000
      2        0.0001681893       -0.0000000000       -0.0000000000
      3        0.0000393027       -0.0000000000        0.0002843198
      4        0.0000393027       -0.0000000000       -0.0002843198
 Sum of gradient contribution from dpq-R
              0.0001811608       -0.0000000000       -0.0000000000
 
  Gradient contribution from Final-NAC(R)
      1        0.0604006061       -0.0000000000        0.0000000000
      2       -0.0098774697        0.0000000000       -0.0000000000
      3       -0.0251709435        0.0000000000       -0.0083899507
      4       -0.0251709435        0.0000000000        0.0083899507
 Sum of gradient contribution from Final-NAC(R)
              0.0001812494        0.0000000000        0.0000000000
 
 ------------------------------------------------------------------
 
 Raw NACMEs, without electron-translation factor:
  FNAC_cpair=   1   4   1     1   2   3
  FNAC_epair=         -113.7721392077076530         -113.7565859846552740
  Gradient contribution from Final-NAC(R)-Escaled
      1        3.8834784240       -0.0000000000        0.0000000000
      2       -0.6350754229        0.0000000000       -0.0000000000
      3       -1.6183747533        0.0000000000       -0.5394348631
      4       -1.6183747533        0.0000000000        0.5394348631
 Sum of gradient contribution from Final-NAC(R)-Escaled
              0.0116534945        0.0000000000        0.0000000000
 
 ------------------------------------------------------------------
  Gradient contribution from dpq-S
      1       -0.0003895597        0.0000000000        0.0000000000
      2        0.0000476536       -0.0000000000       -0.0000000000
      3        0.0001709530       -0.0000000000        0.0000531235
      4        0.0001709530       -0.0000000000       -0.0000531235
 Sum of gradient contribution from dpq-S
             -0.0000000000        0.0000000000       -0.0000000000
 
  Gradient contribution from Final-NAC(S)
      1        0.0600766803       -0.0000000000        0.0000000000
      2       -0.0099980055        0.0000000000       -0.0000000000
      3       -0.0250392931        0.0000000000       -0.0086211470
      4       -0.0250392931        0.0000000000        0.0086211470
 Sum of gradient contribution from Final-NAC(S)
              0.0000000886        0.0000000000        0.0000000000
 
 
 NACMEs including electron-translation factor:
  Gradient contribution from Final-NAC(S)-Escaled
      1        3.8626514988       -0.0000000000        0.0000000000
      2       -0.6428253131        0.0000000000       -0.0000000000
      3       -1.6099102449        0.0000000000       -0.5542997071
      4       -1.6099102449        0.0000000000        0.5542997071
 Sum of gradient contribution from Final-NAC(S)-Escaled
              0.0000056960        0.0000000000        0.0000000000
 
 
 [resp_ex_final] : iop=                     2
 
 
 [resp_ex_final] : iop=                     0
 
 
 [resp_ex_final] : iop=                     0
 
 
  <irep: 3 jnsos:     546 jnexi:   4>
 
 [resp_ex_init]
 
  Check normalization:
  R^t*L(vec)=   1.00000000000000     
  R^t*L(mat)=   1.00000000000000     
 
 [resp_ex_final] : iop=                     0
 
 
 [resp_ex_init]
 
  Check normalization:
  R^t*L(vec)=   1.00000000000000     
  R^t*L(mat)=   1.00000000000000     
 
 [resp_ex_final] : iop=                     0
 
 
 [resp_ex_init]
 
  Check normalization:
  R^t*L(vec)=   1.00000000000000     
  R^t*L(mat)=   1.00000000000000     
 
 [resp_ex_final] : iop=                     0
 
 
 [resp_ex_init]
 
  Check normalization:
  R^t*L(vec)=   1.00000000000000     
  R^t*L(mat)=   1.00000000000000     
 
 [resp_ex_init]
 
  Check normalization:
  R^t*L(vec)=   1.00000000000000     
  R^t*L(mat)=   1.00000000000000     
 
 =================================
  PairIJ=   1   2   1   1   3   1
 =================================
 
 [resp_nac_main2]
 
  wJI =  5.336802039122571E-002
  Check normalization:
  R1^t*L1(mat)=   1.00000000000000     
  R2^t*L2(mat)=   1.00000000000000     
  Check orthogonality:
  R1^t*L2(mat)=  0.000000000000000E+000
  L1^t*R2(mat)=  0.000000000000000E+000
  Z1^t*Z2(mat)=  0.000000000000000E+000
 ---------------------------------------------------
  I-state,J-state,wJI 
           0.144247        0.197615        0.053368
  CHECK TRANSITION DIPOLE : expect.  resp.  total 
  1        0.000000        0.000000        0.000000
  2       -0.245860        0.000000       -0.245860
  3       -0.000000        0.000000       -0.000000
 ---------------------------------------------------
 
 [resp_ex_zvector]
 
 [resp_fock2e_Qex]
 [resp_fockxc_Qex]
 
 ---------------------------------------------------------------
  Timing for Q operator formation
 
  CPU TIME(S)      SYSTEM TIME(S)     WALL TIME(S)
          6.690            0.010               0.840
 ---------------------------------------------------------------
 
 
 [resp_ex_Zmo] : Solving Z-vector equation ...
 
 respcphf%isolver=                     2                     1
 
 [resp_cphf_solver]
  isf  =                     0
  freq =  0.000000000000000E+000
 
 
 [LinearSolver]: ndim=                  1957
  Norm of RHS =   0.178109992340828     
 Initial Guess of CPHF vector                     0                     0
   iter  Ndim        |res|           |x|           time/s
    1      1    0.338565E-01    0.945689E-01       0.000
    2      2    0.804634E-02    0.110977E+00       0.270
    3      3    0.178732E-02    0.112160E+00       0.280
    4      4    0.268757E-03    0.112156E+00       0.280
    5      5    0.415655E-04    0.112172E+00       0.270
    6      6    0.627834E-05    0.112174E+00       0.280
    7      7    0.862985E-06    0.112174E+00       0.280
    8      8    0.672149E-07    0.112174E+00       0.270
    9      9    0.544030E-08    0.112174E+00       0.280
   10     10    0.339578E-09    0.112174E+00       0.270
   11     11    0.171915E-10    0.112174E+00       0.270
   12     12    0.112935E-11    0.112174E+00       0.250
   13     13    0.682095E-12    0.112174E+00       0.190
  Converged ! |Res|=  6.820949619780457E-013  iter=                    13
 
 ---------------------------------------------------------------
  Timing for solving the Z vector equation
 
  CPU TIME(S)      SYSTEM TIME(S)     WALL TIME(S)
         27.550            0.100               3.460
 ---------------------------------------------------------------
 
 
 [resp_ex_Wmo]
 
  Skewness of Wmo(C,C) =  5.119845199191086E-010
  Skewness of Wmo(C,V) =  9.797046118658275E-014
  Skewness of Wmo(V,V) =  7.074830584137009E-009
  Skewness of Wmo(C,C) =  2.571699766542853E-008
  Skewness of Wmo(C,V) =  1.274030799694820E-013
  Skewness of Wmo(V,V) =  8.939804550715222E-008
 
 ---------------------------------------------------------------
  Timing for W matrix formation
 
  CPU TIME(S)      SYSTEM TIME(S)     WALL TIME(S)
          2.150            0.010               0.270
 ---------------------------------------------------------------
 
 
 [resp_deriv_energy]
 
 
 [resp_deriv1e_fock_new]
 
 
|--------------------------------------------------------------------------------|
          Molecular gradient - Overlap contribution
 
        Atom            X                    Y                    Z
        C              0.0000000000          0.0595182800          0.0000000000
        O             -0.0000000000         -0.0368541120          0.0000000000
        H             -0.0000000000         -0.0113320840          0.0000000000
        H             -0.0000000000         -0.0113320840          0.0000000000
|--------------------------------------------------------------------------------|
 
 
|--------------------------------------------------------------------------------|
          Molecular gradient - Kinetic energy contribution
 
        Atom            X                    Y                    Z
        C              0.0000000000          0.0504665471          0.0000000000
        O             -0.0000000000         -0.0352000472          0.0000000000
        H              0.0000000000         -0.0076332499          0.0000000000
        H             -0.0000000000         -0.0076332499          0.0000000000
|--------------------------------------------------------------------------------|
 
 
|--------------------------------------------------------------------------------|
          Molecular gradient - Nuclear attraction energy contribution
 
        Atom            X                    Y                    Z
        C             -0.0000000000         -0.7600855280          0.0000000000
        O              0.0000000000          0.5123204830          0.0000000000
        H              0.0000000000          0.1238825225          0.0000000000
        H              0.0000000000          0.1238825225          0.0000000000
|--------------------------------------------------------------------------------|
 
 
 ---------------------------------------------------------------
  Timing to calculate 1-electronic integrals                                      
 
  CPU TIME(S)      SYSTEM TIME(S)     WALL TIME(S)
          0.010            0.000               0.000
 ---------------------------------------------------------------
 
  Gradient contribution from 1e
      1       -0.0000000000       -0.6501007009        0.0000000000
      2        0.0000000000        0.4402663238        0.0000000000
      3        0.0000000000        0.1049171885        0.0000000000
      4        0.0000000000        0.1049171885        0.0000000000
 Sum of gradient contribution from 1e
              0.0000000000        0.0000000000        0.0000000000
 
 
 [resp_deriv2e]
 
resp deriv type   4
 Number of cartesian primative basis functions :      188
 If used primative density matrix:  F
  [int2e_petite_1st_gradient_screened]
 Total length of P4 ERIs 1st gradient:             1365957
 Maxium length of a batch of ERI 1st gradient:           50625
 Maxium length of a batch of dens matrix     :          320000
 Lenght of eri-grad core                     :         2350416
 If primative density matrix is used         : F
 Number of OpenMP threads                    :   8
 ngrad=                     1
 Esitmate buffer meomory used:        0.1592 GB
 
|--------------------------------------------------------------------------------|
          Molecular gradient - Elec Repulsive contribution
 
        Atom            X                    Y                    Z
        C              0.0000000000          0.6510991424          0.0000000000
        O             -0.0000000000         -0.4476410665          0.0000000000
        H             -0.0000000000         -0.1017290379          0.0000000000
        H             -0.0000000000         -0.1017290379          0.0000000000
|--------------------------------------------------------------------------------|
 
 
 ---------------------------------------------------------------
  Timing to calculate 2-electronic integrals Gradients                            
 
  CPU TIME(S)      SYSTEM TIME(S)     WALL TIME(S)
          4.780            0.010               0.600
 ---------------------------------------------------------------
 
 Time:   PreRys     Rys    2dint    2dintd   6dint  6dintc  6dints
cputime    0.00E+00    0.00E+00    0.00E+00    0.00E+00    0.00E+00    0.00E+00    0.00E+00    0.00E+00
systime    0.00E+00    0.00E+00    0.00E+00    0.00E+00    0.00E+00    0.00E+00    0.00E+00    0.00E+00
waltime    0.00E+00    0.00E+00    0.00E+00    0.00E+00    0.00E+00    0.00E+00    0.00E+00    0.00E+00
 Finish resp_deriv2e
  Gradient contribution from Analytic 2e
      1        0.0000000000        0.6510991424        0.0000000000
      2       -0.0000000000       -0.4476410665        0.0000000000
      3       -0.0000000000       -0.1017290379        0.0000000000
      4       -0.0000000000       -0.1017290379        0.0000000000
 Sum of gradient contribution from Analytic 2e
              0.0000000000       -0.0000000000        0.0000000000
 
 
  Gradient contribution from Final-grad(no XC)
      1        0.0000000000        0.0009984415        0.0000000000
      2       -0.0000000000       -0.0073747427        0.0000000000
      3        0.0000000000        0.0031881506        0.0000000000
      4        0.0000000000        0.0031881506        0.0000000000
 Sum of gradient contribution from Final-grad(no XC)
              0.0000000000        0.0000000000        0.0000000000
 
 
 [resp_deriv_Exc]
 
 
 ---------------------------------------------------------------
  Timing for XC energy gradient calculation
 
  CPU TIME(S)      SYSTEM TIME(S)     WALL TIME(S)
         18.860            0.000               2.360
 ---------------------------------------------------------------
 
  Gradient contribution from XC
      1       -0.0000000000       -0.0405049229        0.0000000000
      2        0.0000000000        0.0268964348        0.0000000000
      3        0.0000000000        0.0068042364        0.0000000000
      4        0.0000000000        0.0068042364        0.0000000000
 Sum of gradient contribution from XC
              0.0000000000       -0.0000000152        0.0000000000
 
 
 [resp_deriv_dpq]
 
  Gradient contribution from dpq-R
      1        0.0000000000       -0.0012709788        0.0000000000
      2        0.0000000000        0.0012669180        0.0000000000
      3        0.0000000000        0.0000255624       -0.0000000000
      4        0.0000000000        0.0000255624        0.0000000000
 Sum of gradient contribution from dpq-R
              0.0000000000        0.0000470640        0.0000000000
 
  Gradient contribution from Final-NAC(R)
      1       -0.0000000000       -0.0407774602        0.0000000000
      2        0.0000000000        0.0207886101        0.0000000000
      3        0.0000000000        0.0100179494       -0.0000000000
      4        0.0000000000        0.0100179494        0.0000000000
 Sum of gradient contribution from Final-NAC(R)
              0.0000000000        0.0000470487        0.0000000000
 
 ------------------------------------------------------------------
 
 Raw NACMEs, without electron-translation factor:
  FNAC_cpair=   1   2   1     1   3   1
  FNAC_epair=         -113.9525311195274071         -113.8991630991361887
  Gradient contribution from Final-NAC(R)-Escaled
      1       -0.0000000000       -0.7640804350        0.0000000000
      2        0.0000000000        0.3895330942        0.0000000000
      3        0.0000000000        0.1877144657       -0.0000000000
      4        0.0000000000        0.1877144657        0.0000000000
 Sum of gradient contribution from Final-NAC(R)-Escaled
              0.0000000000        0.0008815906        0.0000000000
 
 ------------------------------------------------------------------
  Gradient contribution from dpq-S
      1        0.0000000000        0.0018264959       -0.0000000000
      2        0.0000000000       -0.0011752848        0.0000000000
      3       -0.0000000000       -0.0003256055       -0.0000000000
      4       -0.0000000000       -0.0003256055        0.0000000000
 Sum of gradient contribution from dpq-S
              0.0000000000        0.0000000000        0.0000000000
 
  Gradient contribution from Final-NAC(S)
      1       -0.0000000000       -0.0376799856       -0.0000000000
      2        0.0000000000        0.0183464073        0.0000000000
      3        0.0000000000        0.0096667815       -0.0000000000
      4        0.0000000000        0.0096667815        0.0000000000
 Sum of gradient contribution from Final-NAC(S)
              0.0000000000       -0.0000000152        0.0000000000
 
 
 NACMEs including electron-translation factor:
  Gradient contribution from Final-NAC(S)-Escaled
      1       -0.0000000000       -0.7060405332       -0.0000000000
      2        0.0000000000        0.3437715538        0.0000000000
      3        0.0000000000        0.1811343470       -0.0000000000
      4        0.0000000000        0.1811343470        0.0000000000
 Sum of gradient contribution from Final-NAC(S)-Escaled
              0.0000000000       -0.0000002853        0.0000000000
 
 
 [resp_ex_final] : iop=                     2
 
 
 [resp_ex_final] : iop=                     0
 
 
 [resp_ex_final] : iop=                     0
 
 
 [resp_ex_init]
 
  Check normalization:
  R^t*L(vec)=   1.00000000000000     
  R^t*L(mat)=   1.00000000000000     
 
 [resp_ex_final] : iop=                     0
 
 
 [resp_ex_init]
 
  Check normalization:
  R^t*L(vec)=   1.00000000000000     
  R^t*L(mat)=   1.00000000000000     
 
 [resp_ex_final] : iop=                     0
 
 
 [resp_ex_init]
 
  Check normalization:
  R^t*L(vec)=   1.00000000000000     
  R^t*L(mat)=   1.00000000000000     
 
 [resp_ex_final] : iop=                     0
 
 
 [resp_ex_init]
 
  Check normalization:
  R^t*L(vec)=   1.00000000000000     
  R^t*L(mat)=   1.00000000000000     
 
 [resp_ex_final] : iop=                     0
 
 
 [resp_ex_init]
 
  Check normalization:
  R^t*L(vec)=   1.00000000000000     
  R^t*L(mat)=   1.00000000000000     
 
 [resp_ex_final] : iop=                     0
 
 
 [resp_ex_init]
 
  Check normalization:
  R^t*L(vec)=   1.00000000000000     
  R^t*L(mat)=   1.00000000000000     
 
 [resp_ex_final] : iop=                     0
 
 
 [resp_ex_init]
 
  Check normalization:
  R^t*L(vec)=   1.00000000000000     
  R^t*L(mat)=   1.00000000000000     
 
 [resp_ex_final] : iop=                     0
 
 
 [resp_ex_init]
 
  Check normalization:
  R^t*L(vec)=   1.00000000000000     
  R^t*L(mat)=   1.00000000000000     
 
 [resp_ex_final] : iop=                     0
 
 
  <irep: 4 jnsos:     429 jnexi:   4>
 
 [resp_ex_init]
 
  Check normalization:
  R^t*L(vec)=   1.00000000000000     
  R^t*L(mat)=   1.00000000000000     
 
 [resp_ex_init]
 
  Check normalization:
  R^t*L(vec)=   1.00000000000000     
  R^t*L(mat)=   1.00000000000000     
 
 =================================
  PairIJ=   1   1   1   1   4   1
 =================================
 
 [resp_nac_main2]
 
  wJI =  8.453803579846381E-002
  Check normalization:
  R1^t*L1(mat)=   1.00000000000000     
  R2^t*L2(mat)=   1.00000000000000     
  Check orthogonality:
  R1^t*L2(mat)=  0.000000000000000E+000
  L1^t*R2(mat)=  0.000000000000000E+000
  Z1^t*Z2(mat)=  0.000000000000000E+000
 ---------------------------------------------------
  I-state,J-state,wJI 
           0.240101        0.324639        0.084538
  CHECK TRANSITION DIPOLE : expect.  resp.  total 
  1        0.000000        0.000000        0.000000
  2        0.017563        0.000000        0.017563
  3       -0.000000        0.000000       -0.000000
 ---------------------------------------------------
 
 [resp_ex_zvector]
 
 [resp_fock2e_Qex]
 [resp_fockxc_Qex]
 
 ---------------------------------------------------------------
  Timing for Q operator formation
 
  CPU TIME(S)      SYSTEM TIME(S)     WALL TIME(S)
          6.560            0.020               0.820
 ---------------------------------------------------------------
 
 
 [resp_ex_Zmo] : Solving Z-vector equation ...
 
 respcphf%isolver=                     2                     1
 
 [resp_cphf_solver]
  isf  =                     0
  freq =  0.000000000000000E+000
 
 
 [LinearSolver]: ndim=                  1957
  Norm of RHS =   5.958680281874869E-002
 Initial Guess of CPHF vector                     0                     0
   iter  Ndim        |res|           |x|           time/s
    1      1    0.118614E-01    0.124821E+00       0.000
    2      2    0.222962E-02    0.129257E+00       0.270
    3      3    0.455530E-03    0.129451E+00       0.280
    4      4    0.129010E-03    0.129442E+00       0.270
    5      5    0.269370E-04    0.129447E+00       0.280
    6      6    0.348193E-05    0.129446E+00       0.270
    7      7    0.373961E-06    0.129446E+00       0.280
    8      8    0.372364E-07    0.129446E+00       0.280
    9      9    0.211778E-08    0.129446E+00       0.280
   10     10    0.116684E-09    0.129446E+00       0.280
   11     11    0.620651E-11    0.129446E+00       0.270
   12     12    0.388031E-12    0.129446E+00       0.230
  Converged ! |Res|=  3.880306172614615E-013  iter=                    12
 
 ---------------------------------------------------------------
  Timing for solving the Z vector equation
 
  CPU TIME(S)      SYSTEM TIME(S)     WALL TIME(S)
         25.950            0.110               3.260
 ---------------------------------------------------------------
 
 
 [resp_ex_Wmo]
 
  Skewness of Wmo(C,C) =  4.410734733356642E-009
  Skewness of Wmo(C,V) =  5.078615764183620E-013
  Skewness of Wmo(V,V) =  2.595147917691807E-008
  Skewness of Wmo(C,C) =  1.315328920924403E-008
  Skewness of Wmo(C,V) =  3.973657918106323E-013
  Skewness of Wmo(V,V) =  4.258253096335677E-008
 
 ---------------------------------------------------------------
  Timing for W matrix formation
 
  CPU TIME(S)      SYSTEM TIME(S)     WALL TIME(S)
          2.130            0.000               0.270
 ---------------------------------------------------------------
 
 
 [resp_deriv_energy]
 
 
 [resp_deriv1e_fock_new]
 
 
|--------------------------------------------------------------------------------|
          Molecular gradient - Overlap contribution
 
        Atom            X                    Y                    Z
        C             -0.0000000000         -0.0003831940          0.0000000000
        O              0.0000000000          0.0007738862          0.0000000000
        H              0.0000000000         -0.0001953461          0.0000000000
        H             -0.0000000000         -0.0001953461          0.0000000000
|--------------------------------------------------------------------------------|
 
 
|--------------------------------------------------------------------------------|
          Molecular gradient - Kinetic energy contribution
 
        Atom            X                    Y                    Z
        C              0.0000000000          0.0003796940          0.0000000000
        O              0.0000000000          0.0017851334          0.0000000000
        H              0.0000000000         -0.0010824137          0.0000000000
        H             -0.0000000000         -0.0010824137          0.0000000000
|--------------------------------------------------------------------------------|
 
 
|--------------------------------------------------------------------------------|
          Molecular gradient - Nuclear attraction energy contribution
 
        Atom            X                    Y                    Z
        C              0.0000000000          0.0000994022          0.0000000000
        O             -0.0000000000         -0.0077564305          0.0000000000
        H             -0.0000000000          0.0038285142          0.0000000000
        H              0.0000000000          0.0038285142          0.0000000000
|--------------------------------------------------------------------------------|
 
 
 ---------------------------------------------------------------
  Timing to calculate 1-electronic integrals                                      
 
  CPU TIME(S)      SYSTEM TIME(S)     WALL TIME(S)
          0.010            0.000               0.000
 ---------------------------------------------------------------
 
  Gradient contribution from 1e
      1        0.0000000000        0.0000959021        0.0000000000
      2       -0.0000000000       -0.0051974109        0.0000000000
      3       -0.0000000000        0.0025507544        0.0000000000
      4        0.0000000000        0.0025507544        0.0000000000
 Sum of gradient contribution from 1e
              0.0000000000       -0.0000000000        0.0000000000
 
 
 [resp_deriv2e]
 
resp deriv type   4
 Number of cartesian primative basis functions :      188
 If used primative density matrix:  F
  [int2e_petite_1st_gradient_screened]
 Total length of P4 ERIs 1st gradient:             1365957
 Maxium length of a batch of ERI 1st gradient:           50625
 Maxium length of a batch of dens matrix     :          320000
 Lenght of eri-grad core                     :         2350416
 If primative density matrix is used         : F
 Number of OpenMP threads                    :   8
 ngrad=                     1
 Esitmate buffer meomory used:        0.1592 GB
 
|--------------------------------------------------------------------------------|
          Molecular gradient - Elec Repulsive contribution
 
        Atom            X                    Y                    Z
        C              0.0000000000          0.0027720171          0.0000000000
        O              0.0000000000          0.0041982822          0.0000000000
        H             -0.0000000000         -0.0034851496          0.0000000000
        H             -0.0000000000         -0.0034851496          0.0000000000
|--------------------------------------------------------------------------------|
 
 
 ---------------------------------------------------------------
  Timing to calculate 2-electronic integrals Gradients                            
 
  CPU TIME(S)      SYSTEM TIME(S)     WALL TIME(S)
          4.750            0.020               0.600
 ---------------------------------------------------------------
 
 Time:   PreRys     Rys    2dint    2dintd   6dint  6dintc  6dints
cputime    0.00E+00    0.00E+00    0.00E+00    0.00E+00    0.00E+00    0.00E+00    0.00E+00    0.00E+00
systime    0.00E+00    0.00E+00    0.00E+00    0.00E+00    0.00E+00    0.00E+00    0.00E+00    0.00E+00
waltime    0.00E+00    0.00E+00    0.00E+00    0.00E+00    0.00E+00    0.00E+00    0.00E+00    0.00E+00
 Finish resp_deriv2e
  Gradient contribution from Analytic 2e
      1        0.0000000000        0.0027720171        0.0000000000
      2        0.0000000000        0.0041982822        0.0000000000
      3       -0.0000000000       -0.0034851496        0.0000000000
      4       -0.0000000000       -0.0034851496        0.0000000000
 Sum of gradient contribution from Analytic 2e
             -0.0000000000        0.0000000000        0.0000000000
 
 
  Gradient contribution from Final-grad(no XC)
      1        0.0000000000        0.0028679192        0.0000000000
      2       -0.0000000000       -0.0009991288        0.0000000000
      3       -0.0000000000       -0.0009343952        0.0000000000
      4        0.0000000000       -0.0009343952        0.0000000000
 Sum of gradient contribution from Final-grad(no XC)
              0.0000000000       -0.0000000000        0.0000000000
 
 
 [resp_deriv_Exc]
 
 
 ---------------------------------------------------------------
  Timing for XC energy gradient calculation
 
  CPU TIME(S)      SYSTEM TIME(S)     WALL TIME(S)
         18.650            0.000               2.340
 ---------------------------------------------------------------
 
  Gradient contribution from XC
      1       -0.0000000000       -0.0015882505        0.0000000000
      2       -0.0000000000       -0.0002350201        0.0000000000
      3        0.0000000000        0.0009116013        0.0000000000
      4        0.0000000000        0.0009116013        0.0000000000
 Sum of gradient contribution from XC
             -0.0000000000       -0.0000000680        0.0000000000
 
 
 [resp_deriv_dpq]
 
  Gradient contribution from dpq-R
      1        0.0000000000        0.0002824483        0.0000000000
      2       -0.0000000000       -0.0000565484       -0.0000000000
      3        0.0000000000        0.0001099268        0.0000000000
      4        0.0000000000        0.0001099268       -0.0000000000
 Sum of gradient contribution from dpq-R
              0.0000000000        0.0004457536        0.0000000000
 
  Gradient contribution from Final-NAC(R)
      1        0.0000000000        0.0015621169        0.0000000000
      2       -0.0000000000       -0.0012906972       -0.0000000000
      3       -0.0000000000        0.0000871329        0.0000000000
      4        0.0000000000        0.0000871329       -0.0000000000
 Sum of gradient contribution from Final-NAC(R)
              0.0000000000        0.0004456855        0.0000000000
 
 ------------------------------------------------------------------
 
 Raw NACMEs, without electron-translation factor:
  FNAC_cpair=   1   1   1     1   4   1
  FNAC_epair=         -113.8566772435061267         -113.7721392077076530
  Gradient contribution from Final-NAC(R)-Escaled
      1        0.0000000000        0.0184782733        0.0000000000
      2       -0.0000000000       -0.0152676506       -0.0000000000
      3       -0.0000000000        0.0010306945        0.0000000000
      4        0.0000000000        0.0010306945       -0.0000000000
 Sum of gradient contribution from Final-NAC(R)-Escaled
              0.0000000000        0.0052720117        0.0000000000
 
 ------------------------------------------------------------------
  Gradient contribution from dpq-S
      1        0.0000000000        0.0002153803        0.0000000000
      2       -0.0000000000        0.0000105687        0.0000000000
      3       -0.0000000000       -0.0001129745        0.0000000000
      4       -0.0000000000       -0.0001129745       -0.0000000000
 Sum of gradient contribution from dpq-S
              0.0000000000        0.0000000000        0.0000000000
 
  Gradient contribution from Final-NAC(S)
      1        0.0000000000        0.0014950489        0.0000000000
      2       -0.0000000000       -0.0012235801        0.0000000000
      3       -0.0000000000       -0.0001357684        0.0000000000
      4        0.0000000000       -0.0001357684       -0.0000000000
 Sum of gradient contribution from Final-NAC(S)
             -0.0000000000       -0.0000000680        0.0000000000
 
 
 NACMEs including electron-translation factor:
  Gradient contribution from Final-NAC(S)-Escaled
      1        0.0000000000        0.0176849259        0.0000000000
      2       -0.0000000000       -0.0144737228        0.0000000000
      3       -0.0000000000       -0.0016060040        0.0000000000
      4        0.0000000000       -0.0016060040       -0.0000000000
 Sum of gradient contribution from Final-NAC(S)-Escaled
             -0.0000000000       -0.0000008049        0.0000000000
 
 
 [resp_ex_final] : iop=                     2
 
 
 [resp_ex_final] : iop=                     0
 
 
 [resp_ex_init]
 
  Check normalization:
  R^t*L(vec)=   1.00000000000000     
  R^t*L(mat)=   1.00000000000000     
 
 =================================
  PairIJ=   1   1   2   1   4   1
 =================================
 
 [resp_nac_main2]
 
  wJI =  8.001035499972642E-002
  Check normalization:
  R1^t*L1(mat)=   1.00000000000000     
  R2^t*L2(mat)=   1.00000000000000     
  Check orthogonality:
  R1^t*L2(mat)=  0.000000000000000E+000
  L1^t*R2(mat)=  0.000000000000000E+000
  Z1^t*Z2(mat)=  0.000000000000000E+000
 ---------------------------------------------------
  I-state,J-state,wJI 
           0.244629        0.324639        0.080010
  CHECK TRANSITION DIPOLE : expect.  resp.  total 
  1        0.000000        0.000000        0.000000
  2        0.248147        0.000000        0.248147
  3       -0.000000        0.000000       -0.000000
 ---------------------------------------------------
 
 [resp_ex_zvector]
 
 [resp_fock2e_Qex]
 [resp_fockxc_Qex]
 
 ---------------------------------------------------------------
  Timing for Q operator formation
 
  CPU TIME(S)      SYSTEM TIME(S)     WALL TIME(S)
          6.620            0.020               0.830
 ---------------------------------------------------------------
 
 
 [resp_ex_Zmo] : Solving Z-vector equation ...
 
 respcphf%isolver=                     2                     1
 
 [resp_cphf_solver]
  isf  =                     0
  freq =  0.000000000000000E+000
 
 
 [LinearSolver]: ndim=                  1957
  Norm of RHS =   0.128772772020760     
 Initial Guess of CPHF vector                     0                     0
   iter  Ndim        |res|           |x|           time/s
    1      1    0.272013E-01    0.935875E-01       0.000
    2      2    0.483847E-02    0.971098E-01       0.280
    3      3    0.147055E-02    0.976889E-01       0.270
    4      4    0.246776E-03    0.978734E-01       0.270
    5      5    0.310598E-04    0.978682E-01       0.280
    6      6    0.520757E-05    0.978683E-01       0.270
    7      7    0.588524E-06    0.978684E-01       0.270
    8      8    0.793702E-07    0.978684E-01       0.280
    9      9    0.404663E-08    0.978684E-01       0.280
   10     10    0.154923E-09    0.978684E-01       0.270
   11     11    0.109938E-10    0.978684E-01       0.280
   12     12    0.812295E-12    0.978684E-01       0.240
  Converged ! |Res|=  8.122954537485256E-013  iter=                    12
 
 ---------------------------------------------------------------
  Timing for solving the Z vector equation
 
  CPU TIME(S)      SYSTEM TIME(S)     WALL TIME(S)
         25.870            0.100               3.260
 ---------------------------------------------------------------
 
 
 [resp_ex_Wmo]
 
  Skewness of Wmo(C,C) =  7.749342052050496E-009
  Skewness of Wmo(C,V) =  1.107987901813693E-012
  Skewness of Wmo(V,V) =  4.631851056343687E-008
  Skewness of Wmo(C,C) =  1.331123454731346E-008
  Skewness of Wmo(C,V) =  1.189404463901523E-012
  Skewness of Wmo(V,V) =  7.357070863076248E-008
 
 ---------------------------------------------------------------
  Timing for W matrix formation
 
  CPU TIME(S)      SYSTEM TIME(S)     WALL TIME(S)
          2.140            0.010               0.270
 ---------------------------------------------------------------
 
 
 [resp_deriv_energy]
 
 
 [resp_deriv1e_fock_new]
 
 
|--------------------------------------------------------------------------------|
          Molecular gradient - Overlap contribution
 
        Atom            X                    Y                    Z
        C             -0.0000000000         -0.0585733140          0.0000000000
        O              0.0000000000          0.0266535280          0.0000000000
        H              0.0000000000          0.0159598930          0.0000000000
        H              0.0000000000          0.0159598930          0.0000000000
|--------------------------------------------------------------------------------|
 
 
|--------------------------------------------------------------------------------|
          Molecular gradient - Kinetic energy contribution
 
        Atom            X                    Y                    Z
        C             -0.0000000000         -0.0670656362          0.0000000000
        O              0.0000000000          0.0439444968          0.0000000000
        H              0.0000000000          0.0115605697          0.0000000000
        H              0.0000000000          0.0115605697          0.0000000000
|--------------------------------------------------------------------------------|
 
 
|--------------------------------------------------------------------------------|
          Molecular gradient - Nuclear attraction energy contribution
 
        Atom            X                    Y                    Z
        C              0.0000000000          0.8316710808          0.0000000000
        O             -0.0000000000         -0.4567089717          0.0000000000
        H             -0.0000000000         -0.1874810546          0.0000000000
        H             -0.0000000000         -0.1874810546          0.0000000000
|--------------------------------------------------------------------------------|
 
 
 ---------------------------------------------------------------
  Timing to calculate 1-electronic integrals                                      
 
  CPU TIME(S)      SYSTEM TIME(S)     WALL TIME(S)
          0.010            0.000               0.000
 ---------------------------------------------------------------
 
  Gradient contribution from 1e
      1        0.0000000000        0.7060321307        0.0000000000
      2       -0.0000000000       -0.3861109468        0.0000000000
      3       -0.0000000000       -0.1599605919        0.0000000000
      4       -0.0000000000       -0.1599605919        0.0000000000
 Sum of gradient contribution from 1e
             -0.0000000000       -0.0000000000        0.0000000000
 
 
 [resp_deriv2e]
 
resp deriv type   4
 Number of cartesian primative basis functions :      188
 If used primative density matrix:  F
  [int2e_petite_1st_gradient_screened]
 Total length of P4 ERIs 1st gradient:             1365957
 Maxium length of a batch of ERI 1st gradient:           50625
 Maxium length of a batch of dens matrix     :          320000
 Lenght of eri-grad core                     :         2350416
 If primative density matrix is used         : F
 Number of OpenMP threads                    :   8
 ngrad=                     1
 Esitmate buffer meomory used:        0.1592 GB
 
|--------------------------------------------------------------------------------|
          Molecular gradient - Elec Repulsive contribution
 
        Atom            X                    Y                    Z
        C             -0.0000000000         -0.7022560854          0.0000000000
        O              0.0000000000          0.3881061314          0.0000000000
        H              0.0000000000          0.1570749770          0.0000000000
        H              0.0000000000          0.1570749770          0.0000000000
|--------------------------------------------------------------------------------|
 
 
 ---------------------------------------------------------------
  Timing to calculate 2-electronic integrals Gradients                            
 
  CPU TIME(S)      SYSTEM TIME(S)     WALL TIME(S)
          4.740            0.020               0.600
 ---------------------------------------------------------------
 
 Time:   PreRys     Rys    2dint    2dintd   6dint  6dintc  6dints
cputime    0.00E+00    0.00E+00    0.00E+00    0.00E+00    0.00E+00    0.00E+00    0.00E+00    0.00E+00
systime    0.00E+00    0.00E+00    0.00E+00    0.00E+00    0.00E+00    0.00E+00    0.00E+00    0.00E+00
waltime    0.00E+00    0.00E+00    0.00E+00    0.00E+00    0.00E+00    0.00E+00    0.00E+00    0.00E+00
 Finish resp_deriv2e
  Gradient contribution from Analytic 2e
      1       -0.0000000000       -0.7022560854        0.0000000000
      2        0.0000000000        0.3881061314        0.0000000000
      3        0.0000000000        0.1570749770        0.0000000000
      4        0.0000000000        0.1570749770        0.0000000000
 Sum of gradient contribution from Analytic 2e
             -0.0000000000        0.0000000000        0.0000000000
 
 
  Gradient contribution from Final-grad(no XC)
      1        0.0000000000        0.0037760452        0.0000000000
      2        0.0000000000        0.0019951846        0.0000000000
      3        0.0000000000       -0.0028856149        0.0000000000
      4       -0.0000000000       -0.0028856149        0.0000000000
 Sum of gradient contribution from Final-grad(no XC)
             -0.0000000000       -0.0000000000        0.0000000000
 
 
 [resp_deriv_Exc]
 
 
 ---------------------------------------------------------------
  Timing for XC energy gradient calculation
 
  CPU TIME(S)      SYSTEM TIME(S)     WALL TIME(S)
         18.990            0.010               2.380
 ---------------------------------------------------------------
 
  Gradient contribution from XC
      1        0.0000000000        0.0455286103        0.0000000000
      2       -0.0000000000       -0.0259893026        0.0000000000
      3       -0.0000000000       -0.0097697007        0.0000000000
      4       -0.0000000000       -0.0097697007        0.0000000000
 Sum of gradient contribution from XC
             -0.0000000000       -0.0000000937        0.0000000000
 
 
 [resp_deriv_dpq]
 
  Gradient contribution from dpq-R
      1       -0.0000000000        0.0003991490       -0.0000000000
      2       -0.0000000000       -0.0014064809       -0.0000000000
      3        0.0000000000        0.0002195956        0.0000000000
      4        0.0000000000        0.0002195956       -0.0000000000
 Sum of gradient contribution from dpq-R
             -0.0000000000       -0.0005681407       -0.0000000000
 
  Gradient contribution from Final-NAC(R)
      1        0.0000000000        0.0497038045       -0.0000000000
      2       -0.0000000000       -0.0254005989       -0.0000000000
      3       -0.0000000000       -0.0124357199        0.0000000000
      4       -0.0000000000       -0.0124357199       -0.0000000000
 Sum of gradient contribution from Final-NAC(R)
             -0.0000000000       -0.0005682343       -0.0000000000
 
 ------------------------------------------------------------------
 
 Raw NACMEs, without electron-translation factor:
  FNAC_cpair=   1   1   2     1   4   1
  FNAC_epair=         -113.8521495627073818         -113.7721392077076530
  Gradient contribution from Final-NAC(R)-Escaled
      1        0.0000000000        0.6212171474       -0.0000000000
      2       -0.0000000000       -0.3174663946       -0.0000000000
      3       -0.0000000000       -0.1554263814        0.0000000000
      4       -0.0000000000       -0.1554263814       -0.0000000000
 Sum of gradient contribution from Final-NAC(R)-Escaled
             -0.0000000000       -0.0071020099       -0.0000000000
 
 ------------------------------------------------------------------
  Gradient contribution from dpq-S
      1       -0.0000000000       -0.0028715110        0.0000000000
      2       -0.0000000000        0.0009906588       -0.0000000000
      3        0.0000000000        0.0009404261        0.0000000000
      4        0.0000000000        0.0009404261       -0.0000000000
 Sum of gradient contribution from dpq-S
             -0.0000000000        0.0000000000        0.0000000000
 
  Gradient contribution from Final-NAC(S)
      1        0.0000000000        0.0464331445        0.0000000000
      2       -0.0000000000       -0.0230034592       -0.0000000000
      3       -0.0000000000       -0.0117148895        0.0000000000
      4       -0.0000000000       -0.0117148895       -0.0000000000
 Sum of gradient contribution from Final-NAC(S)
             -0.0000000000       -0.0000000937        0.0000000000
 
 
 NACMEs including electron-translation factor:
  Gradient contribution from Final-NAC(S)-Escaled
      1        0.0000000000        0.5803391888        0.0000000000
      2       -0.0000000000       -0.2875060259       -0.0000000000
      3       -0.0000000000       -0.1464171669        0.0000000000
      4       -0.0000000000       -0.1464171669       -0.0000000000
 Sum of gradient contribution from Final-NAC(S)-Escaled
             -0.0000000000       -0.0000011709       -0.0000000000
 
 
 [resp_ex_final] : iop=                     2
 
 
 [resp_ex_final] : iop=                     0
 
 
 [resp_ex_final] : iop=                     0
 
 
 [resp_ex_init]
 
  Check normalization:
  R^t*L(vec)=   1.00000000000000     
  R^t*L(mat)=   1.00000000000000     
 
 [resp_ex_final] : iop=                     0
 
 
 [resp_ex_init]
 
  Check normalization:
  R^t*L(vec)=   1.00000000000000     
  R^t*L(mat)=   1.00000000000000     
 
 [resp_ex_final] : iop=                     0
 
 
 [resp_ex_init]
 
  Check normalization:
  R^t*L(vec)=   1.00000000000000     
  R^t*L(mat)=   1.00000000000000     
 
 [resp_ex_init]
 
  Check normalization:
  R^t*L(vec)=   1.00000000000000     
  R^t*L(mat)=   1.00000000000000     
 
 =================================
  PairIJ=   1   2   1   1   4   1
 =================================
 
 [resp_nac_main2]
 
  wJI =  0.180391911819754     
  Check normalization:
  R1^t*L1(mat)=   1.00000000000000     
  R2^t*L2(mat)=   1.00000000000000     
  Check orthogonality:
  R1^t*L2(mat)=  0.000000000000000E+000
  L1^t*R2(mat)=  0.000000000000000E+000
  Z1^t*Z2(mat)=  0.000000000000000E+000
 ---------------------------------------------------
  I-state,J-state,wJI 
           0.144247        0.324639        0.180392
  CHECK TRANSITION DIPOLE : expect.  resp.  total 
  1       -0.021727        0.000000       -0.021727
  2       -0.000000        0.000000       -0.000000
  3        0.000000        0.000000        0.000000
 ---------------------------------------------------
 
 [resp_ex_zvector]
 
 [resp_fock2e_Qex]
 [resp_fockxc_Qex]
 
 ---------------------------------------------------------------
  Timing for Q operator formation
 
  CPU TIME(S)      SYSTEM TIME(S)     WALL TIME(S)
          6.560            0.020               0.820
 ---------------------------------------------------------------
 
 
 [resp_ex_Zmo] : Solving Z-vector equation ...
 
 respcphf%isolver=                     2                     1
 
 [resp_cphf_solver]
  isf  =                     0
  freq =  0.000000000000000E+000
 
 
 [LinearSolver]: ndim=                  1957
  Norm of RHS =   2.221868221654700E-002
 Initial Guess of CPHF vector                     0                     0
   iter  Ndim        |res|           |x|           time/s
    1      1    0.486582E-02    0.275428E-01       0.000
    2      2    0.111141E-02    0.295294E-01       0.270
    3      3    0.265757E-03    0.296693E-01       0.270
    4      4    0.746123E-04    0.297103E-01       0.270
    5      5    0.137377E-04    0.297066E-01       0.270
    6      6    0.303251E-05    0.297069E-01       0.260
    7      7    0.531924E-06    0.297069E-01       0.270
    8      8    0.562170E-07    0.297069E-01       0.270
    9      9    0.502508E-08    0.297069E-01       0.280
   10     10    0.407281E-09    0.297069E-01       0.270
   11     11    0.322220E-10    0.297069E-01       0.270
   12     12    0.285353E-11    0.297069E-01       0.270
   13     13    0.333793E-12    0.297069E-01       0.230
  Converged ! |Res|=  3.337925269917244E-013  iter=                    13
 
 ---------------------------------------------------------------
  Timing for solving the Z vector equation
 
  CPU TIME(S)      SYSTEM TIME(S)     WALL TIME(S)
         27.660            0.020               3.470
 ---------------------------------------------------------------
 
 
 [resp_ex_Wmo]
 
  Skewness of Wmo(C,C) =  4.351867154976895E-009
  Skewness of Wmo(C,V) =  3.063449737829364E-013
  Skewness of Wmo(V,V) =  1.349179049310327E-008
  Skewness of Wmo(C,C) =  4.428695813947311E-009
  Skewness of Wmo(C,V) =  2.423911623732473E-013
  Skewness of Wmo(V,V) =  7.004031333196294E-008
 
 ---------------------------------------------------------------
  Timing for W matrix formation
 
  CPU TIME(S)      SYSTEM TIME(S)     WALL TIME(S)
          2.220            0.000               0.280
 ---------------------------------------------------------------
 
 
 [resp_deriv_energy]
 
 
 [resp_deriv1e_fock_new]
 
 
|--------------------------------------------------------------------------------|
          Molecular gradient - Overlap contribution
 
        Atom            X                    Y                    Z
        C             -0.0061931106          0.0000000000          0.0000000000
        O              0.0038205164         -0.0000000000          0.0000000000
        H              0.0011862971          0.0000000000          0.0008149182
        H              0.0011862971         -0.0000000000         -0.0008149182
|--------------------------------------------------------------------------------|
 
 
|--------------------------------------------------------------------------------|
          Molecular gradient - Kinetic energy contribution
 
        Atom            X                    Y                    Z
        C             -0.0086504480          0.0000000000          0.0000000000
        O              0.0074074132         -0.0000000000          0.0000000000
        H              0.0006215174          0.0000000000          0.0003242046
        H              0.0006215174         -0.0000000000         -0.0003242046
|--------------------------------------------------------------------------------|
 
 
|--------------------------------------------------------------------------------|
          Molecular gradient - Nuclear attraction energy contribution
 
        Atom            X                    Y                    Z
        C              0.1054162348         -0.0000000000          0.0000000000
        O             -0.0926637396          0.0000000000          0.0000000000
        H             -0.0063762476         -0.0000000000          0.0008214856
        H             -0.0063762476          0.0000000000         -0.0008214856
|--------------------------------------------------------------------------------|
 
 
 ---------------------------------------------------------------
  Timing to calculate 1-electronic integrals                                      
 
  CPU TIME(S)      SYSTEM TIME(S)     WALL TIME(S)
          0.010            0.000               0.000
 ---------------------------------------------------------------
 
  Gradient contribution from 1e
      1        0.0905726762       -0.0000000000        0.0000000000
      2       -0.0814358100        0.0000000000        0.0000000000
      3       -0.0045684331       -0.0000000000        0.0019606084
      4       -0.0045684331        0.0000000000       -0.0019606084
 Sum of gradient contribution from 1e
             -0.0000000000       -0.0000000000        0.0000000000
 
 
 [resp_deriv2e]
 
resp deriv type   4
 Number of cartesian primative basis functions :      188
 If used primative density matrix:  F
  [int2e_petite_1st_gradient_screened]
 Total length of P4 ERIs 1st gradient:             1365957
 Maxium length of a batch of ERI 1st gradient:           50625
 Maxium length of a batch of dens matrix     :          320000
 Lenght of eri-grad core                     :         2350416
 If primative density matrix is used         : F
 Number of OpenMP threads                    :   8
 ngrad=                     1
 Esitmate buffer meomory used:        0.1592 GB
 
|--------------------------------------------------------------------------------|
          Molecular gradient - Elec Repulsive contribution
 
        Atom            X                    Y                    Z
        C             -0.0899926667          0.0000000000          0.0000000000
        O              0.0796265077         -0.0000000000          0.0000000000
        H              0.0051830795          0.0000000000         -0.0006086249
        H              0.0051830795         -0.0000000000          0.0006086249
|--------------------------------------------------------------------------------|
 
 
 ---------------------------------------------------------------
  Timing to calculate 2-electronic integrals Gradients                            
 
  CPU TIME(S)      SYSTEM TIME(S)     WALL TIME(S)
          4.870            0.010               0.620
 ---------------------------------------------------------------
 
 Time:   PreRys     Rys    2dint    2dintd   6dint  6dintc  6dints
cputime    0.00E+00    0.00E+00    0.00E+00    0.00E+00    0.00E+00    0.00E+00    0.00E+00    0.00E+00
systime    0.00E+00    0.00E+00    0.00E+00    0.00E+00    0.00E+00    0.00E+00    0.00E+00    0.00E+00
waltime    0.00E+00    0.00E+00    0.00E+00    0.00E+00    0.00E+00    0.00E+00    0.00E+00    0.00E+00
 Finish resp_deriv2e
  Gradient contribution from Analytic 2e
      1       -0.0899926667        0.0000000000        0.0000000000
      2        0.0796265077       -0.0000000000        0.0000000000
      3        0.0051830795        0.0000000000       -0.0006086249
      4        0.0051830795       -0.0000000000        0.0006086249
 Sum of gradient contribution from Analytic 2e
              0.0000000000        0.0000000000        0.0000000000
 
 
  Gradient contribution from Final-grad(no XC)
      1        0.0005800096       -0.0000000000        0.0000000000
      2       -0.0018093023        0.0000000000        0.0000000000
      3        0.0006146464       -0.0000000000        0.0013519836
      4        0.0006146464       -0.0000000000       -0.0013519836
 Sum of gradient contribution from Final-grad(no XC)
              0.0000000000       -0.0000000000        0.0000000000
 
 
 [resp_deriv_Exc]
 
 
 ---------------------------------------------------------------
  Timing for XC energy gradient calculation
 
  CPU TIME(S)      SYSTEM TIME(S)     WALL TIME(S)
         18.740            0.010               2.340
 ---------------------------------------------------------------
 
  Gradient contribution from XC
      1        0.0062580551       -0.0000000000        0.0000000000
      2       -0.0050626334        0.0000000000        0.0000000000
      3       -0.0005977081        0.0000000000       -0.0000695349
      4       -0.0005977081        0.0000000000        0.0000695349
 Sum of gradient contribution from XC
              0.0000000055        0.0000000000        0.0000000000
 
 
 [resp_deriv_dpq]
 
  Gradient contribution from dpq-R
      1       -0.0012828558        0.0000000000        0.0000000000
      2       -0.0001367350       -0.0000000000       -0.0000000000
      3        0.0002911285        0.0000000000        0.0001141507
      4        0.0002911285        0.0000000000       -0.0001141507
 Sum of gradient contribution from dpq-R
             -0.0008373338        0.0000000000       -0.0000000000
 
  Gradient contribution from Final-NAC(R)
      1        0.0055552088       -0.0000000000        0.0000000000
      2       -0.0070086707        0.0000000000       -0.0000000000
      3        0.0003080668        0.0000000000        0.0013965993
      4        0.0003080668       -0.0000000000       -0.0013965993
 Sum of gradient contribution from Final-NAC(R)
             -0.0008373282        0.0000000000        0.0000000000
 
 ------------------------------------------------------------------
 
 Raw NACMEs, without electron-translation factor:
  FNAC_cpair=   1   2   1     1   4   1
  FNAC_epair=         -113.9525311195274071         -113.7721392077076530
  Gradient contribution from Final-NAC(R)-Escaled
      1        0.0307952211       -0.0000000000        0.0000000000
      2       -0.0388524662        0.0000000000       -0.0000000000
      3        0.0017077639        0.0000000000        0.0077420284
      4        0.0017077639       -0.0000000000       -0.0077420284
 Sum of gradient contribution from Final-NAC(R)-Escaled
             -0.0046417172        0.0000000000        0.0000000000
 
 ------------------------------------------------------------------
  Gradient contribution from dpq-S
      1       -0.0012863686        0.0000000000        0.0000000000
      2        0.0009210875       -0.0000000000       -0.0000000000
      3        0.0001826406       -0.0000000000       -0.0000644951
      4        0.0001826406       -0.0000000000        0.0000644951
 Sum of gradient contribution from dpq-S
              0.0000000000        0.0000000000       -0.0000000000
 
  Gradient contribution from Final-NAC(S)
      1        0.0055516960       -0.0000000000        0.0000000000
      2       -0.0059508482        0.0000000000       -0.0000000000
      3        0.0001995789       -0.0000000000        0.0012179536
      4        0.0001995789       -0.0000000000       -0.0012179536
 Sum of gradient contribution from Final-NAC(S)
              0.0000000055        0.0000000000        0.0000000000
 
 
 NACMEs including electron-translation factor:
  Gradient contribution from Final-NAC(S)-Escaled
      1        0.0307757478       -0.0000000000        0.0000000000
      2       -0.0329884425        0.0000000000       -0.0000000000
      3        0.0011063627       -0.0000000000        0.0067517083
      4        0.0011063627       -0.0000000000       -0.0067517083
 Sum of gradient contribution from Final-NAC(S)-Escaled
              0.0000000306        0.0000000000        0.0000000000
 
 
 [resp_ex_final] : iop=                     2
 
 
 [resp_ex_final] : iop=                     0
 
 
 [resp_ex_init]
 
  Check normalization:
  R^t*L(vec)=   1.00000000000000     
  R^t*L(mat)=   1.00000000000000     
 
 =================================
  PairIJ=   1   2   2   1   4   1
 =================================
 
 [resp_nac_main2]
 
  wJI =  0.112808123510708     
  Check normalization:
  R1^t*L1(mat)=   1.00000000000000     
  R2^t*L2(mat)=   1.00000000000000     
  Check orthogonality:
  R1^t*L2(mat)=  0.000000000000000E+000
  L1^t*R2(mat)=  0.000000000000000E+000
  Z1^t*Z2(mat)=  0.000000000000000E+000
 ---------------------------------------------------
  I-state,J-state,wJI 
           0.211831        0.324639        0.112808
  CHECK TRANSITION DIPOLE : expect.  resp.  total 
  1       -0.109836        0.000000       -0.109836
  2        0.000000        0.000000        0.000000
  3       -0.000000        0.000000       -0.000000
 ---------------------------------------------------
 
 [resp_ex_zvector]
 
 [resp_fock2e_Qex]
 [resp_fockxc_Qex]
 
 ---------------------------------------------------------------
  Timing for Q operator formation
 
  CPU TIME(S)      SYSTEM TIME(S)     WALL TIME(S)
          6.450            0.020               0.810
 ---------------------------------------------------------------
 
 
 [resp_ex_Zmo] : Solving Z-vector equation ...
 
 respcphf%isolver=                     2                     1
 
 [resp_cphf_solver]
  isf  =                     0
  freq =  0.000000000000000E+000
 
 
 [LinearSolver]: ndim=                  1957
  Norm of RHS =   0.110748260895531     
 Initial Guess of CPHF vector                     0                     0
   iter  Ndim        |res|           |x|           time/s
    1      1    0.545979E-01    0.206804E+00       0.000
    2      2    0.659288E-02    0.254404E+00       0.260
    3      3    0.202166E-02    0.256064E+00       0.260
    4      4    0.268184E-03    0.255582E+00       0.260
    5      5    0.385085E-04    0.255578E+00       0.260
    6      6    0.542374E-05    0.255588E+00       0.260
    7      7    0.873337E-06    0.255587E+00       0.250
    8      8    0.113783E-06    0.255587E+00       0.260
    9      9    0.150802E-07    0.255587E+00       0.270
   10     10    0.160384E-08    0.255587E+00       0.260
   11     11    0.121579E-09    0.255587E+00       0.260
   12     12    0.127732E-10    0.255587E+00       0.260
   13     13    0.108954E-11    0.255587E+00       0.240
   14     14    0.345970E-12    0.255587E+00       0.200
  Converged ! |Res|=  3.459699318213404E-013  iter=                    14
 
 ---------------------------------------------------------------
  Timing for solving the Z vector equation
 
  CPU TIME(S)      SYSTEM TIME(S)     WALL TIME(S)
         28.520            0.010               3.570
 ---------------------------------------------------------------
 
 
 [resp_ex_Wmo]
 
  Skewness of Wmo(C,C) =  1.331912908202698E-008
  Skewness of Wmo(C,V) =  9.586401599899722E-014
  Skewness of Wmo(V,V) =  2.807518263444663E-008
  Skewness of Wmo(C,C) =  1.214940111376354E-009
  Skewness of Wmo(C,V) =  7.726138453883310E-014
  Skewness of Wmo(V,V) =  1.155173225239323E-008
 
 ---------------------------------------------------------------
  Timing for W matrix formation
 
  CPU TIME(S)      SYSTEM TIME(S)     WALL TIME(S)
          2.090            0.000               0.260
 ---------------------------------------------------------------
 
 
 [resp_deriv_energy]
 
 
 [resp_deriv1e_fock_new]
 
 
|--------------------------------------------------------------------------------|
          Molecular gradient - Overlap contribution
 
        Atom            X                    Y                    Z
        C             -0.0127441891          0.0000000000          0.0000000000
        O              0.0203497851         -0.0000000000          0.0000000000
        H             -0.0038027980         -0.0000000000         -0.0084025839
        H             -0.0038027980          0.0000000000          0.0084025839
|--------------------------------------------------------------------------------|
 
 
|--------------------------------------------------------------------------------|
          Molecular gradient - Kinetic energy contribution
 
        Atom            X                    Y                    Z
        C             -0.0482752373          0.0000000000          0.0000000000
        O              0.0316553971         -0.0000000000          0.0000000000
        H              0.0083099201         -0.0000000000          0.0006540467
        H              0.0083099201         -0.0000000000         -0.0006540467
|--------------------------------------------------------------------------------|
 
 
|--------------------------------------------------------------------------------|
          Molecular gradient - Nuclear attraction energy contribution
 
        Atom            X                    Y                    Z
        C              0.4782932518         -0.0000000000          0.0000000000
        O             -0.3270130572          0.0000000000          0.0000000000
        H             -0.0756400973          0.0000000000          0.0230268604
        H             -0.0756400973          0.0000000000         -0.0230268604
|--------------------------------------------------------------------------------|
 
 
 ---------------------------------------------------------------
  Timing to calculate 1-electronic integrals                                      
 
  CPU TIME(S)      SYSTEM TIME(S)     WALL TIME(S)
          0.010            0.000               0.010
 ---------------------------------------------------------------
 
  Gradient contribution from 1e
      1        0.4172738255       -0.0000000000        0.0000000000
      2       -0.2750078750        0.0000000000        0.0000000000
      3       -0.0711329752        0.0000000000        0.0152783232
      4       -0.0711329752        0.0000000000       -0.0152783232
 Sum of gradient contribution from 1e
              0.0000000000       -0.0000000000        0.0000000000
 
 
 [resp_deriv2e]
 
resp deriv type   4
 Number of cartesian primative basis functions :      188
 If used primative density matrix:  F
  [int2e_petite_1st_gradient_screened]
 Total length of P4 ERIs 1st gradient:             1365957
 Maxium length of a batch of ERI 1st gradient:           50625
 Maxium length of a batch of dens matrix     :          320000
 Lenght of eri-grad core                     :         2350416
 If primative density matrix is used         : F
 Number of OpenMP threads                    :   8
 ngrad=                     1
 Esitmate buffer meomory used:        0.1592 GB
 
|--------------------------------------------------------------------------------|
          Molecular gradient - Elec Repulsive contribution
 
        Atom            X                    Y                    Z
        C             -0.3937286307          0.0000000000          0.0000000000
        O              0.2635739759         -0.0000000000          0.0000000000
        H              0.0650773274         -0.0000000000         -0.0170916448
        H              0.0650773274         -0.0000000000          0.0170916448
|--------------------------------------------------------------------------------|
 
 
 ---------------------------------------------------------------
  Timing to calculate 2-electronic integrals Gradients                            
 
  CPU TIME(S)      SYSTEM TIME(S)     WALL TIME(S)
          4.610            0.020               0.580
 ---------------------------------------------------------------
 
 Time:   PreRys     Rys    2dint    2dintd   6dint  6dintc  6dints
cputime    0.00E+00    0.00E+00    0.00E+00    0.00E+00    0.00E+00    0.00E+00    0.00E+00    0.00E+00
systime    0.00E+00    0.00E+00    0.00E+00    0.00E+00    0.00E+00    0.00E+00    0.00E+00    0.00E+00
waltime    0.00E+00    0.00E+00    0.00E+00    0.00E+00    0.00E+00    0.00E+00    0.00E+00    0.00E+00
 Finish resp_deriv2e
  Gradient contribution from Analytic 2e
      1       -0.3937286307        0.0000000000        0.0000000000
      2        0.2635739759       -0.0000000000        0.0000000000
      3        0.0650773274       -0.0000000000       -0.0170916448
      4        0.0650773274       -0.0000000000        0.0170916448
 Sum of gradient contribution from Analytic 2e
              0.0000000000        0.0000000000        0.0000000000
 
 
  Gradient contribution from Final-grad(no XC)
      1        0.0235451947       -0.0000000000        0.0000000000
      2       -0.0114338991        0.0000000000        0.0000000000
      3       -0.0060556478       -0.0000000000       -0.0018133217
      4       -0.0060556478        0.0000000000        0.0018133217
 Sum of gradient contribution from Final-grad(no XC)
              0.0000000000       -0.0000000000        0.0000000000
 
 
 [resp_deriv_Exc]
 
 
 ---------------------------------------------------------------
  Timing for XC energy gradient calculation
 
  CPU TIME(S)      SYSTEM TIME(S)     WALL TIME(S)
         17.880            0.010               2.240
 ---------------------------------------------------------------
 
  Gradient contribution from XC
      1        0.0277478495       -0.0000000000        0.0000000000
      2       -0.0181425417        0.0000000000        0.0000000000
      3       -0.0048026379        0.0000000000        0.0014512496
      4       -0.0048026379        0.0000000000       -0.0014512496
 Sum of gradient contribution from XC
              0.0000000320       -0.0000000000        0.0000000000
 
 
 [resp_deriv_dpq]
 
  Gradient contribution from dpq-R
      1        0.0003705302        0.0000000000        0.0000000000
      2       -0.0013848998       -0.0000000000       -0.0000000000
      3        0.0017064386       -0.0000000000       -0.0007804530
      4        0.0017064386       -0.0000000000        0.0007804530
 Sum of gradient contribution from dpq-R
              0.0023985075       -0.0000000000        0.0000000000
 
  Gradient contribution from Final-NAC(R)
      1        0.0516635744       -0.0000000000        0.0000000000
      2       -0.0309613406        0.0000000000       -0.0000000000
      3       -0.0091518471       -0.0000000000       -0.0011425250
      4       -0.0091518471        0.0000000000        0.0011425250
 Sum of gradient contribution from Final-NAC(R)
              0.0023985395       -0.0000000000        0.0000000000
 
 ------------------------------------------------------------------
 
 Raw NACMEs, without electron-translation factor:
  FNAC_cpair=   1   2   2     1   4   1
  FNAC_epair=         -113.8849473312183704         -113.7721392077076530
  Gradient contribution from Final-NAC(R)-Escaled
      1        0.4579774294       -0.0000000000        0.0000000000
      2       -0.2744602043        0.0000000000       -0.0000000000
      3       -0.0811275540       -0.0000000000       -0.0101280385
      4       -0.0811275540        0.0000000000        0.0101280385
 Sum of gradient contribution from Final-NAC(R)-Escaled
              0.0212621172       -0.0000000000        0.0000000000
 
 ------------------------------------------------------------------
  Gradient contribution from dpq-S
      1       -0.0043494760        0.0000000000        0.0000000000
      2        0.0028998664       -0.0000000000        0.0000000000
      3        0.0007248048       -0.0000000000       -0.0001996757
      4        0.0007248048       -0.0000000000        0.0001996757
 Sum of gradient contribution from dpq-S
             -0.0000000000        0.0000000000       -0.0000000000
 
  Gradient contribution from Final-NAC(S)
      1        0.0469435682       -0.0000000000        0.0000000000
      2       -0.0266765744        0.0000000000        0.0000000000
      3       -0.0101334809       -0.0000000000       -0.0005617478
      4       -0.0101334809        0.0000000000        0.0005617478
 Sum of gradient contribution from Final-NAC(S)
              0.0000000320       -0.0000000000        0.0000000000
 
 
 NACMEs including electron-translation factor:
  Gradient contribution from Final-NAC(S)-Escaled
      1        0.4161364161       -0.0000000000        0.0000000000
      2       -0.2364774236        0.0000000000        0.0000000000
      3       -0.0898293542       -0.0000000000       -0.0049796749
      4       -0.0898293542        0.0000000000        0.0049796749
 Sum of gradient contribution from Final-NAC(S)-Escaled
              0.0000002841       -0.0000000000        0.0000000000
 
 
 [resp_ex_final] : iop=                     2
 
 
 [resp_ex_final] : iop=                     0
 
 
 [resp_ex_final] : iop=                     0
 
 
 [resp_ex_init]
 
  Check normalization:
  R^t*L(vec)=   1.00000000000000     
  R^t*L(mat)=   1.00000000000000     
 
 [resp_ex_final] : iop=                     0
 
 
 [resp_ex_init]
 
  Check normalization:
  R^t*L(vec)=   1.00000000000000     
  R^t*L(mat)=   1.00000000000000     
 
 [resp_ex_final] : iop=                     0
 
 
 [resp_ex_init]
 
  Check normalization:
  R^t*L(vec)=   1.00000000000000     
  R^t*L(mat)=   1.00000000000000     
 
 [resp_ex_init]
 
  Check normalization:
  R^t*L(vec)=   1.00000000000000     
  R^t*L(mat)=   1.00000000000000     
 
 =================================
  PairIJ=   1   3   1   1   4   1
 =================================
 
 [resp_nac_main2]
 
  wJI =  0.127023891428528     
  Check normalization:
  R1^t*L1(mat)=   1.00000000000000     
  R2^t*L2(mat)=   1.00000000000000     
  Check orthogonality:
  R1^t*L2(mat)=  0.000000000000000E+000
  L1^t*R2(mat)=  0.000000000000000E+000
  Z1^t*Z2(mat)=  0.000000000000000E+000
 ---------------------------------------------------
  I-state,J-state,wJI 
           0.197615        0.324639        0.127024
  CHECK TRANSITION DIPOLE : expect.  resp.  total 
  1       -0.000000        0.000000       -0.000000
  2       -0.000000        0.000000       -0.000000
  3       -0.000000        0.000000       -0.000000
 ---------------------------------------------------
 
 [resp_ex_zvector]
 
 [resp_fock2e_Qex]
 [resp_fockxc_Qex]
 
 ---------------------------------------------------------------
  Timing for Q operator formation
 
  CPU TIME(S)      SYSTEM TIME(S)     WALL TIME(S)
          6.350            0.020               0.800
 ---------------------------------------------------------------
 
 
 [resp_ex_Zmo] : Solving Z-vector equation ...
 
 respcphf%isolver=                     2                     1
 
 [resp_cphf_solver]
  isf  =                     0
  freq =  0.000000000000000E+000
 
 
 [LinearSolver]: ndim=                  1957
  Norm of RHS =   9.286706544187684E-002
 Initial Guess of CPHF vector                     0                     0
   iter  Ndim        |res|           |x|           time/s
    1      1    0.241182E-01    0.205382E+00       0.000
    2      2    0.429103E-02    0.214499E+00       0.260
    3      3    0.120110E-02    0.214110E+00       0.270
    4      4    0.200079E-03    0.214184E+00       0.260
    5      5    0.154199E-04    0.214181E+00       0.260
    6      6    0.158076E-05    0.214181E+00       0.270
    7      7    0.658157E-07    0.214181E+00       0.260
    8      8    0.216999E-08    0.214181E+00       0.260
    9      9    0.111022E-09    0.214181E+00       0.270
   10     10    0.701881E-11    0.214181E+00       0.260
   11     11    0.366112E-12    0.214181E+00       0.240
  Converged ! |Res|=  3.661123274225352E-013  iter=                    11
 
 ---------------------------------------------------------------
  Timing for solving the Z vector equation
 
  CPU TIME(S)      SYSTEM TIME(S)     WALL TIME(S)
         22.850            0.070               2.870
 ---------------------------------------------------------------
 
 
 [resp_ex_Wmo]
 
  Skewness of Wmo(C,C) =  8.706381586335618E-010
  Skewness of Wmo(C,V) =  3.831794562647279E-013
  Skewness of Wmo(V,V) =  1.674557720939099E-008
  Skewness of Wmo(C,C) =  7.703327947807834E-011
  Skewness of Wmo(C,V) =  5.176388173551168E-013
  Skewness of Wmo(V,V) =  8.065317487019127E-008
 
 ---------------------------------------------------------------
  Timing for W matrix formation
 
  CPU TIME(S)      SYSTEM TIME(S)     WALL TIME(S)
          2.130            0.010               0.270
 ---------------------------------------------------------------
 
 
 [resp_deriv_energy]
 
 
 [resp_deriv1e_fock_new]
 
 
|--------------------------------------------------------------------------------|
          Molecular gradient - Overlap contribution
 
        Atom            X                    Y                    Z
        C              0.0000000000          0.0000000000          0.0000000000
        O             -0.0000000000          0.0000000000          0.0000000000
        H             -0.0000000000          0.0071028798          0.0000000000
        H             -0.0000000000         -0.0071028798          0.0000000000
|--------------------------------------------------------------------------------|
 
 
|--------------------------------------------------------------------------------|
          Molecular gradient - Kinetic energy contribution
 
        Atom            X                    Y                    Z
        C              0.0000000000          0.0000000000          0.0000000000
        O              0.0000000000          0.0000000000          0.0000000000
        H             -0.0000000000          0.0117515283          0.0000000000
        H             -0.0000000000         -0.0117515283          0.0000000000
|--------------------------------------------------------------------------------|
 
 
|--------------------------------------------------------------------------------|
          Molecular gradient - Nuclear attraction energy contribution
 
        Atom            X                    Y                    Z
        C             -0.0000000000          0.0000000000          0.0000000000
        O             -0.0000000000          0.0000000000          0.0000000000
        H             -0.0000000000         -0.1450606933          0.0000000000
        H              0.0000000000          0.1450606933          0.0000000000
|--------------------------------------------------------------------------------|
 
 
 ---------------------------------------------------------------
  Timing to calculate 1-electronic integrals                                      
 
  CPU TIME(S)      SYSTEM TIME(S)     WALL TIME(S)
          0.010            0.000               0.000
 ---------------------------------------------------------------
 
  Gradient contribution from 1e
      1       -0.0000000000        0.0000000000        0.0000000000
      2       -0.0000000000        0.0000000000        0.0000000000
      3       -0.0000000000       -0.1262062852        0.0000000000
      4        0.0000000000        0.1262062852        0.0000000000
 Sum of gradient contribution from 1e
             -0.0000000000        0.0000000000        0.0000000000
 
 
 [resp_deriv2e]
 
resp deriv type   4
 Number of cartesian primative basis functions :      188
 If used primative density matrix:  F
  [int2e_petite_1st_gradient_screened]
 Total length of P4 ERIs 1st gradient:             1365957
 Maxium length of a batch of ERI 1st gradient:           50625
 Maxium length of a batch of dens matrix     :          320000
 Lenght of eri-grad core                     :         2350416
 If primative density matrix is used         : F
 Number of OpenMP threads                    :   8
 ngrad=                     1
 Esitmate buffer meomory used:        0.1592 GB
 
|--------------------------------------------------------------------------------|
          Molecular gradient - Elec Repulsive contribution
 
        Atom            X                    Y                    Z
        C              0.0000000000          0.0000000000          0.0000000000
        O              0.0000000000          0.0000000000          0.0000000000
        H              0.0000000000          0.1129431171          0.0000000000
        H             -0.0000000000         -0.1129431171          0.0000000000
|--------------------------------------------------------------------------------|
 
 
 ---------------------------------------------------------------
  Timing to calculate 2-electronic integrals Gradients                            
 
  CPU TIME(S)      SYSTEM TIME(S)     WALL TIME(S)
          4.620            0.020               0.580
 ---------------------------------------------------------------
 
 Time:   PreRys     Rys    2dint    2dintd   6dint  6dintc  6dints
cputime    0.00E+00    0.00E+00    0.00E+00    0.00E+00    0.00E+00    0.00E+00    0.00E+00    0.00E+00
systime    0.00E+00    0.00E+00    0.00E+00    0.00E+00    0.00E+00    0.00E+00    0.00E+00    0.00E+00
waltime    0.00E+00    0.00E+00    0.00E+00    0.00E+00    0.00E+00    0.00E+00    0.00E+00    0.00E+00
 Finish resp_deriv2e
  Gradient contribution from Analytic 2e
      1        0.0000000000        0.0000000000        0.0000000000
      2        0.0000000000        0.0000000000        0.0000000000
      3        0.0000000000        0.1129431171        0.0000000000
      4       -0.0000000000       -0.1129431171        0.0000000000
 Sum of gradient contribution from Analytic 2e
             -0.0000000000        0.0000000000        0.0000000000
 
 
  Gradient contribution from Final-grad(no XC)
      1       -0.0000000000        0.0000000000        0.0000000000
      2        0.0000000000        0.0000000000        0.0000000000
      3       -0.0000000000       -0.0132631681        0.0000000000
      4        0.0000000000        0.0132631681        0.0000000000
 Sum of gradient contribution from Final-grad(no XC)
             -0.0000000000        0.0000000000        0.0000000000
 
 
 [resp_deriv_Exc]
 
 
 ---------------------------------------------------------------
  Timing for XC energy gradient calculation
 
  CPU TIME(S)      SYSTEM TIME(S)     WALL TIME(S)
         17.750            0.000               2.230
 ---------------------------------------------------------------
 
  Gradient contribution from XC
      1        0.0000000000       -0.0000000000        0.0000000000
      2       -0.0000000000       -0.0000000000        0.0000000000
      3       -0.0000000000       -0.0098200990        0.0000000000
      4        0.0000000000        0.0098200990        0.0000000000
 Sum of gradient contribution from XC
             -0.0000000000        0.0000000000        0.0000000000
 
 
 [resp_deriv_dpq]
 
  Gradient contribution from dpq-R
      1       -0.0000000000       -0.0000000000       -0.0000000000
      2       -0.0000000000        0.0000000000        0.0000000000
      3        0.0000000000       -0.0008804720        0.0000000000
      4       -0.0000000000        0.0008804720        0.0000000000
 Sum of gradient contribution from dpq-R
             -0.0000000000       -0.0000000000       -0.0000000000
 
  Gradient contribution from Final-NAC(R)
      1        0.0000000000       -0.0000000000       -0.0000000000
      2       -0.0000000000       -0.0000000000        0.0000000000
      3       -0.0000000000       -0.0239637392        0.0000000000
      4        0.0000000000        0.0239637392        0.0000000000
 Sum of gradient contribution from Final-NAC(R)
             -0.0000000000        0.0000000000       -0.0000000000
 
 ------------------------------------------------------------------
 
 Raw NACMEs, without electron-translation factor:
  FNAC_cpair=   1   3   1     1   4   1
  FNAC_epair=         -113.8991630991361887         -113.7721392077076530
  Gradient contribution from Final-NAC(R)-Escaled
      1        0.0000000000       -0.0000000000       -0.0000000000
      2       -0.0000000000       -0.0000000000        0.0000000000
      3       -0.0000000000       -0.1886553694        0.0000000000
      4        0.0000000000        0.1886553694        0.0000000000
 Sum of gradient contribution from Final-NAC(R)-Escaled
             -0.0000000000        0.0000000000       -0.0000000000
 
 ------------------------------------------------------------------
  Gradient contribution from dpq-S
      1       -0.0000000000       -0.0000000000       -0.0000000000
      2       -0.0000000000       -0.0000000000        0.0000000000
      3        0.0000000000        0.0017628599        0.0000000000
      4       -0.0000000000       -0.0017628599        0.0000000000
 Sum of gradient contribution from dpq-S
              0.0000000000       -0.0000000000       -0.0000000000
 
  Gradient contribution from Final-NAC(S)
      1        0.0000000000       -0.0000000000       -0.0000000000
      2       -0.0000000000       -0.0000000000        0.0000000000
      3       -0.0000000000       -0.0213204072        0.0000000000
      4        0.0000000000        0.0213204072        0.0000000000
 Sum of gradient contribution from Final-NAC(S)
             -0.0000000000        0.0000000000       -0.0000000000
 
 
 NACMEs including electron-translation factor:
  Gradient contribution from Final-NAC(S)-Escaled
      1        0.0000000000       -0.0000000000       -0.0000000000
      2       -0.0000000000       -0.0000000000        0.0000000000
      3       -0.0000000000       -0.1678456467        0.0000000000
      4        0.0000000000        0.1678456467        0.0000000000
 Sum of gradient contribution from Final-NAC(S)-Escaled
             -0.0000000000        0.0000000000       -0.0000000000
 
 
 [resp_ex_final] : iop=                     2
 
 
 [resp_ex_final] : iop=                     0
 
 
 [resp_ex_final] : iop=                     0
 
 
 [resp_ex_init]
 
  Check normalization:
  R^t*L(vec)=   1.00000000000000     
  R^t*L(mat)=   1.00000000000000     
 
 [resp_ex_final] : iop=                     0
 
 
 [resp_ex_init]
 
  Check normalization:
  R^t*L(vec)=   1.00000000000000     
  R^t*L(mat)=   1.00000000000000     
 
 [resp_ex_final] : iop=                     0
 
 
 [resp_ex_init]
 
  Check normalization:
  R^t*L(vec)=   1.00000000000000     
  R^t*L(mat)=   1.00000000000000     
 
 [resp_ex_final] : iop=                     0
 
 
 [resp_ex_init]
 
  Check normalization:
  R^t*L(vec)=   1.00000000000000     
  R^t*L(mat)=   1.00000000000000     
 
 [resp_ex_final] : iop=                     0
 
 
 [resp_ex_init]
 
  Check normalization:
  R^t*L(vec)=   1.00000000000000     
  R^t*L(mat)=   1.00000000000000     
 
 [resp_ex_final] : iop=                     0
 
 
 [resp_final]
 
 
 [tddft_props_final]
 
 ====================================================================
  Summary of timings:         CPU         Sys        Wall      %Total
 --------------------------------------------------------------------
       1e derivatives        1.20        0.04        0.09        0.06
       2e derivatives      100.07        0.33       12.60        7.90
       XC derivatives      398.40        0.20       49.95       31.32
 2e contribs. to Fock      402.23        1.72       50.63       31.74
 XC contribs. to Fock      360.12        0.35       45.16       28.31
        Miscellaneous        7.47        0.24        1.07        0.67
                Total     1269.49        2.88      159.50      100.00
 ====================================================================
 
 
 ---------------------------------------------------------------
  Timing of RESP_PROPS calculation                                                
 
  CPU TIME(S)      SYSTEM TIME(S)     WALL TIME(S)
       1269.490            2.880             159.500
 ---------------------------------------------------------------
 
|******************************************************************************|
 
    Total cpu     time:       1269.49  S
    Total system  time:          2.88  S
    Total wall    time:        159.50  S
 
    Current time   2026-02-03  11:08:15
    End running module resp
|******************************************************************************|
 
Total wall time         223.66 Seconds
You should check your OUTFILE name, neither .bdflog or .bdfout!
/apps/users/wzk/bdf/bdf-pkg/build/bdf-pkg-full/sbin/bdfsummary.py\bdf_summary\\b3lyp/AUG-CC-PVTZ\\1,2\\C,0.0000000000,-0.0000000000,-0.9898897512\O,-0.0000000000,0.0000000000,1.2590015543\H,-1.8503676573,0.0000000000,-2.0663369637\H,1.8503676573,-0.0000000000,-2.0663369637\\b3lyp=GEOM\\
Congratulations! BDF normal termination
('/apps/users/wzk/scratch/CH2O-UTDDFT-B3LYP_723', '/apps/users/wzk/bdf/test/CH2O')
 Warning! Removing scratch files. If you would like to keep scratch files for restaring. Please use -keeptmpdir

Sender: Unischeduler System <wzk@mgt01>
Subject: Job 218794: <#!/bin/bash
#BSUB -J CH2O-UTDDFT-B3LYP
#BSUB -o CH2O-UTDDFT-B3LYP.out
#BSUB -n 8
#BSUB -q cqueue
#BSUB -R span[hosts=1]
export BDFHOME=/apps/users/wzk/bdf/bdf-pkg/build/bdf-pkg-full
export BDF_TMPDIR=~/scratch/CH2O-UTDDFT-B3LYP_723
export USE_LIBCINT=no
export LD_LIBRARY_PATH=/apps/users/wzk/bdf/bdf-pkg/build/bdf-pkg-full/extlibs:/apps/users/wzk/bdf/bdf-pkg/build/bdf-pkg-full/libso:/apps/software/intel2019/mkl/lib/intel64:/apps/software/lib64/glibc:$LD_LIBRARY_PATH
export PATH=/apps/software/python3/bin:$PATH
ulimit -s unlimited
ulimit -t unlimited
export OMP_NUM_THREADS=8
export OMP_STACKSIZE=4G
/apps/users/wzk/bdf/bdf-pkg/build/bdf-pkg-full/sbin/bdfdrv.py -tmpdir ~/scratch/CH2O-UTDDFT-B3LYP_723 -r CH2O-UTDDFT-B3LYP.inp > CH2O-UTDDFT-B3LYP.out
rm -rf .CH2O-UTDDFT-B3LYP.wrk> Done

Job <#!/bin/bash
#BSUB -J CH2O-UTDDFT-B3LYP
#BSUB -o CH2O-UTDDFT-B3LYP.out
#BSUB -n 8
#BSUB -q cqueue
#BSUB -R span[hosts=1]
export BDFHOME=/apps/users/wzk/bdf/bdf-pkg/build/bdf-pkg-full
export BDF_TMPDIR=~/scratch/CH2O-UTDDFT-B3LYP_723
export USE_LIBCINT=no
export LD_LIBRARY_PATH=/apps/users/wzk/bdf/bdf-pkg/build/bdf-pkg-full/extlibs:/apps/users/wzk/bdf/bdf-pkg/build/bdf-pkg-full/libso:/apps/software/intel2019/mkl/lib/intel64:/apps/software/lib64/glibc:$LD_LIBRARY_PATH
export PATH=/apps/software/python3/bin:$PATH
ulimit -s unlimited
ulimit -t unlimited
export OMP_NUM_THREADS=8
export OMP_STACKSIZE=4G
/apps/users/wzk/bdf/bdf-pkg/build/bdf-pkg-full/sbin/bdfdrv.py -tmpdir ~/scratch/CH2O-UTDDFT-B3LYP_723 -r CH2O-UTDDFT-B3LYP.inp > CH2O-UTDDFT-B3LYP.out
rm -rf .CH2O-UTDDFT-B3LYP.wrk> was submitted from host <mgt01> by user <wzk>.
Job was executed on host(s) <8*cnode02>, in queue <cqueue>, as user <wzk>.
</apps/users/wzk> was used as the home directory.
</apps/users/wzk/bdf/test/CH2O> was used as the working directory.
Started at 2026-02-03 11:04:31
Results reported at 2026-02-03 11:08:15

Your job looked like:

------------------------------------------------------------
# User input
#!/bin/bash
#BSUB -J CH2O-UTDDFT-B3LYP
#BSUB -o CH2O-UTDDFT-B3LYP.out
#BSUB -n 8
#BSUB -q cqueue
#BSUB -R span[hosts=1]
export BDFHOME=/apps/users/wzk/bdf/bdf-pkg/build/bdf-pkg-full
export BDF_TMPDIR=~/scratch/CH2O-UTDDFT-B3LYP_723
export USE_LIBCINT=no
export LD_LIBRARY_PATH=/apps/users/wzk/bdf/bdf-pkg/build/bdf-pkg-full/extlibs:/apps/users/wzk/bdf/bdf-pkg/build/bdf-pkg-full/libso:/apps/software/intel2019/mkl/lib/intel64:/apps/software/lib64/glibc:$LD_LIBRARY_PATH
export PATH=/apps/software/python3/bin:$PATH
ulimit -s unlimited
ulimit -t unlimited
export OMP_NUM_THREADS=8
export OMP_STACKSIZE=4G
/apps/users/wzk/bdf/bdf-pkg/build/bdf-pkg-full/sbin/bdfdrv.py -tmpdir ~/scratch/CH2O-UTDDFT-B3LYP_723 -r CH2O-UTDDFT-B3LYP.inp > CH2O-UTDDFT-B3LYP.out
rm -rf .CH2O-UTDDFT-B3LYP.wrk
------------------------------------------------------------

Successfully completed.

Resource usage summary:

    CPU time   :         1756.59 sec.
    Max Memory :               427 MB
    Max Processes  :               6


The output (if any) follows:

