BEGIN_BASIC_INFO
  37  # num of atoms 
 111  # num of modes 
END_BASIC_INFO

BEGIN_DATA_1
  BEGIN_DESCRIPTION_1

                 2         2
                  2       2
                   2     2
               D2  |2   2
                   | 222
                   |  |
                   |  |
              1    |  | 1
               1   |  |1
                1  |  1
                 1 | 1  D1
                  111

    Q1 = S(1 <- 2) Q2 + D2
    Q1 = S2        Q2 + D2
    Q2 = S(2 <- 1) Q1 + D1
    Q2 = S1        Q1 + D1
    n              : index of mode, from 1 to 3n
    m              : index of mode, from 1 to 3n-6
    sym            : irreducible representation
    freq   (cm-1 ) : frequency
    D      (a.u. ) : displacement of mode
    delta  ( 1   ) : dimensionless projection, delta = D * SQRT(freq)
    HR     ( 1   ) : Huang-Rhys factor, HR = 0.5 * delta^2 
    lam    (cm-1 ) : reorganization energy, lam = HR * \hbar * freq
    ZPE1 (Ground ) :   60697.6069700 cm-1
    ZPE2 (Excited) :   59804.8542431 cm-1
    ZPE2 - ZPE1    :    -892.7527269 cm-1
  END_DESCRIPTION_1
  BEGIN_OUTPUT_1
============================================================================================================================================
   n   m sym1   freq1         D1     delta1        HR1       lam1 sym2   freq2         D2     delta2        HR2       lam2    g    e   S(g,e)
--------------------------------------------------------------------------------------------------------------------------------------------
   1   0    A   -0.00     0.00000   0.00000    0.00000      -0.00    A   -0.00    -0.00000  -0.00000    0.00000      -0.00    1    1   0.1104
   2   0    A   -0.00    -0.00000  -0.00000    0.00000      -0.00    A   -0.00     0.00000   0.00000    0.00000      -0.00    2    2   0.5729
   3   0    A   -0.00     0.00000   0.00000    0.00000      -0.00    A    0.00    -0.00000  -0.00000    0.00000       0.00    3    3  -0.1697
   4   0    A    0.00    -0.00000  -0.00000    0.00000       0.00    A    0.00     0.00000   0.00000    0.00000       0.00    4    4   0.4272
   5   0    A    0.00     0.00000   0.00000    0.00000       0.00    A    0.00    -0.00000  -0.00000    0.00000       0.00    5    5   0.1784
   6   0    A    0.00    -0.00000  -0.00000    0.00000       0.00    A    0.00     0.00000   0.00000    0.00000       0.00    6    6   0.4968
   7   1    A   58.51    -0.19699  -0.00322    0.00001       0.00    A   43.30    -0.06786  -0.00095    0.00000       0.00    7    7   0.0049
   8   2    A   71.77     0.23240   0.00420    0.00001       0.00    A   44.17     0.19738   0.00280    0.00000       0.00    8    8  -0.0146
   9   3    A   85.09     0.06997   0.00138    0.00000       0.00    A  102.73    -0.22470  -0.00486    0.00001       0.00    9    9  -0.0008
  10   4    A  144.53    -0.01299  -0.00033    0.00000       0.00    A  136.45     0.00783   0.00020    0.00000       0.00   10   10   0.9473
  11   5    A  144.54    -0.00440  -0.00011    0.00000       0.00    A  143.98     0.00398   0.00010    0.00000       0.00   11   11  -0.9087
  12   6    A  185.52    -0.03803  -0.00111    0.00000       0.00    A  191.86    19.38654   0.57319    0.16427      31.52   12   12   0.0023
  13   7    A  187.66    19.81759   0.57949    0.16790      31.51    A  208.75    -0.00767  -0.00024    0.00000       0.00   13   13   0.0001
  14   8    A  199.19    -0.02146  -0.00065    0.00000       0.00    A  214.52     0.00463   0.00014    0.00000       0.00   14   14   0.0014
  15   9    A  199.24     0.01551   0.00047    0.00000       0.00    A  214.70     0.03233   0.00101    0.00000       0.00   15   15   0.0003
  16  10    A  209.40    -0.01323  -0.00041    0.00000       0.00    A  232.77    -0.04427  -0.00144    0.00000       0.00   16   16  -0.0002
  17  11    A  209.40    -0.00029  -0.00001    0.00000       0.00    A  250.81     0.01233   0.00042    0.00000       0.00   17   17  -0.0016
  18  12    A  212.63    -0.02776  -0.00086    0.00000       0.00    A  253.86    -0.00025  -0.00001    0.00000       0.00   18   18  -0.0005
  19  13    A  236.94     0.00967   0.00032    0.00000       0.00    A  274.64     0.02265   0.00080    0.00000       0.00   19   19   0.0030
  20  14    A  301.11     0.02627   0.00097    0.00000       0.00    A  296.88    -0.00886  -0.00033    0.00000       0.00   20   20   0.0028
  21  15    A  345.65    -0.00252  -0.00010    0.00000       0.00    A  332.94    -0.02897  -0.00113    0.00000       0.00   21   21   0.0008
  22  16    A  345.69     0.00943   0.00037    0.00000       0.00    A  347.70     0.02601   0.00104    0.00000       0.00   22   22   0.8181
  23  17    A  349.36    -0.06429  -0.00256    0.00000       0.00    A  353.92     0.04157   0.00167    0.00000       0.00   23   23  -0.0000
  24  18    A  375.06   -27.36750  -1.13133    0.63996     240.02    A  364.20    27.51191   1.12072    0.62801     228.72   24   24   0.9995
  25  19    A  400.71    -0.00990  -0.00042    0.00000       0.00    A  391.96    -0.01487  -0.00063    0.00000       0.00   25   25   0.7816
  26  20    A  400.74     0.04463   0.00191    0.00000       0.00    A  393.56     0.01172   0.00050    0.00000       0.00   26   26   0.8313
  27  21    A  412.02     0.00072   0.00003    0.00000       0.00    A  404.51    -0.00323  -0.00014    0.00000       0.00   27   27   0.0000
  28  22    A  425.38    -0.01345  -0.00059    0.00000       0.00    A  407.03    -0.01706  -0.00073    0.00000       0.00   28   28   0.8364
  29  23    A  446.83     0.01156   0.00052    0.00000       0.00    A  408.35    -0.01518  -0.00065    0.00000       0.00   29   29  -0.0039
  30  24    A  446.84    -0.01081  -0.00049    0.00000       0.00    A  416.72     0.02010   0.00088    0.00000       0.00   30   30   0.8172
  31  25    A  492.92     0.05197   0.00246    0.00000       0.00    A  458.01     0.04475   0.00204    0.00000       0.00   31   31  -0.9775
  32  26    A  691.83    -0.00031  -0.00002    0.00000       0.00    A  573.93    -0.00150  -0.00008    0.00000       0.00   32   32  -0.0002
  33  27    A  691.83     0.00947   0.00053    0.00000       0.00    A  663.45    -0.00001  -0.00000    0.00000       0.00   33   33   0.0926
  34  28    A  702.26    -0.01294  -0.00073    0.00000       0.00    A  667.48     0.03150   0.00174    0.00000       0.00   34   34   0.1976
  35  29    A  712.66    -0.00993  -0.00057    0.00000       0.00    A  674.76     0.01371   0.00076    0.00000       0.00   35   35  -0.0023
  36  30    A  729.46    -0.00200  -0.00012    0.00000       0.00    A  678.30     0.01030   0.00057    0.00000       0.00   36   36   0.0198
  37  31    A  729.46     0.00659   0.00038    0.00000       0.00    A  701.85    -0.00883  -0.00050    0.00000       0.00   37   37  -0.0024
  38  32    A  729.96     0.02538   0.00146    0.00000       0.00    A  705.21    -0.00106  -0.00006    0.00000       0.00   38   38   0.0852
  39  33    A  731.96     0.00926   0.00053    0.00000       0.00    A  713.49     0.00245   0.00014    0.00000       0.00   39   39   0.0014
  40  34    A  746.04    -3.99167  -0.23272    0.02708      20.20    A  722.21    -0.01028  -0.00059    0.00000       0.00   40   40  -0.0006
  41  35    A  759.05    -5.62616  -0.33087    0.05474      41.55    A  738.95     3.98624   0.23130    0.02675      19.77   41   41   0.0575
  42  36    A  763.71     0.01754   0.00103    0.00000       0.00    A  750.97     6.49189   0.37974    0.07210      54.15   42   42  -0.0031
  43  37    A  763.73    -0.00806  -0.00048    0.00000       0.00    A  756.35    -0.00016  -0.00001    0.00000       0.00   43   43  -0.8535
  44  38    A  795.34     0.01220   0.00073    0.00000       0.00    A  765.73    -0.00880  -0.00052    0.00000       0.00   44   44   0.0000
  45  39    A  805.75    -0.00467  -0.00028    0.00000       0.00    A  775.67     0.00587   0.00035    0.00000       0.00   45   45   0.0514
  46  40    A  805.75    -0.00065  -0.00004    0.00000       0.00    A  775.90    -0.00411  -0.00024    0.00000       0.00   46   46  -0.2850
  47  41    A  810.33     0.00086   0.00005    0.00000       0.00    A  788.80     0.00064   0.00004    0.00000       0.00   47   47  -0.0004
  48  42    A  810.34     0.00016   0.00001    0.00000       0.00    A  802.47     0.00948   0.00057    0.00000       0.00   48   48   0.0056
  49  43    A  814.06    -0.00039  -0.00002    0.00000       0.00    A  815.56     0.00192   0.00012    0.00000       0.00   49   49   0.0022
  50  44    A  815.77    -0.00139  -0.00008    0.00000       0.00    A  816.68    -0.00031  -0.00002    0.00000       0.00   50   50  -0.0022
  51  45    A  834.03    -0.00296  -0.00018    0.00000       0.00    A  825.34    -0.00056  -0.00003    0.00000       0.00   51   51  -0.0005
  52  46    A  877.98    -0.00307  -0.00019    0.00000       0.00    A  836.41    -0.00462  -0.00029    0.00000       0.00   52   52  -0.9718
  53  47    A  884.47    -0.00079  -0.00005    0.00000       0.00    A  848.28    -0.00047  -0.00003    0.00000       0.00   53   53  -0.5664
  54  48    A  884.48     0.00003   0.00000    0.00000       0.00    A  852.97    -0.00114  -0.00007    0.00000       0.00   54   54  -0.5873
  55  49    A  892.94     0.00626   0.00040    0.00000       0.00    A  863.39    -0.00391  -0.00025    0.00000       0.00   55   55   0.9892
  56  50    A  937.58     0.00096   0.00006    0.00000       0.00    A  883.18    -0.00304  -0.00019    0.00000       0.00   56   56   0.7086
  57  51    A  941.72     0.00112   0.00007    0.00000       0.00    A  884.91     0.00109   0.00007    0.00000       0.00   57   57  -0.5430
  58  52    A  941.73     0.00038   0.00003    0.00000       0.00    A  894.12     0.00144   0.00009    0.00000       0.00   58   58  -0.0001
  59  53    A  944.77     0.00303   0.00020    0.00000       0.00    A  941.43    -0.00082  -0.00005    0.00000       0.00   59   59   0.7299
  60  54    A 1034.02     5.64229   0.38728    0.07499      77.55    A  941.59    -0.00859  -0.00056    0.00000       0.00   60   60   0.0014
  61  55    A 1037.31    -0.00198  -0.00014    0.00000       0.00    A 1029.65    -6.54104  -0.44802    0.10036     103.34   61   61  -0.0006
  62  56    A 1038.34    -0.03497  -0.00241    0.00000       0.00    A 1033.79     0.01062   0.00073    0.00000       0.00   62   62   0.7317
  63  57    A 1038.35    -0.00619  -0.00043    0.00000       0.00    A 1036.17     0.02823   0.00194    0.00000       0.00   63   63  -0.5876
  64  58    A 1050.78    -0.01754  -0.00121    0.00000       0.00    A 1043.81    -1.75267  -0.12087    0.00730       7.62   64   64  -0.0018
  65  59    A 1050.79     0.01293   0.00089    0.00000       0.00    A 1043.86     3.84121   0.26491    0.03509      36.63   65   65  -0.0003
  66  60    A 1051.42    -2.84295  -0.19677    0.01936      20.36    A 1059.38    -0.02242  -0.00156    0.00000       0.00   66   66  -0.0134
  67  61    A 1063.92     4.62095   0.32173    0.05176      55.06    A 1060.65     2.35693   0.16385    0.01342      14.24   67   67  -0.4896
  68  62    A 1065.07    -0.04187  -0.00292    0.00000       0.00    A 1065.62     0.00393   0.00027    0.00000       0.00   68   68  -0.2216
  69  63    A 1065.09     0.03538   0.00246    0.00000       0.00    A 1072.98    -0.00609  -0.00043    0.00000       0.00   69   69   0.2224
  70  64    A 1075.17     0.20978   0.01468    0.00011       0.12    A 1076.09     0.76776   0.05376    0.00145       1.56   70   70   0.8091
  71  65    A 1088.04     0.00339   0.00024    0.00000       0.00    A 1078.89     0.00065   0.00005    0.00000       0.00   71   71  -0.0021
  72  66    A 1183.43     0.00150   0.00011    0.00000       0.00    A 1090.36    -0.00085  -0.00006    0.00000       0.00   72   72  -0.1313
  73  67    A 1184.82     0.00266   0.00020    0.00000       0.00    A 1137.98     0.00020   0.00001    0.00000       0.00   73   73   0.0102
  74  68    A 1184.82     0.00210   0.00015    0.00000       0.00    A 1171.61     0.00164   0.00012    0.00000       0.00   74   74  -0.5747
  75  69    A 1213.74    -3.25029  -0.24171    0.02921      35.46    A 1179.17     0.00050   0.00004    0.00000       0.00   75   75  -0.0014
  76  70    A 1213.91    -0.05273  -0.00392    0.00001       0.01    A 1183.00     0.00085   0.00006    0.00000       0.00   76   76  -0.3543
  77  71    A 1287.72     0.00139   0.00011    0.00000       0.00    A 1222.29     3.24477   0.24215    0.02932      35.83   77   77  -0.0002
  78  72    A 1287.74     0.00117   0.00009    0.00000       0.00    A 1268.11     0.00062   0.00005    0.00000       0.00   78   78  -0.0000
  79  73    A 1358.41    -0.00022  -0.00002    0.00000       0.00    A 1299.51     0.00037   0.00003    0.00000       0.00   79   79  -0.3104
  80  74    A 1358.44    -0.00044  -0.00003    0.00000       0.00    A 1316.31    -0.00024  -0.00002    0.00000       0.00   80   80   0.4149
  81  75    A 1376.03    -0.00039  -0.00003    0.00000       0.00    A 1330.97     0.00450   0.00035    0.00000       0.00   81   81   0.0003
  82  76    A 1396.16    -0.00009  -0.00001    0.00000       0.00    A 1380.33     0.00147   0.00012    0.00000       0.00   82   82   0.0091
  83  77    A 1423.88    -0.04822  -0.00388    0.00001       0.01    A 1405.71     5.46475   0.43735    0.09564     134.44   83   83  -0.0008
  84  78    A 1427.48    -7.17668  -0.57878    0.16750     239.10    A 1415.33     0.00312   0.00025    0.00000       0.00   84   84   0.0005
  85  79    A 1438.26     2.22736   0.18031    0.01626      23.38    A 1426.00    -9.19458  -0.74114    0.27464     391.64   85   85  -0.1383
  86  80    A 1449.83     0.00122   0.00010    0.00000       0.00    A 1426.77     0.08380   0.00676    0.00002       0.03   86   86   0.4090
  87  81    A 1449.84     0.00363   0.00030    0.00000       0.00    A 1445.27     0.00357   0.00029    0.00000       0.00   87   87   0.4005
  88  82    A 1501.47     0.00072   0.00006    0.00000       0.00    A 1459.23    -0.07257  -0.00592    0.00002       0.03   88   88  -0.0015
  89  83    A 1501.48     0.00089   0.00007    0.00000       0.00    A 1463.86     0.00003   0.00000    0.00000       0.00   89   89   0.5288
  90  84    A 1517.74    -2.15936  -0.17957    0.01612      24.47    A 1488.17     0.00017   0.00001    0.00000       0.00   90   90  -0.0004
  91  85    A 1547.02     0.00127   0.00011    0.00000       0.00    A 1507.61     0.00139   0.00011    0.00000       0.00   91   91   0.0002
  92  86    A 1568.82     5.44399   0.46027    0.10592     166.17    A 1516.19    -0.00322  -0.00027    0.00000       0.00   92   92   0.0005
  93  87    A 1599.46     0.00160   0.00014    0.00000       0.00    A 1522.63     0.00243   0.00020    0.00000       0.00   93   93  -0.4356
  94  88    A 1599.47     0.00055   0.00005    0.00000       0.00    A 1529.64     3.75092   0.31314    0.04903      75.00   94   94  -0.0005
  95  89    A 1624.29    -0.00294  -0.00025    0.00000       0.00    A 1596.43    -0.00894  -0.00076    0.00000       0.00   95   95   0.3709
  96  90    A 1624.30     0.00167   0.00014    0.00000       0.00    A 1600.89    -1.85183  -0.15816    0.01251      20.02   96   96   0.0016
  97  91    A 1627.57    -4.86979  -0.41936    0.08793     143.12    A 1656.67    -2.88896  -0.25100    0.03150      52.18   97   97   0.3295
  98  92    A 1645.80     0.00030   0.00003    0.00000       0.00    A 1668.08     0.00050   0.00004    0.00000       0.00   98   98  -0.0001
  99  93    A 1695.82    -5.71184  -0.50208    0.12604     213.75    A 1698.05     0.00059   0.00005    0.00000       0.00   99   99   0.0000
 100  94    A 3221.98     0.01590   0.00193    0.00000       0.01    A 3224.64     0.00036   0.00004    0.00000       0.00  100  100  -0.2438
 101  95    A 3222.00    -0.05335  -0.00646    0.00002       0.07    A 3227.87     0.00605   0.00073    0.00000       0.00  101  101   0.1890
 102  96    A 3222.10    -0.02802  -0.00340    0.00001       0.02    A 3228.23    -0.11970  -0.01452    0.00011       0.34  102  102  -0.1362
 103  97    A 3222.18    -0.11238  -0.01362    0.00009       0.30    A 3228.38     0.00699   0.00085    0.00000       0.00  103  103  -0.1067
 104  98    A 3255.66     0.00003   0.00000    0.00000       0.00    A 3258.71     0.00006   0.00001    0.00000       0.00  104  104   0.6460
 105  99    A 3255.79     0.00019   0.00002    0.00000       0.00    A 3258.97    -0.00007  -0.00001    0.00000       0.00  105  105   0.6436
 106 100    A 3255.80     0.00009   0.00001    0.00000       0.00    A 3259.00    -0.00013  -0.00002    0.00000       0.00  106  106   0.1538
 107 101    A 3255.86    -0.00023  -0.00003    0.00000       0.00    A 3259.16     0.00035   0.00004    0.00000       0.00  107  107  -0.1083
 108 102    A 3275.38    -0.08050  -0.00983    0.00005       0.16    A 3275.79    -0.02176  -0.00266    0.00000       0.01  108  108  -0.4402
 109 103    A 3275.53     0.00147   0.00018    0.00000       0.00    A 3275.87     0.02667   0.00326    0.00001       0.02  109  109   0.5008
 110 104    A 3275.54    -0.00623  -0.00076    0.00000       0.00    A 3279.13    -0.02296  -0.00281    0.00000       0.01  110  110   0.1455
 111 105    A 3275.62     0.11234   0.01372    0.00009       0.31    A 3279.21     0.00378   0.00046    0.00000       0.00  111  111  -0.1063
--------------------------------------------------------------------------------------------------------------------------------------------
  Total reorganization energy      (cm-1):         1332.696340       1207.095865
--------------------------------------------------------------------------------------------------------------------------------------------
--------------------------------------------------------------------------------------------------------------------------------------------
  END_OUTPUT_1
END_DATA_1

BEGIN_DUSH_1     Delta DUSH =   75.58 %
  BEGIN_DUSH_INFORMATION1
  Qg = S(g,e) Qe + Dg
  END_DUSH_INFORMATION1
  BEGIN_DUSH_DATA_1
--------------------------------------------------------------------------------------------------------------------------------------------
  MODE       1
 1.104019E-01 -2.311313E-01 -9.445702E-02  5.929280E-01  7.560487E-01 -4.777080E-02  5.309595E-07 -3.962085E-08 -2.923075E-07 -3.074569E-04
-3.184732E-04 -3.081954E-06  9.425588E-04  6.451429E-04  1.530081E-03  7.299493E-08 -2.374453E-05 -1.125077E-05  5.993612E-08  7.807391E-07
-1.904224E-07 -6.836714E-06  9.868730E-06  4.754111E-07  1.141415E-05 -2.050645E-05 -3.614684E-04 -9.500735E-04  1.369363E-03  3.537262E-04
-1.266802E-06 -8.962313E-05 -9.704649E-04 -1.712105E-07 -2.405537E-04  2.312412E-07  2.179894E-06  1.227337E-05  5.310279E-04 -1.392240E-06
 1.630081E-07  6.790857E-07  1.008466E-06  5.037116E-06 -2.363130E-05  4.404836E-04 -2.716453E-04 -6.240171E-07  4.379742E-06 -5.905789E-04
 9.093029E-06  5.209079E-07 -2.631178E-04 -1.102724E-04 -4.815642E-08  9.842332E-07  4.161361E-04 -7.042957E-04 -7.288462E-08 -1.118468E-04
-3.089731E-07 -8.956565E-06  1.292182E-05 -3.238426E-04 -1.475111E-04 -6.121786E-06 -3.835418E-07 -4.258784E-06 -4.717686E-06 -2.785058E-06
-8.354616E-06 -4.501826E-04  1.902650E-04  3.361246E-06 -9.318744E-06 -1.015534E-03  2.247770E-07  4.549618E-04  1.891335E-06 -2.039738E-06
-1.772765E-06  2.623503E-04  3.315175E-07 -5.250086E-06  1.483033E-07 -2.244081E-06  1.863158E-06 -3.152428E-07 -3.527136E-06 -8.367655E-04
 2.793372E-06  5.068597E-04  9.340879E-07 -5.612856E-07 -2.046073E-06 -1.212041E-06 -3.941618E-08 -2.955707E-06  1.053842E-06  5.970971E-05
 9.018578E-07  1.274017E-07 -1.411727E-06  5.042176E-05 -1.040454E-04 -9.702329E-05 -5.989924E-06  2.145617E-06  1.248324E-06  6.168835E-07
 1.049821E-06
  MODE       2
 8.338307E-02  5.728698E-01  3.334667E-01  4.374602E-01 -1.748466E-01 -5.759534E-01 -1.008943E-07  9.966070E-08  1.201341E-07  1.259613E-04
-1.665718E-04  1.249591E-06  4.837751E-04 -2.638407E-04 -6.490292E-04  1.185953E-07 -1.370004E-05  5.546443E-06  7.106402E-08 -2.340795E-07
 2.843409E-08  5.134313E-06  2.594578E-06 -8.704355E-08  9.082375E-06  6.627791E-06 -2.014560E-04  3.985990E-04 -5.769830E-04 -1.449549E-04
 5.213819E-07  3.819748E-05 -5.060805E-04  8.361614E-09  9.858364E-05  2.302766E-08 -9.115014E-07  6.887360E-06 -2.175696E-04  5.708396E-07
 1.596358E-07 -8.835924E-09  1.620134E-06  1.734241E-06  9.718726E-06 -1.804556E-04 -1.413224E-04  2.825967E-07  8.988758E-07  2.490527E-04
 1.046132E-06 -2.927625E-07 -1.369448E-04  4.518744E-05 -1.937991E-08  3.534597E-08  2.167853E-04  2.983179E-04  2.818239E-08  4.583510E-05
-6.489279E-08 -2.603105E-06 -1.282339E-07  1.355066E-04  6.201781E-05  3.784738E-06  2.954147E-07  3.182431E-07 -2.529947E-06  1.229687E-06
 4.485123E-06  1.889906E-04 -8.056966E-05  1.976931E-06  3.659264E-06  4.281761E-04 -1.518421E-07 -1.919419E-04  7.504789E-07 -2.514893E-07
-4.984807E-07 -1.101477E-04  1.760553E-07 -2.029741E-06  8.294619E-08 -1.862088E-06  8.995718E-07 -3.324327E-08 -1.270091E-06  3.526715E-04
-4.919506E-07 -2.145001E-04  6.799375E-07  2.691382E-08  6.750347E-07  5.279653E-07  7.512887E-08  9.896633E-07  7.457885E-07 -2.519651E-05
 7.356536E-08 -2.069102E-08 -2.804981E-07 -2.086523E-05  4.529565E-05  4.015200E-05  1.748889E-06 -1.304636E-07 -3.463189E-08 -3.204089E-08
-2.018514E-09
  MODE       3
-5.040715E-01  9.434115E-02 -1.696784E-01 -4.706551E-01  4.149214E-01 -5.608306E-01  6.052102E-08 -5.174833E-07 -7.116679E-07 -7.545017E-04
 5.147552E-04 -9.936625E-07 -1.505668E-03  1.648741E-03  3.137720E-04 -2.437656E-07  4.338497E-05 -3.287050E-05 -3.150855E-07  8.804948E-07
-8.282510E-08 -2.596442E-05 -4.266960E-06 -1.320245E-07 -3.093359E-05 -3.501464E-05  6.076766E-04 -1.673235E-04  2.473107E-04  8.686099E-04
-2.992506E-07 -1.690589E-05  1.565293E-03  9.754711E-08 -5.905121E-04 -2.205241E-07  5.293742E-06 -2.071145E-05  1.303259E-03 -3.442612E-06
-4.181204E-07 -1.055399E-08 -6.044670E-06 -4.411976E-06 -5.815748E-05  1.081029E-03  4.375333E-04 -1.668942E-06 -9.475792E-06 -1.075202E-04
 2.094721E-06  2.687897E-07  4.239087E-04 -2.706628E-04  4.436245E-08 -7.277059E-07 -6.707761E-04 -1.303136E-04 -1.696809E-07 -2.745946E-04
 5.285668E-07  5.069659E-06  2.986217E-06 -5.607599E-05 -2.670767E-05 -2.257985E-05 -1.215292E-06 -4.423978E-06  7.244960E-06 -3.939629E-06
-2.436685E-05 -8.022696E-05  3.499850E-05 -6.148210E-06 -1.431799E-05 -1.840959E-04  1.021000E-06  8.206665E-05 -1.592057E-06 -3.672582E-07
 6.713725E-07  4.658483E-05 -5.413360E-07  5.529551E-06 -1.900131E-07  6.442427E-06 -3.004524E-06 -6.668528E-07  2.930830E-06 -1.509338E-04
 4.940561E-06  9.322220E-05 -1.047918E-06 -1.148158E-06 -3.923270E-06 -3.548306E-06 -3.279840E-07 -6.403093E-06 -2.147965E-06  1.074373E-05
 1.010483E-06 -1.071171E-09  1.115857E-06  9.006974E-06 -1.963390E-05 -1.767744E-05 -6.813982E-07  1.877766E-06  1.195180E-06  3.427004E-07
-2.479017E-08
  MODE       4
-8.175882E-01  1.111969E-01 -1.218247E-01  4.272398E-01 -1.779210E-01  3.002288E-01 -1.245392E-07 -1.675736E-07 -4.163413E-07 -4.464059E-04
-2.970640E-04  2.906799E-06  8.589620E-04  1.012978E-03 -1.772060E-03  2.782717E-07 -2.209610E-05 -1.818335E-05 -1.703317E-08  3.372429E-07
-5.852762E-08 -1.009773E-05  1.117935E-05 -3.079153E-07  1.015740E-05 -2.021610E-05 -3.649968E-04  1.112166E-03 -1.606879E-03  5.140583E-04
 1.352427E-06  1.062591E-04 -9.023569E-04  6.672060E-08 -3.493447E-04 -4.014536E-08  3.021150E-06  1.251098E-05  7.710805E-04 -2.048927E-06
 3.030683E-07  2.681968E-07  7.329812E-07  4.973870E-06 -3.433562E-05  6.396632E-04 -2.518010E-04 -9.436903E-07 -4.731625E-06  6.929683E-04
 1.122897E-05 -7.347335E-07 -2.440290E-04 -1.601236E-04 -5.735790E-08 -2.068308E-07  3.864345E-04  8.297760E-04 -1.027859E-07 -1.624751E-04
 1.688782E-07 -9.879478E-06  8.887035E-06  3.785995E-04  1.724241E-04 -1.184718E-05 -2.608808E-07 -5.613833E-06 -5.105015E-06 -3.768538E-07
-1.184812E-05  5.264414E-04 -2.243054E-04  3.285063E-06 -4.543490E-06  1.192125E-03  5.958612E-07 -5.350548E-04  2.376119E-06 -2.476423E-06
-2.257994E-06 -3.070290E-04  3.146746E-07 -5.104126E-06  2.181868E-07 -1.923740E-06  1.417255E-06 -1.048895E-06 -3.906738E-06  9.825506E-04
 4.748961E-06 -5.969655E-04  2.233439E-06 -1.445651E-06 -2.443346E-06 -2.271982E-06 -6.046955E-08 -4.298887E-06  1.332805E-06 -7.027713E-05
 1.890269E-06 -3.211240E-08 -6.293433E-07 -5.761346E-05  1.275216E-04  1.104806E-04  4.084154E-06  2.561745E-06  1.787680E-06  5.372376E-07
 4.560632E-07
  MODE       5
-2.253021E-01 -2.315754E-01  9.136544E-01 -1.205751E-01  1.783969E-01  1.202917E-01  5.249793E-07  3.972390E-08 -1.469845E-07 -1.527207E-04
-3.152830E-04 -3.309660E-06  9.343384E-04  3.023138E-04  1.710844E-03  5.353399E-08 -2.402530E-05 -4.774202E-06  9.255327E-08  6.130439E-07
-1.665452E-07 -2.432860E-06  8.281295E-06  5.185504E-07  1.264713E-05 -1.318323E-05 -3.560589E-04 -1.066900E-03  1.537705E-03  1.755753E-04
-1.395208E-06 -1.007313E-04 -9.608386E-04 -1.852150E-07 -1.194572E-04  2.517099E-07  1.110098E-06  1.207999E-05  2.637521E-04 -6.847712E-07
 1.544755E-07  6.162169E-07  1.479985E-06  4.564769E-06 -1.171755E-05  2.187731E-04 -2.690055E-04 -2.902682E-07  5.904453E-06 -6.630865E-04
 6.876093E-06  5.856615E-07 -2.605523E-04 -5.476693E-05 -4.239074E-08  1.055235E-06  4.120398E-04 -7.910584E-04 -3.759604E-08 -5.553217E-05
-3.774940E-07 -7.678027E-06  1.083215E-05 -3.636876E-04 -1.655374E-04 -1.825467E-06 -2.069992E-07 -2.815924E-06 -4.525831E-06 -2.229425E-06
-3.797998E-06 -5.053612E-04  2.137462E-04  3.378072E-06 -6.850753E-06 -1.140375E-03  2.328794E-08  5.110797E-04  1.631026E-06 -1.559282E-06
-1.440389E-06  2.945593E-04  3.279401E-07 -4.864783E-06  1.297560E-07 -2.534297E-06  1.891939E-06 -7.870201E-08 -3.116551E-06 -9.397491E-04
 1.478762E-06  5.693276E-04  6.730522E-07 -2.074796E-07 -1.207542E-06 -4.665727E-07  4.502930E-09 -1.553803E-06  1.036119E-06  6.708581E-05
 4.834593E-07  1.278926E-07 -1.381862E-06  5.639710E-05 -1.175655E-04 -1.084287E-04 -6.324933E-06  1.494540E-06  8.144104E-07  4.797380E-07
 9.472707E-07
  MODE       6
 8.687049E-02  7.372244E-01  3.835420E-02 -1.961243E-01  4.026866E-01  4.968450E-01 -1.175877E-07  7.250793E-08  3.192014E-07  3.408469E-04
 3.829342E-04 -8.684854E-07 -1.117670E-03 -7.597402E-04  6.345242E-04 -2.440479E-07  2.906345E-05  1.314936E-05 -4.651347E-08 -4.390234E-07
 1.054408E-07  6.689144E-06 -1.192495E-05  7.480612E-09 -1.475994E-05  1.792993E-05  4.560647E-04 -3.990107E-04  5.784118E-04 -3.923998E-04
-4.518884E-07 -3.867479E-05  1.164588E-03  3.272856E-08  2.667096E-04 -8.780533E-08 -2.325171E-06 -1.557376E-05 -5.887298E-04  1.559225E-06
-3.153281E-07 -4.498526E-07 -1.555273E-06 -5.834887E-06  2.619618E-05 -4.883876E-04  3.253869E-04  7.022496E-07  4.490773E-07 -2.495202E-04
-1.095702E-05  3.228778E-07  3.152743E-04  1.222529E-04  6.267086E-08 -3.262464E-07 -4.989929E-04 -3.000833E-04  7.974584E-08  1.240353E-04
 6.480939E-08  1.077311E-05 -1.077619E-05 -1.355671E-04 -6.185910E-05  7.964990E-06  1.944957E-07  4.995189E-06  6.108547E-06  9.184811E-07
 8.647354E-06 -1.887993E-04  8.114107E-05 -4.221476E-06  5.174326E-06 -4.293346E-04 -3.804980E-07  1.929625E-04 -2.528591E-06  2.440329E-06
 2.301075E-06  1.101683E-04 -4.029113E-07  6.129289E-06 -2.270181E-07  2.891721E-06 -2.022114E-06  7.619873E-07  4.355785E-06 -3.538643E-04
-3.776371E-06  2.157647E-04 -1.996090E-06  1.074959E-06  2.030933E-06  1.628065E-06  2.056603E-08  3.374840E-06 -1.553007E-06  2.535960E-05
-1.525319E-06 -2.841076E-08  1.103668E-06  2.023345E-05 -4.772179E-05 -3.871337E-05 -4.897693E-07 -2.374351E-06 -1.571689E-06 -5.691270E-07
-7.244722E-07
  MODE       7
-5.854010E-07 -2.231966E-07 -9.060786E-08  3.098042E-07 -6.581725E-08 -1.949111E-07  4.925931E-03  9.994008E-01  1.637753E-02  1.561736E-04
 4.282647E-04 -2.228005E-05 -3.501949E-05  6.800199E-05  1.035812E-04 -9.997736E-03  7.337987E-05 -1.058657E-04 -1.791264E-04 -2.115359E-02
 6.242976E-03 -6.583560E-05 -1.654262E-05  1.500611E-04  1.636431E-05  1.514767E-04  1.781452E-06 -2.154186E-05 -2.432619E-05 -3.951734E-05
 3.385007E-04 -8.914524E-06  3.455577E-05 -6.518284E-05  6.761968E-06 -1.255276E-06 -1.454184E-02 -1.331107E-05  9.208514E-05  7.949231E-03
 3.548437E-05 -2.769199E-05 -2.486168E-05  2.884533E-06 -5.772168E-03 -3.133182E-04  1.030187E-07  3.242015E-03 -1.569863E-05  1.653951E-06
-6.073445E-06  9.915302E-05  1.750468E-05 -5.286084E-06  1.468889E-04 -4.040271E-05  2.204638E-05  6.974717E-06 -4.282262E-05 -9.338744E-06
 4.119141E-05 -1.417768E-05 -2.904357E-05 -2.057678E-05  8.513154E-06  3.843531E-05 -6.228973E-05  1.563691E-06  8.230964E-06 -2.389090E-05
 4.978397E-06 -6.315111E-06 -6.937290E-06  7.655608E-06 -1.149024E-05  6.551690E-06 -3.663664E-05  7.386315E-07  1.003672E-05 -1.466682E-05
-9.042633E-06  6.846085E-06 -1.427191E-05  1.711370E-05 -1.550783E-05 -3.282473E-06 -4.759705E-06 -1.047890E-05 -1.190998E-05  5.800791E-06
-2.510989E-07  5.525671E-06  5.605840E-06 -3.871426E-06 -4.421000E-07  3.568769E-06 -5.530161E-06  3.978769E-06 -3.196055E-06 -2.267675E-06
-5.766095E-06  2.951581E-07 -1.524205E-06 -3.852406E-06  1.091038E-06  2.090851E-06  4.013058E-07 -3.093884E-07 -5.057526E-06 -1.054662E-05
 2.526697E-06
  MODE       8
-4.835275E-07 -1.854749E-07 -8.068504E-08  6.457690E-08  1.604642E-07 -2.173737E-07  7.980224E-04 -1.463725E-02  9.893803E-01 -2.610192E-04
 1.027895E-04 -1.073987E-04 -1.675933E-05  3.525524E-05  4.395350E-06  1.442272E-01 -3.187417E-05  7.149213E-06 -1.125235E-05  6.518861E-03
-6.481251E-03 -9.461370E-06  1.738356E-05  3.941683E-05 -1.743857E-06 -1.074630E-04 -1.264027E-05 -2.502040E-06  1.262119E-05 -2.442677E-05
 6.757415E-05 -2.625935E-06  1.766001E-06 -8.264597E-06 -6.113043E-06 -2.449618E-06 -9.787671E-04  2.475556E-07  6.354865E-06  3.985306E-04
 4.010736E-05 -3.495557E-06  4.654455E-05 -4.363912E-06 -3.962921E-03 -2.118750E-04 -1.157754E-06  4.025887E-04  5.369293E-06 -1.379927E-05
-1.157666E-06  1.893722E-05 -1.444462E-06  1.654054E-06 -2.940696E-03 -2.977668E-06 -2.416200E-06 -3.202991E-07 -9.005983E-06 -5.842444E-06
 4.149349E-05  1.310045E-05  4.315660E-05 -3.783752E-06  2.912204E-05 -1.809229E-05 -2.607246E-05  7.041210E-07  4.034872E-06 -3.088824E-05
-3.662820E-05 -1.411938E-05 -1.806515E-06 -2.762166E-06 -4.653414E-06 -3.919626E-06 -1.794745E-05 -2.344109E-06 -4.530026E-06  1.095577E-06
-1.624770E-05  1.306276E-06 -2.903702E-06 -1.399678E-05 -3.747648E-05 -1.484623E-06 -3.096696E-06  1.880583E-06  1.799867E-06 -1.047528E-05
-1.846350E-06 -2.933627E-06  5.562606E-06 -8.379407E-06  4.243809E-06  6.960468E-06  4.908559E-06  1.118569E-05  1.267034E-06  9.366444E-07
 9.964124E-06 -2.708924E-06  3.738631E-06  5.750252E-06 -1.298814E-06  3.781075E-06 -6.878325E-06  3.655538E-06  1.284400E-05 -1.648870E-05
 1.096034E-06
  MODE       9
-8.713281E-08 -3.521247E-07  3.021803E-07  6.357659E-09  5.803214E-07 -1.006428E-07  9.999173E-01 -4.974791E-03 -8.463700E-04  4.345751E-04
-7.958646E-04  2.283980E-05 -5.018009E-04 -1.214497E-04 -2.855074E-04 -9.607296E-05  3.332051E-04 -7.649049E-05 -1.372023E-03 -2.288024E-03
 7.829666E-04  7.672252E-06 -1.176575E-04 -6.076872E-05 -2.553332E-04  2.046110E-05 -6.812454E-05  1.458319E-04 -7.715861E-05  6.896374E-05
 7.322837E-04 -3.428742E-05 -1.898001E-05 -1.062388E-02  2.630226E-05 -3.341216E-03 -3.191890E-04 -3.606438E-05 -9.907230E-08 -1.000445E-04
 2.920431E-06 -4.214957E-06 -1.713910E-05  1.077781E-04 -3.614473E-05 -1.256970E-05  6.033272E-05  2.664252E-04 -5.529306E-06  5.279473E-05
 6.558604E-06  1.274733E-05 -1.695178E-05 -1.011031E-05  4.218953E-06 -2.259824E-03  1.490939E-05 -4.027241E-05  8.669052E-04  2.758640E-05
-1.550675E-05 -1.701269E-04 -1.334661E-05 -1.666011E-05  2.683557E-05 -1.300973E-06 -2.387541E-06 -6.699125E-05 -2.881030E-05 -1.658497E-05
 5.102828E-06 -4.684440E-05  1.206391E-05 -3.145009E-05  8.683786E-06 -1.167880E-05 -1.044086E-05  5.657732E-06  5.231913E-05 -4.048567E-06
-1.972700E-06  1.644070E-06  2.100102E-05  1.718593E-06  2.156862E-07 -3.898009E-06  7.970105E-05 -1.996072E-05  4.692706E-06 -1.692331E-05
 5.010855E-05  4.225487E-06  7.029215E-07 -5.857741E-06 -2.130458E-05 -4.673899E-06  2.815056E-06  1.696825E-07 -4.342140E-05 -1.169746E-05
 1.753966E-06 -6.202226E-06 -3.270144E-05  3.146421E-06  1.048475E-05 -1.807443E-05 -6.631669E-07 -4.508500E-07 -5.823394E-06  3.884680E-06
 1.869226E-05
  MODE      10
-2.806961E-04 -1.026787E-04 -5.358699E-05 -1.154055E-05  1.391694E-04 -1.396456E-04 -2.055084E-04 -2.481296E-04  2.244763E-04  9.472806E-01
 1.781613E-01  4.778371E-05  7.227078E-02  2.526132E-01  4.372743E-03 -6.020916E-06  1.267963E-06 -1.427026E-04 -1.359604E-05 -2.313696E-04
 1.715733E-04  1.218322E-04  5.813714E-06  8.776155E-05  7.521727E-06  3.067787E-04  5.507833E-03  8.705893E-05 -5.545341E-05  3.720120E-02
 1.324227E-04 -3.139522E-06  2.026050E-03  6.726814E-06 -1.173377E-02  2.918527E-06 -1.466284E-04 -3.890429E-03 -1.426626E-02  1.906271E-05
 6.170539E-06 -2.101368E-05 -4.728474E-05  1.086494E-05 -1.747639E-04  3.082552E-03 -1.215741E-03  4.649854E-05  5.195559E-05  5.955895E-06
 3.013279E-05  3.651990E-05  4.984364E-04 -8.582287E-03 -1.945977E-07 -4.836044E-06  1.446378E-03  6.198565E-06 -2.091864E-05  2.843697E-05
-4.969716E-05 -7.808009E-07 -4.956517E-05  1.631861E-05 -1.705540E-05  5.306955E-05  9.224004E-06 -3.553987E-05 -2.292546E-05  2.425429E-05
 7.775854E-05 -2.632375E-05 -8.265269E-06  2.183147E-06  5.382114E-06 -8.547506E-06 -4.333451E-06 -4.081176E-06  2.632377E-05  1.749612E-05
 4.714475E-06  3.882208E-06 -1.406829E-07  2.866153E-05 -2.242900E-05  1.523587E-05  8.530077E-06 -2.274780E-06  1.426700E-05 -6.752972E-06
 9.947957E-06  1.391152E-06  5.330732E-06 -3.038644E-06  1.046145E-05  4.494112E-06  8.769514E-06  4.487466E-06 -1.005250E-05 -6.937268E-06
-1.021397E-05 -8.158364E-07 -3.552948E-06  4.854666E-06  1.172299E-05 -6.480131E-06 -8.101385E-06 -1.764099E-05 -1.756653E-05  7.505837E-07
-5.577927E-06
  MODE      11
-5.975506E-05 -6.301415E-05  3.250833E-05  7.978786E-05  8.544997E-06 -1.331839E-05 -9.758033E-04  4.127618E-04  9.388401E-05  1.857102E-01
-9.087228E-01  7.988676E-05 -3.685173E-01  4.955200E-02  3.032502E-03  1.834599E-04 -3.602694E-05  9.182649E-06 -1.820636E-04  2.489882E-03
-8.642991E-04  3.073260E-05 -1.176090E-04  5.102615E-05 -1.199270E-04  3.967906E-05 -2.807145E-02 -4.878239E-04  2.142270E-04  7.289055E-03
 4.732357E-04  8.991271E-05 -1.031029E-02  1.746351E-05 -2.304537E-03  1.949782E-05  2.743131E-04  1.982950E-02 -2.801185E-03  8.774119E-05
-7.207087E-06 -1.866155E-06  1.382086E-07 -5.790820E-05  3.148372E-05  6.112185E-04  6.197986E-03 -2.741684E-04 -3.706310E-06 -4.019984E-05
 4.220556E-06  1.213052E-04 -2.532747E-03 -1.684764E-03  4.077111E-06 -3.243711E-05 -7.359540E-03 -2.142506E-05 -5.434402E-05  7.843364E-06
-2.195818E-05 -7.885266E-05  7.247932E-07 -2.939671E-05 -2.322176E-05  2.737493E-05 -1.002627E-06  1.031887E-04 -1.055135E-05  1.307003E-05
 1.582331E-05  9.456833E-05  3.540502E-05  3.289265E-06  6.942040E-07  3.609418E-05  1.824352E-06  1.475420E-05 -6.433416E-05 -1.150058E-05
 1.180898E-07  8.148767E-06  2.885155E-07 -1.451548E-05 -8.348032E-06 -1.207143E-05 -5.293218E-05 -5.757164E-07 -4.478734E-06  2.167715E-05
 9.139249E-06 -2.142404E-06  7.059931E-06 -1.523604E-06 -4.465723E-06 -3.102841E-06  3.485671E-06 -1.541905E-06  1.060087E-05  2.303391E-05
-3.505102E-06  1.017055E-07  2.321321E-06 -1.797527E-05 -1.172829E-05 -7.012073E-06  3.333051E-06  1.272100E-07 -9.297232E-07  5.825557E-06
 2.737939E-05
  MODE      12
 3.171663E-07 -6.422730E-08  2.276385E-07 -3.208891E-07  5.229073E-07  2.585584E-08 -1.296870E-04  1.051809E-02 -1.414678E-01  3.139604E-05
 2.981051E-05  2.252869E-03 -4.597379E-05  2.802003E-05 -9.886994E-05  9.702973E-01  2.853512E-04 -6.715482E-05 -6.060504E-05 -1.191852E-01
-1.544539E-01 -3.380707E-05 -3.914346E-05 -7.854495E-05  3.555924E-05  2.686162E-04  9.747785E-06  9.720948E-06 -2.328120E-05  7.112320E-06
 1.576932E-04  4.979666E-06  1.478018E-07  6.415788E-06  3.313304E-06 -1.589550E-06 -7.458637E-03 -1.900429E-06  3.077691E-05 -1.249967E-02
-6.548328E-05  3.007083E-05 -5.130141E-05  4.024142E-06  1.065403E-02  5.409387E-04  2.997081E-07  5.137759E-04 -1.254169E-05  2.186382E-05
-2.222514E-07  3.912867E-05 -2.221304E-07  3.263084E-06  2.641154E-03 -6.707730E-06  4.035786E-07 -1.711074E-06 -2.220064E-05 -5.831283E-06
-4.181243E-05 -6.833487E-06 -5.442579E-05  5.741350E-06 -3.664479E-05  1.726141E-05  3.606578E-05 -1.855191E-06 -5.152523E-06  3.833101E-05
 4.557825E-05  1.088300E-05  2.602587E-06  6.194521E-06  3.863733E-06  2.686932E-06  3.093932E-05 -1.375783E-06  2.680928E-06 -2.464617E-06
 2.440721E-05  5.491480E-07  1.921730E-05  1.921531E-05  5.682986E-05  7.425916E-07  5.159859E-07  1.179291E-05 -6.695529E-06  1.288359E-05
 2.620001E-07  3.143437E-06 -9.026453E-06 -1.352374E-05 -4.887903E-07 -3.039457E-06 -7.911241E-07 -1.228923E-05  6.452564E-07 -2.077594E-06
-1.215404E-05  2.259297E-06 -3.133107E-06 -7.272341E-06  5.447206E-07 -3.686145E-06  7.736454E-06 -4.112448E-06 -1.630484E-05  2.086453E-05
-3.073016E-06
  MODE      13
 5.982830E-07 -9.571768E-07  1.246082E-06 -1.008052E-06  2.865633E-06 -2.266634E-07  2.311418E-05  3.339945E-05 -4.438872E-04  2.265925E-04
-1.059449E-04 -9.997263E-01  6.655444E-05 -5.446700E-04 -3.134251E-03  2.240009E-03 -3.330489E-04  1.485134E-03 -3.762328E-05  8.086399E-04
-7.238940E-04 -5.843806E-04 -4.553465E-05 -1.706706E-02  4.203929E-05 -1.348009E-04 -5.730311E-06  7.965172E-05  1.943775E-04  1.980258E-05
 2.886980E-05  2.130250E-05 -2.780403E-06 -1.824403E-06  2.916641E-06 -1.092549E-05  9.108136E-05  1.454628E-06  7.722396E-06  9.812821E-08
 8.570386E-03 -4.814413E-03  6.900997E-05 -1.897696E-06  5.032355E-05 -2.173597E-06 -3.270565E-07 -1.087926E-04 -5.147644E-05 -4.366541E-05
 3.055518E-05  3.584254E-06  2.421433E-06  1.531394E-06  1.801817E-05 -5.495762E-06 -3.919101E-06 -5.733282E-05 -4.116518E-07 -7.260708E-07
-1.698250E-03 -1.611296E-05  7.477986E-05  1.246985E-04 -2.602190E-04 -1.145293E-04  1.504416E-03  8.514875E-06  6.352687E-06 -1.045708E-03
-2.917889E-05  1.793879E-05  2.385196E-05 -2.008775E-05 -2.060236E-05 -1.904487E-05 -3.370700E-03  2.399891E-05  2.804387E-06  2.184779E-05
 3.248196E-06  1.237761E-05 -3.546965E-03 -2.211513E-05 -1.957037E-03  1.852049E-05  1.749632E-05 -7.991873E-03 -2.041723E-05 -1.783171E-05
 6.728298E-06 -2.048729E-05 -4.962249E-06  5.396842E-03  1.272841E-05  5.585764E-04 -3.543598E-03 -1.913205E-08 -6.169373E-06  1.003638E-05
 3.906067E-05 -4.048251E-04  2.988213E-05 -9.983079E-07 -2.940754E-06  2.704019E-06 -1.084203E-05 -5.190777E-05  8.231078E-05  1.043530E-05
-3.872612E-06
  MODE      14
-2.032726E-05 -2.393786E-05  1.372230E-05  3.197670E-05  1.808887E-06 -3.581490E-06 -1.741061E-04  2.795293E-06  4.403704E-05 -2.689688E-04
-5.807372E-04  9.352708E-04  1.469869E-03  1.387040E-03 -3.573859E-04 -1.271735E-04  6.418933E-01  6.937733E-01  8.707254E-04  3.842526E-04
 3.196713E-05 -2.081343E-01 -2.238478E-01  3.658664E-04  5.449063E-02  9.189008E-02  1.029023E-04 -2.213868E-05  8.389410E-05  3.719787E-06
-1.507507E-05  1.259973E-05 -6.912237E-05  9.268677E-06 -4.761442E-06  2.503440E-05  4.996928E-05 -3.366123E-05  3.873036E-05  3.187973E-05
-1.630800E-06  1.175556E-06  7.944679E-03  1.130950E-02  3.604095E-06  2.089251E-05 -3.276715E-05 -4.513837E-05 -5.940909E-03 -4.302909E-05
-1.042624E-02  3.081937E-05 -4.937717E-06  9.264768E-06 -1.263565E-06  9.896065E-06 -8.865750E-06 -9.260101E-06 -2.167554E-05  8.266518E-06
-3.124950E-05 -5.597017E-03  3.784915E-03 -1.380252E-05 -2.013836E-05 -2.012758E-02 -3.290213E-04 -1.413621E-02 -1.306425E-02  1.215449E-05
 8.716150E-03 -2.811966E-05  9.694922E-06  7.243861E-03 -1.292825E-02  3.806986E-05  1.084259E-06 -6.920843E-06  2.434198E-03  8.841773E-04
 1.391371E-02  1.615748E-06  4.901818E-06 -2.920174E-03 -7.792769E-05 -6.662882E-03  1.920615E-03  1.437056E-05 -4.748301E-03  8.832913E-07
 4.548140E-03 -3.121573E-06 -6.942416E-03 -1.677238E-05  1.693747E-03 -3.452577E-06  5.500346E-08 -5.475330E-04  8.586531E-04 -1.647857E-06
-4.578168E-05 -1.059093E-06  2.479259E-05  4.098603E-06  8.610609E-06 -6.093413E-06 -7.602329E-05  7.561545E-06  9.827712E-06 -1.073283E-05
-5.621842E-05
  MODE      15
 1.389621E-05 -1.176746E-05  2.067756E-05  3.545001E-05 -1.686202E-05  1.398573E-05 -3.019709E-04 -1.636564E-04  9.560892E-05  3.270650E-04
-4.168901E-04 -1.291747E-03  9.393190E-04 -1.570125E-03  3.101010E-04 -3.493777E-04  6.875476E-01 -6.477880E-01  7.983721E-04 -2.460069E-03
 1.033432E-03  1.946939E-01 -2.391090E-01  2.877198E-04  5.794515E-02 -8.612910E-02  2.034298E-05 -6.663479E-05 -6.986602E-05 -3.633991E-05
 5.406286E-05 -1.612600E-05 -3.607263E-05  7.345187E-06  8.473882E-06  2.226151E-05 -1.683996E-04 -2.404088E-05 -4.102702E-05 -7.671863E-05
-2.738595E-05 -2.610474E-05 -7.447110E-03  1.197891E-02 -3.355860E-05 -2.533968E-05 -2.206222E-05  1.991769E-04  5.601642E-03  2.177049E-05
-1.113096E-02  4.893477E-05  2.350260E-06 -6.765400E-06 -9.367254E-06 -2.626765E-06 -6.476228E-07 -1.009354E-05 -3.270892E-05 -9.074573E-06
-5.561193E-05 -5.743748E-03 -3.565879E-03  2.795696E-05 -1.185958E-04  1.889156E-02  4.221712E-04 -1.503573E-02 -1.379227E-02 -1.344477E-04
-8.369577E-03  8.914439E-06 -8.676374E-07  7.733218E-03  1.215649E-02 -3.952475E-05 -8.453587E-06  8.718349E-07  2.650006E-03 -7.985086E-04
-1.303319E-02  4.313215E-06 -1.367909E-05  2.736787E-03 -7.046125E-05 -7.114134E-03  2.066350E-03 -2.547281E-05  4.433800E-03 -5.297661E-07
 4.847341E-03  1.292455E-05  6.501711E-03 -1.021712E-05  1.815074E-03 -6.259142E-06 -9.353511E-08  5.147066E-04  9.241806E-04  2.511786E-06
 3.582670E-05  3.262687E-06  4.289256E-05 -1.519848E-07  1.581812E-05 -2.413746E-05  6.188132E-05 -1.274169E-05 -5.760349E-06 -6.174966E-06
-6.270979E-05
  MODE      16
-1.811358E-03 -1.203864E-03  2.318321E-04  1.008890E-03  6.189181E-04 -6.848314E-04 -2.903641E-04 -1.366767E-04  1.125264E-04  2.288247E-01
 1.762276E-01  5.085005E-04 -4.327139E-01 -8.511602E-01 -1.363506E-02 -1.917628E-04  6.180606E-04  2.028166E-03 -1.911667E-04 -2.674997E-03
 8.268798E-04 -5.484983E-04 -2.375911E-04  8.588862E-05  1.160866E-04  2.010170E-05 -2.669310E-02 -2.020155E-04  3.554494E-04 -4.791398E-02
 4.640995E-04  6.787718E-05  1.801700E-02  2.066075E-05  1.627731E-02  5.987022E-06 -3.071275E-04  6.631530E-03 -2.704169E-02 -4.561065E-06
 2.075876E-05 -2.096172E-05  4.953416E-05 -1.092475E-05  7.512797E-04 -1.466470E-02  7.238910E-03  2.102987E-04  4.153293E-05 -2.356280E-05
-1.532095E-05  1.140865E-04  1.971259E-04  4.162028E-03 -6.962613E-07 -2.347860E-05  4.691432E-04 -1.720685E-05 -5.895611E-05 -1.737555E-03
-4.124281E-05 -2.081958E-05  5.509014E-05 -1.552719E-05 -3.386679E-05 -9.920179E-05  1.200692E-05  2.064543E-05 -2.415509E-05  1.832054E-05
-4.190369E-05  5.140308E-05  2.124194E-05  1.199754E-05 -3.787361E-05  1.014872E-05  3.321161E-06  1.499970E-05 -9.190046E-06  2.373438E-05
-3.577850E-06  6.395156E-06  7.324671E-06  2.139417E-06 -1.798093E-05 -6.550368E-06 -9.848378E-06  1.678580E-05 -5.428794E-06  1.111329E-05
-5.311456E-07 -1.856944E-06 -6.377992E-06 -1.419689E-05  1.188282E-05  1.255314E-05  1.485171E-05 -5.795104E-06  1.933607E-05  1.179411E-05
 1.672661E-05 -4.261131E-08 -4.550778E-07 -6.987328E-06 -6.595379E-06 -3.193527E-07 -2.331014E-05  8.585264E-06  1.446436E-05  8.147495E-07
 5.935272E-06
  MODE      17
-8.243709E-04  6.050335E-04 -1.124595E-03 -1.840761E-03  8.677321E-04 -7.701768E-04  6.038078E-05  3.712276E-04 -4.084456E-05  1.213074E-01
-3.324755E-01  4.089622E-04  8.160271E-01 -4.512264E-01 -1.192147E-02  5.379293E-04 -1.581142E-03  5.733229E-04  7.262915E-05  7.363452E-03
-2.634163E-03 -1.221120E-04  6.007052E-04  6.709649E-05 -2.265815E-04 -1.055181E-04  5.033305E-02  5.289109E-04 -3.723724E-04 -2.541709E-02
-9.890665E-05 -1.323225E-04 -3.396841E-02 -2.705050E-06  8.634348E-03  1.099074E-06  5.003242E-04 -1.250471E-02 -1.434717E-02  2.985406E-04
 7.051873E-06 -2.985248E-06  4.974319E-05  7.570602E-07  5.497077E-04 -7.764716E-03 -1.365090E-02 -6.197252E-04  4.452491E-05  4.548071E-05
-2.574048E-06 -2.165557E-05 -3.669202E-04  2.206099E-03  2.445561E-05  4.880483E-06 -8.839132E-04  2.306265E-05  4.417647E-06 -9.194820E-04
-1.435697E-05  6.060242E-05  7.426492E-05  3.611625E-05  7.540242E-06 -2.728469E-05  3.988844E-06  5.548784E-06  4.878832E-05  5.496532E-06
-2.481900E-05 -7.625270E-05 -3.203721E-05 -3.259296E-05 -1.992714E-05 -2.005763E-05  5.366602E-06 -1.891270E-05  1.834342E-05  2.592315E-06
-2.184248E-05 -8.607253E-06  2.294065E-08 -3.562952E-05 -6.936457E-06  1.601561E-05  7.498339E-06  1.101721E-05 -1.826910E-05 -1.452608E-05
-3.379030E-05  2.916714E-06  1.388316E-05 -3.233468E-06  1.905908E-06  6.684723E-06  5.739395E-06  3.165021E-06 -3.352646E-05 -1.957313E-05
 8.974676E-06  2.268558E-07  3.092557E-06  1.230855E-05 -1.537908E-06  1.645339E-05 -1.343562E-05  1.069333E-05  1.301814E-05 -3.259979E-06
-1.581639E-05
  MODE      18
 1.111226E-03 -8.174502E-04  1.405479E-03 -6.066261E-04  2.270049E-03  1.311862E-04 -2.719736E-04  2.173103E-04 -5.899302E-05  1.553777E-04
-3.819697E-04  3.121414E-03 -4.689384E-03  1.833092E-02 -9.989276E-01  1.855550E-04  1.361007E-05 -5.059677E-04 -1.615315E-04  4.546699E-03
-1.603914E-03  1.443355E-04  1.778624E-04 -1.455061E-05  6.597201E-04  1.292146E-06  1.171036E-04 -1.731886E-02 -2.219432E-02 -5.354912E-05
 2.046028E-04  2.867992E-02 -2.522005E-05  5.353608E-06  2.143249E-05 -1.542652E-05  3.276001E-04  5.291056E-05 -3.338433E-05  1.418765E-04
-1.761183E-05 -2.429022E-05 -1.016398E-05 -1.440181E-04  7.213646E-05  1.413652E-06 -3.697104E-05 -3.772945E-04 -2.716289E-05  2.368379E-03
-8.729324E-06  4.201930E-05  9.708788E-06  8.180262E-06  1.259640E-05 -2.250774E-05 -7.290063E-06 -9.388047E-03 -3.251951E-05 -4.377901E-07
 6.210329E-05  1.977351E-04 -2.305008E-05  2.570156E-03  1.146377E-03 -7.120029E-06  7.896690E-06  2.693522E-05  5.572294E-06 -4.532598E-05
-9.755261E-07 -4.485458E-03  2.599296E-04  4.379148E-05  3.595779E-06 -4.825866E-04  6.777530E-06  6.623909E-05 -3.678371E-05 -9.750980E-06
-8.910996E-06  1.231061E-04  1.483661E-05 -8.292423E-06  1.837992E-05  4.770150E-06 -5.830361E-05  1.067944E-05  1.315079E-05 -2.019190E-03
-3.551451E-05 -2.763032E-04 -1.027824E-05 -4.079795E-06  2.901795E-05  1.232974E-05 -7.478646E-06 -6.078363E-06  5.931138E-05  1.404909E-04
-7.832381E-06 -5.301752E-06  3.644073E-05  2.570675E-04  2.844126E-04  3.326355E-04  3.636972E-05 -7.384882E-06 -4.269205E-07 -4.123530E-06
-2.661006E-05
  MODE      19
-2.857160E-06 -2.943974E-06  2.063891E-06  1.971061E-05 -1.739957E-05  4.043224E-06  2.556594E-03  2.345291E-02 -1.677703E-02 -5.484715E-04
 5.611364E-03  1.155159E-03 -6.653243E-03  9.751917E-04  4.884269E-03  6.108692E-02  1.154682E-03 -1.074673E-03  2.971631E-03  9.384521E-01
-3.276138E-01  2.588749E-03 -2.180745E-03 -1.399458E-03 -7.005246E-04 -2.644454E-03 -1.929863E-04  4.868580E-04  6.387721E-04  6.942791E-04
 3.364781E-04 -2.169096E-05  5.583574E-06  3.270800E-04  2.651999E-04 -4.999077E-05  4.527889E-02  1.398032E-04 -3.451116E-04  3.250078E-02
-5.380851E-05  1.825747E-04  1.197834E-04  2.920880E-05  1.135151E-02  8.909650E-04  1.478724E-04 -6.342410E-02  3.138799E-04  9.121483E-05
 8.790988E-05  2.743084E-05 -1.907209E-04  1.794287E-05  3.424633E-03  1.269134E-04 -1.586207E-04  1.019961E-04 -9.059501E-05  1.557794E-04
 8.830484E-05  1.299792E-04  6.503641E-05  6.779040E-05 -3.068865E-05 -1.143415E-04  6.970177E-05 -1.209077E-04 -1.522711E-04  1.985478E-04
-3.860983E-05  1.071289E-04  9.268666E-05 -1.407330E-04  3.072538E-04 -1.190918E-04  3.240685E-05 -3.485914E-05 -7.337819E-05  1.947840E-07
 4.735791E-05  8.216778E-06  5.384464E-05  5.022653E-06 -2.888434E-05 -1.056368E-05  4.502670E-05 -5.946679E-05  2.446968E-05  4.497115E-05
-2.191285E-05 -6.100489E-05  3.963358E-05 -5.891907E-05  2.216241E-05  1.488579E-05  5.812403E-05 -5.283601E-05  2.797672E-05  2.250849E-05
 1.786036E-05 -4.653926E-06  1.725341E-05 -1.665043E-05  1.509630E-05 -1.129583E-05 -1.227896E-05  2.340081E-05 -5.144885E-06 -1.386472E-05
-1.073227E-05
  MODE      20
 3.964922E-07  3.056404E-07 -8.480078E-08 -5.485331E-09 -4.472444E-07  2.210535E-07 -2.097559E-03 -1.046824E-04 -5.450042E-05 -8.256040E-05
 1.190629E-04  4.202659E-05  1.892898E-04  1.094499E-04  1.753412E-04  1.235333E-04  1.384444E-03  4.344419E-05 -9.975418E-01  2.832509E-03
-9.824294E-04 -1.014486E-04  4.696222E-04 -1.055611E-04  4.943589E-04  1.191516E-04 -2.398291E-05  8.158342E-05 -2.527526E-06  9.407616E-05
-7.161428E-03  2.696293E-06 -1.473127E-05 -5.476772E-02  2.557401E-05 -4.154053E-02 -1.308924E-04 -3.596778E-05  1.310625E-05  1.199724E-04
-7.340530E-06  2.537711E-05 -1.081644E-05 -1.505453E-04 -3.162516E-06 -1.439315E-06  3.583680E-05 -7.181337E-05 -1.274570E-05  2.539543E-05
 3.084678E-05 -1.188893E-03 -8.429208E-06 -6.953904E-06  1.993550E-05 -1.021834E-02  2.288311E-05  9.869175E-05 -3.478854E-03  2.429791E-05
-1.798817E-05  1.726414E-04 -1.822949E-05 -3.307157E-05  4.265302E-05 -4.170157E-06  9.224336E-06  2.510202E-05  3.462753E-05  9.564341E-06
 1.036335E-05 -7.571623E-05 -3.380979E-05 -8.275048E-06  9.385385E-06 -3.506267E-05 -2.358535E-05 -7.431925E-06 -4.361405E-05  8.697978E-07
 4.700989E-06  2.608807E-05  4.107625E-05  8.958508E-06 -2.740444E-06  7.937759E-06 -8.581867E-05 -2.218371E-05  1.026475E-06  4.491873E-06
-5.739179E-05  5.512349E-06  2.592815E-06  1.671528E-05  4.999006E-05  2.059719E-05  8.624392E-06 -1.898869E-06  5.732763E-05 -8.793464E-06
-7.780486E-06 -7.316117E-07  3.672284E-05 -8.491723E-06  1.236539E-05  3.478045E-05  4.536313E-06  1.926663E-06 -9.022277E-06 -7.130475E-06
-2.395866E-05
  MODE      21
 1.514725E-06 -7.252382E-06  8.622024E-06  1.573981E-05 -4.835790E-06  3.888853E-06 -1.070328E-04  5.428318E-05 -3.077360E-05  7.039951E-07
 1.557703E-06 -1.314967E-04 -1.122443E-04  6.338512E-05 -1.492521E-04  1.420280E-04  2.990121E-01  1.249487E-01  5.053488E-04  1.054497E-04
 7.503623E-04  3.564076E-01  7.540189E-01 -1.597026E-03 -4.271241E-01 -1.287959E-01  1.020145E-04  8.107789E-05 -3.665906E-05  9.946051E-05
 4.502658E-04  1.206645E-04  7.625073E-06  6.221706E-05  2.611397E-05  7.709138E-05  5.015817E-05  3.258457E-05  3.272586E-05  2.029659E-06
-1.179398E-06 -1.572025E-05 -1.053718E-02 -5.530157E-03 -9.483533E-06  1.535121E-07  1.592187E-05 -2.491546E-05  4.536552E-03  5.350607E-05
-1.183886E-03  1.093657E-04  5.168399E-06  7.294023E-06 -1.257751E-05  8.574076E-06 -2.016875E-07 -1.377231E-05 -9.433257E-05  2.271730E-06
 1.625322E-05  7.583380E-03 -4.945910E-03  6.818062E-06  2.388274E-05  4.758279E-03  7.712550E-05  4.856317E-03  5.209559E-03  2.311001E-06
 5.047214E-04  3.104559E-05  1.229134E-05 -4.217728E-03  1.615533E-03  1.541124E-05 -2.379908E-05  1.577826E-05 -1.138015E-03 -1.041053E-03
-4.661253E-04  2.042744E-05  5.234529E-06  1.234534E-03  4.613811E-05  4.490538E-03 -7.045233E-04  7.093416E-06  7.245172E-04  1.355485E-05
-1.924883E-03 -4.715234E-06 -1.466221E-03  9.654278E-06  7.992631E-04 -7.690751E-07 -3.900229E-06 -1.733390E-03  2.477596E-03  1.122110E-05
 2.907426E-04  3.695821E-05  2.963547E-04 -1.097758E-04 -5.170340E-04  4.904157E-04  5.619995E-04  2.188836E-05  1.024932E-05 -1.933466E-06
 4.830571E-06
  MODE      22
-1.986826E-05 -6.228052E-07 -1.086097E-05 -1.347173E-05  1.255971E-05 -1.235059E-05  6.447403E-05  6.778266E-05 -1.717778E-05 -1.733580E-05
 1.751102E-05  5.131306E-05  4.920572E-05  1.395357E-04  3.125351E-05  1.812889E-04 -1.305818E-01  2.857529E-01 -3.526878E-04 -2.503970E-03
 2.162354E-03  8.181246E-01 -3.284994E-01 -3.728612E-04  1.855269E-01 -2.975969E-01 -3.033238E-05 -5.629416E-05 -3.561694E-04  1.524795E-04
-4.940783E-04  1.376235E-05 -1.241979E-05 -5.385722E-05  6.857729E-05 -3.225821E-05  1.913082E-04 -1.910772E-05  7.375576E-05 -1.521053E-05
 9.938472E-06  3.685573E-06 -2.444908E-02  2.146155E-03  1.341018E-05  6.392003E-06 -8.177767E-06 -7.288260E-05  1.048920E-02  4.667265E-05
 4.944971E-04 -1.055194E-04  6.425751E-07  2.746917E-05 -1.612359E-05  9.884502E-06 -1.168996E-05  8.356355E-06  6.449666E-05  1.288647E-06
-5.245629E-05 -3.066126E-03 -1.142720E-02 -5.881024E-05 -6.973736E-05  1.110311E-02  2.401320E-04 -2.076821E-03 -2.283783E-03  1.278055E-05
 1.177933E-03  7.011993E-06 -1.675996E-05  1.866801E-03  3.800533E-03  6.154087E-06 -2.269640E-05  1.711278E-06  4.409889E-04 -2.429615E-03
-1.061922E-03  2.103364E-07  2.871471E-05  2.933795E-03  1.266432E-07 -1.946373E-03  2.076065E-04  2.366053E-05  1.630784E-03  2.779853E-06
 7.963582E-04 -3.042883E-06 -3.365118E-03  7.698007E-06 -3.274814E-04 -1.348913E-05  3.319713E-06 -3.978656E-03 -1.030726E-03  8.704190E-06
 7.285914E-04  4.664831E-05  1.478074E-05 -1.140624E-05  2.766092E-04 -3.682687E-04  1.069129E-03  2.523964E-05  1.671831E-05 -1.286476E-06
-3.154449E-05
  MODE      23
-5.544450E-08 -1.701011E-08 -1.088255E-08  7.897431E-08 -6.853685E-08 -3.111685E-09  9.174531E-06 -1.905650E-03  2.284894E-02  4.735281E-05
 1.356798E-05 -1.759963E-05  2.113714E-06  1.301861E-04  4.263703E-05 -1.836137E-01  2.084411E-04  4.523105E-04 -2.219748E-06 -3.103418E-01
-9.289950E-01  1.420078E-03 -1.723776E-05  1.105373E-03 -2.955771E-04 -1.380145E-04  4.164120E-05 -3.359411E-05 -3.431855E-05  1.613678E-05
-6.828711E-05 -2.046166E-05 -3.209469E-06 -4.764268E-06 -3.099677E-05 -6.377200E-06  2.814817E-02 -2.538872E-06 -2.905268E-04 -6.877423E-02
-3.235400E-05  1.319465E-04 -1.133722E-04  5.989057E-07  2.686364E-02  1.444119E-03  1.819725E-06  1.272555E-02  3.612781E-06  3.194758E-06
-1.005293E-05 -1.422089E-05 -7.155226E-07  3.236633E-06 -2.213848E-03  1.571544E-06 -1.328332E-06 -6.252106E-07  6.065828E-06 -6.953365E-06
-2.736485E-05 -6.301317E-06 -6.129891E-05  3.773687E-06  6.646949E-06  4.312752E-05 -2.207706E-05  6.682930E-07  1.625047E-06  2.859798E-05
 3.905035E-05  4.525318E-06 -2.940281E-06  4.777812E-06  9.805186E-06  3.600457E-06  6.627627E-06  6.353659E-06 -1.268807E-06 -1.269422E-05
-6.691942E-06 -1.963917E-06 -1.421660E-05  2.574830E-05 -1.437140E-05  1.725494E-06  5.144430E-07  1.046392E-05 -8.995527E-06 -4.217890E-06
 1.391552E-06  1.476309E-06  1.597081E-06  2.998497E-05 -2.770052E-06 -3.148831E-05 -6.102548E-06 -2.142026E-05 -2.419978E-06 -1.758259E-06
-8.995846E-06  1.443867E-05 -4.766991E-06  1.820220E-06  7.347802E-07  5.603876E-08  3.430748E-06 -2.965373E-06 -3.021996E-06 -1.911224E-06
 1.027795E-06
  MODE      24
-4.406459E-07  8.062930E-07 -1.036761E-06  2.406067E-07 -1.725521E-06  3.864661E-08  6.360003E-05 -1.175880E-04 -1.104292E-04 -1.231078E-04
 4.437175E-05 -1.713907E-02 -1.555396E-05  5.263321E-05 -4.098771E-05  3.986046E-04 -7.730331E-05  2.279382E-04 -1.002634E-04  1.690416E-03
 5.335318E-04  1.487963E-03  8.578567E-04  9.995008E-01 -1.351110E-03  1.304826E-03  1.767072E-05 -1.024558E-03 -1.499954E-04  2.929319E-04
-1.517331E-04 -5.343221E-05 -1.034703E-05 -9.382313E-06  4.797252E-05 -1.298763E-05 -2.612123E-04 -9.414495E-06 -1.700703E-05  7.114772E-05
-4.612067E-03  1.013148E-02 -1.227928E-04  4.550592E-05 -8.087528E-05 -4.985908E-06  1.939619E-06  9.581366E-05  3.668183E-05  4.466320E-06
 2.497987E-05 -2.249056E-05 -5.189017E-06  7.025164E-06  2.859519E-05  7.554124E-06  2.764312E-06  1.596500E-05  1.552970E-05  5.501839E-05
 1.107815E-02 -7.216303E-05 -7.342611E-05 -3.567349E-03  7.859008E-03 -6.290899E-06  4.735186E-03  5.653309E-05  3.444351E-05 -7.208359E-03
 1.257243E-04 -4.390515E-06 -3.401769E-05 -1.664441E-05  3.311512E-05  7.633307E-06  7.081076E-03  2.396741E-05 -1.653444E-05 -4.676643E-06
-2.317607E-06 -4.685765E-06  2.126577E-03  1.868169E-05 -1.108604E-02  9.897886E-05  2.393939E-05  3.608748E-03 -2.693276E-06  1.435842E-05
 2.130609E-05 -1.083491E-05  5.027494E-06  4.989332E-03 -5.569072E-06 -2.305784E-03 -8.754209E-03 -5.166911E-07 -1.497655E-05  4.671707E-06
-1.824792E-05 -2.439720E-06 -7.653650E-06  9.589967E-07 -3.982550E-06 -2.794991E-06  5.264170E-06  2.689842E-04 -3.467731E-04  2.322496E-04
-4.151854E-05
  MODE      25
-2.177813E-05  4.496797E-06 -1.745495E-05 -2.575236E-05  1.712697E-05 -1.578944E-05  2.164116E-04 -2.583979E-05  2.882426E-05 -9.924098E-05
-1.610540E-04 -1.746168E-04  3.180558E-05 -1.278931E-04  6.102149E-04 -1.772544E-05  7.689152E-02 -9.025671E-03  7.285334E-04  1.974738E-03
-7.195059E-04  1.608347E-01  4.117808E-01 -9.659346E-05  7.816277E-01  4.320430E-01 -4.119217E-04 -1.949410E-04  6.402752E-04 -3.219694E-04
 9.482489E-04 -1.564309E-04  2.478634E-05  6.119268E-05 -5.951503E-05 -2.431345E-04 -1.759603E-04 -8.378633E-05 -6.609140E-05 -4.398981E-05
 7.597934E-05  9.103489E-06  5.190226E-03  9.486686E-03 -4.684608E-05 -2.218643E-05 -1.155396E-05  1.474502E-04 -3.960105E-03 -3.497768E-05
 3.851662E-03  2.537485E-05  1.210251E-06 -3.018110E-05 -2.808601E-07 -6.170316E-05  1.098429E-05  1.000309E-04  7.751805E-05  1.745298E-06
 1.163965E-05  3.135367E-03  7.926221E-04  3.111901E-05 -1.321657E-05  9.292088E-04  6.072604E-05 -8.411564E-03 -6.014045E-03 -1.984052E-06
 5.374709E-03 -2.747612E-05 -3.440079E-05  1.466971E-02  2.564034E-03  1.469414E-05 -5.601871E-06  5.879467E-05  5.599647E-03  5.795569E-03
-5.758981E-03 -9.459172E-06  3.751176E-06 -1.811900E-03  5.101718E-05  3.894123E-03  3.215093E-03 -4.498144E-06  5.100970E-03 -1.242260E-05
-1.154364E-02 -1.298215E-05  8.948271E-04  1.610225E-05 -1.251817E-03 -1.836930E-05  1.376260E-05  2.593239E-03  1.235296E-02  6.312296E-06
-4.012479E-05  1.917541E-05  3.940865E-04  5.609287E-05  2.997853E-04 -2.856938E-04 -2.534548E-04  1.912465E-04  1.484256E-04  3.489574E-05
 2.014237E-04
  MODE      26
-3.995868E-05 -2.354733E-05  1.899072E-06  1.615091E-05  1.529556E-05 -1.633405E-05 -1.347593E-04 -8.968045E-05  9.707753E-05 -2.265359E-04
 5.993891E-05 -2.771199E-04  2.214215E-05 -2.625912E-04 -2.825527E-04 -5.575334E-05 -4.009927E-02 -1.758537E-02 -2.857723E-04  8.094091E-04
 1.937481E-04  3.083870E-01 -2.148163E-01 -1.912604E-03 -4.059916E-01  8.313294E-01 -5.520321E-05 -7.143794E-04  1.679287E-03 -6.440815E-04
-6.200293E-04 -1.109569E-04  4.803685E-05 -5.266570E-05 -1.462586E-04  1.201199E-04 -1.503941E-04  2.817716E-05 -1.195711E-04  7.196899E-05
-6.911201E-05 -5.786388E-05  1.008304E-02 -4.872035E-03 -4.564384E-05 -2.749527E-05 -3.868858E-06  1.261715E-04 -7.467086E-03  1.274841E-05
-2.071203E-03 -2.543012E-06  6.993204E-06 -7.250670E-05 -1.142256E-05  9.228699E-06  2.850255E-05 -5.920853E-05 -3.807620E-05 -7.159156E-06
-4.330204E-05 -1.726902E-03  1.686647E-03 -3.071189E-05  7.075127E-07  1.756223E-03  1.165718E-05  4.380187E-03  3.100570E-03  8.788536E-05
 1.025721E-02 -2.178241E-05 -2.332313E-05 -7.606982E-03  4.935799E-03 -1.094389E-05 -3.912468E-05 -5.012849E-06 -2.880836E-03  1.114095E-02
-1.101316E-02 -3.766397E-06 -3.909206E-05 -3.538045E-03 -2.812917E-06 -2.048985E-03 -1.606663E-03 -5.391063E-05  9.804988E-03  4.291916E-06
 6.062783E-03  1.016686E-05  1.709192E-03 -1.841521E-05  6.443767E-04  1.317488E-05  2.176096E-05  4.981662E-03 -6.499684E-03 -1.330791E-06
 8.209330E-05 -1.179864E-05 -2.183359E-04 -4.012734E-06 -1.736010E-04  2.079165E-04 -3.927848E-04  3.672129E-04  2.957371E-04 -1.714024E-05
-9.681898E-05
  MODE      27
 4.312050E-04 -3.171669E-04  5.453038E-04 -2.366301E-04  8.821827E-04  5.055186E-05  1.306609E-05 -2.348216E-05 -3.776594E-06  2.532317E-05
 1.188210E-04 -2.591664E-04 -2.972024E-05 -5.188518E-04  2.035865E-02  4.075279E-05  1.969861E-05  7.261270E-06 -2.538061E-05  6.638921E-04
-1.853148E-04  8.542359E-05  8.571377E-05 -6.757195E-04 -1.896536E-04  1.087297E-03  2.347640E-05 -5.198998E-01 -8.215784E-01 -6.227118E-05
-4.594950E-04 -2.310316E-01  3.051329E-05 -2.738856E-05 -2.291672E-06 -5.445598E-05 -1.859087E-04  1.585174E-05  1.777536E-05  5.152549E-05
 4.164321E-05  8.192863E-06  1.554825E-05  1.781072E-05 -4.072968E-05  7.693044E-06 -5.517517E-05  6.280971E-05  6.279072E-05 -8.731506E-03
 5.705023E-05 -3.195001E-05  1.405840E-05 -7.255153E-06  1.427998E-05 -8.441845E-06 -2.572055E-05  2.755504E-02  2.532455E-05 -1.506685E-05
 3.343970E-06  1.641086E-05  1.104452E-05  5.578696E-04  2.745227E-04 -1.370177E-05 -4.403633E-05 -6.969317E-06  4.323831E-05  7.015621E-05
-2.401067E-05 -1.559429E-03 -8.038071E-03 -4.005374E-05  2.407105E-05  6.777308E-04  3.554516E-05 -9.769529E-04  3.530539E-05 -2.524613E-06
-4.338059E-07 -9.734290E-04  1.708271E-05 -1.795296E-06 -4.322362E-06 -4.798231E-06 -5.345038E-05  1.721408E-05  6.748860E-06 -1.170259E-03
-9.334814E-06  3.176251E-03 -9.225480E-06  7.288075E-06 -3.796808E-06 -6.255434E-06 -8.378461E-06 -1.129185E-05  5.331723E-06 -6.008751E-04
 1.359602E-06  1.501744E-08  1.260805E-06  5.944609E-04 -8.440477E-04 -7.294228E-04 -2.657677E-05  9.890630E-08 -2.397993E-06  1.038672E-06
 2.787352E-06
  MODE      28
 1.121205E-03 -8.211394E-04  1.414412E-03 -6.136489E-04  2.285937E-03  1.325884E-04 -1.615619E-04  5.235515E-06  1.322539E-05  4.782539E-06
-1.624145E-04 -4.309451E-05 -2.904793E-04  2.462691E-05 -2.045834E-03 -2.390129E-05  2.472634E-05 -5.337724E-05  8.330127E-05 -5.397360E-05
 1.364125E-05  3.852022E-04 -1.517219E-04  7.792891E-04 -1.960311E-04  1.537223E-03 -9.220912E-03  8.364180E-01 -5.378795E-01 -6.004983E-05
-9.233777E-04  3.210867E-02 -7.328192E-06 -1.521546E-04 -1.133805E-06 -4.835421E-05  8.187103E-06  3.018677E-04 -3.113578E-05 -9.337218E-06
-2.003855E-05 -6.652439E-05 -8.863400E-05 -7.612823E-05  5.998009E-06  1.751478E-05 -2.356766E-04 -1.561022E-06  2.713907E-04 -4.295540E-02
-5.206575E-05 -1.913274E-04  4.163435E-05  8.759369E-07 -1.116652E-06 -5.740778E-05 -2.871713E-05  2.157531E-02  8.215846E-05 -3.690867E-06
 8.570693E-05  1.127183E-04  1.143673E-04 -1.344000E-02 -6.145634E-03  4.233585E-06 -1.978190E-05 -6.917543E-05  6.036778E-06  1.504995E-04
 7.740805E-05  2.787131E-02  7.112055E-02 -4.458475E-05  4.239366E-05  2.203502E-02 -5.953051E-06 -2.709827E-02  2.675033E-05  1.027082E-05
-2.155926E-05  1.028594E-03  1.531393E-05 -2.596847E-05  6.485122E-06 -2.989671E-06  3.798451E-06  2.834171E-05  2.660016E-05 -1.889646E-02
-2.107769E-05 -3.398470E-03  1.303670E-05  1.909051E-05 -6.926320E-06 -7.853214E-06  1.418013E-05 -7.069817E-07 -1.145300E-05 -1.373300E-03
 1.533537E-05  1.175300E-06  1.553710E-05 -7.094848E-04 -3.852088E-04 -4.745360E-04 -6.761604E-05  4.310447E-06  5.186679E-06 -4.987572E-06
-2.510458E-06
  MODE      29
-5.340252E-04 -4.954309E-04  2.182469E-04  5.773256E-04  1.115001E-04 -1.461441E-04  6.380446E-05 -2.319094E-05 -5.416227E-06  1.137294E-02
-6.564941E-04 -4.200127E-05 -5.303926E-02  3.550829E-02  1.010646E-03  7.477002E-06  8.043346E-06 -4.304575E-05 -4.378104E-05  1.631912E-04
-2.840031E-05  3.601714E-05  6.991621E-05  1.542259E-04  2.905622E-04 -2.171679E-04  8.127060E-01  6.352288E-03 -3.936448E-03 -5.619843E-01
-2.445539E-03 -5.476029E-05 -9.852611E-02 -3.817311E-04 -3.920135E-02  4.175964E-05 -4.297286E-04  7.049149E-02 -4.796101E-02  1.095499E-04
-2.366226E-05 -3.374304E-05 -3.442950E-05  4.962970E-05  2.140216E-04 -4.205828E-03  2.420257E-02  1.907991E-05 -3.833740E-05 -4.213253E-07
-6.379930E-05 -1.905984E-04  4.913594E-03 -2.941209E-03  4.144727E-06 -1.911479E-05 -1.625216E-02  1.391528E-06  8.263987E-05  6.609987E-04
 5.095511E-05 -4.105722E-05 -1.336767E-06  1.058013E-05  1.827245E-05  6.202219E-05  1.042609E-05 -8.263736E-06 -3.108760E-07 -4.970289E-05
 1.281147E-05 -7.923470E-05 -1.742640E-05  4.073761E-06  9.050110E-06 -2.976537E-05  3.536516E-06 -2.268655E-05  7.470228E-06 -3.807752E-05
 2.613620E-05 -5.097745E-06 -1.906485E-05 -4.367027E-05  2.665926E-05  1.219745E-05  3.063315E-05 -1.381737E-05 -4.849273E-06 -1.328055E-05
-3.451806E-06  4.940500E-06  1.914397E-05  1.150740E-05 -2.141072E-05 -1.811529E-05 -1.860273E-07  9.687615E-06  8.880123E-06 -1.488646E-05
 4.913437E-06 -8.532239E-07 -1.429364E-05  1.006720E-05 -3.113135E-06  1.059343E-05  2.170470E-05  2.438846E-06  4.462365E-07  2.133327E-07
-9.107509E-07
  MODE      30
 7.065927E-04  8.121055E-05  3.239825E-04  3.816017E-04 -4.392561E-04  4.217113E-04 -3.843109E-05  2.922169E-05  3.792950E-05 -1.653870E-02
-4.692032E-04  4.134260E-05 -3.646205E-02 -5.165351E-02 -7.726339E-04 -4.236587E-05  4.680030E-06 -1.144923E-05  2.850065E-05 -6.434978E-04
 2.665555E-04  1.019830E-04  4.969390E-06 -2.448855E-04  2.060752E-04  7.470030E-04  5.589061E-01  4.397476E-03 -2.800213E-03  8.171879E-01
 1.513166E-03 -5.405390E-05 -6.775177E-02  2.519752E-04  5.700604E-02 -1.162800E-05  7.609990E-04  4.847413E-02  6.973917E-02 -1.695499E-04
 4.603172E-05  6.066155E-05  1.225643E-04  2.091904E-05 -2.811267E-04  6.122203E-03  1.664282E-02 -1.207243E-04  8.934557E-05 -9.925056E-06
-6.698551E-05  1.295126E-04  3.382314E-03  4.274402E-03 -7.622362E-07 -1.132229E-05 -1.117608E-02  7.753598E-06 -5.786248E-05 -9.607221E-04
-7.511796E-05 -1.141756E-05  1.073654E-04  1.855676E-05 -1.420418E-05 -5.291168E-05 -1.764957E-05  3.954995E-06 -1.882319E-05  6.173461E-05
-2.745684E-05 -3.616313E-05  3.891060E-06  3.664277E-07 -2.588649E-05 -8.545298E-06  6.398594E-06 -1.420720E-05  1.294013E-05  3.175055E-05
-6.605669E-05 -3.860066E-06  1.817189E-05 -4.750312E-05 -3.517287E-05  7.120402E-06  3.257341E-06  2.812705E-05 -2.486704E-05 -1.211892E-05
-1.776590E-05  4.303551E-06  6.630759E-06 -1.916239E-05  1.897446E-05  2.002426E-05  3.488546E-06  4.612243E-06  8.581750E-06 -7.642561E-06
 6.974447E-06  2.562555E-06 -5.933100E-06  7.357657E-06 -9.152519E-06  1.594558E-05 -3.287504E-05  1.421718E-05  1.466935E-05 -2.354930E-06
-7.257783E-06
  MODE      31
 1.776686E-07  2.068521E-06 -1.918159E-06  1.112620E-06 -4.747676E-06  7.896177E-07 -1.385095E-03  3.422972E-04  4.051156E-05  2.463870E-04
-2.831252E-04 -2.307942E-05 -3.592366E-04 -4.631916E-04 -2.170852E-04  1.978696E-04  2.941795E-04 -1.260982E-04  1.723142E-02  3.379225E-04
-6.024508E-05 -2.672242E-04  1.012002E-03 -1.481591E-04  6.968847E-04 -2.708827E-05 -1.181568E-03 -5.568907E-04  8.822672E-04  2.665611E-03
-9.774535E-01  3.320462E-05  4.079652E-04 -2.069508E-01 -2.179918E-04  3.190683E-02  3.753941E-04  5.284264E-04  1.041532E-04 -9.163731E-05
 2.405946E-04  8.932155E-05  4.190184E-05  3.665387E-04 -7.170441E-05  1.262205E-04 -5.949452E-04  2.448516E-04  8.776751E-05  4.752077E-05
-3.215811E-04 -1.362356E-02  1.839732E-04  1.386555E-04  3.254617E-05 -1.546859E-02 -7.062586E-05 -2.165204E-04 -3.249366E-04 -4.106870E-04
-2.371814E-05 -5.189302E-05  9.122909E-05  6.372255E-05 -1.018920E-04  1.088660E-04 -1.598831E-05  3.432312E-04 -1.330298E-04  7.199561E-05
 2.263745E-05  2.194689E-04 -9.667990E-05  2.994226E-04 -4.960259E-05  4.655486E-06  6.185046E-05  8.478549E-06 -5.478520E-06  4.037035E-05
 4.158288E-05 -2.934080E-05  4.495501E-05  1.514305E-05 -1.120310E-06 -2.203999E-05  8.938198E-05 -2.028923E-05 -5.128947E-05  8.197322E-05
 7.479695E-05 -5.995351E-06  9.601975E-06  2.724248E-05 -1.134670E-04 -3.652774E-05  2.124377E-05  1.688292E-05 -4.629672E-05  4.007512E-05
 1.634889E-05  3.141330E-05 -5.321146E-05 -4.108957E-05 -3.253389E-05 -4.198027E-05 -1.669427E-05  1.970578E-05  3.727867E-06  2.688897E-05
 5.841640E-05
  MODE      32
 2.275520E-04  1.037676E-03 -9.749349E-04 -1.895936E-03  3.738190E-04 -2.667495E-04 -4.118207E-05  7.238191E-05  6.185876E-06  5.667185E-04
 1.883401E-02 -2.175650E-07 -2.976350E-02 -3.184981E-03  5.887324E-05  1.605328E-05 -1.688677E-06 -4.758177E-06  3.592273E-05 -3.921825E-04
 2.700066E-04  3.307985E-06  1.855066E-06 -7.748305E-06 -5.791966E-05  2.035411E-05 -8.992621E-02 -6.220633E-04  4.175390E-04  1.159444E-03
-2.635529E-04 -2.324399E-04 -9.393669E-01 -7.597923E-04 -8.315570E-02  7.246910E-04  4.132156E-03 -3.085455E-01  5.192502E-02 -4.768842E-04
-7.745294E-06  1.137937E-04  8.954264E-05  2.692013E-05  9.943261E-05  1.827799E-03  4.882546E-02 -7.725123E-04 -8.593328E-06 -2.244400E-04
 4.132452E-05  3.864261E-04  8.705192E-03  1.331598E-03 -1.285881E-05 -2.394584E-06  3.079325E-02 -8.214624E-05 -1.367010E-04 -3.044958E-04
 8.400755E-06  1.487316E-05  3.882660E-05 -8.896081E-05 -3.812581E-05  7.804603E-06 -1.405120E-05  1.024447E-04  6.317911E-06  1.518345E-05
-2.327649E-05  1.425397E-04  5.780744E-05  2.700600E-05 -5.111682E-06  3.786731E-05  4.504542E-06  1.471750E-05 -3.903551E-05 -3.364171E-05
 1.264301E-05  2.041034E-05  5.211031E-06 -3.599747E-05  6.879416E-06 -6.385616E-05 -1.157369E-05  8.127023E-06 -1.552476E-05  2.818346E-05
-2.321938E-05  1.035202E-05  2.440572E-05 -4.051428E-06 -5.784658E-05 -3.037118E-07  2.113196E-06  2.500762E-06  1.686329E-05  2.072553E-05
-1.766087E-06  3.385721E-08  1.097305E-05 -1.915274E-05 -3.190717E-05 -2.446058E-06  1.733491E-05  1.391735E-05  1.183636E-05  1.489958E-05
 9.159796E-05
  MODE      33
 1.191430E-03  3.749338E-04  2.923896E-04  1.696119E-04 -6.207275E-04  6.167016E-04  2.359539E-05 -2.944424E-05 -1.165323E-05  5.686893E-03
-1.858201E-03  2.033908E-05  2.937600E-03 -3.223549E-02 -6.370091E-04 -2.610320E-06 -1.915897E-06  3.935975E-05 -2.750591E-05  5.207638E-04
-2.316576E-04 -4.403005E-06  3.528430E-06  4.516871E-05  2.013515E-05 -6.559396E-05  8.868862E-03  7.868141E-05 -3.752543E-05  1.174159E-02
 2.125014E-04  3.801239E-05  9.261907E-02  5.579076E-04 -8.433322E-01 -5.733422E-04 -3.257569E-04  3.042054E-02  5.267017E-01 -1.191582E-03
-1.666164E-04  1.476108E-04  2.551219E-04 -1.823326E-05 -1.225180E-03  1.840750E-02 -4.817247E-03  8.073332E-04 -6.998788E-05  1.630061E-05
-8.068793E-05 -3.108018E-04 -8.612380E-04  1.351570E-02  1.555340E-05  2.068393E-05 -3.041048E-03  2.607575E-05  1.186555E-04 -3.137800E-03
 1.393337E-04 -1.004802E-06 -1.038485E-04 -2.086369E-05  5.778154E-05  1.060675E-04 -1.256871E-05 -8.108597E-06  1.014610E-05 -5.324195E-05
-4.790278E-05  2.999422E-05  7.554075E-06 -1.276182E-05 -4.216918E-05  3.410283E-06 -3.261321E-06  8.758122E-06 -1.131213E-05 -4.546186E-05
 4.895847E-05 -8.423298E-06 -3.131547E-06 -6.894231E-06  5.449443E-05 -2.105575E-05  9.171330E-06 -1.242979E-05  4.423196E-05 -2.710416E-06
-7.432595E-06 -1.849065E-06  6.375829E-05  1.829786E-05 -1.052683E-05 -1.146871E-05 -1.722855E-05 -4.784428E-05 -5.208876E-07  4.693845E-06
-1.564619E-05  1.474642E-06 -4.054339E-06 -4.097378E-06 -2.177977E-05  1.924801E-05  3.424592E-05  3.520657E-05  3.445969E-05 -2.414453E-06
-5.876720E-06
  MODE      34
 5.611495E-07 -4.794197E-07  8.321627E-07  1.238069E-06 -4.583748E-07  5.071688E-07  5.275769E-03 -9.362229E-05 -6.831656E-06 -6.868370E-06
-2.954957E-07 -1.032030E-05  3.573794E-05  1.849398E-06 -1.025275E-05 -3.881988E-05  7.415457E-06  5.661671E-07 -5.134449E-02  3.041268E-04
-2.826562E-04  4.208282E-06  8.886347E-05  6.770534E-06  2.837972E-04  8.714357E-06  1.021899E-04  6.488105E-05 -6.660955E-05 -4.558540E-05
-1.147902E-02 -1.437890E-04  7.144351E-04  1.976194E-01 -2.346517E-04  9.768208E-01 -4.780661E-03 -2.307456E-04  4.052592E-04  5.569981E-04
-1.167396E-04 -5.611837E-05 -3.439682E-06  8.960625E-04 -1.619501E-04 -3.523750E-05  1.455168E-04  7.235068E-04  5.890562E-06  9.969737E-05
 6.910292E-05  6.032731E-02 -5.337558E-05 -2.153857E-05 -2.748753E-05 -1.434421E-02  1.972796E-05 -8.691235E-06 -1.002114E-02  6.068361E-05
 1.733705E-05 -5.739621E-04  1.480496E-05  1.033628E-04  4.281712E-05 -2.946315E-05  7.847423E-06 -1.311972E-04 -9.548774E-05 -3.601806E-05
-1.193139E-05  1.284690E-04  3.828611E-05 -7.987136E-05  1.153931E-06 -1.310448E-05  1.811116E-05  3.324000E-05  1.194896E-04 -3.788663E-06
-4.015091E-06 -6.007856E-05 -1.816413E-05 -1.501970E-05  1.325611E-06 -2.203054E-05  1.926862E-04  3.024495E-05  5.421603E-06 -2.822071E-05
 1.185253E-04  8.382067E-05  9.318795E-07 -2.524997E-05 -5.388202E-05 -1.129073E-05 -5.667631E-06  6.305636E-06 -1.229542E-04  9.290622E-06
 1.165172E-05 -5.475495E-06 -6.434456E-05  1.618579E-05 -6.841923E-06 -4.962402E-05 -5.544789E-06 -5.676106E-06  1.087919E-05  8.764799E-06
 4.010279E-05
  MODE      35
 2.118743E-06 -2.337133E-06  3.720013E-06  6.158739E-06 -2.480330E-06  2.251600E-06  3.713283E-04  1.464032E-02  6.610707E-04  3.929836E-05
 2.517319E-04  3.791608E-05  4.980863E-05 -4.751331E-06  1.196398E-04  8.883979E-03  5.516088E-05 -1.903732E-04 -7.848471E-04 -3.741619E-02
 4.678172E-02 -2.209797E-04  1.413398E-04  2.917904E-04  1.174012E-04  4.040663E-04 -7.786171E-05 -1.162061E-04 -1.722760E-04 -4.597704E-04
-9.008657E-04 -1.242472E-04  3.118644E-03  6.447954E-03 -2.255989E-03  3.678333E-03  9.852016E-01  4.163923E-03 -3.778295E-03 -9.757556E-02
-7.423340E-04  1.794540E-03  7.679420E-04  8.166658E-06  2.366733E-02  2.012811E-03 -2.404154E-04 -1.233461E-01  9.718514E-04  3.297828E-04
 3.389181E-04 -6.196839E-04 -6.220195E-04  4.819695E-05  9.194300E-03 -5.924921E-05 -4.830158E-04  3.189106E-05 -2.769509E-05  2.764277E-04
 2.230206E-04  2.642736E-04 -6.413367E-05  1.364232E-04  5.202457E-05 -2.441115E-04  3.174340E-04 -1.164589E-04 -2.111514E-04  3.441437E-04
 3.110399E-04  1.347330E-04  1.223985E-04 -2.114692E-04  4.484219E-04 -1.770896E-04  1.624896E-04 -3.442941E-05 -1.292571E-04  6.082301E-05
 2.148967E-04 -1.511924E-05  1.239697E-04  3.364483E-05  6.077055E-05  8.116815E-06  6.160620E-05 -1.756273E-05  2.031817E-05 -6.717177E-06
-3.368930E-05 -8.021245E-05  3.407579E-05 -1.083191E-04  1.910768E-05 -3.024290E-05  7.720815E-06 -4.713321E-05  1.702442E-05  2.196058E-05
-1.692763E-05 -6.912510E-06  1.088362E-05  2.685186E-05 -6.805906E-07 -2.393392E-05  1.576323E-05 -3.605047E-05  3.255365E-05  9.323583E-05
-3.132468E-05
  MODE      36
 2.941460E-04 -2.440936E-04  4.313972E-04  7.138802E-04 -3.248463E-04  2.862621E-04 -1.051026E-03  2.157215E-05  3.450948E-06  1.112921E-02
-1.782494E-02  4.793509E-06 -1.405000E-02 -2.192259E-03 -2.618781E-05  2.977915E-05 -7.019900E-06 -2.526152E-05  4.519757E-03  6.991118E-05
 6.617453E-05 -8.937092E-07 -2.320092E-05  1.065290E-05 -4.488938E-05  5.662639E-05  1.004852E-01  1.039776E-03 -5.606497E-04 -5.024496E-02
 2.122485E-02 -3.703106E-04  2.650183E-01 -1.010145E-01  2.438967E-01  1.983900E-02  5.245099E-03 -8.277932E-01  3.924707E-01 -8.870613E-04
-1.286821E-04 -1.792862E-05  3.544780E-04 -5.567274E-04 -9.851605E-05  9.382834E-04  6.473994E-02 -2.317324E-05 -5.140911E-06 -3.989724E-04
 1.229419E-04  1.111957E-02  6.030003E-03 -3.865076E-02  6.259181E-05  6.307601E-03 -2.705764E-02 -3.258225E-05 -6.444484E-04  4.418112E-03
-3.318703E-05  2.348100E-04  6.798400E-05 -1.338987E-04 -6.927743E-05 -1.066892E-04  4.450095E-06  3.651628E-05 -2.351794E-05  1.486560E-05
-3.744089E-05  4.341823E-04  1.583302E-04 -1.523797E-05  3.290294E-05  1.676299E-04 -3.252514E-06  6.393066E-05 -6.347994E-05  1.737614E-05
-3.118881E-05 -1.827051E-06  3.338819E-06 -3.443683E-05 -6.733993E-06  4.287399E-06 -6.702435E-05 -1.436615E-06  8.522905E-06  6.568499E-05
-1.920673E-05 -1.127545E-05 -1.962441E-05 -9.685232E-07 -1.048138E-05  3.134380E-06  9.488064E-06  1.944065E-05  5.224479E-05  7.169792E-05
 1.186465E-05 -4.117653E-07  2.323637E-05 -4.846705E-05 -4.161487E-05 -2.014374E-05 -3.292900E-06  1.871900E-05  1.942473E-05  8.481399E-06
 5.977756E-05
  MODE      37
-6.567713E-04 -4.506861E-04  9.917440E-05  3.936406E-04  2.177137E-04 -2.428045E-04  6.526500E-05  2.917567E-05 -4.601472E-06 -2.107266E-02
-9.537727E-03 -1.230121E-05 -7.526907E-03  4.156627E-03  9.007367E-05  2.678265E-05  5.927650E-06  4.170710E-05 -3.238818E-04 -6.327661E-05
 1.182831E-04  1.087497E-06 -7.802166E-06 -2.526469E-05 -1.450998E-05 -1.012099E-04  5.376905E-02  5.201969E-04 -3.032498E-04  9.501296E-02
-1.564316E-03 -1.869381E-04  1.417656E-01  7.349040E-03 -4.614968E-01 -1.507309E-03 -2.431001E-03 -4.430474E-01 -7.424313E-01  9.772275E-04
 7.873231E-05 -6.150520E-06 -8.034052E-04 -2.861425E-04  1.554754E-04 -1.791200E-03  3.460290E-02 -3.914337E-04 -1.586260E-04 -2.788565E-04
 1.354193E-04 -7.850616E-04  3.249391E-03  7.308767E-02  3.677135E-05 -4.789630E-04 -1.447555E-02 -3.645071E-05  4.307083E-05 -8.298037E-03
 2.683146E-05  1.136789E-04 -2.168131E-04 -9.812660E-05 -1.549969E-05  1.762919E-04 -1.200327E-05  4.682031E-05 -8.003877E-06  1.280635E-05
 1.134374E-04  2.053811E-04  7.638535E-05  1.943122E-05 -2.456651E-05  7.996515E-05  2.909018E-07  3.543327E-05 -3.202033E-05 -2.901519E-05
 9.103826E-05  1.368653E-05  1.176207E-06  6.826597E-05  2.630663E-06  2.779674E-05 -5.395514E-05 -5.991150E-06  3.936565E-05  3.019721E-05
 7.898822E-06 -1.581542E-05  1.266587E-06  5.401013E-06 -1.558175E-05 -7.625987E-06 -1.776156E-05 -4.474632E-05  3.112588E-05  3.525054E-05
-3.108838E-05  1.235836E-06  9.794589E-06 -2.370731E-05  7.934576E-06 -4.095863E-05  2.984881E-05 -4.826910E-05 -5.174455E-05  7.942570E-06
 3.807654E-05
  MODE      38
-3.585596E-05  2.154061E-05 -4.385339E-05 -7.147663E-05  3.635942E-05 -3.187539E-05 -9.359992E-03 -1.916478E-05 -1.189460E-05 -1.404447E-03
 1.874878E-03 -9.158402E-06  1.560265E-03  3.098552E-04  3.815444E-05  2.264378E-05 -9.578196E-05  2.228941E-05  4.180505E-02 -2.263724E-04
 7.784278E-05  3.223399E-05 -1.299699E-04  2.695171E-05 -6.434809E-05 -1.153693E-05 -1.014803E-02 -8.544786E-05 -5.057258E-05  5.946160E-03
 2.050020E-01  9.691439E-06 -2.625851E-02 -9.459949E-01 -3.008030E-02  1.908743E-01  5.354907E-03  8.516184E-02 -4.734787E-02  2.059560E-03
-1.588168E-03 -2.205562E-04 -2.712108E-04 -3.138216E-04  1.223389E-04 -2.548663E-04 -5.905031E-03 -6.057767E-04 -1.518178E-04  2.757300E-04
 4.244478E-04  9.879739E-02 -8.851596E-04  4.591838E-03  1.581470E-06  6.074789E-02  2.779328E-03  1.278536E-04 -3.469715E-03 -2.043282E-04
-2.708989E-05 -1.864667E-04 -8.168689E-05 -8.764077E-06  1.207488E-04 -6.115884E-05 -3.297898E-05 -3.157127E-04  3.442427E-05 -2.999014E-05
-6.797407E-06  4.085250E-05  5.846956E-05 -2.032693E-04  3.200842E-05 -6.321471E-06 -5.515235E-05 -2.121815E-05  6.071116E-05 -2.515980E-05
-2.012502E-05 -4.044138E-05 -5.228102E-06  5.686624E-07  3.594582E-05  3.803127E-06  5.940400E-05 -2.955904E-05  2.472072E-05  3.228423E-05
 2.099786E-05  9.590493E-05 -7.275947E-06  1.056861E-05  3.555681E-05 -6.771523E-06 -6.792087E-06 -1.974560E-05 -2.019456E-05  9.647341E-06
-9.038971E-06 -1.770675E-05  9.316698E-08 -6.591359E-06  4.960345E-06 -1.910634E-05  3.697592E-06 -7.319014E-06 -1.426559E-05 -6.182604E-06
-2.107997E-05
  MODE      39
 3.022089E-08 -2.308230E-07  2.536174E-07  2.027306E-07  1.748117E-07  2.871580E-08  2.124023E-05 -7.282331E-03 -3.211803E-04 -8.561069E-06
 3.416177E-06 -3.341766E-07 -8.926726E-06  2.539313E-05 -8.508583E-06 -9.538463E-04  1.861237E-05 -1.498445E-05 -9.788705E-05 -5.180697E-02
-5.110074E-02  1.968151E-05  8.855291E-05  7.335168E-05  7.687691E-05  3.679249E-05  2.073803E-05  8.557520E-06  3.169665E-06  9.679105E-06
-5.679333E-04  1.473895E-05  9.532097E-05  2.376104E-03 -5.094705E-04 -5.738117E-04  1.081799E-01 -1.743620E-04  1.366250E-03  9.881834E-01
 4.536600E-04 -4.940084E-04  4.801492E-05 -3.473850E-05  5.720301E-03  1.056100E-03  3.102498E-05  7.742701E-02 -4.099346E-06  9.259865E-05
 2.079890E-05 -2.036264E-04  1.057527E-05 -2.453550E-05 -2.008667E-02 -1.653680E-04  1.044636E-06  4.274164E-05 -1.629912E-05  3.522212E-05
 2.103760E-05  8.289230E-06  3.674056E-05  1.324637E-05 -3.882265E-05 -9.435619E-05  9.556700E-05 -1.633837E-05  1.977361E-06  5.071360E-05
 2.052514E-05  2.911599E-05  3.666033E-05 -1.796323E-05 -4.797082E-05  1.491336E-05 -4.922611E-06 -1.535507E-06  8.127524E-06  2.940945E-05
 5.865455E-06 -3.599577E-06 -8.494097E-06 -8.715719E-06  2.481233E-05  7.453094E-07 -6.498434E-06 -4.650488E-05 -7.253051E-08  2.684989E-05
 2.551707E-06  5.331469E-06  4.871415E-06 -6.432482E-06 -5.151699E-06 -5.565144E-05  1.145561E-06 -3.078834E-05 -2.101730E-06 -1.146114E-08
 9.419586E-06  3.903444E-07  3.108546E-06 -4.043219E-05 -3.653285E-06 -1.418328E-05  8.515183E-06  2.779300E-05 -4.728987E-05  1.068585E-04
-1.912996E-05
  MODE      40
 4.864034E-07  2.429295E-07  6.582897E-09 -5.748885E-07  3.096148E-07  7.954328E-08 -1.710327E-05 -1.845375E-05 -4.715175E-05 -1.025651E-05
-6.344240E-06  8.687974E-03  8.982713E-07  2.165948E-05  1.252638E-05  4.865102E-05  3.661475E-05 -3.238714E-05  4.730195E-05  5.635692E-05
 3.521930E-06  2.773961E-05 -5.523989E-05  4.680689E-03 -6.779357E-05  2.005985E-05 -1.344771E-05  3.674586E-05  2.280639E-05 -4.505046E-05
 5.579430E-04 -4.211678E-05 -1.429739E-05 -1.448435E-03 -1.321870E-04  4.322489E-04  8.232604E-04  6.719355E-05  1.152889E-04 -5.841820E-04
 9.974959E-01 -5.681998E-02  4.971806E-04 -1.876517E-03  5.466023E-05  5.102840E-05 -1.047565E-05  2.032289E-04 -1.032286E-04  2.292160E-04
-2.837342E-04 -1.089318E-04  2.097461E-05 -1.809987E-05  1.467177E-04  1.107741E-04 -7.307430E-06 -8.976725E-05  1.346455E-04  1.401734E-04
 1.491993E-02  1.103545E-04 -8.195584E-05 -1.559530E-03  3.453375E-03 -3.971997E-04  2.491660E-02  1.063045E-04 -3.356327E-05 -2.415909E-02
 2.347644E-04  1.550227E-04  7.037115E-05 -1.572407E-05 -2.130663E-05  3.762793E-05  5.784347E-03 -1.390652E-05 -2.079741E-06 -1.594954E-05
 3.891622E-05 -1.007681E-05  6.547288E-03  1.176452E-05 -9.999064E-03  1.216306E-04 -2.919762E-05  5.319106E-03  3.492177E-05 -7.590044E-06
-5.481026E-06  1.686831E-05 -6.523015E-06 -4.486183E-03  2.038516E-05 -9.356070E-04  8.824815E-04  5.003227E-06  1.657819E-05 -8.327679E-06
 1.017066E-05 -5.720535E-05  7.736059E-06  5.327468E-07  6.109600E-07  1.257205E-06 -4.842458E-06 -3.750050E-05  4.209451E-05 -3.207609E-04
 4.715942E-05
  MODE      41
-7.051368E-09  3.251969E-07 -3.422091E-07 -4.106980E-07 -1.008294E-07 -6.237898E-08  8.012164E-07 -1.255314E-05 -6.898153E-09  2.817429E-05
 3.879530E-07 -4.177155E-03 -8.545955E-07 -4.734796E-06 -4.222403E-05 -2.264378E-05 -2.504692E-06 -1.860461E-05  3.261834E-05 -1.338521E-04
 4.514643E-05  7.279500E-05 -1.271827E-05 -9.093923E-03 -5.134182E-05 -2.694660E-05 -3.275667E-07  8.907912E-05 -7.802406E-06 -7.357278E-05
 1.722211E-04 -1.187492E-04  8.703016E-05 -2.826565E-04  1.220584E-04  1.195249E-04 -1.723885E-03  2.710517E-05 -8.404865E-05  6.803432E-04
 5.753919E-02  9.966910E-01  3.150594E-03  1.568378E-03 -8.489566E-04 -9.733477E-05 -3.045058E-06 -2.638039E-04  6.793882E-04  6.780560E-05
 1.348604E-04 -5.881594E-05 -3.268327E-05  3.148212E-05 -7.182207E-05  1.778812E-05 -4.898493E-05 -1.043462E-04  6.868120E-05 -5.216691E-05
 1.764144E-02 -2.077081E-06 -2.234546E-04  1.120393E-02 -2.490257E-02  1.476049E-04 -1.180204E-02 -9.074093E-05  1.036906E-04  4.805196E-03
 1.539548E-05  5.492747E-05  1.284167E-05  3.861593E-05  6.677898E-05 -3.111504E-06 -1.839138E-02  4.775080E-05  1.171876E-05  1.544144E-05
 1.103208E-04 -3.041754E-05 -1.132335E-02 -2.437076E-05  2.679682E-02 -2.823838E-04 -1.526131E-05 -1.091254E-02 -3.484013E-05  2.405614E-05
-8.190268E-05  1.341995E-05 -4.563662E-05 -1.877359E-02  2.893586E-05  1.580648E-02  7.195931E-03 -2.031666E-05  8.746586E-07  1.256692E-05
-5.977360E-07 -2.446822E-04  1.606817E-05 -1.276565E-05 -2.274520E-06 -5.750761E-06  5.051199E-06 -5.594296E-04  6.901153E-04  8.866427E-04
-1.590943E-04
  MODE      42
 1.351807E-06  6.137082E-06 -5.755160E-06 -1.100586E-05  1.981337E-06 -1.514290E-06 -9.275534E-05  5.282028E-06 -1.728784E-05  1.598625E-06
-3.751656E-05  5.182300E-05 -5.790139E-05  3.322604E-05 -1.435885E-04 -2.863833E-06 -1.107806E-02 -1.172121E-03 -1.082940E-04 -1.815726E-04
-4.770807E-06  1.089033E-02  4.007048E-03  2.522589E-05 -1.225389E-02 -9.372137E-03  5.624041E-06  1.076722E-04 -1.212996E-05 -2.348328E-06
 3.751586E-04 -1.466085E-04  2.261475E-04 -4.457490E-04 -1.361915E-04 -7.236699E-04 -5.597179E-04 -4.726813E-04 -4.256012E-04  1.032102E-04
 1.230498E-03 -3.051725E-03  4.954937E-01  8.579231E-01  2.803578E-04  2.368298E-04  1.418079E-04 -6.299298E-04  7.609670E-02 -1.043873E-04
 9.918273E-02  2.359350E-04  5.218545E-08  1.830423E-04 -3.254492E-05  2.852605E-04 -4.736525E-05 -3.547910E-04 -3.022638E-04  1.727185E-05
-1.205455E-04 -1.451196E-02 -1.318072E-02 -2.039967E-04  2.055589E-05 -7.241159E-04 -1.232776E-05  4.227208E-03  9.440799E-03  1.971099E-04
 1.468505E-02  2.156419E-04  1.024537E-04  1.885786E-02 -5.280886E-03  6.699296E-05  1.132493E-04  3.904851E-06  1.000509E-02 -4.293618E-04
 1.259656E-02 -6.422228E-06  1.083794E-05 -5.008206E-03 -2.633631E-04 -1.544470E-02  8.488920E-03  4.383592E-05 -1.435246E-03  5.702765E-05
-1.950721E-02 -3.428060E-05 -6.383643E-03  6.945798E-05 -1.112815E-02  2.305375E-05 -3.247171E-05  2.360825E-03 -8.672206E-03  2.544580E-05
 1.524755E-04  5.469015E-06 -1.602541E-04  1.003465E-04  5.963333E-04 -5.975656E-04 -6.333710E-04 -1.602358E-04 -1.325655E-04 -1.402195E-04
-7.821697E-04
  MODE      43
 5.436795E-06  2.729597E-06  2.794247E-07 -3.770256E-07 -3.295295E-06  2.667751E-06 -7.055406E-05 -1.346964E-05  3.825573E-05 -5.250251E-06
-3.896890E-05 -2.963244E-05 -1.416602E-05 -7.200175E-05 -6.763042E-05  4.685782E-06 -6.409289E-03  2.021748E-03 -5.343220E-05  2.818043E-04
 1.559407E-05 -1.834268E-02  2.381298E-03 -1.407813E-04 -7.204059E-03  1.591783E-02  4.198634E-05 -3.504745E-05  1.878312E-05  2.935486E-05
 9.876537E-05  3.912637E-05  4.674199E-05  1.886803E-05  1.930376E-04 -4.909262E-04  9.273248E-04 -2.400204E-04  7.556643E-04 -1.111930E-04
 1.477421E-03  1.910559E-03 -8.535358E-01  4.981491E-01 -4.735894E-04 -3.787092E-04  2.680664E-05  1.085809E-03 -1.295263E-01 -8.021714E-04
 5.786208E-02  3.478024E-04  7.657866E-05 -3.613140E-04 -2.439865E-05  7.345865E-05  1.014229E-04 -3.200832E-04 -2.422797E-04 -3.874478E-05
 2.996311E-05 -8.320814E-03  2.268620E-02  5.827230E-05 -1.638383E-04  1.567413E-03  1.290648E-05  2.416790E-03  5.821213E-03 -3.636339E-04
-2.540700E-02 -1.155871E-04 -3.862845E-05  1.107770E-02  9.419840E-03 -6.467738E-05 -9.438437E-05 -1.152836E-05  5.872085E-03  9.125107E-04
-2.142979E-02 -2.748397E-05  3.658689E-05  8.604604E-03 -6.741416E-05 -8.997621E-03  4.901203E-03 -3.358016E-06  2.208659E-03 -4.666537E-06
-1.135911E-02 -5.918553E-06  1.093501E-02 -2.181297E-05 -6.488254E-03  5.085318E-05 -9.519179E-08 -4.068048E-03 -5.065790E-03 -1.333679E-05
-2.390061E-04 -2.521834E-05 -1.298327E-04  3.254640E-05  4.125305E-04 -4.790242E-04  8.500363E-04  2.563889E-04  2.067478E-04 -8.162720E-05
-4.612679E-04
  MODE      44
-2.189257E-07  1.011095E-07 -2.153440E-07  1.731647E-07 -4.043384E-07 -2.136238E-08 -7.702760E-07 -4.963508E-03 -4.395188E-03  6.237349E-06
-4.330754E-08  4.280176E-06 -9.742734E-07  7.358099E-06  2.636724E-06  3.223865E-03  8.904637E-06 -4.782341E-06 -2.634947E-06 -2.154645E-02
-2.792368E-02  8.234097E-06  1.058360E-05  1.210141E-05  1.139083E-05  2.777779E-05  1.129919E-06  2.042142E-05  2.689904E-05  8.516462E-06
-5.677422E-05 -9.944178E-05  4.302887E-06  6.940774E-05 -3.415306E-07 -2.429537E-05 -1.583475E-02 -7.189559E-07  1.888039E-04  3.009196E-02
 1.120941E-04 -9.498131E-04  4.112941E-05  7.742546E-06 -9.364819E-01 -5.091045E-02 -7.163808E-05 -3.392449E-01  2.861211E-04 -2.654326E-04
-7.004942E-05  8.062590E-05  1.020664E-05 -2.708740E-05 -5.354280E-02 -1.742566E-05  5.642382E-06 -1.554726E-04 -3.615784E-05  1.348300E-05
-1.159179E-04 -3.671286E-06  2.424183E-05  1.681438E-05  1.456580E-05  7.459854E-05 -9.033322E-05  3.670768E-06  5.643408E-07 -6.614538E-06
-4.037912E-05 -1.981782E-06 -2.839925E-05 -2.039374E-06 -6.725500E-06 -7.496614E-07  4.829409E-05 -2.103046E-05 -7.561968E-06 -2.999878E-05
-2.170576E-05  9.290083E-08  6.793890E-06  7.555023E-06  1.960806E-05  4.039806E-06 -8.497853E-06  5.154739E-05 -1.179733E-05  3.870039E-06
-8.435846E-06  4.130162E-06  2.840073E-05  4.683269E-05 -1.626579E-06  3.125624E-05 -6.036733E-07  1.852800E-05  9.885219E-06 -1.375636E-06
-4.501211E-06  2.941665E-05 -4.620792E-06  4.123533E-05  3.277104E-06  1.520258E-05 -1.642233E-05 -2.147043E-05  5.386258E-05 -1.138676E-04
 2.016020E-05
  MODE      45
-1.014997E-03 -4.585993E-04 -1.005953E-04  1.329108E-04  4.583369E-04 -4.700989E-04 -1.840783E-05  7.537627E-06 -1.148946E-06 -1.642849E-03
 3.249773E-04 -3.258937E-06  5.923395E-03  1.474465E-02  2.309760E-04 -1.002238E-06 -2.231505E-05  1.570316E-06  7.942671E-06  2.526029E-04
-7.521185E-05 -1.955626E-06  4.000534E-07 -1.997067E-06  3.002084E-06 -3.012743E-05 -8.551590E-03 -2.351542E-05 -4.999291E-06  8.678296E-03
-3.567067E-04 -4.816136E-05  7.196109E-03  3.535162E-04 -1.639868E-02 -1.947980E-04  8.585996E-04  2.236070E-02  9.173119E-03  5.059369E-04
 4.356856E-05 -4.861168E-05  3.641813E-04  1.700815E-04  5.144638E-02 -9.554212E-01  2.777974E-01  1.317039E-03  2.554277E-04 -2.113259E-04
-1.541867E-03  6.436684E-04 -6.207985E-02 -4.666963E-02 -5.958930E-05 -1.172015E-04  1.174800E-03 -4.990424E-06 -2.540484E-04 -1.490268E-03
-4.604913E-05  3.893474E-05 -1.422586E-04 -6.536374E-05 -5.596255E-05  6.885755E-05 -3.872216E-06  5.138149E-05 -5.624562E-05  3.214429E-05
 1.437144E-04  1.923027E-04  6.537390E-05 -6.263217E-05  5.243739E-05  4.776522E-05  8.172038E-06  3.483482E-05 -1.392678E-05 -1.281074E-05
-2.273827E-05  4.455797E-07  6.397078E-06 -3.257996E-05 -2.059436E-05  7.633201E-05 -1.317924E-05 -1.109731E-05 -2.371142E-05  1.696506E-05
 1.236178E-05 -9.679390E-06  8.065739E-06  7.919370E-07 -2.448728E-06  5.769739E-06  6.731677E-06  2.019839E-05  5.644041E-05  2.479792E-05
-3.387480E-05  3.174984E-06  7.002591E-07 -2.016657E-05 -5.268627E-05  2.883622E-05  5.763708E-06  5.964993E-05  6.569160E-05  5.737006E-06
 4.759026E-05
  MODE      46
-2.775275E-04  8.936689E-05 -2.566844E-04 -3.932366E-04  2.357826E-04 -2.142861E-04  3.932000E-05  2.221402E-06 -6.398194E-06 -4.909320E-04
-1.094942E-03 -2.358711E-06 -1.986167E-02  4.394995E-03  2.264295E-04  1.899041E-05 -7.105084E-06  1.058261E-06 -2.081880E-05  2.292265E-04
-4.630453E-05 -8.976378E-06  1.061843E-05  2.011413E-10 -1.286365E-05 -2.897770E-06  2.868210E-02  6.517042E-05 -1.013135E-04  2.585263E-03
 6.611626E-04  4.694365E-04 -2.412226E-02 -6.630487E-04 -4.889125E-03  3.623428E-04  7.751775E-04 -7.498248E-02  2.731097E-03  9.024979E-06
 1.022259E-07 -5.122979E-06  8.862417E-05  9.910583E-05  1.485009E-02 -2.849797E-01 -9.314240E-01  1.900027E-03  6.453655E-04  1.325951E-03
-1.078342E-04 -1.205377E-03  2.081219E-01 -1.392359E-02  2.006668E-04  2.038649E-04 -3.977061E-03  5.710914E-04  4.437034E-04 -4.512851E-04
 3.383603E-07 -6.896195E-05 -2.698866E-05  1.911525E-04  8.513798E-05  4.688824E-05  8.164489E-06 -1.095873E-06  1.171092E-04 -9.910665E-06
 4.670318E-05 -3.628039E-04 -1.209079E-04  2.666417E-05  1.330382E-05 -1.093234E-04 -5.112514E-07 -6.405619E-05 -6.074171E-05  1.290963E-05
-9.018764E-06 -4.492648E-05  6.309045E-07 -1.895482E-05  2.679102E-06  3.836251E-06 -3.605430E-05  6.227045E-07 -1.148670E-05 -7.877847E-05
-2.403157E-05  2.193082E-05  2.373169E-05  7.042382E-07  1.016569E-04 -3.139355E-06  3.181334E-06  1.759282E-05  4.296195E-05 -3.844930E-05
-5.800612E-06  2.791217E-06 -1.416595E-05  3.724755E-05  6.130418E-06  5.285715E-05 -1.991705E-05  1.888281E-05  2.115940E-05 -2.910170E-05
-1.739729E-04
  MODE      47
-8.452522E-06 -8.006571E-06  3.653825E-06  1.011210E-05  9.629066E-07 -2.058129E-06 -4.888170E-07  3.253616E-07 -1.430852E-05  3.863391E-05
 7.086285E-06 -1.640353E-05 -2.362087E-05 -2.444842E-06  3.967373E-07  4.513873E-05 -1.483934E-02 -1.236267E-03 -4.517421E-05  3.237085E-04
-5.610632E-05  2.763322E-03  5.611840E-03  2.322273E-05  1.788699E-03 -3.059784E-03 -6.390047E-05 -1.811695E-05 -2.328769E-05 -5.275566E-06
 4.461635E-04 -1.785317E-04  1.746563E-05 -4.013044E-04  5.922417E-05  9.677061E-05  8.902177E-04 -2.169093E-04 -1.368782E-04 -2.800406E-04
-9.888861E-05  7.895272E-06  2.925219E-02  1.141097E-01 -1.194382E-03  1.360776E-03 -3.666032E-04  2.984120E-03 -1.954121E-01 -8.720789E-04
-9.701562E-01 -5.506146E-04  2.387441E-04  7.819540E-05  4.350298E-04  1.751627E-04 -1.909219E-05 -3.337945E-04  1.613792E-04 -4.853365E-06
-1.038898E-06 -8.664333E-03 -3.488027E-03 -1.255556E-04  1.382975E-04 -1.085208E-02 -4.138722E-04  3.684346E-02 -8.628281E-03 -3.325794E-05
-1.588387E-03 -1.649030E-05  1.919274E-05 -1.022152E-02 -4.314338E-03  2.232486E-05  8.777167E-06  1.369746E-05 -5.651936E-03 -6.625594E-04
 1.500161E-03  4.371089E-05 -1.208784E-05  3.556623E-03  4.320267E-04  4.720392E-02 -1.414779E-02  2.769129E-06 -9.083734E-04  4.681812E-06
 7.375396E-03  4.004079E-06 -3.852977E-03 -8.432122E-07  1.536007E-02 -6.059709E-05 -9.628060E-06 -6.106462E-03  4.316648E-02 -6.477315E-06
-9.459991E-05  3.444465E-05  5.665682E-04  3.121651E-05  1.089213E-04 -8.950639E-05 -2.061859E-04  8.241762E-05  6.115498E-05  6.137468E-05
 3.774434E-04
  MODE      48
 8.399273E-06  1.224565E-06  3.551562E-06  3.385171E-06 -4.384288E-06  4.723700E-06 -1.633419E-06 -4.590541E-07 -2.453111E-05  6.670088E-05
 7.457236E-06  5.095798E-05  1.040717E-05 -3.939147E-05  1.772737E-05  6.773498E-05  3.010336E-03 -5.977061E-03  1.409232E-05  5.104239E-04
-9.531271E-05  1.374796E-02 -1.206580E-03  5.035838E-05 -4.171852E-04 -1.483499E-02  4.343525E-05 -1.069694E-05 -4.030627E-05  8.531126E-05
-2.099120E-04  1.902258E-04 -2.906696E-05  2.023280E-04  8.960509E-05 -5.263519E-05  1.498648E-03  6.859724E-05 -2.142932E-05 -5.736289E-04
-1.525282E-04  2.090477E-04  1.458573E-01 -2.229122E-02 -2.401831E-03 -7.914552E-04 -4.727492E-04  5.628328E-03 -9.661857E-01 -6.190106E-03
 1.962804E-01  3.522680E-04  4.639632E-05  3.724371E-05  8.022839E-04 -8.887825E-05  1.285635E-05  4.597245E-04 -1.204920E-04 -5.981728E-05
 1.988737E-06  1.651621E-03 -1.724916E-02 -1.491239E-04 -1.176780E-04 -5.397109E-02 -8.875516E-04 -7.502449E-03  1.769171E-03 -2.276755E-04
-7.752720E-03  9.439353E-05  2.884609E-05  2.073364E-03 -2.145199E-02  8.716165E-05  4.442179E-06 -8.084627E-06  1.107360E-03 -3.488058E-03
 7.347902E-03  1.722669E-05  4.924465E-05  1.750904E-02 -4.296243E-05 -9.522650E-03  2.790157E-03  2.760250E-05 -4.718196E-03 -1.695824E-05
-1.526856E-03 -2.803515E-05 -1.908811E-02  2.176657E-05 -3.081778E-03  2.983238E-06 -2.282480E-05 -3.009413E-02 -8.717930E-03  7.865352E-06
-6.340514E-05 -7.023788E-06 -1.193142E-04  2.919628E-05 -7.188788E-05  1.343177E-04 -9.416099E-04  3.717670E-04  3.004178E-04 -1.108083E-05
-1.003181E-04
  MODE      49
-5.661956E-04  4.146789E-04 -7.142287E-04  3.111580E-04 -1.155810E-03 -6.657965E-05 -3.347596E-05  3.703939E-07 -3.119583E-05  5.959353E-06
-1.295383E-05  1.054268E-04 -8.649455E-05  2.331705E-04 -1.134942E-02  7.824406E-05  9.022757E-06  1.610914E-05 -8.057990E-05  5.396318E-04
-9.053455E-05 -4.318262E-06  5.606924E-05  7.188022E-05  2.486502E-05 -1.701834E-04 -1.839450E-04  6.834292E-02  7.646897E-02 -1.035332E-07
 2.111496E-04 -5.021381E-01  9.066800E-05 -1.553350E-04 -6.815242E-06  8.577762E-06  1.069072E-03  4.467062E-04  1.461259E-05 -5.672221E-04
-1.202426E-05 -1.218340E-04 -6.502824E-05 -6.590282E-04 -2.507577E-03 -3.548987E-04 -1.236614E-03  7.494298E-03  2.215745E-03 -4.008471E-01
 2.101145E-04 -2.414523E-04  1.224307E-04 -7.733357E-06  1.114391E-03  2.256023E-04  8.354347E-05 -7.571486E-01  1.901356E-04  3.593514E-06
-5.132223E-05 -6.562606E-04 -1.788895E-04  3.842333E-03  1.524708E-03 -1.552610E-05  2.591164E-05 -9.963282E-05 -6.667218E-05  1.990890E-04
 5.463363E-05  3.265527E-02 -1.172752E-02 -4.214701E-05  3.976082E-05  8.556454E-03 -3.137121E-05  1.272236E-02  9.867467E-05 -7.569321E-06
 4.358296E-06  2.493032E-03  3.078914E-05  5.093697E-06 -3.262370E-05 -3.386466E-05  7.272833E-05 -3.203613E-05 -3.388403E-06  3.844211E-02
 7.047163E-05 -1.553660E-02  4.676081E-06 -9.802847E-06 -3.887658E-05 -2.894486E-06  3.265601E-08 -1.903465E-05 -7.108416E-05  1.449809E-04
-2.859502E-06 -9.756436E-07 -3.592724E-05  4.465216E-04  5.461963E-06  5.228454E-05  2.654408E-05 -3.062277E-06 -3.810858E-06  4.639639E-06
 2.807431E-05
  MODE      50
-3.863764E-06  3.086151E-06 -5.107355E-06  2.714714E-06 -8.984244E-06 -2.325226E-07  9.570061E-05  1.240050E-03  2.858792E-03  1.060575E-05
 1.140807E-04  3.179946E-05 -8.356652E-05  4.600402E-05 -3.777734E-05 -8.094124E-03  9.091246E-06 -1.368581E-04 -9.732106E-05 -5.870972E-02
 9.766819E-03 -1.410747E-05  1.434144E-04  1.873191E-04  1.099368E-04  2.198621E-04  4.724522E-05  5.715754E-04  5.786921E-04 -1.187570E-04
-3.652748E-04 -4.427492E-03  3.840942E-04  9.770003E-05 -2.483755E-04  4.640281E-05 -1.167652E-01 -2.760713E-04  1.325213E-03  7.727847E-02
 3.133452E-04 -2.292363E-04 -4.396894E-04  2.300233E-04  3.442198E-01  1.672934E-02 -1.699475E-03 -9.164483E-01 -7.001139E-03 -2.240753E-03
-1.976895E-03  9.360478E-04 -2.789184E-04  1.788477E-04 -1.341780E-01  1.702028E-04 -3.864722E-04 -6.429367E-03 -5.279682E-04  2.295055E-04
-9.568622E-05  1.259381E-04  2.132644E-04  1.966268E-04 -1.537829E-04 -7.096971E-04  3.200851E-04 -1.046667E-05 -1.874510E-04  1.373468E-04
-2.380649E-04  4.609698E-04  1.370530E-04 -1.880558E-04  1.267167E-04 -2.656830E-05  1.620333E-04  4.980643E-05 -7.780335E-05  5.101574E-06
 4.649810E-05  3.669712E-05  6.686549E-05  9.759849E-05 -2.805328E-05  1.275416E-04 -3.442811E-07 -4.868108E-05 -1.875637E-06  3.318182E-04
 4.363507E-06 -1.841318E-04 -6.837357E-05  1.790540E-05  4.646032E-05  7.099357E-05 -1.037071E-05 -2.374918E-04  1.119925E-04  1.140654E-05
 2.505351E-05 -2.643262E-06  9.577021E-06 -4.314497E-05  3.221130E-05  1.037840E-05 -4.219400E-05  6.850355E-05 -4.937111E-05 -1.248247E-04
 1.615456E-05
  MODE      51
-2.867594E-04  2.121485E-04 -3.639578E-04  1.545918E-04 -5.856832E-04 -3.420106E-05  7.303937E-05  7.894282E-06 -1.402105E-05 -4.981992E-06
 2.718816E-05  8.657733E-06  7.727979E-05 -7.667812E-05  3.687710E-03  1.628892E-05 -6.042846E-06 -7.138628E-06  1.506228E-05 -3.346057E-06
-9.335732E-06 -1.653255E-06 -8.120431E-06 -5.379414E-05 -4.447813E-05  7.393013E-05  3.901266E-04 -5.487209E-02 -1.171396E-02 -6.583901E-06
-7.704465E-05  2.411673E-01 -1.571171E-05 -1.127713E-04  2.345885E-05  1.230506E-04  1.916317E-04  1.753823E-04  3.093996E-05  1.301132E-04
 2.659150E-04  1.296149E-04 -2.558074E-04 -1.867843E-04  5.757010E-04 -6.678298E-05 -9.589416E-04 -1.043946E-03  5.818355E-03 -9.020996E-01
-5.303812E-04  7.096941E-04 -3.625604E-04 -3.680757E-05 -1.595492E-04  1.352048E-04  4.330560E-05  3.092142E-01  3.270035E-05 -4.107452E-05
-1.720106E-04 -6.761796E-05 -1.276219E-04  5.728386E-02  2.605103E-02 -3.192874E-04  1.724443E-04  2.755878E-04  1.409626E-04 -4.844276E-04
-3.122925E-04 -9.761145E-02 -1.136223E-01  5.332656E-05 -1.151677E-04 -3.820486E-02  9.709726E-05  3.404910E-02 -9.100145E-05  2.218018E-05
-5.414828E-05 -3.274699E-03  2.396473E-05 -2.844780E-05  6.958263E-05  2.382872E-07 -8.704289E-05  2.960876E-05  1.168732E-05  4.991625E-04
-3.975398E-05  1.437255E-02 -4.859937E-05  2.083133E-05  3.994227E-05 -1.094292E-05 -1.525904E-05  6.043092E-06  5.917935E-05  1.475771E-03
-1.722203E-07 -4.751914E-06  1.108951E-05 -1.287949E-03 -9.506890E-04 -1.092590E-03 -1.501219E-04  5.414304E-06  1.130176E-05  2.439806E-06
-1.474511E-05
  MODE      52
-1.040978E-06 -2.565733E-06  2.105722E-06  3.580282E-06  2.240630E-07  1.350704E-07 -1.185350E-03  7.921000E-05  1.286584E-05  1.129058E-04
-6.479297E-05 -4.139451E-06 -5.375698E-05 -1.937407E-05 -2.838637E-05  3.111462E-05  1.057708E-04 -2.074306E-05  4.126718E-03  1.314763E-05
-2.448659E-05 -3.202276E-05  6.296896E-05 -1.265787E-05 -7.050284E-05  2.026231E-05 -1.447973E-04 -1.997986E-04  8.503324E-05  5.539246E-05
 3.789735E-02  2.803401E-04 -6.137439E-05 -8.948126E-02  5.976747E-04  7.705434E-02 -3.726622E-04 -3.683166E-04  4.740814E-04  1.534293E-04
-2.789286E-04 -8.958161E-05 -1.526527E-04  3.926104E-04  2.883070E-04 -5.062814E-04  2.228772E-03 -8.839134E-04 -2.877040E-04 -5.403043E-04
 7.060724E-04 -9.717988E-01  3.261262E-03  4.602188E-03 -4.225448E-04 -1.798299E-01 -9.470745E-04  3.797816E-04  8.843704E-02 -2.237355E-03
-8.326291E-05  7.607619E-04  2.581398E-04  1.329201E-04 -2.421047E-04  1.603305E-04 -3.090716E-05  8.191220E-04 -5.835343E-05  1.915982E-04
-3.663969E-05 -6.373809E-05 -7.589720E-05  5.318600E-04 -8.810831E-05 -8.532084E-05  9.559407E-05 -6.725280E-05 -1.843904E-04  4.872915E-05
 5.501901E-05 -3.741733E-05  2.156785E-05  5.077955E-06 -2.830692E-05 -6.668759E-05 -1.155070E-04  2.577058E-05 -3.566657E-05 -9.648473E-06
-6.219148E-05 -3.783256E-05 -1.840533E-06  4.329947E-05 -6.086612E-05 -2.314904E-05  4.197111E-06  2.691049E-05  2.261953E-05  4.457173E-05
 7.114584E-06  2.464059E-05  2.271849E-06  3.765316E-05  6.455600E-06  6.525061E-05 -1.677807E-06  5.115717E-06  2.875378E-05  3.110908E-06
 4.570638E-06
  MODE      53
 2.346761E-04  3.328255E-04 -2.187321E-04 -4.835750E-04  9.785442E-06  1.837367E-05 -1.923962E-05  6.145826E-07  1.747816E-07 -7.332915E-03
 3.206337E-04 -1.912933E-06 -3.128901E-03 -6.536839E-03 -1.153035E-04 -2.667030E-06 -8.767801E-07  2.764131E-05  3.677799E-05 -7.414859E-05
 1.986577E-05 -2.732642E-06  2.859129E-06 -2.496003E-06  4.474198E-06 -7.391535E-05  1.058224E-02  9.337120E-05 -6.035209E-05  1.079137E-02
 4.541540E-05 -1.496419E-05 -2.868953E-03 -4.540944E-04 -4.359862E-02  4.164097E-04 -5.301425E-04 -1.753631E-02 -5.080310E-02  4.694309E-05
-1.259994E-05  2.116452E-05  2.212189E-04  2.074748E-05 -2.137849E-03  3.894740E-02 -1.251909E-01  1.369211E-04 -1.737688E-05  3.417407E-04
-8.157534E-05 -5.999142E-03 -5.663812E-01 -7.967652E-01  7.141601E-07 -1.324726E-03  1.231039E-01 -5.094574E-05  1.983654E-04  8.280689E-02
-1.897103E-04  9.214715E-05 -2.988541E-04 -1.357467E-05 -1.200273E-04  1.167457E-04  4.502130E-05  2.042990E-05  4.966797E-06  1.634154E-05
 1.772489E-04  1.005029E-04  9.976936E-06  5.347069E-05  7.266733E-05  1.063698E-05  3.889505E-05  2.855826E-05  2.618984E-05 -1.069931E-04
 3.570607E-05  1.215967E-06 -1.019399E-05  9.776754E-05 -2.660401E-05 -8.683910E-06  4.164342E-06  4.101959E-06 -4.212667E-05  1.947158E-05
-2.193024E-05 -7.555729E-06 -2.343668E-05 -3.394532E-05 -1.788707E-05  5.665136E-06  2.153775E-05 -3.319332E-06 -2.299045E-05  1.721603E-05
-5.757785E-05  7.734443E-06 -2.957211E-05 -3.994476E-06 -1.200211E-05  2.227872E-06 -3.349869E-05 -2.573614E-05 -1.794032E-05 -1.602878E-06
 2.653909E-05
  MODE      54
 1.151020E-04 -2.811094E-04  3.668366E-04  6.498496E-04 -2.217570E-04  1.859040E-04  1.818795E-06 -1.715765E-06  3.365184E-07 -5.407546E-03
-4.311932E-04  3.032159E-06  4.244339E-03 -4.815029E-03 -1.115293E-04  8.885499E-06  3.040979E-06  2.364013E-05  1.519240E-06  5.905409E-05
-1.637118E-05 -8.146334E-06 -5.236176E-06  4.794090E-06  8.218965E-06 -5.715475E-05 -1.436016E-02 -1.236836E-04  9.162166E-05  7.950910E-03
 1.297653E-06  1.253903E-05  3.891149E-03  1.450792E-05 -3.214223E-02  9.752903E-07  3.225587E-05  2.379518E-02 -3.744612E-02  3.225760E-05
-3.400503E-05  4.333868E-05  2.039419E-04 -6.864975E-05 -1.334507E-03  2.871747E-02  1.698536E-01 -6.094209E-04 -3.948669E-05 -4.373529E-04
 1.298618E-04  1.825562E-04  7.683681E-01 -5.873367E-01 -2.609220E-05 -1.650800E-04 -1.669896E-01  5.135511E-05  4.793963E-05  6.103592E-02
-1.085207E-04 -1.328698E-04 -2.382113E-04  1.016865E-04 -1.942493E-05  1.031245E-04  3.992878E-05  1.995326E-05  2.251205E-05  1.489910E-05
 1.698836E-04 -1.191787E-04 -5.088232E-06 -3.500735E-05  4.708847E-05  4.114755E-06  1.069783E-05 -4.587455E-05 -7.767342E-06 -7.796315E-05
 3.296636E-05  6.279131E-06 -7.323570E-06  7.056627E-05 -1.144285E-05 -1.070772E-06  5.956020E-06  4.726902E-06 -2.770592E-05 -2.739744E-05
 2.539772E-05  1.086396E-05 -2.216913E-05 -1.556851E-05  2.309122E-05  1.157247E-05  2.043689E-05  2.115001E-06  4.489570E-05 -1.684376E-05
-5.705532E-05  2.027137E-06  2.669904E-05  9.341543E-06  3.820299E-05 -1.874129E-05 -3.850984E-05 -4.415346E-05 -3.437656E-05 -1.107878E-05
-4.681784E-05
  MODE      55
 2.009714E-08 -8.490642E-09  1.966101E-08  2.781030E-09  1.497788E-08  7.593595E-09 -1.484192E-06 -6.898052E-04  3.562848E-03 -1.287089E-06
 6.935082E-06  9.934356E-06 -2.498697E-06  1.423328E-05  3.132590E-06 -3.808251E-03  9.505579E-06 -8.888775E-06  2.083955E-06 -1.343779E-02
-2.211373E-03  1.040654E-05  2.599857E-05  1.559282E-06  1.024030E-05  5.044542E-05 -9.054903E-06  1.341150E-06  4.108285E-06 -1.056723E-05
-1.022989E-05 -1.510779E-06  1.061348E-06 -1.457060E-05 -1.080318E-05  1.667655E-05 -2.373286E-02 -1.009936E-06  2.483664E-04  3.285095E-02
-7.853694E-05 -2.784893E-05 -1.962499E-04  3.963292E-05 -4.114971E-03 -4.844251E-04 -1.807038E-05 -1.397149E-01 -7.391820E-05 -8.365657E-06
-3.304776E-06 -2.707840E-04 -2.906861E-05  7.574623E-06  9.892455E-01 -1.072816E-04  7.718525E-05  2.474067E-05 -3.241679E-05  2.441972E-05
 3.375848E-05  9.194641E-06  2.088558E-04  2.402762E-05  3.658428E-05 -1.338129E-04 -6.367223E-05 -3.417945E-06  1.041666E-06 -1.459233E-05
-9.174482E-05  1.558488E-06  1.733274E-05  4.248623E-06 -4.705963E-05  9.254544E-06  1.876771E-05  1.510017E-05  2.645298E-06  1.337059E-05
-1.766708E-05 -1.270793E-06 -1.595113E-05 -6.710837E-05 -4.307904E-05  3.132449E-06 -1.710290E-06  3.823436E-05  3.404580E-05 -3.586210E-06
 5.357969E-06  4.198354E-06 -8.573215E-06  7.220061E-06 -6.330466E-06 -5.549921E-05  1.001861E-04  2.949596E-05  4.200064E-06 -5.884078E-06
 6.393583E-06  4.515380E-05 -6.246191E-06 -1.852318E-05 -2.724690E-07 -6.735286E-06 -6.397573E-07  2.454257E-05 -1.498208E-05  5.152392E-05
-1.025167E-05
  MODE      56
-1.041290E-09 -1.243756E-08  1.146760E-08 -8.911496E-09  3.102382E-08 -5.388816E-09  2.503447E-03  3.533921E-06  3.090741E-07  2.233905E-06
-7.701329E-06 -4.423706E-06 -9.395276E-06 -1.335166E-06 -9.556398E-06 -9.622887E-06 -2.654078E-05 -8.647598E-06 -6.418275E-03 -9.850318E-05
 2.735278E-05  3.779921E-06  5.068902E-05 -2.216738E-06  1.259523E-04  1.840727E-05 -7.754679E-06  3.387346E-05 -2.004476E-05  2.026536E-06
-1.364131E-02 -3.753228E-05 -1.088724E-05  2.630248E-02  5.511913E-06  9.663709E-03 -2.870920E-04 -2.402314E-05  7.234005E-06  4.565815E-06
 3.366412E-05  2.789785E-05 -3.489305E-05 -3.962553E-04 -1.146908E-04 -1.390914E-05  7.105170E-05  3.265781E-04 -1.920989E-05 -5.573411E-05
 6.197644E-05 -1.949890E-01  1.061675E-05 -1.983115E-06  3.866519E-05  7.086018E-01 -8.502285E-04  1.703894E-04 -6.773769E-01  3.705432E-04
 5.484047E-05 -1.606889E-03  1.789931E-04  5.862495E-05  7.473084E-06 -1.102491E-04 -1.499738E-05 -3.538874E-04 -3.530437E-04 -3.201310E-05
-1.384977E-04  2.613141E-04  3.136543E-05 -7.459309E-05 -4.173936E-05 -5.540750E-07 -8.534812E-06  1.497486E-05  2.197959E-04 -5.899647E-06
-2.201212E-05  1.192620E-04  2.761995E-05 -1.253097E-05  7.632978E-06 -4.051451E-06  2.741489E-04 -1.919121E-05  9.389883E-06  4.127392E-05
 1.537022E-04 -7.167602E-05 -1.181779E-05  1.499443E-05 -4.979523E-05  1.249659E-05  1.098585E-05 -4.478762E-06 -1.511153E-04  1.590579E-05
 1.889770E-05 -2.496636E-06 -7.969709E-05  7.061705E-05 -1.090953E-04 -1.395785E-04 -1.239676E-05 -2.968976E-05  5.637577E-05  3.362317E-05
 6.615586E-05
  MODE      57
-2.871966E-04 -2.860548E-04  1.383023E-04  3.496922E-04  4.990309E-05 -7.077151E-05 -4.196649E-05  5.568776E-06  5.245151E-06  9.917798E-04
 4.930002E-03  2.163399E-06  9.831045E-04 -9.791647E-04 -1.968072E-05 -1.323063E-05 -6.003496E-06 -1.817617E-05  2.665002E-04 -1.927260E-04
 4.996081E-05  8.516994E-06  1.779703E-07 -2.738865E-05 -1.069676E-05  2.508448E-05 -1.253806E-02 -1.089564E-04  6.413851E-05  6.125370E-04
 9.525097E-05  1.298761E-05 -2.100375E-02 -6.777806E-04 -1.607137E-03 -2.649165E-04 -4.782703E-04  6.727938E-03  2.561221E-04 -1.400289E-05
-8.930245E-05  2.793797E-05 -1.169688E-04  2.692552E-05  1.164046E-04 -5.443478E-03 -2.339779E-02  5.335661E-04 -5.092503E-05  1.693542E-06
-8.168185E-06  1.350114E-04 -1.131693E-01  8.572679E-02  7.474870E-05 -1.548644E-02 -5.430035E-01 -4.937071E-05 -1.514377E-02  8.265998E-01
-1.188760E-03 -3.894672E-05  2.581206E-04  2.730032E-04 -4.121473E-04 -2.392995E-04  6.714312E-05 -5.621035E-05 -1.660587E-05  3.284332E-04
-3.312540E-05 -5.498608E-05 -1.483161E-05  1.349825E-05  4.924171E-05 -1.001818E-05  6.075134E-05 -1.812737E-05  2.328190E-05 -6.353391E-05
 3.186788E-05 -5.586886E-06  3.449606E-05 -1.128494E-05 -1.529481E-04  1.125217E-05 -3.069747E-05  2.231558E-05  1.266770E-04 -6.162178E-06
 3.606168E-05 -2.081532E-06  3.214903E-05 -1.171048E-04 -2.077881E-05 -2.310412E-05  4.811001E-05 -2.264313E-05 -2.463253E-06 -4.547919E-06
 1.094628E-05 -8.787848E-07  9.871085E-07  1.115690E-05 -5.806259E-05  7.024069E-05 -1.738153E-04  4.041709E-05  4.451215E-05 -2.796477E-05
-3.051025E-05
  MODE      58
 1.488401E-04 -2.004026E-04  3.003338E-04  5.148069E-04 -2.036761E-04  1.754858E-04  5.574436E-05  6.975819E-06 -4.862113E-06 -6.577459E-04
 7.369883E-03  1.366059E-06  1.467189E-03  6.532914E-04  8.429104E-06 -9.716062E-06 -2.226736E-06 -1.707951E-06 -2.623655E-04 -7.558889E-05
 2.109636E-05  1.247764E-06  8.209402E-06  2.011167E-05 -9.585565E-06  1.785007E-05 -1.875593E-02 -1.540403E-04  1.190695E-04 -4.065923E-04
-5.931706E-05  3.259741E-05 -3.142626E-02  6.246590E-04  1.078064E-03  2.765581E-04 -2.727624E-04  1.005308E-02 -1.790013E-04  3.511659E-05
 5.038688E-05 -7.995816E-05 -4.931533E-05  3.007828E-05 -3.048964E-04  3.640518E-03 -3.496633E-02  2.665629E-04  1.908952E-05  8.250634E-05
-3.453373E-06 -2.085687E-05 -1.693160E-01 -5.730920E-02  1.029798E-04  1.326871E-02 -8.122282E-01 -1.203928E-04  1.463029E-02 -5.524542E-01
 7.954496E-04 -8.495246E-05  1.672290E-04 -9.910177E-05  3.418804E-04 -2.934270E-05 -6.030779E-05  2.864212E-05 -3.263401E-06 -1.993578E-04
-1.546190E-04 -1.240625E-04 -9.533406E-06  4.788787E-05 -5.671687E-05 -2.037344E-05 -3.687255E-06 -5.331850E-05  3.856008E-05  7.927111E-05
-3.858241E-05 -8.940451E-06 -1.080684E-05  3.806847E-05  9.961947E-05  1.496766E-05 -4.595252E-05 -8.895253E-07 -3.759545E-05 -1.459454E-05
 3.597753E-05 -1.761825E-06 -5.997179E-05  7.401298E-05  1.035058E-05  7.904649E-06 -2.646353E-05  9.185447E-06 -8.343493E-07 -1.039760E-05
 4.043781E-06  1.770328E-06  1.193462E-07  8.005751E-06 -6.045181E-05  6.522589E-05  1.285207E-04  5.728151E-05  4.433667E-05  1.710853E-05
 9.841187E-06
  MODE      59
-9.257448E-06 -2.152292E-06 -3.096318E-06 -3.180834E-06  5.593772E-06 -5.195693E-06  1.294919E-03  6.064649E-05  8.219623E-06  8.303187E-05
-9.048040E-05 -4.997725E-06 -6.840396E-05 -8.555494E-05 -4.690582E-05  2.177817E-05  1.060593E-04 -2.060393E-05 -1.169203E-02 -8.886315E-06
-1.109140E-05 -1.794127E-05  4.489619E-05 -1.627184E-05 -2.994713E-05  2.098626E-05  7.284573E-05 -4.290913E-05  3.726406E-05  1.177700E-04
-1.688218E-02  7.471442E-05  1.360648E-04  3.301174E-02  1.162501E-04  1.377892E-02 -3.029631E-04 -3.500821E-04  8.014317E-05  8.422762E-05
-1.230991E-04 -5.206552E-05 -6.972278E-05  1.096948E-04  8.024331E-05 -3.031621E-04  7.346063E-04 -2.764675E-04 -1.374404E-04  1.419344E-04
 3.301029E-04 -6.190372E-02  6.175882E-04  2.597107E-03  3.055494E-05  6.788526E-01  4.317006E-03  2.825485E-04  7.299052E-01  2.881529E-02
-1.940645E-04  1.403937E-03  4.139679E-04  2.430647E-05 -4.382259E-04  1.460617E-04 -5.725363E-05  1.365002E-03  8.364782E-05  2.968869E-04
-8.924222E-05  3.364728E-04  1.732253E-05  5.657149E-04 -1.062284E-04  8.340462E-05  9.715489E-05  5.887121E-07 -2.719223E-04  3.669486E-05
 5.390815E-05 -5.246850E-05  6.796855E-05  2.199556E-05 -3.555969E-05 -2.325679E-05 -1.795670E-04 -1.698132E-05 -3.631726E-05  7.842928E-05
-1.000426E-04  4.197570E-05 -4.469178E-06  4.153955E-05 -6.914895E-05 -4.048187E-05  1.194811E-05  2.542487E-05  9.433947E-05  2.134253E-05
 1.098680E-05  2.883759E-05  2.819280E-05  7.977994E-05  4.480564E-05  1.259228E-04 -9.035744E-07 -1.581320E-05  6.053672E-05 -1.898780E-05
-1.566548E-05
  MODE      60
-3.645462E-07 -2.118514E-07  2.562592E-08  4.568317E-07 -2.099685E-07 -5.759064E-08  1.299072E-05 -2.404111E-05 -3.445115E-05  5.691632E-05
-1.069683E-05 -1.248042E-03 -8.879409E-06 -3.009186E-05  5.656105E-05  7.668524E-06  6.598152E-05 -2.691279E-05 -1.217963E-05 -1.153928E-04
-2.886356E-05  5.399732E-05 -1.026069E-04 -1.287143E-02  2.417061E-05  1.044596E-05  1.694121E-06 -7.879439E-05  2.981064E-05  9.185228E-05
-3.071985E-05  6.083755E-05 -6.288259E-06 -1.731793E-05  1.197468E-04 -1.469721E-05 -2.969532E-04 -1.704968E-05 -4.934769E-05 -1.399434E-05
-2.455364E-02 -1.020158E-02  3.779685E-05  1.368801E-04 -1.262664E-04 -5.298153E-05  1.202021E-05  3.028818E-06  1.673916E-04 -1.811330E-04
 2.427464E-05 -8.878820E-05 -2.609328E-05 -5.268057E-05 -2.678915E-05  6.281535E-05  4.286680E-06  1.580637E-05  1.591926E-04  1.359493E-03
 9.480438E-01  2.419533E-03 -2.386922E-04  3.150122E-04 -3.203057E-03 -7.406268E-03  3.047820E-01  2.837422E-03 -5.565932E-04 -6.732183E-02
-6.492350E-04  7.313956E-04 -2.130217E-04 -1.311415E-04 -1.225614E-04 -5.843112E-05  3.329876E-02  5.219214E-05  8.189842E-05  3.239473E-05
-2.746046E-05  8.909381E-05  3.517866E-02  1.545240E-04 -1.932997E-02  2.379648E-05  6.719111E-05 -2.702554E-03 -3.350096E-05  1.373498E-04
-1.103061E-04  2.554637E-05 -1.216959E-04 -2.966291E-03 -3.024058E-05 -2.998886E-03  8.806210E-03 -1.354366E-04 -3.092794E-06  1.812235E-05
 9.335815E-06 -4.811941E-05  2.322424E-05 -9.775250E-06 -4.135301E-06 -2.873031E-06  2.876196E-06 -7.790118E-04  9.601737E-04 -2.694604E-03
 4.403228E-04
  MODE      61
-2.427415E-04  1.790439E-04 -3.076037E-04  1.294768E-04 -4.933151E-04 -2.945928E-05 -4.491287E-06 -1.237450E-05  7.962954E-06 -3.406669E-06
 1.597577E-05 -1.380404E-05  5.126071E-05 -1.419587E-05  7.931607E-04 -3.115635E-06 -1.010245E-04  9.871019E-05  1.520710E-05  7.226109E-05
-2.680215E-05 -3.139965E-04  2.063630E-04  5.937188E-06 -2.253015E-05  4.260373E-06  4.546888E-05 -1.268385E-02 -1.430845E-02  2.834373E-06
-7.764596E-06  7.901143E-02  2.634732E-05 -2.512956E-05  9.023872E-06  1.489126E-04  1.789294E-04  7.828668E-05  1.940114E-05  7.969383E-06
 6.515247E-05 -1.195119E-04 -3.177712E-04 -3.139509E-04  6.468868E-05  3.845499E-06 -1.699742E-04 -2.154377E-04 -2.080491E-04 -3.003822E-02
-2.441232E-06  1.305112E-05  8.562567E-05  4.702064E-06  1.868371E-05  3.888765E-06 -7.314486E-05 -4.500123E-02 -1.196341E-04  3.533943E-05
-6.445998E-04 -1.135336E-02 -5.360756E-03 -8.841384E-01 -4.033082E-01  8.471733E-03 -9.859506E-04 -3.105138E-03  5.343482E-04 -5.977071E-04
 7.252982E-03 -1.236799E-01 -1.562243E-01 -4.476905E-04  1.151033E-03  1.517981E-02  9.691499E-06 -4.144061E-02 -9.673811E-05  7.543460E-04
 3.868044E-04  1.179657E-02  1.905197E-05 -1.241963E-03 -5.375251E-05  4.648610E-04 -2.852658E-04 -1.410019E-05  3.486069E-04  6.123587E-02
 2.840435E-04  1.579671E-02  3.417764E-04  5.736768E-05  1.542951E-04 -3.678181E-05  1.210036E-05  7.469024E-04  7.649518E-05  6.182474E-04
-2.431683E-05 -9.455442E-06 -2.108997E-05  2.336609E-03 -2.520607E-03 -2.080898E-03 -5.072841E-05 -3.105071E-05 -2.777996E-05  7.980892E-06
 5.491152E-05
  MODE      62
 8.733364E-06  5.899720E-06 -7.141053E-07  8.840773E-06 -1.839951E-05  7.343716E-06  1.382975E-04  2.893446E-05 -5.070218E-05  4.620432E-05
-2.356049E-05  4.508263E-05 -5.682681E-05  9.938608E-05  1.712072E-04  2.283523E-05  5.366062E-03 -4.274795E-03  1.091520E-04 -1.876462E-04
 1.620033E-05  1.280850E-02 -8.865908E-03  1.597730E-04  2.053909E-03 -6.777846E-04 -1.243235E-05 -2.933025E-04 -2.683155E-04 -5.379090E-05
 2.942494E-05  1.656051E-03  7.186234E-06 -3.542414E-05 -2.046437E-04  3.709648E-04 -8.867095E-05  1.851828E-04 -1.923947E-04 -7.624429E-05
 1.092419E-04  6.056510E-05  1.956492E-02  1.036063E-02 -1.160728E-04 -9.866566E-05 -3.166827E-05  3.851478E-04  1.545136E-02 -4.623873E-04
-3.506865E-03  6.519292E-04  1.762142E-04 -2.995423E-04 -1.218717E-04 -5.193061E-05  1.287615E-04 -1.692481E-03 -1.805814E-03 -1.083504E-04
-2.266832E-03  7.316670E-01  5.273126E-01 -1.456885E-02 -5.541137E-03 -2.905700E-01 -7.301784E-03  1.158625E-01  2.761058E-02 -8.079098E-04
-2.777449E-01 -1.223601E-03 -3.514607E-03  1.840153E-02 -3.735319E-02  3.007563E-04 -5.577102E-05 -8.732067E-04  1.572177E-02 -3.568059E-02
-1.243619E-02  3.034489E-04 -8.509056E-05  5.759808E-02 -6.039036E-05 -2.486739E-02  1.723306E-02  6.959947E-05 -1.697704E-02  1.364486E-03
-1.316424E-02  3.438410E-04 -1.476908E-02  3.941175E-05 -8.406635E-03  3.295478E-05 -9.380987E-05 -3.248837E-02 -5.234776E-03  9.707055E-06
-2.455313E-04 -2.372463E-05 -2.306628E-04  9.640999E-05  5.250757E-04 -6.940254E-04  6.809400E-04  4.477106E-04  3.585651E-04 -3.057664E-04
-1.868917E-03
  MODE      63
-2.693219E-05 -1.858544E-05  4.135943E-06  1.519383E-05  1.016130E-05 -1.025465E-05  1.103239E-04 -2.520017E-05  3.995207E-05 -2.819732E-05
-2.752222E-05 -7.837605E-05 -2.346539E-05 -9.190931E-05  1.417094E-04 -3.715996E-05  4.898985E-03  4.772465E-03  1.163808E-04  4.276497E-05
 2.162926E-05 -1.446037E-02 -7.997893E-03 -1.106552E-05  1.730820E-03  9.858921E-04  1.992331E-05  2.816710E-05 -1.346628E-05  4.195621E-05
-6.687163E-06 -6.286071E-05 -9.564012E-05  1.634699E-05  2.117537E-04  3.857620E-04 -2.218821E-04  2.009498E-04  1.862820E-04  9.153444E-05
-9.234142E-05 -1.585388E-05 -2.167320E-02  9.227343E-03  5.103876E-05  1.482064E-04 -6.555416E-05 -2.088826E-04 -1.694088E-02 -2.368850E-04
-3.084753E-03  3.185473E-04  2.590074E-05  3.256759E-04  1.431358E-04  4.234460E-04 -3.317910E-04 -3.427101E-04 -1.544783E-03  4.393141E-05
-1.020073E-03  6.592975E-01 -5.876424E-01  3.685359E-06  1.361233E-03  3.175392E-01  5.821281E-03  1.064587E-01  2.444329E-02  3.639649E-03
 3.084968E-01 -5.715664E-04 -2.913465E-04  1.774688E-02  4.039961E-02 -1.444699E-04 -1.580629E-04  3.331358E-04  1.445222E-02  3.889703E-02
 1.355692E-02 -2.334214E-04 -1.432296E-04 -6.386759E-02 -2.696167E-05 -2.252050E-02  1.582168E-02 -3.961552E-05  1.893933E-02 -1.648182E-04
-1.191097E-02 -8.199444E-05  1.631963E-02  1.938546E-05 -7.677483E-03 -2.745616E-05  6.095403E-05  3.604472E-02 -4.752870E-03 -4.331790E-06
 3.603359E-04  1.080898E-05 -1.297391E-04  1.161884E-04  4.576179E-04 -3.929667E-04 -9.219524E-04 -5.297772E-04 -4.273999E-04 -2.630792E-04
-1.623364E-03
  MODE      64
-1.405451E-06 -3.023380E-06  2.403837E-06  4.807874E-06 -4.229268E-07  2.575967E-07  4.887273E-05 -6.539151E-06 -6.191523E-06  2.392715E-05
 8.091713E-05  1.117679E-05  9.196186E-05  3.438193E-05  2.726958E-06  1.252613E-05  1.861416E-02  7.314221E-03  5.347700E-05  1.414355E-04
-4.157724E-05 -3.172556E-03 -7.366991E-03 -2.691750E-05  9.752205E-03  6.637005E-03  1.121582E-05  3.830881E-05 -1.436503E-05  9.193542E-07
 3.120481E-04 -1.786380E-05  7.541330E-05 -1.222102E-04  4.923553E-05  6.620626E-05  3.106500E-04  7.403178E-05 -7.458451E-06  2.659124E-05
-1.031289E-04  1.139651E-04  8.337925E-03 -1.419572E-02  9.556686E-05 -3.643188E-05  2.575876E-05 -1.991513E-04  1.356832E-03  8.514959E-05
 3.372461E-02  7.165102E-04 -3.541397E-05  2.424244E-05  4.952003E-07 -4.820562E-04  8.842710E-07  1.482628E-05 -9.606333E-04  8.756321E-05
-2.715533E-03 -1.454778E-01 -1.366769E-01 -1.784158E-03 -1.533879E-03  1.187388E-01  2.917408E-03  8.606525E-01  1.998730E-01 -4.239829E-03
-3.692170E-01  1.535385E-03  6.289315E-05  1.128461E-01 -8.875054E-03  4.471884E-05  5.495386E-04 -5.070374E-05 -3.388824E-02 -3.975290E-02
-2.277329E-02  7.189963E-05  1.737961E-04  2.337162E-02  9.774096E-07  3.373733E-02 -3.190694E-02  1.351555E-04 -2.310245E-02 -3.682058E-05
-5.718227E-02 -9.568308E-05  5.351195E-04 -2.146270E-05  8.166164E-03 -4.418750E-05  2.541579E-05 -2.735940E-02  6.009160E-02  2.378691E-05
-2.411252E-04  4.031496E-05  9.946093E-04  2.846392E-04  1.497539E-03 -1.462156E-03 -1.413104E-03 -1.102708E-03 -8.750297E-04 -2.989604E-04
-1.816062E-03
  MODE      65
 1.204936E-05  2.975857E-06  3.814987E-06  2.995021E-06 -6.305035E-06  6.459229E-06 -1.998071E-05 -1.083294E-05 -1.337970E-05  2.139354E-05
-4.023187E-05  7.081557E-06 -2.818101E-05  2.861824E-05 -2.176467E-05  1.582464E-05 -8.612553E-03  1.579068E-02 -2.582213E-05  2.056052E-05
-1.060282E-05 -6.909159E-03  3.403593E-03  2.234223E-05 -4.413215E-03  1.449506E-02  4.527304E-06 -6.790026E-06  3.537084E-05  1.336585E-05
-1.694802E-04  2.097811E-05 -2.955334E-05  6.380349E-05  8.995714E-05 -2.460402E-05  2.133266E-04 -4.234136E-05 -5.058243E-05  2.343272E-05
 4.577973E-05 -1.045156E-04  1.793697E-02  6.381169E-03  5.603176E-05 -4.139185E-05 -9.612101E-06 -1.931447E-05  3.081430E-03 -1.147337E-04
-1.552764E-02 -3.451507E-04  3.435925E-05 -2.398703E-05  3.418635E-05  2.052153E-04 -2.017361E-05  1.086581E-04  4.801410E-04  1.262108E-04
 5.273901E-04  6.712084E-02 -3.025496E-01 -2.083747E-03 -3.123793E-04  2.587625E-01  4.437214E-03 -3.952237E-01 -8.562899E-02 -5.460120E-03
-8.052075E-01  1.201625E-03 -3.831043E-05 -5.234169E-02 -2.030584E-02  2.106274E-05 -2.452330E-04 -3.651260E-06  1.573929E-02 -8.611011E-02
-4.963018E-02  3.788160E-06 -6.188804E-05  5.058575E-02  8.832785E-05 -1.542004E-02  1.444515E-02  5.247572E-05 -5.024953E-02  1.172081E-05
 2.645541E-02  2.383236E-05  1.226871E-03 -2.233461E-05 -3.752497E-03  4.235364E-05 -5.561990E-05 -5.929677E-02 -2.771628E-02 -6.452630E-06
-6.770434E-05 -2.572318E-05 -4.901266E-04 -1.242891E-05 -8.309751E-04  1.033546E-03 -2.422337E-03 -2.310897E-03 -1.849511E-03  1.608930E-04
 9.118836E-04
  MODE      66
 1.683847E-06  5.227293E-07  4.058372E-07 -1.595338E-07 -4.206942E-07  7.530157E-07  1.391614E-06  5.907599E-05  3.497464E-05 -2.371267E-05
-9.946768E-07  1.388251E-03  2.198404E-06  1.932314E-05  9.158908E-06 -3.779942E-05 -1.798831E-04  4.700211E-05 -7.895014E-06  4.292094E-05
-2.977382E-05 -5.429098E-05  6.513652E-05 -2.404160E-03 -8.875724E-05  5.934528E-06 -4.048284E-06 -1.439266E-05 -5.543803E-05  1.503817E-05
 4.674618E-06 -8.713504E-05 -1.316925E-05 -1.212355E-05 -4.962424E-05 -2.252993E-05 -6.508559E-05 -6.287365E-06  2.522224E-06 -5.004442E-05
-2.514926E-02  1.282874E-02  1.456269E-04  1.350698E-04 -1.507439E-04 -3.213915E-06  1.035135E-05  2.633595E-04  9.138564E-05  1.542150E-04
-3.287337E-04  1.939913E-05  4.160833E-06  9.018276E-05  8.900439E-05  3.411861E-06 -2.072536E-05  6.650386E-05 -1.652275E-05 -5.388205E-04
-2.883624E-01  2.155042E-03  1.281129E-03  1.328492E-01 -2.931065E-01 -1.335104E-02  7.768123E-01 -1.724491E-03 -1.250622E-03 -4.414683E-01
 3.352432E-03  2.024612E-03  3.853334E-04 -7.957464E-04 -1.781249E-04 -1.713762E-05  1.022859E-01  5.598207E-05  2.655823E-04 -1.448796E-04
-6.046571E-05  1.377994E-04  3.284926E-02  1.457916E-04 -3.848384E-02  7.962080E-05  2.528463E-04  2.684025E-02 -4.246114E-07  3.182044E-05
 4.368486E-04 -6.409319E-05 -1.493631E-05  8.734055E-03 -8.390475E-05 -5.805123E-03  9.502686E-03 -1.014003E-04 -4.994885E-04  1.746963E-05
 5.419813E-06 -2.054513E-04 -4.510650E-06 -9.626655E-06 -1.417262E-05  8.496125E-06 -1.040871E-06  4.663213E-04 -6.040548E-04  2.374612E-04
-1.445261E-05
  MODE      67
 2.205757E-06  3.214390E-07  9.246361E-07  6.636388E-07 -9.003280E-07  1.174312E-06  1.665784E-05 -2.758907E-05 -1.144286E-05 -6.674892E-07
 1.125932E-06  1.380197E-06 -1.281549E-07 -7.284679E-07  3.692219E-05  1.620645E-05  5.048887E-05  1.422946E-04 -4.388136E-05  4.376973E-05
-1.154027E-05 -7.151164E-05 -4.620563E-05  4.433192E-03  2.693728E-05  2.609513E-05 -3.368629E-06 -2.659915E-05 -1.255487E-05  1.556612E-05
 8.271715E-05  1.451384E-05  8.889588E-07 -4.228893E-05 -1.066384E-05 -1.770413E-05  2.902758E-04 -4.750427E-06 -4.021849E-06 -8.205600E-06
 2.220616E-03 -2.500060E-02  2.416537E-04 -1.125804E-04  7.111275E-05  1.078618E-05  2.315728E-06 -5.995849E-05 -2.909300E-04  6.879403E-05
-2.863247E-04  1.757632E-04  6.544414E-06  1.700526E-05 -2.251345E-05 -1.415108E-04 -2.013581E-05  9.323092E-05 -1.493471E-04 -1.087875E-04
 1.248144E-01  1.549661E-03  2.605905E-03  3.208128E-01 -7.018292E-01  1.501990E-02 -4.896171E-01 -2.442275E-03  9.257654E-03 -3.734045E-01
 3.493866E-03  1.105799E-03  2.066341E-04  4.745888E-04 -4.767918E-04 -2.213496E-05  5.724892E-03  5.797699E-05  1.307923E-04 -7.977723E-05
 1.004531E-03  8.545409E-05  6.663892E-02  4.110295E-04 -4.256158E-02 -9.957704E-05  3.638625E-04 -3.680956E-02  6.855473E-05 -2.226715E-05
-1.896768E-04 -8.225591E-05 -4.086598E-04  2.741611E-02 -2.461686E-04 -1.859413E-02 -4.181346E-03  2.567350E-04 -2.299360E-04 -8.459434E-08
 1.921738E-06  4.994064E-04 -3.884876E-05  8.764177E-07  1.565066E-05 -1.389033E-05 -2.857725E-05 -2.412156E-03  3.129861E-03  4.141433E-03
-6.491961E-04
  MODE      68
-3.383021E-06 -4.549825E-06  2.906863E-06  6.981591E-06 -5.774303E-07 -2.151361E-07  1.159718E-05 -5.476755E-06 -4.912252E-06  1.664081E-05
-1.183539E-05 -3.125152E-06 -4.171658E-05 -5.587557E-06  8.035898E-06  1.079904E-05  1.024501E-02  3.355196E-03  2.792510E-05  1.086545E-04
-2.922644E-05 -1.832785E-03 -5.265420E-03 -5.387057E-05  5.424102E-03  7.864311E-05 -5.871820E-06 -5.401447E-07  1.908603E-05  2.219927E-05
-1.441058E-04  4.894810E-05  1.219670E-05  3.877944E-05  3.091096E-05  7.710877E-05  2.269188E-04 -4.071113E-05  3.937603E-06  2.823049E-06
-1.241711E-05  1.464748E-04  4.067473E-03 -1.103125E-02  8.428373E-05 -7.837326E-06  1.153210E-04 -2.076663E-04 -1.198076E-02  3.987231E-05
-2.428674E-02 -2.126261E-04 -3.234090E-05  8.131037E-06 -1.898577E-05  2.212664E-04 -9.843465E-06 -1.778855E-04 -5.128582E-05  2.147020E-05
-7.127323E-05 -5.354242E-03  1.164795E-01 -6.260747E-04  7.139263E-03  1.934152E-01  1.038309E-02 -2.215794E-01  9.402175E-01  6.133227E-03
 2.271156E-02 -5.434743E-04  4.455231E-04  7.227150E-02 -7.881172E-03  9.892663E-05  8.374878E-05  6.892781E-05  1.964010E-02  1.211843E-03
 2.894478E-02 -1.722663E-04 -6.049142E-04  1.071873E-02 -1.349506E-04 -6.225857E-02  3.806793E-02  3.688065E-04  3.076779E-03 -5.832534E-05
-3.118481E-02 -3.701924E-05 -9.163924E-03 -1.832942E-04 -2.139715E-02  2.280435E-04  7.545242E-05  7.752989E-03 -2.370285E-02  2.718068E-07
 2.609932E-04 -1.971481E-05 -3.980824E-04  2.040098E-04  1.186833E-03 -1.178431E-03 -6.457990E-04  9.284765E-04  6.881105E-04  7.860039E-04
 4.903805E-03
  MODE      69
 1.309592E-05  9.204055E-07  6.651740E-06  8.876693E-06 -9.147996E-06  8.235719E-06 -6.986425E-06  8.798071E-06  2.503830E-06  2.510056E-05
-3.095261E-05  1.360117E-05  5.794657E-06  2.117800E-05  1.852259E-05 -1.130087E-05  2.429079E-03 -1.408555E-02  1.164616E-05 -7.299824E-05
 2.400225E-05  7.895745E-03 -1.258722E-03  3.832273E-06  1.289235E-03 -5.910667E-04  3.681622E-05 -9.474307E-06  3.172868E-07 -2.008121E-05
-1.935672E-04  6.582018E-05 -2.784080E-05  5.658540E-05 -7.439998E-05  8.609930E-06 -1.767759E-04  5.957415E-07 -3.678114E-05 -4.781827E-05
-4.563500E-05 -1.443628E-04 -1.645650E-02 -2.567281E-03 -9.078161E-05  8.352726E-06  3.191314E-05  1.046021E-04  5.094535E-02  4.536390E-04
-5.716522E-03 -3.701482E-04  4.058452E-06  2.759109E-05 -7.338416E-06  2.187602E-04 -7.653846E-07 -7.324207E-05  2.915833E-04 -7.580652E-05
-1.173224E-03 -5.148413E-03 -4.872157E-01 -3.862149E-03 -2.776066E-03 -8.243603E-01 -1.767318E-02 -5.194783E-02  2.223669E-01 -7.081361E-03
-7.348187E-02 -5.349662E-04  2.514257E-04  1.657393E-02  3.334593E-02 -3.403943E-04  1.007405E-04  6.969598E-06  4.686166E-03 -5.726299E-03
-1.233635E-01 -3.598066E-05  4.150027E-04 -4.415135E-02 -4.235129E-04 -1.468942E-02  8.786193E-03 -7.239143E-05 -1.455895E-02 -4.666720E-05
-7.440783E-03  7.157182E-05  3.933975E-02  9.827654E-05 -4.974023E-03 -7.570546E-05 -2.384735E-05 -3.340141E-02 -5.476678E-03 -2.093280E-05
-8.598433E-04 -5.959671E-05 -1.757480E-04 -3.542541E-05  3.588337E-04 -5.069996E-04  1.924378E-03 -3.638021E-03 -2.884201E-03  2.578874E-04
 1.187447E-03
  MODE      70
-2.493150E-06 -8.221279E-07 -5.519810E-07  2.643234E-07  6.740422E-07 -1.115736E-06  2.785332E-05  3.067295E-05  5.492424E-05 -4.366504E-05
 4.536579E-06  3.823876E-05  1.026301E-05  2.630119E-05 -1.075263E-05 -5.548766E-05 -8.265950E-07 -6.572131E-05 -1.106205E-05 -1.298895E-04
 8.010937E-05  3.853336E-05  4.148115E-05  9.506882E-03 -2.359882E-05  3.159652E-05  5.670252E-06 -4.725966E-05  4.639802E-05 -6.975594E-05
 1.364460E-04  1.119622E-04  4.496020E-06 -6.309385E-05 -8.046034E-05  1.514802E-05 -2.949646E-04  2.143307E-05  2.888006E-05 -9.455661E-05
 1.516281E-02 -1.501566E-02 -1.717060E-04 -3.308460E-05 -1.357017E-04  3.088216E-05 -1.652977E-05  3.288552E-04  1.789543E-04  2.684700E-05
-9.989465E-05  3.237958E-04  6.851782E-06  2.450613E-05  8.159183E-05 -2.193925E-04 -6.705828E-07  1.631388E-04 -3.523565E-04 -6.944766E-04
-2.007286E-02 -4.688175E-04 -2.804517E-03  2.210517E-01 -4.857403E-01 -9.289965E-03  2.319060E-01  8.446219E-04 -1.309087E-03  8.091245E-01
-6.882149E-03 -2.791843E-03 -1.075394E-05  6.348149E-05  4.049644E-05 -1.614268E-04 -1.826305E-02 -5.274684E-05  5.629972E-05  2.043117E-04
-3.430764E-04 -8.492730E-05  5.485298E-02 -3.309625E-04 -1.115669E-02  8.931352E-05 -1.158174E-04 -2.382464E-02 -6.826455E-05 -7.831246E-05
-7.155606E-05 -4.869509E-05  1.180778E-04  3.863259E-02 -1.549157E-05 -5.924071E-03 -6.260161E-03 -4.475647E-05  9.034088E-06 -2.285457E-05
 7.177895E-06 -2.966706E-06  4.094003E-06  2.399942E-05  1.365622E-05  7.026934E-06  7.795696E-06 -2.208916E-03  2.757450E-03 -3.642302E-03
 6.197647E-04
  MODE      71
-4.095187E-04  3.015478E-04 -5.182832E-04  2.226977E-04 -8.361229E-04 -4.854359E-05 -4.868454E-05  7.740096E-07 -1.475596E-05 -6.278696E-06
-4.480201E-05 -3.806348E-05 -3.408724E-05 -2.231050E-04  1.122159E-02  1.040661E-05  5.858504E-06  1.085380E-05  4.114470E-05  4.643740E-05
-2.296603E-05  4.132913E-05  8.923825E-06 -3.777834E-05  1.968754E-05  6.492626E-05 -9.536851E-05 -1.489818E-02 -3.535549E-02  1.082460E-05
-2.085064E-04  1.354289E-01  3.034585E-05 -6.327777E-05 -2.527817E-05  1.345031E-04  7.078108E-05 -4.874111E-04  3.596186E-05  1.781746E-05
 3.565409E-06  7.618579E-05  3.097664E-04  7.205766E-05  1.923905E-05 -7.267058E-05  4.145475E-04 -5.950303E-05 -3.938213E-04  4.948072E-02
 1.563050E-04 -7.345847E-05 -1.619879E-04 -6.969717E-06 -8.110300E-06  4.290730E-04  1.732791E-04 -1.692124E-01  7.717409E-05  4.098795E-05
 4.282611E-04  8.584960E-05  1.127226E-04  7.997938E-02  3.651471E-02  1.090984E-04  6.672245E-04  1.132990E-03 -6.125906E-04 -3.303144E-03
-2.074329E-03 -9.240078E-01  2.853082E-01 -2.912281E-04  7.122773E-05 -2.192512E-02  1.154075E-04 -4.119147E-02  1.704043E-06 -4.363136E-05
 1.252013E-05  3.463754E-03 -6.991819E-06  1.007265E-04  1.215300E-05  6.107175E-05 -1.257896E-05  1.168379E-05 -3.346188E-05 -5.793990E-02
-2.483305E-05  2.203840E-02 -1.027349E-05  2.723552E-05 -9.295198E-06  8.327133E-05  1.311142E-05 -8.498548E-06 -2.040183E-05 -5.106146E-04
-6.130237E-07 -6.433598E-07 -1.274953E-05 -1.899030E-03 -1.017365E-03 -1.263973E-03 -1.723335E-04 -9.625348E-07 -6.761771E-06 -8.280495E-06
 8.638489E-06
  MODE      72
 7.288479E-04 -5.349330E-04  9.206255E-04 -3.978868E-04  1.486816E-03  8.627446E-05  6.780038E-06 -1.312440E-06 -1.878681E-06  9.960060E-08
 3.205459E-06 -3.510706E-05 -1.314378E-05 -2.905779E-05  1.308762E-03  1.048633E-05 -3.206987E-04 -9.616153E-05 -7.796397E-06  1.232056E-04
-3.409273E-05  3.573155E-05  3.589322E-05 -1.263637E-05 -4.526507E-04  1.608481E-05 -1.416822E-04  1.244454E-02 -9.645666E-03 -7.203211E-07
 2.099183E-05  2.205780E-02 -1.873713E-05 -1.815948E-05 -8.978064E-06  4.345536E-05  1.915283E-04 -2.497456E-05 -8.125423E-07  2.813194E-06
-1.227759E-05  3.141573E-05 -4.355698E-05 -3.959890E-04  7.335177E-05 -7.110497E-06  7.964965E-05 -1.853463E-04 -6.939793E-05  3.375024E-02
-4.080433E-04 -4.137503E-05 -2.891755E-05  7.444101E-06 -2.170992E-05  2.147008E-05  2.967633E-05 -2.336341E-02 -3.746442E-05 -3.201269E-06
 4.704844E-05 -5.717428E-04 -9.288054E-04  9.751490E-02  4.421521E-02 -4.682229E-04  3.451039E-04 -2.254896E-03 -2.421586E-03 -5.000666E-04
-2.373708E-04 -1.312970E-01 -4.405779E-01  2.337121E-02 -3.663822E-03  8.734599E-01 -1.069415E-04 -1.024375E-01 -1.823711E-03  1.881549E-04
-8.514862E-04  1.883636E-02  4.433118E-05  1.964022E-04  1.827813E-05 -1.345993E-03  7.496881E-04  1.537388E-05 -1.617555E-06 -1.234646E-02
 5.527783E-04  1.561799E-02  1.127365E-04 -1.801838E-05  3.916438E-04 -2.429784E-05 -4.715578E-05 -1.041266E-04 -5.056431E-04  1.488384E-03
-8.562849E-06  3.686642E-07  3.586566E-05  5.452832E-04 -1.312413E-03 -1.228891E-03 -8.260633E-05 -3.805336E-06 -1.043258E-05  6.050563E-06
-1.142608E-06
  MODE      73
-8.853130E-06  1.947215E-05 -2.419045E-05  1.911753E-06 -3.701763E-05  5.337675E-07  2.118458E-05 -5.908951E-07 -2.833623E-06 -7.139267E-06
-1.587949E-06 -1.683413E-05  5.890630E-06  9.367549E-07 -3.735269E-07  1.733155E-05 -1.109219E-02 -7.796105E-03 -3.639056E-05  2.078969E-04
-5.308314E-05  4.586172E-03  1.747894E-03  5.064015E-06 -1.492047E-02  2.472968E-04  1.933731E-06 -3.004687E-04  1.725084E-04 -2.114012E-05
 2.555551E-04 -5.213500E-04  1.588658E-05 -6.562542E-05  2.495355E-05  4.473998E-05  3.685533E-04  1.378236E-05  1.797270E-05 -2.203971E-05
-3.200407E-05  3.823881E-05 -7.403736E-03 -1.486071E-02  1.126326E-04 -3.987859E-05  3.764880E-05 -3.101719E-04  1.154340E-02 -6.839895E-04
-1.515384E-02  4.283941E-04  4.273609E-05 -3.031850E-05 -5.372352E-05 -1.891458E-04  2.515777E-05  4.783791E-04 -2.886880E-04  4.775267E-05
 1.668309E-04 -5.092170E-03 -2.623621E-02 -2.561653E-03 -1.236128E-03  1.635830E-03  3.736915E-04 -8.265786E-02 -8.363007E-02 -1.252686E-04
 2.731462E-02  2.562577E-03  1.019817E-02  7.975789E-01 -5.776111E-01 -1.835778E-02 -1.013187E-03  2.347721E-03 -5.840542E-02  1.981254E-02
-7.471296E-02 -2.654700E-04  5.828297E-05  1.107784E-02 -4.619509E-04 -4.884603E-02  2.139267E-02  5.181484E-05  1.779003E-03  2.246913E-04
 1.806136E-02 -2.948057E-04  1.330702E-02  1.627874E-05  1.242751E-02 -1.011713E-04 -1.312329E-05 -9.118751E-03 -1.752290E-02 -1.175962E-05
 6.277585E-04  1.384054E-04  1.584613E-03  1.632777E-04  6.505304E-04 -4.726817E-04 -1.853498E-03 -1.356753E-04 -9.895159E-05  2.206685E-05
 1.356970E-04
  MODE      74
 1.617311E-05 -2.946465E-06  1.193133E-05  1.515447E-06  6.205172E-06  6.629471E-06 -6.978425E-06 -1.297925E-06 -5.296732E-06 -3.037270E-06
 4.537652E-06  3.673671E-06 -1.404981E-05  9.223475E-06 -1.791103E-06  1.188751E-05  8.053299E-03 -1.075851E-02  1.635177E-05  1.319196E-04
-3.718179E-05  6.401539E-03 -1.315790E-03  2.096693E-05  1.075648E-02  3.292921E-04 -6.788962E-06  8.793851E-05 -6.082078E-05 -2.872434E-05
-1.260104E-04  1.954384E-04 -8.349289E-06  2.905560E-05  3.823213E-05 -3.092642E-05  2.373873E-04 -2.583501E-05  5.898490E-06 -5.785157E-05
 1.751712E-05  7.122627E-05 -1.046735E-02  1.089375E-02  6.914553E-05 -2.136255E-06 -1.195609E-05 -1.750926E-04  1.592684E-02  3.962220E-04
 1.096866E-02 -2.144002E-04 -4.081904E-05 -6.192835E-05 -4.152382E-05  6.294321E-05 -1.369966E-05 -2.053371E-04  1.560611E-04  7.354220E-05
-1.995586E-04  2.652822E-03 -3.635604E-02  4.176376E-04  5.787994E-04  3.037231E-03 -6.635249E-05  5.997471E-02  6.010841E-02  5.332634E-04
 3.999332E-02 -1.233570E-03 -4.006265E-03 -5.747037E-01 -8.016451E-01  9.986231E-03 -1.096053E-03 -7.540357E-04  4.185409E-02  2.815489E-02
-1.032573E-01  1.234852E-04 -3.863804E-06  1.492195E-02  3.281305E-04  3.542506E-02 -1.589086E-02  2.242578E-05  2.624767E-03 -3.853646E-05
-1.329680E-02  2.017263E-04  1.845710E-02  1.221039E-05 -8.862937E-03  2.514709E-05 -6.542699E-05 -1.254750E-02  1.285206E-02  1.839915E-05
 1.356781E-03  3.446229E-05 -8.305995E-04  1.501842E-05 -6.436815E-04  8.143040E-04 -2.355387E-03 -1.619598E-04 -1.190368E-04 -1.506722E-05
-1.401267E-04
  MODE      75
 1.081785E-06  2.548666E-08  5.693865E-07 -1.008511E-07  2.591164E-07  4.259062E-07  8.742583E-06  2.968985E-05  2.026129E-05  3.972047E-06
 3.152173E-06 -4.028580E-03 -3.265901E-07  8.108345E-06 -1.642733E-04 -2.254724E-05  8.138132E-06 -2.120516E-05 -1.723032E-05 -2.683870E-05
 1.308503E-05  4.218067E-05 -2.014231E-06 -6.648074E-03 -1.171269E-05  1.216824E-05 -1.877377E-06  1.647721E-04  9.040873E-04 -1.632098E-05
 7.402138E-05 -3.320336E-03  9.144556E-06 -3.641138E-05 -2.463743E-07 -1.730725E-05 -1.730845E-04  9.964237E-06  2.775240E-06  2.875366E-05
-1.585645E-03  1.813315E-02 -1.242772E-04 -2.395300E-05 -1.518794E-05  7.083088E-06 -5.293996E-06  1.655455E-04  1.815738E-05 -7.676229E-04
 9.770732E-06  1.081766E-04  2.163888E-05  2.522126E-05 -6.441104E-06 -4.647258E-05  2.749498E-05  2.874634E-03 -9.416054E-05 -7.259979E-05
-4.457193E-03 -7.094840E-05 -2.589468E-04 -1.434054E-02  2.674380E-02  1.517192E-03 -8.536139E-02 -4.446351E-04 -1.829090E-04  6.602308E-02
-4.282824E-04  1.140790E-04  7.452821E-03  1.942129E-04 -1.422054E-03  5.845070E-03  9.915276E-01  1.186231E-02  1.506983E-04  6.170036E-04
-4.712554E-05 -1.228642E-03  4.612154E-02 -8.126124E-05 -7.735055E-03  1.485917E-05 -7.168948E-05  2.330889E-02  8.230197E-06  6.103405E-04
-1.497927E-05 -1.077564E-03  7.257204E-05 -2.601229E-02  5.949604E-05  1.175334E-02  9.099051E-03 -5.524166E-05 -1.116050E-05  3.169852E-05
 1.514986E-04 -2.623214E-03  1.539659E-04 -4.050821E-05 -3.554786E-05 -3.031085E-05 -1.972918E-05  4.061643E-04 -4.869740E-04  3.445950E-04
-6.752350E-05
  MODE      76
-6.271568E-06  5.298633E-06 -8.597880E-06  3.853782E-06 -1.446309E-05 -4.853076E-07  1.465961E-06  9.598816E-07 -2.934368E-06 -3.761803E-06
-1.852561E-05 -1.124985E-04  5.850845E-06 -1.921674E-04  9.622961E-03 -2.929687E-06  2.704264E-06 -5.438582E-07  1.674418E-05 -1.374714E-05
-2.680946E-06  2.857238E-05  3.233193E-05 -1.097609E-04  4.978900E-05  1.240973E-04 -2.002166E-04 -8.473707E-03 -5.381833E-02  9.939781E-06
 3.519047E-05  2.070452E-01  1.342598E-05 -5.442422E-06 -1.262339E-05  4.424911E-05 -3.575585E-05 -3.321183E-04  1.597010E-05  2.616304E-05
-1.596229E-05  3.570611E-04  1.262814E-04  6.229988E-06  2.223781E-05 -3.260024E-05  2.775390E-04  1.924679E-05 -3.634956E-04  5.059646E-02
 3.742510E-05  6.047268E-05 -5.655067E-05 -1.348336E-06  2.389352E-05  1.243362E-04  9.974860E-05 -1.828440E-01  2.216116E-05  1.436117E-05
-1.061209E-04 -7.066457E-04 -8.867190E-04  1.151891E-01  5.292641E-02 -1.183415E-04 -1.128997E-03  6.495781E-05  6.875934E-05  8.046577E-04
-1.584354E-04 -1.625721E-02 -4.628536E-01  4.638140E-05 -1.111591E-03 -3.543046E-01  1.596917E-02 -7.421043E-01  5.285981E-04  1.725812E-04
-5.903993E-05  7.099424E-02  6.558635E-04 -1.536033E-04 -3.482038E-04  5.274452E-05  1.450802E-04  2.255789E-04  1.968675E-05 -3.841983E-02
 2.651524E-05  6.676536E-02 -3.581120E-05 -4.377984E-04 -1.811099E-05  3.323878E-04  1.476349E-04  3.126317E-05 -8.287068E-05 -2.074676E-03
 3.248807E-05 -3.593424E-05  2.735452E-06  2.537128E-03  2.628849E-03  2.907901E-03  3.269678E-04  2.722207E-06 -8.712959E-06  5.765142E-06
 1.953614E-06
  MODE      77
 1.293334E-06  3.113511E-06 -2.597121E-06 -5.952742E-06  1.523013E-06 -6.235057E-07 -7.113982E-05 -2.248973E-06  2.131760E-06 -8.714772E-06
-4.308940E-05  1.166000E-05 -4.981844E-05  3.001490E-06 -6.439758E-05  6.882674E-06 -5.431199E-03 -7.829871E-04 -7.667120E-05  6.955925E-05
-2.497051E-05  6.529011E-04  4.318800E-03  4.826077E-06 -3.871924E-03 -1.483316E-03 -3.563810E-06  1.095422E-05  1.856827E-05 -4.487748E-06
 8.223540E-05  4.078525E-06  1.796522E-05 -1.021243E-05 -1.168271E-05 -1.672885E-04  1.333176E-04 -9.929290E-05 -8.686309E-06 -1.390021E-05
-1.037281E-05  7.634849E-06 -7.820741E-04 -1.769359E-02  1.814312E-05 -2.819981E-05 -4.934871E-05 -9.368012E-05 -1.275135E-03  1.756102E-05
-3.034251E-02 -9.723026E-05  5.243652E-05 -6.991604E-06 -1.719582E-05 -1.049725E-04  3.162395E-05  2.039289E-04  4.210440E-04  1.948314E-05
-1.247118E-04 -4.484552E-02  1.103453E-03 -7.442104E-05 -1.739403E-05 -5.426949E-03 -5.051254E-04  6.541114E-02 -3.895675E-02 -3.378250E-04
-2.425908E-02  5.927147E-06 -7.408201E-05  4.043982E-02 -4.854976E-03  1.672283E-04 -2.440463E-04  6.244647E-04  9.014963E-01  1.261131E-01
 5.145203E-02 -4.929973E-04 -1.860424E-04 -4.741005E-02 -2.692708E-03 -3.065416E-01  1.535347E-01  4.381516E-05  1.333159E-02  7.134932E-05
 2.434859E-02  9.814186E-05  3.915206E-03  4.382911E-05 -4.685790E-02  2.890589E-04 -2.519563E-05  2.073869E-02 -1.847826E-01 -9.746373E-06
 2.564384E-04 -1.363911E-04 -2.737387E-03  1.998726E-04  1.103618E-03 -1.114095E-03 -7.049195E-04  1.025198E-04  8.285976E-05 -1.333626E-04
-7.914305E-04
  MODE      78
 2.234068E-06  5.186036E-08  1.251567E-06  1.851520E-06 -1.755875E-06  1.484193E-06  1.537168E-05  2.329535E-05 -1.037520E-05  3.544538E-06
-9.923269E-07  3.087907E-05  4.701987E-06  1.831206E-05  2.720515E-06  2.348242E-06  7.957640E-04 -5.331569E-03  8.191321E-06 -6.147836E-05
-1.031506E-05  3.945645E-03 -6.535569E-04  3.787351E-05  6.154966E-04 -9.475145E-03 -2.713710E-06 -1.337793E-05 -7.502926E-06 -1.008284E-05
 2.521091E-05 -7.097059E-06 -1.046156E-05 -9.644881E-06 -4.996791E-05  1.715754E-05 -5.277647E-05  1.955571E-05 -4.167213E-05 -3.115836E-05
 8.012946E-06 -2.833281E-05 -5.462478E-03  2.520363E-03 -5.750029E-05 -2.716554E-05  2.092681E-05  8.649425E-05 -8.281208E-03 -4.682611E-05
 4.517637E-03  8.865755E-05  1.166297E-06 -1.835162E-04 -4.680764E-05 -2.654943E-05  4.171617E-05 -3.780983E-05 -1.001621E-04  6.403118E-05
-2.069280E-04  6.995352E-03  5.609744E-03 -2.630484E-04 -7.551166E-05 -3.561686E-02 -5.686148E-04 -9.691739E-03  6.945218E-03 -1.716642E-03
-1.601251E-01  2.929330E-04  1.525740E-04 -5.740863E-03 -2.985117E-02  1.785584E-04 -4.782089E-04 -1.925660E-05 -1.358645E-01  8.393099E-01
 3.383880E-01 -7.399868E-06 -3.676419E-04 -3.193785E-01  3.097686E-04  4.551068E-02 -2.170670E-02 -3.287415E-04  9.440289E-02  1.232853E-04
-3.610182E-03  1.657026E-04  2.641782E-02 -2.543521E-07  6.909330E-03 -2.901540E-05  1.617856E-05  1.388687E-01  2.754324E-02 -1.093181E-05
-6.257024E-04 -2.275454E-05  2.801479E-04  1.095086E-04 -3.143975E-04  5.932843E-04 -3.507240E-03  9.282865E-04  7.566597E-04  1.195260E-05
 1.349814E-04
  MODE      79
-8.746940E-07  1.579540E-06 -2.186446E-06 -3.627319E-06  1.179019E-06 -1.132466E-06 -1.586479E-05  2.875564E-06  7.119019E-07  2.470544E-05
 2.431779E-05 -9.859930E-06  3.556997E-06 -1.426239E-05 -1.506216E-05 -4.463255E-06 -2.385025E-03 -6.983304E-03 -2.548024E-05 -3.097339E-05
 1.800314E-06  5.440759E-03  6.139079E-03 -1.768374E-05  2.784333E-03  4.198283E-03 -6.211902E-06 -2.652820E-05 -1.887843E-05  3.694798E-05
 6.564806E-05  3.446453E-05  7.242267E-05 -1.531186E-05  6.565881E-05 -6.000444E-05 -6.706536E-05  3.617814E-06 -2.990670E-05  8.612827E-06
-1.448465E-05  7.105812E-06 -1.086269E-02 -1.242892E-02 -1.370528E-05 -6.357929E-06 -2.224608E-05  4.471686E-05 -3.532958E-03 -6.225891E-06
-4.339066E-02  4.016431E-05  1.732745E-06 -6.371427E-06 -1.301556E-05 -6.217212E-05 -6.330998E-05  2.392781E-05  5.222746E-05 -7.165172E-05
-1.642712E-04 -3.155882E-02 -1.343504E-02 -3.633048E-04 -7.049386E-05 -3.805010E-02 -9.359100E-04  4.114597E-02 -4.782532E-02 -3.579372E-04
-2.987860E-02  5.232656E-05 -3.922725E-05 -6.911416E-02 -6.302691E-02  1.540142E-04  1.197753E-04 -1.776968E-04 -3.104475E-01 -2.810553E-01
 3.786760E-01  1.275646E-04 -2.517688E-05 -2.122515E-01 -5.552788E-03 -6.280739E-01  3.082794E-01  4.748667E-05  1.331547E-01  1.593084E-04
-1.961668E-01  8.918871E-05  8.401684E-02  1.019443E-04 -1.311086E-01  6.173945E-04  1.849501E-05  1.172280E-01 -1.840367E-01  2.019136E-05
 3.458764E-04  7.886134E-06 -2.965389E-04 -1.305765E-04 -2.510411E-04  1.029193E-04  1.941322E-03  5.245057E-05  4.221506E-05 -1.952212E-04
-1.176848E-03
  MODE      80
-4.386125E-06 -8.926170E-07 -1.581124E-06 -1.168704E-06  2.056138E-06 -2.338443E-06 -8.006884E-06 -2.593013E-06 -3.207242E-06 -7.618581E-06
 8.471480E-07  1.753965E-05  3.513244E-06  3.428965E-05 -2.017859E-05  6.913600E-06 -1.644923E-03  1.033808E-02 -1.567656E-05 -7.518028E-07
 6.168790E-06 -8.015854E-03  4.161521E-03 -3.000285E-06  1.847980E-03 -6.259362E-03  1.925414E-05 -1.111521E-05 -2.987233E-05 -3.665191E-05
 6.095867E-05  1.936409E-05  1.426467E-05 -1.238717E-05 -6.869414E-05 -2.629134E-05 -8.172967E-06 -1.961590E-05 -3.914374E-05  2.744068E-06
 2.561306E-05 -1.037524E-05  1.606718E-02 -8.380178E-03  4.148542E-06  2.575778E-05 -1.929217E-06 -1.369774E-05  5.140930E-03  4.999778E-05
-2.926964E-02  1.857360E-05  6.120221E-06  1.322589E-05  3.405921E-05 -3.458244E-05 -2.588454E-05  1.101778E-05  2.836711E-05  1.031013E-04
 4.792776E-06 -2.071223E-02  1.989622E-02  1.633942E-04 -8.129153E-05  5.677173E-02  7.753045E-04  2.788554E-02 -3.282025E-02  4.761400E-04
 4.379386E-02  5.333124E-06  1.805599E-05 -4.670387E-02  9.314288E-02 -2.960849E-04 -1.338405E-04 -2.406221E-06 -2.094403E-01  4.148547E-01
-5.621848E-01  9.332010E-04  3.336874E-04  3.144289E-01 -3.790204E-03 -4.241303E-01  2.066802E-01  5.181811E-04 -1.998727E-01 -7.727169E-05
-1.320785E-01 -2.919463E-04 -1.245997E-01  3.866720E-05 -8.858632E-02  4.290869E-04 -3.783946E-05 -1.734755E-01 -1.245029E-01 -6.105988E-07
-4.242604E-04 -5.034885E-05 -3.326324E-04  7.665013E-05 -3.376713E-04  5.610641E-04 -2.793903E-03 -1.106043E-04 -7.906190E-05 -1.342405E-04
-7.545013E-04
  MODE      81
-1.392888E-04  1.026803E-04 -1.764172E-04  7.520170E-05 -2.839809E-04 -1.664908E-05  2.325340E-06 -7.357735E-06  1.804219E-06 -5.599031E-06
 1.203027E-05  5.427485E-06  4.232620E-05 -4.524118E-05  2.379273E-03 -3.368934E-06 -8.737723E-06 -9.327763E-06  1.798966E-05 -6.046952E-06
 1.358414E-06 -4.669697E-06 -1.972228E-05 -6.801143E-07  2.309614E-05  4.556375E-05  2.286463E-05 -9.365604E-03 -1.465700E-02 -1.345159E-06
-5.117932E-06  6.352511E-02  8.336632E-06 -2.290301E-05  2.355191E-06  6.534866E-05  2.087519E-05  1.440567E-05  1.125876E-05 -5.535560E-06
 1.830138E-05  1.750964E-05 -4.746921E-05  5.288133E-06 -7.118511E-06 -8.804787E-06 -5.604785E-05  8.401538E-06 -1.073175E-06  9.926533E-04
 6.231932E-05 -1.784245E-05  1.815563E-05  3.600963E-06  1.489232E-06 -6.770710E-05 -1.584473E-05 -3.314544E-02  1.099032E-04 -1.470023E-06
-6.586917E-05  1.689403E-05 -2.618875E-04  1.540097E-02  7.080103E-03  2.869476E-05 -6.688338E-05 -2.836173E-05  1.649067E-04  2.674452E-04
 8.285837E-05  2.096967E-02  3.919475E-02 -6.223679E-05  4.088415E-05  9.071508E-03  7.958158E-05  9.194896E-02  5.787790E-04 -3.405302E-04
 3.122978E-04  9.775148E-01 -1.348074E-04 -6.591613E-04  1.900942E-04  6.710572E-04  5.632658E-04 -2.616303E-04  1.669134E-04  1.556869E-01
 4.108146E-04  6.292216E-02 -1.527645E-04 -7.074639E-06 -1.324238E-05  3.351428E-05 -1.767210E-05  4.422674E-05 -7.302565E-05  2.361408E-03
 1.314708E-05  3.286553E-06 -3.516046E-05 -3.758482E-04  2.867527E-03  2.699807E-03  1.651299E-04  3.288227E-06  1.312328E-05  4.511991E-06
 1.197153E-05
  MODE      82
 6.503168E-04 -4.763788E-04  8.204999E-04 -3.555477E-04  1.325638E-03  7.699485E-05 -8.388856E-06 -5.603745E-06  9.099930E-07  6.781043E-06
-4.659826E-05  4.989528E-05 -2.004401E-04  4.146938E-04 -2.158031E-02 -7.948676E-06  1.707298E-05  1.137923E-05  5.578527E-05 -7.749377E-05
 2.479985E-05 -5.174381E-06  2.651384E-06  5.718354E-05 -5.686451E-05 -2.017669E-04 -2.363670E-04  8.288140E-02  9.748093E-02  3.370615E-06
-4.728304E-05 -4.958189E-01  3.317435E-05  1.886676E-05 -1.225363E-05  8.919059E-06 -5.605256E-05  1.482854E-04 -9.902712E-07 -2.017601E-05
 2.809142E-05 -1.553748E-05 -6.311796E-05  1.119218E-04 -2.350799E-05 -1.187410E-05 -1.853723E-05  8.082246E-05  5.580197E-05 -3.648215E-03
-3.302932E-05  5.485904E-05 -4.728104E-05 -3.316064E-06  7.449737E-06 -7.600731E-05 -1.939229E-05  3.733883E-01  2.892787E-05 -6.301703E-06
 4.550852E-05  3.960930E-04  6.848452E-05  6.843165E-03  3.166704E-03 -1.195192E-05  7.078122E-05  2.256397E-04  1.015808E-04 -6.179979E-04
-3.534397E-04 -1.831504E-01 -1.448357E-02  2.447057E-05 -8.667357E-05 -3.039022E-02  3.247831E-05 -2.738210E-01  8.744055E-05  3.216050E-05
-1.332927E-04  9.098084E-03  1.396937E-06 -5.060405E-05  4.686509E-05 -7.662054E-05 -3.070146E-05 -2.888826E-04  5.797219E-05  5.847099E-01
 3.954969E-04 -3.823666E-01  4.630914E-04 -2.326374E-04  1.841574E-05 -5.638702E-05 -1.608760E-05 -2.827313E-05  6.324014E-05 -1.496503E-03
 1.312929E-05 -1.027157E-05  2.466161E-05  2.431351E-04  9.481972E-04  9.615676E-04  7.636924E-05 -2.696928E-06  6.187576E-06 -4.171501E-06
-1.004746E-05
  MODE      83
 3.300190E-04 -2.431662E-04  4.178700E-04 -1.782530E-04  6.727273E-04  3.944618E-05  3.281413E-05 -1.814881E-06  1.213305E-05 -6.691770E-07
 5.904586E-05 -3.700844E-05  1.434248E-04 -1.419397E-04  7.486972E-03 -1.020220E-05 -1.300102E-05 -1.245734E-05 -5.308317E-05  2.706314E-07
 1.245885E-06 -1.294570E-05  7.690647E-06 -9.891125E-05  6.728614E-05  7.227342E-05  4.851742E-04 -7.287088E-02 -2.644562E-02 -7.286617E-06
 6.589844E-05  2.361226E-01 -1.726789E-05  9.545598E-05  9.936527E-06 -4.126543E-05  2.380837E-05  1.211140E-04 -9.229057E-06 -3.811909E-05
-9.106496E-05  1.506703E-04 -1.002627E-04 -1.316829E-04  4.336909E-06  1.563240E-05 -2.037613E-04 -2.532369E-06  4.065816E-04 -6.297833E-02
-3.983797E-05  3.384891E-06  3.917094E-05  7.060987E-06 -1.431860E-06 -9.695353E-05 -9.195566E-06 -1.173269E-01 -9.752888E-05 -3.023369E-06
-7.586472E-05  1.540840E-04 -2.708884E-04 -1.133686E-02 -4.962159E-03  1.089226E-04 -3.059520E-04 -1.005169E-04 -1.343723E-04  9.627687E-04
 5.410173E-04  1.808422E-01  4.593456E-01  1.012556E-05  6.105984E-04  2.209547E-01 -2.079875E-04 -3.026844E-01  1.252527E-04 -1.173639E-05
 4.231921E-07 -1.327587E-01 -8.416016E-04  4.373141E-04 -6.828392E-03  4.215862E-04  7.256874E-04  6.219069E-04 -3.060595E-04  5.407016E-01
-3.279540E-04  4.754535E-01 -4.981973E-04 -1.036244E-03 -3.610262E-07  1.219133E-04  1.158118E-03 -2.880265E-05 -2.354944E-05  6.847213E-03
-1.398143E-05  2.495916E-05 -5.853816E-05 -1.917838E-03 -2.094985E-03 -2.330544E-03 -2.749004E-04  2.772835E-05  1.494653E-05  1.132702E-05
 1.926702E-05
  MODE      84
-2.440613E-06  1.482777E-06 -2.767797E-06  1.558835E-06 -4.702718E-06 -2.804054E-07  1.706314E-06 -1.284688E-05 -4.503834E-05 -2.749010E-05
 1.647577E-06 -1.325298E-03  3.195045E-06  2.187137E-05 -7.692678E-05  4.225636E-05 -1.441594E-05 -9.974949E-06  1.348847E-06 -5.554599E-05
 8.731593E-06  8.813544E-06  1.635540E-06 -8.699633E-03  1.813053E-05  3.024522E-06 -3.036908E-06  5.389298E-04  1.953762E-04 -5.753228E-05
-3.950593E-06 -1.687081E-03  2.179588E-06 -2.968109E-05 -5.608956E-05 -2.131194E-06  5.130408E-06  6.767128E-06  1.856954E-05  4.821269E-05
-8.523105E-03  2.245962E-02  2.703743E-06 -2.918982E-05 -3.098513E-05  1.491437E-05 -5.682728E-06 -5.073050E-06 -4.077517E-05  3.945673E-04
-2.400994E-07  2.035401E-05  7.511298E-06  1.783950E-05 -6.529119E-05  7.928139E-06  3.931801E-06  9.053849E-04 -1.923292E-05 -2.195345E-04
-8.845761E-03  1.059425E-04 -7.499652E-05 -1.160689E-02  2.583260E-02  4.743666E-04 -2.361764E-02 -2.476575E-04 -4.119973E-05  3.120885E-02
-2.691714E-04 -1.447536E-03 -3.233373E-03 -3.822175E-05  1.839114E-05 -1.496826E-03 -2.347010E-02  2.339430E-03  2.247769E-05  1.854931E-06
 2.549020E-04  1.109243E-03 -2.797850E-02  5.442971E-04 -9.425744E-01  8.678754E-03  6.302035E-04  2.116216E-01  6.462624E-04 -3.639309E-03
 1.874698E-04 -3.266250E-03 -3.501280E-06 -1.932524E-01  8.543194E-05  3.892624E-02  1.529009E-01 -1.495198E-05 -1.410229E-05 -6.703418E-05
 2.069938E-05 -1.020680E-04 -1.281551E-05  2.138465E-05  2.273064E-05  1.351691E-05 -5.665464E-06  1.016484E-03 -1.238440E-03  2.076097E-04
-2.797788E-05
  MODE      85
 6.135048E-07  3.573143E-07  2.603347E-09  5.099039E-07 -1.071049E-06  4.725092E-07  3.895309E-06 -1.423324E-05 -4.371908E-06 -3.622988E-06
 2.209638E-06  8.171937E-03 -1.870352E-06 -1.319571E-05 -2.960191E-06  1.116996E-05 -1.202647E-05  7.288794E-07 -1.905321E-05 -9.401217E-06
 1.687027E-05  4.354238E-05  1.398770E-05  2.147293E-03  1.782905E-05 -1.524165E-05 -3.131598E-06  7.269487E-05  7.208691E-06  3.616586E-05
-8.645994E-06 -2.737768E-04 -1.089320E-05  2.846651E-06  4.962245E-06  6.175095E-06  8.698698E-05 -3.726611E-06  5.614819E-06 -5.614791E-05
 5.362118E-03 -9.719169E-03 -5.862396E-05 -5.752672E-06 -3.203998E-05  3.913304E-06 -1.644271E-06 -1.578926E-05 -9.357902E-06  1.134235E-05
-1.876939E-06 -1.488188E-05  5.309471E-07  1.332661E-05  1.646965E-06  1.142006E-05 -1.330024E-05  1.679223E-04  5.537492E-06  1.040332E-05
 1.134857E-02  2.504288E-05 -1.687934E-04  1.378129E-02 -3.036487E-02 -7.620939E-04  2.663140E-02  1.295452E-04 -1.076118E-05 -3.274183E-03
 1.068953E-04 -1.340866E-04 -3.670678E-04  1.552047E-05 -1.925874E-04 -1.034243E-04  5.438501E-02  4.033415E-04 -1.509054E-04 -7.466084E-05
 7.324794E-04 -7.559983E-05 -7.327773E-01  1.226772E-03 -1.382865E-01  1.211235E-03  7.668693E-04 -6.538289E-01 -2.731748E-03 -8.303972E-04
 7.781839E-05 -4.805652E-04  7.460876E-04  6.569365E-02 -3.642736E-04 -7.234300E-02  4.160790E-02 -2.299398E-04  3.179864E-05 -1.500983E-05
 9.319467E-05 -2.090606E-03  1.110004E-04  1.518423E-05  1.603416E-05  8.199339E-06  9.425096E-06 -1.960471E-03  2.420032E-03 -3.827248E-04
 7.815006E-05
  MODE      86
 3.690914E-07 -2.372900E-07  4.913206E-07  1.407609E-06 -1.095336E-06  5.224510E-07 -6.739469E-05 -4.687723E-06  1.562526E-05 -8.244862E-06
-4.333149E-05 -1.313592E-05 -2.500076E-05 -2.095697E-05 -6.814409E-05 -1.466583E-05  1.317926E-03 -3.856711E-03 -6.293552E-05 -3.271633E-05
 2.546343E-05  3.403053E-03 -3.431763E-03 -3.466905E-05 -2.546372E-03  4.859955E-03 -9.242652E-06  6.494803E-05 -3.744781E-06  1.816995E-05
 9.392591E-05 -2.801054E-04 -1.304888E-05  5.177161E-06  3.148771E-05 -1.482901E-04 -1.180965E-04 -7.481481E-05  3.975600E-05  1.132160E-05
 8.379894E-06  8.543647E-06 -3.724780E-03 -2.064292E-03 -1.520990E-05 -7.054149E-06 -2.726720E-05  3.238214E-05  6.404780E-03  4.131866E-05
 6.260028E-03 -6.290258E-05 -5.279316E-06  5.297798E-05  3.617042E-05 -8.430624E-05 -4.970402E-05  2.570606E-04  2.458296E-04  1.604751E-05
-5.214063E-05 -7.825868E-03 -2.669942E-02 -1.563270E-04 -3.576952E-05 -1.962148E-02 -4.144952E-04  1.623066E-02 -2.927041E-03  2.331898E-04
 2.026005E-02 -2.185294E-04 -4.575945E-04  4.085489E-03 -1.659713E-02 -3.101405E-04 -3.838687E-05  3.928968E-04 -9.221630E-03  3.712340E-02
 2.228341E-01 -4.675431E-04  8.751598E-04  2.564735E-01  4.699032E-03  4.090302E-01  7.877895E-01  1.624839E-03 -2.341459E-01 -4.111361E-04
 2.430690E-02 -2.319582E-04  1.724236E-01 -3.151188E-06 -6.679660E-02  4.878876E-04 -5.000727E-05 -4.158633E-02 -3.883451E-02 -5.034884E-07
-2.031258E-03 -5.606602E-06  1.558393E-03  1.321947E-05 -1.165053E-05  3.539439E-05 -2.705967E-04 -1.700672E-03 -1.360202E-03 -1.827792E-05
-1.714499E-04
  MODE      87
 1.218131E-06  2.270959E-06 -1.701993E-06 -3.233436E-06 -7.429244E-08 -1.484603E-08 -3.481319E-05  1.796455E-05 -1.980737E-05  1.016377E-05
-6.712093E-06  4.636354E-05 -2.283009E-05  2.753598E-05 -1.615980E-05  2.198173E-05  6.390127E-04  7.669996E-03 -4.218654E-05 -9.860420E-06
-2.145426E-05 -6.564477E-03 -1.765882E-03  2.933022E-05 -1.298652E-03 -9.692688E-03 -3.721781E-05  7.338002E-06 -6.068634E-06 -2.182368E-06
-1.540990E-05 -9.666592E-05  4.219680E-06  1.198485E-05 -6.691953E-05 -9.152535E-05  1.245584E-04 -3.317595E-05 -6.807509E-05 -6.544955E-06
 2.712231E-05  3.087486E-05  7.307426E-03 -9.585733E-04 -1.252956E-05  8.745016E-06 -2.494279E-05  1.952333E-05 -1.272411E-02 -2.777505E-05
 3.149262E-03 -5.914284E-05  8.243436E-06 -9.629516E-05 -6.329606E-05 -6.087116E-05  1.600960E-05  6.121244E-05  1.772835E-04 -2.359485E-05
 1.381174E-04 -3.892308E-03  5.289931E-02  3.255772E-04 -2.010183E-05  3.860447E-02  6.966338E-04  8.096503E-03 -1.050747E-03 -2.131396E-04
-3.983432E-02  1.290360E-05 -1.114525E-04  2.175849E-03  3.235507E-02 -1.622624E-04  2.279945E-04  2.208329E-04 -3.564844E-03 -7.430012E-02
-4.417987E-01 -7.264607E-04 -1.360825E-03 -5.065010E-01  1.649413E-03  2.070185E-01  4.004741E-01 -1.702219E-03  4.554962E-01  7.073949E-07
 1.135699E-02 -1.317077E-04 -3.408833E-01  3.913262E-04 -3.363000E-02  1.717040E-04  4.252410E-06  8.193106E-02 -1.932735E-02  3.246626E-05
 3.264575E-03  2.699032E-04  1.445714E-03 -2.727210E-05  1.466441E-05 -4.761829E-05  5.063655E-04  3.357901E-03  2.712305E-03 -6.026404E-05
-2.322436E-04
  MODE      88
-5.494684E-06 -6.125108E-06  3.352077E-06  8.269944E-06  3.133603E-07 -1.012871E-06  2.648538E-05 -4.514331E-07  5.504820E-06 -1.668203E-05
-2.545579E-05  9.465535E-07 -4.535363E-07  9.459441E-06  2.297898E-05 -7.588902E-06  1.371053E-03  5.717455E-03  4.056670E-05 -5.977453E-05
 2.204982E-05 -5.658722E-03 -6.892152E-03  2.421056E-05 -7.841087E-03 -3.272512E-03  2.197602E-05  6.527502E-06  1.233662E-07  8.574401E-07
-1.236416E-04  1.270979E-05 -4.139095E-05  1.944794E-05  6.248795E-05  9.596050E-05 -8.896977E-05  1.712618E-05  1.786398E-05  3.092665E-06
-5.163742E-05 -3.773550E-05  6.493684E-03 -1.016706E-02 -1.113152E-05 -2.236085E-05  3.168745E-05  3.864397E-05  6.134122E-03  5.817066E-05
 1.852977E-03 -6.412166E-05  7.485047E-06 -3.301553E-06  2.202276E-05  7.617296E-05 -3.779318E-06 -4.731154E-05 -1.425111E-05 -6.611809E-05
-5.975492E-05  8.065343E-04 -2.287082E-02 -7.433421E-05 -1.038167E-04 -4.540953E-03  1.037270E-04 -4.435345E-02 -2.141872E-02 -1.969805E-04
-6.537173E-03 -6.631719E-05 -1.614366E-04  1.628660E-02  1.397426E-02 -1.180472E-04  1.162186E-05  1.284556E-04  7.140797E-02  6.971325E-02
 3.884136E-02  3.082243E-04 -2.113377E-04  3.487449E-01  9.805817E-04  9.372394E-02 -8.510687E-03 -1.454501E-03  6.141997E-01  2.205348E-04
-6.104161E-01 -1.190421E-04  1.982710E-01  2.977043E-04  1.817766E-01 -8.385852E-04  3.133350E-05 -1.715144E-01  5.065879E-02 -1.653664E-05
 2.788418E-04  2.162656E-05 -6.153109E-05 -9.957853E-05  2.798138E-05 -1.867126E-04  2.265134E-03 -2.066266E-03 -1.663320E-03  3.058893E-04
 1.697342E-03
  MODE      89
 3.761838E-06 -6.507131E-07  2.889559E-06  4.443250E-06 -3.168518E-06  2.749591E-06 -3.714036E-05  2.956044E-06  5.723773E-06 -1.305193E-05
-7.519463E-06  7.830940E-06  2.921464E-05 -1.420349E-05 -2.775783E-05  4.197694E-08 -1.614373E-03  4.920973E-03 -3.736060E-05  2.193747E-05
-8.417388E-06 -4.827011E-03  8.021943E-03 -2.300926E-06  9.083503E-03 -2.923307E-03  3.984605E-05  6.604974E-06 -1.603303E-05  2.426493E-05
 9.132312E-05  1.669292E-05 -1.614450E-05 -9.880782E-06  6.735699E-05 -1.037451E-04 -3.257074E-05 -5.145121E-06  3.050346E-05 -1.698345E-06
 2.978068E-05  6.301414E-06  5.562720E-03  1.191828E-02 -7.991884E-06 -2.477559E-05 -3.257084E-05 -1.456233E-06  5.218132E-03  1.268760E-05
-2.133305E-03  6.678401E-06  9.766983E-07 -8.712547E-06  7.596262E-06 -5.391339E-05  5.012317E-05  4.464624E-05  6.058143E-05 -7.330470E-05
-4.676301E-05 -1.183938E-03 -1.943815E-02 -1.901333E-04  2.917700E-05 -4.065197E-03 -2.381647E-04  5.171898E-02  2.505439E-02  1.381184E-04
-5.260227E-03  7.044939E-05  4.035837E-05 -1.911878E-02  1.173624E-02 -4.839911E-05  3.868512E-05 -2.555726E-05 -8.327350E-02  5.939282E-02
 3.282187E-02 -7.884265E-05 -1.002603E-04  2.990654E-01 -6.079286E-04 -1.092393E-01  1.460909E-02 -1.216301E-03  5.288244E-01 -1.042432E-04
 7.097395E-01  8.478742E-04  1.702476E-01  2.437634E-04 -2.113453E-01  1.268855E-03 -4.889318E-05 -1.473400E-01 -5.891752E-02  1.142831E-05
 1.417978E-04  2.356999E-05  1.559579E-04 -7.373597E-05  1.666605E-04 -3.243933E-04  1.912909E-03 -1.833268E-03 -1.468082E-03 -3.186161E-04
-1.923488E-03
  MODE      90
 2.373995E-06  1.352811E-06 -6.338942E-08 -8.624822E-07 -9.377265E-07  9.902448E-07 -2.830566E-05 -5.745006E-06  2.164425E-07 -2.047240E-06
-7.054657E-07  3.254941E-04  5.399121E-06 -4.613416E-06  2.432835E-06 -1.754650E-05 -1.279686E-05 -1.214735E-06  2.011324E-05 -7.340981E-05
 2.324252E-06  6.924767E-06  1.519890E-05  1.822659E-03 -1.178139E-06 -4.439105E-06  4.329882E-06 -1.643179E-05 -2.176469E-05 -4.626419E-06
 1.244812E-05  8.672774E-05 -2.737190E-06  2.347639E-05 -6.843199E-07  7.233629E-06 -1.295350E-04  1.859669E-06  6.083458E-06 -2.790305E-05
-3.669751E-03 -4.349106E-03  1.410961E-05  1.725837E-05 -6.927701E-05  4.232836E-06 -1.150818E-06  2.435585E-05 -2.817569E-06 -2.867192E-05
-7.573423E-06 -3.365673E-05  7.734637E-06 -3.388222E-06  3.374447E-05 -1.992201E-05 -4.526374E-09 -2.104032E-05  3.038907E-06 -1.053357E-04
-2.651950E-02 -5.937811E-07  1.186845E-04 -1.919336E-02  4.196791E-02 -1.181421E-04  1.449555E-02 -6.953833E-05 -1.747912E-05 -1.304758E-03
 3.702987E-05  3.539056E-05  1.502794E-04 -1.502816E-05  2.488191E-06  4.489343E-05 -2.135924E-02 -2.045676E-05  9.450805E-05 -8.540741E-06
 1.774149E-04 -3.678579E-05  4.956004E-01 -9.081944E-05 -5.473974E-02  4.527210E-04  5.873914E-04 -5.907108E-01 -7.992245E-04 -3.812214E-04
 1.827167E-05  9.821479E-05 -1.949813E-04 -5.824741E-01 -1.064484E-03 -2.115076E-01 -1.219264E-01 -2.926886E-05  1.665772E-04  8.644392E-06
 3.458175E-05 -4.224775E-04  2.426320E-05  6.943764E-07  3.888533E-06  1.742863E-06 -8.999210E-06  3.058930E-03 -3.837272E-03 -1.765148E-03
 2.941179E-04
  MODE      91
 5.508931E-05 -4.009727E-05  6.921997E-05 -3.093708E-05  1.127665E-04  6.330561E-06  2.107960E-05  3.867216E-06 -4.067208E-06 -1.394337E-07
 3.840657E-05  1.568952E-05  7.071085E-05 -4.539963E-06  3.441492E-04  1.536745E-06 -6.678921E-06 -1.216378E-06 -4.080639E-05 -3.420165E-05
 8.184817E-06 -2.460167E-05  1.696768E-05 -2.774383E-05  3.109511E-05 -7.923235E-05  7.113453E-04 -6.809144E-02  3.460584E-02 -9.041764E-06
 1.126914E-05  1.648956E-02 -1.287859E-05 -2.323015E-05  1.205863E-05  4.018848E-05 -4.421143E-05  1.901527E-04 -2.309181E-06 -3.988545E-06
-1.893295E-05  2.228475E-05 -1.200588E-04 -8.742717E-05 -2.294202E-06  1.419715E-05 -2.698507E-04  4.236265E-05  7.209267E-04 -1.080418E-01
-8.967705E-05  8.806018E-05 -5.153162E-06  7.654587E-06  3.457186E-06 -7.196907E-05 -6.607672E-06  2.488986E-02  1.900872E-05  3.209238E-06
 9.564069E-05  6.633187E-04  5.178630E-04 -9.826685E-02 -4.468591E-02  2.310159E-04 -2.821571E-04 -2.337384E-04 -3.559346E-05  6.977987E-04
 5.433587E-04  1.685022E-01  5.012130E-01 -1.286804E-04  5.871406E-04  2.416736E-01 -1.069859E-04 -4.677106E-01  4.609989E-04 -2.142360E-05
-1.749304E-05  1.186723E-01 -2.759974E-04 -2.345643E-04 -2.480253E-06  1.197491E-04  3.579906E-04  4.904024E-04  3.398113E-04 -4.379725E-01
 1.725851E-04 -4.550687E-01  6.448673E-04 -3.091178E-04 -5.966238E-05 -7.148295E-05 -1.374110E-05 -2.987394E-05 -9.802947E-05  1.342256E-02
-7.529871E-05  3.634093E-05 -1.117227E-04 -2.395160E-03  4.117935E-04  1.845663E-05 -1.166186E-04  7.209648E-06  5.467215E-06  1.627248E-05
 2.159616E-05
  MODE      92
 2.569522E-06  8.964961E-07  5.365671E-07  1.835891E-07 -1.286367E-06  1.293049E-06  1.341771E-05  1.749314E-06  5.749980E-06  4.335985E-06
 1.377750E-06 -5.592400E-03  1.509029E-06  1.400987E-06 -1.663279E-05 -2.766568E-06 -5.965617E-06  6.893608E-06 -4.940248E-05  3.174051E-05
 9.194893E-07 -7.855077E-06  9.122223E-06  3.345262E-03 -1.380557E-05 -2.924317E-06 -6.458111E-06  1.768439E-05 -1.411512E-05  8.822500E-06
-1.113913E-05  6.800485E-06  6.487588E-06 -2.339200E-05  8.591601E-07 -4.044341E-05 -3.920110E-05 -2.276239E-06  2.018358E-06 -2.105900E-05
-8.080115E-04 -9.080430E-03 -1.125623E-05  2.216763E-05  1.411571E-05 -1.186549E-05  6.520420E-06 -7.603803E-05  1.102721E-05  4.772343E-05
-2.314746E-06  5.103579E-07  6.332945E-06  1.231704E-05 -4.801656E-05  3.165058E-05  3.508642E-06 -4.022562E-05 -1.411565E-05 -7.679914E-05
 1.740713E-02 -8.915900E-06 -1.659353E-04  3.085458E-02 -6.761964E-02 -2.701752E-04 -1.210679E-03  9.089014E-05  1.411238E-05  1.578975E-02
-1.719405E-04 -1.536343E-04 -1.768275E-04  1.002285E-06  1.324965E-05 -1.483949E-04  3.543188E-03  5.036240E-05 -2.265869E-05  2.728042E-05
-1.066530E-04 -3.343696E-05 -3.941435E-01  2.580128E-04  1.906357E-01 -1.763318E-03 -1.957589E-04  4.091322E-01  1.110320E-03  2.532752E-04
 2.670907E-05  5.054564E-04 -2.738747E-04 -5.669754E-01 -2.823444E-03 -5.591262E-01 -2.394288E-02  1.555101E-05  9.162610E-05  2.534707E-05
-7.718815E-05  1.076464E-03 -5.614761E-05 -2.198721E-05 -1.317122E-05 -9.005212E-06  1.767046E-05 -2.952163E-03  3.655473E-03 -3.216187E-03
 5.376158E-04
  MODE      93
-1.442150E-06 -4.967443E-07 -3.100574E-07 -1.725377E-07  7.883371E-07 -7.449256E-07  4.240398E-06  1.372835E-06  1.095048E-05 -2.439642E-06
-1.997646E-05 -5.221514E-06  1.639696E-05 -2.086788E-05  2.664862E-05 -1.560563E-05 -5.218912E-03 -9.001027E-03  1.828193E-05 -1.924499E-05
 6.762260E-06  1.290694E-03  1.621022E-03 -1.807299E-05 -7.677345E-04  4.556268E-03  2.098720E-05  9.808432E-06 -1.514353E-06 -9.943700E-06
-7.912450E-05 -1.760421E-05 -3.939485E-05  2.939722E-05  4.720100E-06  9.284819E-06 -8.308575E-05 -1.389160E-05  4.602721E-05  7.623411E-06
 1.029566E-05  2.982109E-06 -1.306651E-02  9.926352E-03 -1.902873E-05 -1.540028E-05  6.384135E-05 -4.079486E-06  1.814378E-02  1.191984E-04
 1.558484E-02 -7.175086E-05 -6.062728E-05  4.480711E-05  1.353358E-05  5.028802E-05  1.118928E-05 -1.851793E-05  5.056782E-05  2.625325E-05
-1.672319E-04  2.665571E-03 -3.888493E-02 -3.020350E-04 -3.083985E-06 -2.604828E-02 -4.194086E-04 -6.156666E-04  1.177741E-02  9.841838E-05
 1.223552E-02 -6.975222E-05  3.624157E-05 -2.498838E-02 -2.746220E-02  3.243281E-05 -2.465490E-06 -8.071692E-05 -3.119361E-03  1.634244E-03
 1.951687E-01 -1.386674E-05 -5.097537E-05  1.013502E-01 -1.739627E-03 -2.151268E-01  1.815732E-01  1.682954E-04  1.871013E-02 -1.454081E-04
 1.994615E-01 -4.113677E-04 -4.356246E-01  1.051479E-04  7.049409E-01 -3.164108E-03 -8.104351E-06 -1.803333E-01  3.288351E-01  4.866070E-06
-2.345612E-03 -6.776935E-05  1.048422E-03 -7.098026E-05 -4.366828E-04  4.558576E-04 -5.031918E-05 -2.291906E-03 -1.832844E-03  5.108485E-04
 2.933614E-03
  MODE      94
-1.727270E-06  2.672159E-06 -3.858279E-06 -6.754481E-06  2.638790E-06 -2.200416E-06  4.407788E-06  3.216154E-07 -2.429808E-05 -5.601106E-06
 1.032223E-05  2.988335E-05 -8.086884E-06  4.314559E-05  1.528292E-06  2.326100E-05 -3.253378E-03  1.461514E-02  8.496281E-06 -2.229328E-05
-4.804462E-06 -2.090823E-03  9.890679E-04  7.798894E-06 -4.880770E-04 -7.383202E-03 -3.087458E-05 -1.168359E-05 -2.963475E-05 -1.401818E-05
-4.254258E-05  4.336964E-05  2.121753E-05  5.080377E-06 -3.029352E-05 -1.117551E-06  6.926209E-05 -2.677673E-05 -8.176856E-05 -7.414223E-07
 1.726139E-05  3.294155E-05  2.116688E-02  6.203006E-03  8.850126E-06  2.617138E-05  4.563649E-05  5.239396E-05 -2.947994E-02 -1.893963E-04
 9.593749E-03 -2.144245E-05 -3.899353E-05 -5.786977E-05 -1.257078E-05  1.495859E-05 -1.319321E-05 -6.755688E-05  1.888084E-05 -7.646952E-06
 2.434243E-04  2.027144E-03  6.317698E-02  5.460602E-04 -1.664492E-05  4.245180E-02  7.393511E-04 -4.056433E-04  7.230022E-03 -4.307432E-05
-1.964481E-02  1.102801E-04  1.982421E-05 -1.536689E-02  4.455170E-02 -1.096911E-04  1.339982E-05  1.134854E-04 -1.312435E-03 -2.818522E-03
-3.173765E-01  1.481360E-05 -1.262525E-05 -1.644009E-01 -1.229158E-03 -1.324330E-01  1.114839E-01  2.516129E-04 -3.201005E-02  7.531497E-06
 1.226640E-01  9.449883E-04  7.075789E-01 -4.546416E-04  4.338137E-01 -1.952063E-03  2.168201E-05  2.933174E-01  2.026373E-01  1.404514E-05
 3.425170E-03  2.750600E-04  1.365867E-03 -3.554811E-05 -2.511377E-04  2.581703E-04  2.399305E-04  3.841634E-03  3.073562E-03  2.591021E-04
 1.674943E-03
  MODE      95
 1.638036E-06  5.900988E-07  3.206254E-07  3.623267E-08 -7.619460E-07  8.040735E-07 -1.078334E-05  2.165027E-06  1.167994E-06 -5.805557E-06
 1.622128E-05  8.494314E-06 -2.574789E-05  7.526407E-06 -1.644755E-05 -4.774041E-07  3.301355E-03 -3.177038E-04 -8.864305E-07  1.024471E-05
 1.069186E-06 -8.075417E-05  5.439573E-03 -9.817289E-06  1.060368E-02  2.059084E-03 -7.557727E-06 -1.999629E-06  9.986945E-06 -1.392842E-05
 1.413890E-05 -2.604717E-05 -8.834966E-06 -9.636644E-06  2.143621E-05 -4.727559E-05 -2.335675E-05 -4.808885E-05 -1.014572E-05 -1.470447E-05
 1.234979E-05  2.404811E-05  5.691006E-04  4.672223E-03 -1.385154E-05  9.288560E-06  2.976160E-05  1.120019E-05  6.505541E-03  4.309953E-05
-1.601113E-02 -1.485138E-05  1.788257E-05 -3.712829E-05  9.367736E-06 -1.051418E-05 -1.127217E-05  3.539164E-05  5.233962E-05 -8.180349E-06
 7.231967E-05  1.279571E-03  2.318792E-02  1.504165E-04  1.376669E-04  2.361681E-02  2.091655E-04  3.893103E-02  1.449261E-02  3.698775E-04
 2.393201E-02  2.115423E-07 -4.219780E-06 -1.349388E-02  5.444996E-03  9.454111E-07 -4.508282E-05  8.542045E-06 -7.719476E-02 -4.424123E-03
 9.921221E-03 -1.989366E-04  6.694845E-05 -2.327267E-01  8.866345E-04  1.214471E-01 -6.992479E-02  4.210785E-05 -5.191023E-02  2.887853E-05
 5.805646E-02  2.757956E-04  1.489424E-01  1.115580E-06  3.709147E-01 -2.375043E-03  6.428930E-05 -4.912580E-01 -7.133403E-01 -5.167035E-06
-2.026526E-03 -7.123409E-05  6.585547E-04  3.885559E-05  4.284786E-04 -4.806069E-04  6.811069E-04  2.210248E-03  1.772497E-03  1.695786E-04
 1.069076E-03
  MODE      96
 6.128276E-06  6.037404E-06 -2.890795E-06 -7.621245E-06 -7.735856E-07  1.450829E-06  9.121729E-06  4.793371E-06  4.933204E-06  1.098080E-05
 1.058904E-05 -1.933982E-06  9.020152E-06  6.937682E-06  2.209392E-05 -3.958250E-06 -2.281254E-03 -4.807558E-04 -1.510144E-06 -4.924887E-05
 2.663663E-05 -1.250380E-04 -3.759273E-03 -4.823029E-08 -7.293026E-03  3.102501E-03 -2.636148E-05 -2.179965E-05 -1.315193E-05 -2.209742E-06
-1.415430E-05  1.477819E-04  3.122243E-05  8.295859E-06  4.911767E-05  3.372045E-05 -5.260905E-05  2.987337E-05 -2.027125E-05 -2.281530E-05
 5.075626E-06 -4.968861E-05  8.277429E-04 -3.244148E-03 -1.613894E-05  6.054758E-06 -1.253044E-05  4.186011E-05  9.438079E-03  6.796317E-05
 1.104652E-02 -3.082120E-06 -1.593874E-05 -3.956083E-05  6.834470E-06  1.428375E-05 -1.623318E-05 -1.081525E-04 -2.356982E-05 -3.424999E-05
 1.381820E-04 -5.709502E-04  3.349266E-02  4.191947E-04 -6.173095E-05  3.436818E-02  6.908748E-04 -2.691694E-02 -1.037837E-02  2.897593E-04
 3.441955E-02 -7.883587E-05 -2.799138E-05  9.402621E-03  7.962000E-03  2.297459E-05 -7.537711E-05  8.305412E-05  5.330595E-02 -6.207226E-03
 1.462795E-02 -1.570926E-04 -1.976261E-04 -3.369675E-01 -8.601413E-04 -8.395702E-02  4.792471E-02  4.042716E-04 -7.617383E-02  1.165321E-04
-4.005260E-02  1.965460E-04  2.157695E-01 -2.783295E-04 -2.555569E-01  1.621839E-03 -4.033279E-04 -7.126813E-01  4.919536E-01 -2.133032E-05
-2.579871E-03 -2.087790E-04 -1.042994E-03 -7.687347E-05 -2.118312E-04  1.355763E-04  1.106407E-03  3.194111E-03  2.552229E-03 -1.550614E-04
-8.230752E-04
  MODE      97
 1.969189E-06  7.931410E-07  3.006192E-07  9.246814E-10 -1.011888E-06  9.698571E-07 -9.985997E-06  7.332032E-06  2.102852E-06  3.268545E-06
 3.407096E-06  9.682815E-04  9.461919E-07 -1.235322E-05 -1.465593E-05  1.165644E-05  8.129605E-06 -4.541388E-06  9.111964E-06  6.664172E-06
 3.198678E-05 -1.623909E-05 -2.220102E-05 -3.284454E-03 -3.821887E-05  5.776996E-06 -1.033360E-06  2.743534E-06  2.717494E-05  1.906385E-05
 5.355650E-05 -5.003589E-05  3.614747E-07  2.135841E-05  1.341614E-05  7.882262E-06 -4.182593E-05  2.363573E-06 -3.410694E-06 -1.509867E-05
 6.395010E-04  2.523340E-02  2.882805E-05  1.040940E-06 -1.032958E-05  1.186918E-06  2.427162E-06 -3.933522E-05  4.892975E-06  1.412978E-05
 1.414792E-05  3.232101E-05  4.742177E-08 -1.893227E-05 -8.437602E-05 -3.469776E-05  6.459633E-06  1.239804E-05 -3.500546E-05  2.764166E-05
-1.212041E-02 -1.114809E-04  1.577124E-04 -2.641900E-02  5.812943E-02  2.964872E-04 -6.542247E-03 -9.381891E-05 -9.380945E-05 -6.223878E-04
-2.933747E-05 -6.159949E-05 -4.894736E-05 -2.670567E-05  2.732469E-05 -3.383915E-05  6.556201E-03 -1.058109E-04  1.473888E-04  4.278018E-05
 7.881256E-06  1.180633E-04  2.212830E-01 -1.319522E-04 -9.918923E-02  7.705091E-04  2.481257E-04 -7.605170E-02 -1.613189E-04 -1.795449E-04
 1.891226E-04 -2.227627E-04  2.481384E-04  4.882030E-01 -3.808671E-03 -7.638899E-01  3.294599E-01 -1.157990E-04  7.879307E-04  3.025806E-05
-4.057591E-05  3.480290E-04  1.022408E-05 -1.038178E-05 -1.355613E-05  1.874822E-06  1.139843E-05  2.426212E-03 -3.073540E-03 -2.606392E-03
 4.020543E-04
  MODE      98
-3.813465E-04  2.796885E-04 -4.814858E-04  2.083232E-04 -7.777472E-04 -4.513606E-05 -2.212578E-05 -2.441062E-06 -7.032733E-06  4.296477E-06
-4.688081E-05  5.295124E-05 -1.933548E-04  4.002262E-04 -2.076488E-02  6.548945E-06  1.625929E-05  1.384608E-05  4.634732E-05  6.353475E-06
 1.417302E-06 -1.133352E-05  9.125971E-06  6.833495E-05 -6.333689E-05 -2.438147E-04 -3.905534E-05  6.738319E-02  1.145246E-01 -1.104125E-06
-9.692920E-05 -5.104816E-01  5.233065E-05  3.705480E-05 -9.121643E-06 -1.088480E-04  2.350154E-05  1.598298E-04 -3.948669E-06 -1.958572E-06
-5.045328E-06 -1.405858E-05 -7.721367E-05  1.125799E-04  1.103100E-05 -7.909032E-06 -6.356128E-05  1.136663E-05  2.180294E-04 -2.898358E-02
-2.514645E-05 -2.836354E-05 -6.978363E-05  2.721909E-07 -7.076073E-06 -2.744453E-05 -2.400935E-05  3.319679E-01 -2.043234E-05 -3.683008E-06
 6.251510E-05  6.032048E-04  4.624840E-04 -5.540384E-02 -2.525983E-02  1.472632E-04 -3.663550E-05  7.274675E-05  1.193724E-04 -3.121137E-04
-4.927543E-05 -8.299131E-02  5.829483E-02 -4.740099E-05  4.868603E-05  5.819915E-03  2.442843E-05 -1.982582E-01  1.562727E-04 -3.767599E-05
 5.299043E-05  8.410483E-02  8.249172E-05 -1.332448E-05 -3.799089E-05  1.252267E-05 -2.410252E-05  9.118207E-05 -1.191631E-04 -3.729419E-01
-5.938573E-04  6.409087E-01 -6.070726E-04  2.399156E-04 -3.275818E-05  1.058994E-04 -1.099096E-04 -1.060001E-04  1.357954E-04  4.069279E-03
-9.469439E-06  8.704354E-06 -1.795909E-05  5.271036E-04 -8.687535E-04 -7.568296E-04 -3.819014E-05  7.043635E-06  2.697998E-06 -3.897555E-06
-7.302836E-07
  MODE      99
 5.576307E-07  4.457253E-08  2.757044E-07  3.180686E-07 -3.320695E-07  3.341040E-07  2.798048E-06 -2.545338E-06 -1.940610E-08  1.197921E-05
 1.071125E-06  4.538647E-03 -3.254781E-06 -1.362252E-05  1.474315E-05  6.129657E-06  4.092018E-06 -9.624648E-06 -6.411918E-06  4.164955E-05
-4.013066E-06 -5.971891E-06 -2.031251E-05 -1.263273E-02  1.088295E-05  1.467856E-05  6.975487E-08  2.312542E-05 -3.196374E-06 -2.244103E-06
-4.686054E-06  4.165024E-05 -3.264533E-06 -3.521045E-06  2.301353E-05 -2.432396E-06  2.735532E-06  2.793420E-07  6.864815E-06  1.441250E-05
 3.548942E-04  2.118424E-02  8.925706E-06 -2.642191E-05 -1.196940E-05 -5.922611E-06 -2.771180E-07 -2.679057E-05  1.423973E-05  1.336561E-05
 1.987073E-06  6.901612E-06  2.969561E-06 -3.031024E-05  6.449737E-05  7.839560E-06 -3.699147E-06 -3.616719E-05 -1.100630E-05  6.383105E-05
 3.424088E-03 -1.569664E-05 -2.377556E-05 -1.062075E-02  2.333095E-02  3.801322E-05  3.668915E-03 -2.313420E-05 -9.181610E-06 -3.687908E-03
 7.215042E-05  3.584593E-06  5.574618E-06  1.141912E-05  5.503669E-05 -3.625527E-05  1.470743E-02  2.579820E-05 -7.324285E-06  1.311024E-05
 7.830379E-05  3.180225E-05 -1.355291E-02  1.794372E-04 -1.957585E-01  1.795715E-03  8.467008E-05  4.660868E-02  5.727559E-05  5.801372E-05
 6.262407E-05 -1.360617E-04  8.446507E-05  2.362661E-01 -9.832680E-04 -2.269396E-01 -9.221950E-01  2.589696E-04  4.044670E-06 -8.000452E-06
-1.005693E-04  2.341979E-03 -1.355909E-04 -3.300327E-06  2.277898E-06 -8.181464E-06 -5.120590E-06 -1.250598E-03  1.597334E-03 -5.321251E-04
 9.886634E-05
  MODE     100
 1.212009E-05 -5.850029E-06  1.224954E-05 -7.477308E-06  2.046945E-05  1.754522E-06 -2.207938E-05  3.770794E-06 -5.880004E-06  1.181019E-06
-6.815826E-06 -4.263150E-05 -5.464369E-06  1.598416E-05 -6.898895E-05  5.913017E-06  1.116739E-04 -1.999638E-04 -2.213195E-05  2.068536E-06
-3.268699E-06 -4.822135E-04  2.701528E-04  1.188125E-05  1.897053E-04  1.906062E-04 -1.018766E-05 -5.286331E-04  4.692515E-04  4.072814E-06
 4.216888E-05  1.418640E-04  2.972357E-06 -1.602898E-05 -2.703437E-05 -4.089754E-05  2.587856E-05 -3.459906E-05 -1.680770E-05 -1.003033E-05
 4.139545E-06  4.531832E-05 -2.577876E-04 -6.045687E-05  4.937559E-07 -2.390950E-05  2.780912E-05  1.175639E-05  9.937623E-05 -8.185599E-04
-2.927278E-04  6.907778E-06  2.152404E-05 -5.667567E-05 -1.341274E-05 -3.287760E-05  3.165436E-06  2.520603E-04  4.460871E-05  5.820863E-07
-6.610406E-06 -2.331265E-04 -3.310670E-04 -5.672381E-04 -1.909991E-04 -8.450601E-04  2.514295E-05  5.742531E-04 -1.435731E-04  2.826592E-05
-8.140985E-05  8.679834E-04  2.407030E-03  1.147053E-03  8.188348E-04  1.645443E-03  3.254715E-04 -1.703890E-03 -1.782107E-03  6.147521E-04
 2.370702E-03  7.671746E-04 -1.141957E-04  1.059419E-03  2.983437E-05  1.235776E-03  9.971985E-04 -2.419184E-04 -1.717157E-03 -9.965813E-04
 4.959639E-04  6.820191E-05 -8.964276E-04 -3.042378E-05  1.249410E-03  1.035587E-04  2.950826E-04 -3.261527E-03  1.073506E-04 -2.438333E-01
 7.802063E-01  1.332156E-01 -5.602806E-01 -2.999345E-03  2.697244E-03 -7.453656E-03 -6.344078E-03  1.275883E-03  6.533282E-04 -1.260908E-04
 2.610197E-04
  MODE     101
-3.571725E-05  2.695508E-05 -4.586734E-05  1.907153E-05 -7.365415E-05 -4.213986E-06 -3.545403E-07  2.024390E-06 -3.090813E-06  1.500455E-06
 1.024166E-05  1.768060E-04  2.507470E-05  2.419926E-06  1.404460E-04  5.796407E-07  4.093206E-05 -3.698776E-05 -1.531484E-05 -2.165392E-05
-2.834761E-06 -9.687486E-05  9.855482E-05 -1.070491E-06  6.783186E-05  3.640314E-05 -1.700773E-05  1.867777E-03 -1.654579E-03  5.865081E-07
 2.837779E-05 -5.125097E-04 -7.181756E-06  2.106567E-05 -2.631661E-06 -3.388205E-05 -1.699279E-05  5.551954E-05 -8.383962E-06  4.702470E-07
-2.298966E-05 -1.050821E-04 -6.605641E-05 -3.507979E-05 -1.744600E-05  3.283357E-06 -2.620712E-05  9.078321E-06  1.819835E-07  2.917513E-03
-1.241400E-04  3.166674E-05  3.355020E-05 -1.296783E-05  2.260627E-05 -2.121653E-05 -1.270344E-05 -7.990816E-04  1.754255E-05 -2.349112E-06
 2.281535E-05 -8.965784E-05 -8.110473E-05  1.918270E-03  7.346416E-04 -1.828140E-04 -1.097779E-04  2.007345E-04 -6.319178E-05 -1.018131E-04
-2.545830E-05 -3.084397E-03 -8.582259E-03  4.306699E-04  1.437750E-04 -5.834107E-03 -1.104304E-03  6.122782E-03 -6.850105E-04  1.211013E-04
 4.516343E-04 -2.825004E-03  3.666412E-04  2.096756E-04  3.909921E-05  4.857770E-04  3.625914E-04  8.279861E-04 -3.232323E-04  3.488990E-03
 1.744741E-04 -3.089275E-04 -1.562704E-04  1.443119E-04  4.853707E-04 -4.751402E-04 -8.838320E-04 -6.276379E-04  5.507247E-05  8.641886E-01
 1.890036E-01 -4.148598E-01 -2.117349E-01  1.295860E-02  9.639916E-03  6.783402E-03 -3.459520E-04 -1.481901E-03  2.284390E-03 -5.860320E-04
 6.224837E-04
  MODE     102
 1.215798E-06 -4.469545E-07  1.145180E-06  7.755153E-07  1.161098E-07  6.502226E-07  2.448461E-05  4.071422E-06 -9.824354E-06  4.416798E-06
 2.128373E-06  1.016052E-04 -1.859251E-06  1.344849E-05  2.571784E-05  4.551915E-06 -1.245970E-04 -2.013200E-04  2.269674E-05 -2.663450E-05
-4.437307E-06 -4.942169E-04 -2.903772E-04  1.798679E-05 -1.760574E-04  2.220731E-04  7.179848E-06 -3.099155E-05  1.922746E-05  3.178547E-07
-3.780299E-05  4.384875E-06  2.251300E-06  3.043054E-06 -2.529318E-05  4.477340E-05 -3.532783E-07  1.827381E-05 -1.564890E-05 -1.069262E-05
-2.286015E-05 -4.330262E-05 -2.433037E-04  8.637765E-05 -1.649748E-05 -2.110576E-05 -1.418398E-05  1.811697E-05  1.009530E-04 -2.455738E-05
 3.123591E-04 -4.789371E-06 -1.986588E-05 -5.429808E-05  1.017527E-05  1.986395E-05  1.229277E-05 -3.399145E-05 -5.350692E-05 -1.241772E-06
-9.010204E-06  1.957733E-04 -3.147503E-04 -2.898267E-05 -7.777660E-05 -7.793497E-04 -5.962868E-05 -5.616091E-04  1.754267E-04 -6.968539E-05
-9.231192E-05  2.544194E-05  1.027811E-04 -1.155873E-03  8.527377E-04  6.811191E-05 -5.789585E-04 -7.046517E-05  1.906652E-03  6.894613E-04
 2.390138E-03  3.053272E-05  1.734320E-04  1.076052E-03  9.376736E-06 -1.301559E-03 -9.928612E-04  4.345770E-04 -1.729830E-03 -4.836864E-05
-4.565139E-04 -1.026553E-05 -8.951984E-04  6.137905E-05 -1.343989E-03 -2.422229E-04 -4.442441E-04 -3.241727E-03 -2.073587E-04 -6.350776E-04
 5.929526E-01 -1.362383E-01  7.935292E-01 -1.433186E-03 -6.224011E-03  7.386266E-03 -2.969558E-03  1.145984E-03  3.052955E-03 -7.580857E-04
-2.710763E-03
  MODE     103
 1.830682E-05 -1.350055E-05  2.318418E-05 -1.009367E-05  3.756627E-05  2.125602E-06 -1.375092E-05 -1.101009E-06 -7.677413E-07 -2.221758E-06
-6.516791E-06  3.496823E-04 -1.222902E-05 -1.222869E-06 -7.176308E-05 -2.295846E-06  2.603396E-05  4.126137E-05  9.953214E-07  3.247028E-06
-1.339253E-05  1.039196E-04  6.417951E-05 -2.019934E-06  3.708311E-05 -5.077459E-05  6.463824E-06 -9.493713E-04  8.381092E-04  3.480751E-06
-3.942851E-05  2.686860E-04  3.895016E-06 -3.638916E-06 -7.431795E-07 -3.472119E-06  3.900856E-06 -3.600223E-05  4.199304E-06  2.772399E-06
-6.773827E-05 -2.007337E-04  6.321395E-05 -9.177413E-06 -1.983686E-05 -7.402460E-06  1.608779E-05 -2.002324E-05 -1.560188E-05 -1.481041E-03
-6.574389E-05 -4.411542E-05 -1.230784E-05 -2.670565E-06  3.492979E-05  1.479708E-05  3.990805E-06  4.107405E-04  3.481029E-05  1.550071E-06
 7.560318E-05 -3.623629E-05  7.230913E-05 -8.260132E-04 -6.714841E-04  1.688216E-04 -2.138769E-04  1.192726E-04 -4.060476E-05 -2.460188E-04
 2.050861E-05  1.580806E-03  4.383964E-03  2.441739E-04 -1.739418E-04  2.969598E-03 -2.353460E-03 -3.130502E-03 -3.848675E-04 -1.465976E-04
-4.645312E-04  1.432307E-03  7.949868E-04 -2.126245E-04  1.085680E-04  2.667496E-04  2.289460E-04  1.783981E-03  3.532632E-04 -1.779364E-03
 9.999755E-05  1.641335E-04  1.755805E-04  2.898482E-04  2.747123E-04 -1.075245E-03 -1.872683E-03  6.369507E-04  3.410095E-05 -4.393952E-01
-6.210738E-02 -8.896734E-01 -1.066670E-01 -5.943090E-03 -2.396155E-03 -5.799574E-03  4.643006E-04 -4.305640E-03  3.739997E-03 -1.913799E-03
 5.562869E-04
  MODE     104
-1.020646E-04  7.425521E-05 -1.282479E-04  5.631405E-05 -2.077498E-04 -1.202962E-05 -3.893735E-06  4.184081E-06 -2.829489E-06  2.134011E-06
-4.200095E-07  2.388929E-07 -1.940974E-06  2.471390E-06 -1.625851E-04  2.720840E-06 -1.036287E-05 -1.672665E-05 -2.547816E-05  1.166724E-05
-6.147822E-06 -6.088890E-05 -2.714355E-05 -4.139832E-06  5.401168E-05  5.108316E-05 -3.901730E-06  5.744502E-04  9.689678E-04  2.083303E-06
 1.354412E-05  4.572161E-04  9.145246E-06 -9.406099E-06  3.884553E-06 -3.779793E-05 -3.347065E-05  3.613745E-06 -4.883063E-06  2.441932E-05
 9.082601E-07  4.708238E-06  8.147417E-05  6.150667E-05  3.418134E-05  8.071119E-06 -2.610154E-06 -4.278773E-05 -5.937806E-05  3.542483E-04
-4.360333E-06  2.229868E-05  1.550796E-05 -4.149160E-06  1.561124E-06 -1.035151E-04  1.771392E-05  5.680837E-05  1.417204E-04  1.324532E-05
 5.560743E-06  2.648530E-05 -7.826444E-05  3.447963E-03  1.568521E-03  1.836037E-04  4.379798E-06  1.320677E-04  1.302367E-04 -9.436099E-07
-1.365484E-04  7.868060E-04  1.315781E-03  1.167975E-04 -1.963652E-04 -1.784578E-03  1.176912E-05 -8.207015E-04  8.370022E-05  3.005621E-04
-7.323400E-05  3.394397E-03 -5.575029E-06 -1.126864E-05  2.341922E-06  9.378589E-06 -4.230398E-06 -7.984297E-07 -2.014742E-04 -2.093555E-04
 3.029387E-06 -2.240295E-03 -1.026877E-04 -5.010775E-06 -1.944293E-05  1.331836E-06 -2.953186E-06  8.249713E-05 -6.133383E-05  4.350648E-04
 1.028258E-03 -2.854656E-05 -2.090055E-04  6.459714E-01 -6.244101E-01 -4.339437E-01  6.696454E-02  1.635607E-04 -6.698382E-04 -6.174748E-05
 7.524010E-04
  MODE     105
-7.191595E-07  4.813039E-06 -5.224332E-06 -1.113807E-06 -7.125713E-06  2.782785E-07 -2.004646E-05  4.928365E-07  5.215387E-06 -4.550317E-06
-6.972554E-06 -6.748455E-06  3.363420E-06 -1.902595E-05 -1.723719E-05 -3.984436E-06  1.517117E-04 -9.171883E-05 -1.556037E-05 -8.761084E-06
 4.248445E-06 -3.295980E-04  4.617559E-04 -2.608058E-06 -7.909635E-04  2.828054E-04  1.397950E-05  2.233803E-05  3.047179E-05  1.292611E-05
-2.978336E-06  2.053544E-05 -2.151089E-05  4.889392E-06  5.510831E-06 -2.998669E-05 -2.464710E-05 -3.017094E-06  5.033430E-05 -3.123182E-06
-5.158028E-07 -1.193002E-06  4.415695E-04 -9.200086E-04 -4.992482E-06 -6.409993E-05 -2.896818E-05  7.166794E-07 -3.255699E-04 -7.731578E-06
 7.581481E-05 -3.969550E-05 -5.284963E-05  5.008085E-06 -2.794519E-06  2.882739E-06 -1.060187E-04  2.919515E-05  6.809688E-05  7.942288E-05
 6.577403E-06 -4.992330E-04 -3.278166E-04  1.230529E-04  5.174122E-05  1.044234E-03  2.857520E-05 -1.964751E-03 -2.028142E-03 -1.092309E-05
-7.386526E-04  1.543947E-05  6.234710E-05 -1.766633E-03 -1.044914E-03 -4.545611E-05  8.549379E-06 -1.243134E-05 -1.418580E-03  1.568351E-03
-4.024196E-04  9.637935E-05  5.843442E-07 -5.428591E-05  9.400754E-06 -4.950304E-05  9.802529E-05  9.142583E-06 -1.112469E-03 -7.000682E-06
 2.217171E-05 -6.898383E-05 -5.408215E-04  3.493373E-07  2.937879E-04 -6.235594E-06  3.537977E-06  4.666955E-04  9.117654E-04 -2.485362E-04
 1.627499E-03  8.740673E-04  1.179501E-02  1.160216E-01  6.435837E-01 -7.154589E-01  2.454966E-01 -7.136802E-04 -2.106894E-03  1.006981E-03
 4.074678E-03
  MODE     106
 4.569807E-06 -7.042756E-06  9.492401E-06 -1.062176E-06  1.404212E-05  2.679795E-07  5.917833E-06 -1.235627E-06  7.458461E-06  1.484271E-05
 7.488436E-06 -9.177414E-06  4.942898E-06 -2.188176E-05 -3.004093E-06 -5.727913E-06 -5.222800E-05 -2.490172E-04  8.275848E-06  1.784598E-05
-3.785357E-06 -8.830349E-04 -1.739628E-04 -5.058970E-06  2.827675E-04  7.676880E-04 -3.836660E-07 -5.172370E-05 -5.293620E-05  3.233245E-05
-9.406103E-06 -8.128048E-05  1.471817E-05  2.581938E-06  4.481808E-05  1.426575E-05 -9.849835E-06  2.166972E-05 -9.111073E-06 -8.533327E-06
 4.829179E-06 -1.093409E-05  1.169643E-03  3.426890E-04 -8.705245E-06  1.525383E-05 -1.909550E-05 -3.968936E-05 -8.553757E-04  4.201068E-05
-2.717025E-05 -1.449225E-06  3.214625E-05 -3.158228E-05 -6.542002E-06  1.475127E-05  3.000263E-05 -3.030267E-05 -2.364738E-05  2.086858E-04
 1.949140E-06  1.842162E-04 -8.145719E-04 -2.436630E-04 -1.256676E-04  2.804023E-03  4.689635E-05  7.286090E-04  7.658085E-04 -2.033346E-06
-1.931909E-03  7.822213E-06 -2.863377E-04  6.457930E-04 -2.703967E-03  2.050251E-05  5.173394E-06  9.373799E-06  5.085532E-04  4.189272E-03
-1.037998E-03 -1.543621E-04  8.623130E-06 -1.320996E-04 -1.202447E-05  1.581789E-05 -2.802624E-05  5.694216E-07 -2.973643E-03  2.579269E-05
-4.989525E-06  1.403673E-04 -1.419000E-03 -4.782918E-06 -1.115426E-04  1.464642E-05 -1.129058E-05  1.219199E-03 -3.372034E-04  1.175623E-03
 6.523398E-03  4.658813E-04 -4.218324E-03 -1.578068E-01 -1.670753E-01  1.538031E-01  9.609271E-01 -2.464419E-03 -3.143717E-03  1.037387E-03
-3.319410E-03
  MODE     107
-4.365812E-05  3.120152E-05 -5.428761E-05  2.442945E-05 -8.828408E-05 -5.151010E-06 -2.820754E-06 -1.396859E-06  5.703076E-06 -4.055928E-07
 1.403374E-05  4.069547E-06  2.329818E-05  1.175889E-05 -5.199934E-04 -5.991274E-06 -4.314433E-07  6.766406E-06 -1.969666E-05 -8.802033E-06
 4.011643E-06  2.676562E-05  7.528412E-06 -1.153512E-06 -1.361197E-05 -2.477535E-05  1.616950E-05 -6.328360E-05  6.726656E-04 -2.629324E-06
 6.552648E-05 -1.120384E-03 -6.437203E-07  2.532706E-05  6.469269E-07 -1.774731E-05  4.557375E-06  7.127578E-05 -9.248031E-07 -3.964727E-05
 5.682360E-07 -1.370126E-05 -6.755900E-05 -3.379489E-05 -4.407108E-05  1.851597E-06 -6.019175E-05  7.902797E-06  1.964093E-05  2.202277E-03
-7.190447E-06 -6.061519E-05  2.121793E-05  2.679278E-06 -1.507763E-05  3.750135E-05 -2.649598E-05 -7.092710E-04  1.570108E-04 -1.054523E-05
-1.153433E-05 -9.119361E-06  9.812764E-06  8.147967E-04  3.653345E-04 -1.066405E-04 -4.274715E-06 -4.960939E-05 -5.146794E-05  3.143892E-05
 7.976644E-05  1.466692E-03 -4.806816E-03 -3.649591E-05  9.353146E-05 -3.499010E-03  9.124426E-06 -1.235677E-03 -3.276322E-05 -1.503688E-04
 3.137211E-05  2.773328E-03 -2.454098E-07  5.158924E-06 -1.389016E-05  9.712449E-06 -2.234789E-06 -2.573424E-05  1.040436E-04 -6.464132E-06
-4.201241E-06 -1.262789E-03  6.702140E-05  6.608889E-06  1.205434E-05  2.350129E-05  5.035518E-06 -4.287365E-05  1.821738E-05  1.974014E-02
-7.477431E-04 -3.776445E-04  4.478738E-04 -7.376395E-01 -4.096416E-01 -5.252635E-01 -1.082924E-01  7.410902E-04  1.525820E-03  3.885390E-05
 1.626875E-03
  MODE     108
 2.445302E-07  1.650434E-07 -3.299418E-08 -1.138629E-07 -1.127299E-07  9.948344E-08  2.815114E-06  9.356514E-06  5.265963E-06 -3.674466E-08
 9.854831E-08  7.142837E-05 -7.291218E-07  6.094128E-06  4.152035E-06 -6.020717E-06 -4.062677E-06 -1.635997E-06 -5.809257E-06  1.562011E-05
-1.008239E-05 -6.822770E-06  1.115529E-05  1.383483E-04  2.030289E-06 -1.362215E-05 -5.435837E-07  2.136939E-06 -8.819756E-07 -6.072046E-07
 5.017831E-06 -3.670109E-06 -7.101415E-07 -9.223964E-06 -1.438525E-06 -1.109581E-05 -1.182202E-04 -3.841577E-06 -1.076773E-05 -8.442648E-06
 1.294113E-05 -9.858621E-04  3.263202E-06 -1.512746E-05  1.523870E-05  1.419142E-05  5.508481E-06 -1.307139E-04  4.184252E-05  6.032716E-06
-1.718515E-05  2.931419E-05 -1.562862E-07 -2.651392E-06 -3.572662E-05 -6.203214E-05  7.208543E-06 -5.338391E-06  1.557680E-05  1.086443E-05
-2.850751E-04 -6.184557E-05 -1.820020E-04 -2.145190E-03  4.687015E-03 -1.695988E-04  3.292391E-03 -9.110731E-05  8.930341E-05  1.717789E-03
-1.074047E-04 -1.557831E-05  2.291354E-07  7.212837E-06 -6.561986E-06 -7.782685E-07  8.892347E-05  2.853419E-06  2.302041E-06 -1.712878E-05
 1.260951E-04 -4.917079E-06  5.195806E-03  2.951926E-04 -1.313383E-03  2.374076E-05 -6.387490E-06 -2.029649E-03  2.100483E-05 -8.432353E-06
-2.387448E-05  1.893012E-06 -1.090621E-04 -5.283054E-04  8.115309E-05 -3.272466E-03  2.178446E-03  2.220060E-05  2.084995E-05 -1.850393E-04
-6.412401E-04  3.431566E-03 -4.812364E-04  8.507214E-04  3.867301E-04 -7.173390E-04  4.947956E-05 -4.401968E-01  6.131198E-01  6.424426E-01
-1.321904E-01
  MODE     109
 3.889356E-06  2.480829E-06 -3.931258E-07 -2.135077E-06 -1.185470E-06  1.460063E-06 -8.022665E-06  2.436254E-06 -9.044809E-06  1.333596E-05
 1.534065E-05  6.147344E-06  1.244399E-05  2.161736E-05 -1.916393E-05  8.367121E-06  3.340253E-05 -1.008741E-04 -1.578566E-05 -8.049468E-06
-1.643520E-06 -1.492995E-04 -8.632830E-05  4.804705E-06 -9.402994E-05 -3.003338E-04 -6.919599E-07 -1.358331E-07 -8.786725E-07 -1.368430E-06
 5.360428E-05 -4.825058E-08  5.113066E-05 -1.277088E-05  3.934067E-06 -2.543617E-05  1.682496E-05  4.518089E-05 -7.611493E-05  4.028622E-06
 6.628983E-06  2.681586E-05  9.867763E-05  5.210789E-04  5.568243E-06  7.459067E-05 -9.268547E-05  1.816688E-05  8.320201E-04  9.137638E-06
 3.200740E-04  3.259545E-05  8.670524E-05 -4.140371E-05 -3.238802E-06 -3.622154E-05  5.757687E-05  1.449051E-05  2.016165E-05  1.877939E-05
-3.822173E-06  1.173998E-03 -4.232723E-03 -2.437050E-05 -6.878808E-05 -2.752527E-03 -1.016061E-04  2.216304E-03 -2.578692E-03 -5.931652E-05
-2.100899E-03 -1.105052E-05 -2.443055E-05 -1.270333E-04 -4.576417E-04  3.741701E-06 -7.548664E-06  1.610010E-05  3.270123E-07 -3.756281E-04
 2.654807E-03 -1.570088E-05 -9.212898E-05  6.337953E-03  5.011681E-05 -3.733999E-04  5.696402E-05  3.178606E-05  5.716773E-04 -1.142146E-05
 7.069689E-04 -1.350666E-05 -2.528514E-03  1.417343E-05 -2.581453E-03  3.337721E-05 -1.107648E-05  4.761751E-04 -3.775284E-04 -4.784472E-04
-1.536929E-03 -5.575626E-04  1.726921E-04  5.854645E-04 -3.894487E-04  2.609605E-03  4.795215E-03  6.487376E-01  5.008132E-01  8.318286E-02
 5.668041E-01
  MODE     110
-1.695031E-06 -7.556328E-07 -1.758391E-07  2.857026E-07  6.769802E-07 -7.644215E-07 -1.768265E-05 -1.733993E-06  7.811583E-06 -8.687309E-06
 1.345341E-05 -3.719368E-06  2.387329E-05 -1.719276E-05 -1.843067E-05 -4.579426E-06  4.851815E-05  7.966966E-05 -1.687442E-05  1.934165E-05
-2.390322E-06  1.285031E-04 -1.132820E-04  1.367244E-05 -1.466377E-04  1.893766E-04  1.407625E-05  5.648936E-06 -2.223222E-06  7.092630E-06
 4.399208E-05  6.753392E-06  3.823894E-05 -7.351686E-06  3.223951E-06 -3.234117E-05  3.471405E-06  7.273943E-05  5.537896E-05  3.295759E-07
-9.759006E-07 -2.892316E-05 -6.792856E-05  7.264513E-04  2.928818E-06 -5.686999E-05 -1.518336E-04 -2.293028E-05 -6.165736E-04 -1.017706E-05
 4.472360E-04  6.822169E-06  4.802985E-05  2.305376E-05  4.052883E-06 -2.284644E-05 -6.513404E-05  3.229851E-05  4.892969E-05  3.184385E-05
-7.040232E-05  1.684907E-03  3.063011E-03 -6.716987E-05  2.702557E-04  1.926149E-03  8.498534E-05  3.049141E-03 -3.632168E-03 -9.695232E-06
 1.485681E-03  8.362496E-06 -4.680342E-06 -2.142666E-04  2.808924E-04  9.370412E-07  2.754773E-05  9.200550E-06 -2.976728E-05  2.219878E-04
-1.956685E-03 -1.254938E-05  3.453245E-04 -4.604963E-03 -1.080156E-04 -5.048752E-04  8.797610E-05 -1.130500E-04 -3.608180E-04  8.167206E-06
 9.611851E-04  1.257279E-05  1.827569E-03  2.038506E-05 -3.539965E-03 -5.624133E-05  1.342561E-04 -3.355294E-04 -4.762076E-04 -5.137137E-05
 2.753056E-03  6.300176E-04  2.815706E-03 -6.997734E-04 -2.288071E-03  3.828771E-03 -7.739522E-04 -4.757424E-01 -3.201997E-01  1.454892E-01
 8.061342E-01
  MODE     111
 6.294307E-07  5.158300E-07 -1.777555E-07 -3.573312E-07 -3.744454E-07  2.543220E-07 -3.308274E-06  4.913876E-06  2.045070E-05 -1.894997E-06
 8.705673E-07 -4.727473E-05  1.345009E-06 -6.105808E-06 -3.644820E-06 -2.023797E-05  2.149003E-06  3.707858E-06  9.482819E-07  1.637167E-06
 4.379989E-06 -1.206170E-06 -4.584595E-06 -4.384590E-04 -5.684366E-06  3.897051E-06  7.849720E-07  5.248458E-06  3.726788E-07  1.628035E-06
 1.880497E-05 -2.791821E-06  1.607047E-07  6.964134E-06  7.110999E-07  6.242502E-06 -6.094603E-05  1.901130E-06  1.084467E-05 -1.079052E-04
 3.268280E-04 -3.023287E-04 -5.970303E-06  2.224552E-05 -1.035126E-04 -1.837436E-05 -3.670292E-06 -7.530737E-05 -1.169894E-05  1.063851E-06
 1.082107E-05 -1.666948E-05 -5.765806E-07 -4.232015E-06 -6.652371E-05  4.762789E-05 -3.726234E-06  3.383613E-06  2.029833E-05  2.939893E-05
 2.940865E-03  3.077667E-05  7.994097E-05  1.115366E-03 -2.453591E-03 -8.550387E-06  1.944156E-03  9.048024E-05 -1.031200E-04  4.440729E-03
 1.984285E-06 -1.851109E-05 -3.672409E-06  1.530743E-07  1.333016E-05 -1.277825E-05 -5.238534E-04  1.278736E-06 -6.834744E-06  1.129994E-05
-6.539389E-05  3.496550E-06 -4.640298E-03 -1.418276E-04  1.634188E-03 -2.626429E-05  6.830342E-06  1.580550E-03 -5.109416E-06  6.008107E-06
 3.046645E-05  3.770305E-06  5.050362E-05 -1.353385E-03 -1.005569E-04 -2.914702E-03 -1.810725E-03 -1.045853E-05 -1.501532E-05 -2.693947E-04
 8.971638E-04 -5.724546E-03  1.061899E-04 -5.124799E-04 -5.131942E-04  3.191347E-04 -2.081062E-03  3.986009E-01 -5.201716E-01  7.477387E-01
-1.063325E-01
--------------------------------------------------------------------------------------------------------------------------------------------
  END_DUSH_DATA_1
  BEGIN_DUSH_ORTH_TEST EPS =     0.100000E-02
  END_DUSH_ORTH_TEST
END_DUSH_1
BEGIN_DUSH_2     Delta DUSH =   75.58 %
  BEGIN_DUSH_INFORMATION2
  Qe = S(e,g) Qg + De
  END_DUSH_INFORMATION2
  BEGIN_DUSH_DATA_2
--------------------------------------------------------------------------------------------------------------------------------------------
  MODE       1
 1.104019E-01  8.338307E-02 -5.040715E-01 -8.175882E-01 -2.253021E-01  8.687049E-02 -5.854010E-07 -4.835275E-07 -8.713281E-08 -2.806961E-04
-5.975506E-05  3.171663E-07  5.982830E-07 -2.032726E-05  1.389621E-05 -1.811358E-03 -8.243709E-04  1.111226E-03 -2.857160E-06  3.964922E-07
 1.514725E-06 -1.986826E-05 -5.544450E-08 -4.406459E-07 -2.177813E-05 -3.995868E-05  4.312050E-04  1.121205E-03 -5.340252E-04  7.065927E-04
 1.776686E-07  2.275520E-04  1.191430E-03  5.611495E-07  2.118743E-06  2.941460E-04 -6.567713E-04 -3.585596E-05  3.022089E-08  4.864034E-07
-7.051368E-09  1.351807E-06  5.436795E-06 -2.189257E-07 -1.014997E-03 -2.775275E-04 -8.452522E-06  8.399273E-06 -5.661956E-04 -3.863764E-06
-2.867594E-04 -1.040978E-06  2.346761E-04  1.151020E-04  2.009714E-08 -1.041290E-09 -2.871966E-04  1.488401E-04 -9.257448E-06 -3.645462E-07
-2.427415E-04  8.733364E-06 -2.693219E-05 -1.405451E-06  1.204936E-05  1.683847E-06  2.205757E-06 -3.383021E-06  1.309592E-05 -2.493150E-06
-4.095187E-04  7.288479E-04 -8.853130E-06  1.617311E-05  1.081785E-06 -6.271568E-06  1.293334E-06  2.234068E-06 -8.746940E-07 -4.386125E-06
-1.392888E-04  6.503168E-04  3.300190E-04 -2.440613E-06  6.135048E-07  3.690914E-07  1.218131E-06 -5.494684E-06  3.761838E-06  2.373995E-06
 5.508931E-05  2.569522E-06 -1.442150E-06 -1.727270E-06  1.638036E-06  6.128276E-06  1.969189E-06 -3.813465E-04  5.576307E-07  1.212009E-05
-3.571725E-05  1.215798E-06  1.830682E-05 -1.020646E-04 -7.191595E-07  4.569807E-06 -4.365812E-05  2.445302E-07  3.889356E-06 -1.695031E-06
 6.294307E-07
  MODE       2
-2.311313E-01  5.728698E-01  9.434115E-02  1.111969E-01 -2.315754E-01  7.372244E-01 -2.231966E-07 -1.854749E-07 -3.521247E-07 -1.026787E-04
-6.301415E-05 -6.422730E-08 -9.571768E-07 -2.393786E-05 -1.176746E-05 -1.203864E-03  6.050335E-04 -8.174502E-04 -2.943974E-06  3.056404E-07
-7.252382E-06 -6.228052E-07 -1.701011E-08  8.062930E-07  4.496797E-06 -2.354733E-05 -3.171669E-04 -8.211394E-04 -4.954309E-04  8.121055E-05
 2.068521E-06  1.037676E-03  3.749338E-04 -4.794197E-07 -2.337133E-06 -2.440936E-04 -4.506861E-04  2.154061E-05 -2.308230E-07  2.429295E-07
 3.251969E-07  6.137082E-06  2.729597E-06  1.011095E-07 -4.585993E-04  8.936689E-05 -8.006571E-06  1.224565E-06  4.146789E-04  3.086151E-06
 2.121485E-04 -2.565733E-06  3.328255E-04 -2.811094E-04 -8.490642E-09 -1.243756E-08 -2.860548E-04 -2.004026E-04 -2.152292E-06 -2.118514E-07
 1.790439E-04  5.899720E-06 -1.858544E-05 -3.023380E-06  2.975857E-06  5.227293E-07  3.214390E-07 -4.549825E-06  9.204055E-07 -8.221279E-07
 3.015478E-04 -5.349330E-04  1.947215E-05 -2.946465E-06  2.548666E-08  5.298633E-06  3.113511E-06  5.186036E-08  1.579540E-06 -8.926170E-07
 1.026803E-04 -4.763788E-04 -2.431662E-04  1.482777E-06  3.573143E-07 -2.372900E-07  2.270959E-06 -6.125108E-06 -6.507131E-07  1.352811E-06
-4.009727E-05  8.964961E-07 -4.967443E-07  2.672159E-06  5.900988E-07  6.037404E-06  7.931410E-07  2.796885E-04  4.457253E-08 -5.850029E-06
 2.695508E-05 -4.469545E-07 -1.350055E-05  7.425521E-05  4.813039E-06 -7.042756E-06  3.120152E-05  1.650434E-07  2.480829E-06 -7.556328E-07
 5.158300E-07
  MODE       3
-9.445702E-02  3.334667E-01 -1.696784E-01 -1.218247E-01  9.136544E-01  3.835420E-02 -9.060786E-08 -8.068504E-08  3.021803E-07 -5.358699E-05
 3.250833E-05  2.276385E-07  1.246082E-06  1.372230E-05  2.067756E-05  2.318321E-04 -1.124595E-03  1.405479E-03  2.063891E-06 -8.480078E-08
 8.622024E-06 -1.086097E-05 -1.088255E-08 -1.036761E-06 -1.745495E-05  1.899072E-06  5.453038E-04  1.414412E-03  2.182469E-04  3.239825E-04
-1.918159E-06 -9.749349E-04  2.923896E-04  8.321627E-07  3.720013E-06  4.313972E-04  9.917440E-05 -4.385339E-05  2.536174E-07  6.582897E-09
-3.422091E-07 -5.755160E-06  2.794247E-07 -2.153440E-07 -1.005953E-04 -2.566844E-04  3.653825E-06  3.551562E-06 -7.142287E-04 -5.107355E-06
-3.639578E-04  2.105722E-06 -2.187321E-04  3.668366E-04  1.966101E-08  1.146760E-08  1.383023E-04  3.003338E-04 -3.096318E-06  2.562592E-08
-3.076037E-04 -7.141053E-07  4.135943E-06  2.403837E-06  3.814987E-06  4.058372E-07  9.246361E-07  2.906863E-06  6.651740E-06 -5.519810E-07
-5.182832E-04  9.206255E-04 -2.419045E-05  1.193133E-05  5.693865E-07 -8.597880E-06 -2.597121E-06  1.251567E-06 -2.186446E-06 -1.581124E-06
-1.764172E-04  8.204999E-04  4.178700E-04 -2.767797E-06  2.603347E-09  4.913206E-07 -1.701993E-06  3.352077E-06  2.889559E-06 -6.338942E-08
 6.921997E-05  5.365671E-07 -3.100574E-07 -3.858279E-06  3.206254E-07 -2.890795E-06  3.006192E-07 -4.814858E-04  2.757044E-07  1.224954E-05
-4.586734E-05  1.145180E-06  2.318418E-05 -1.282479E-04 -5.224332E-06  9.492401E-06 -5.428761E-05 -3.299418E-08 -3.931258E-07 -1.758391E-07
-1.777555E-07
  MODE       4
 5.929280E-01  4.374602E-01 -4.706551E-01  4.272398E-01 -1.205751E-01 -1.961243E-01  3.098042E-07  6.457690E-08  6.357659E-09 -1.154055E-05
 7.978786E-05 -3.208891E-07 -1.008052E-06  3.197670E-05  3.545001E-05  1.008890E-03 -1.840761E-03 -6.066261E-04  1.971061E-05 -5.485331E-09
 1.573981E-05 -1.347173E-05  7.897431E-08  2.406067E-07 -2.575236E-05  1.615091E-05 -2.366301E-04 -6.136489E-04  5.773256E-04  3.816017E-04
 1.112620E-06 -1.895936E-03  1.696119E-04  1.238069E-06  6.158739E-06  7.138802E-04  3.936406E-04 -7.147663E-05  2.027306E-07 -5.748885E-07
-4.106980E-07 -1.100586E-05 -3.770256E-07  1.731647E-07  1.329108E-04 -3.932366E-04  1.011210E-05  3.385171E-06  3.111580E-04  2.714714E-06
 1.545918E-04  3.580282E-06 -4.835750E-04  6.498496E-04  2.781030E-09 -8.911496E-09  3.496922E-04  5.148069E-04 -3.180834E-06  4.568317E-07
 1.294768E-04  8.840773E-06  1.519383E-05  4.807874E-06  2.995021E-06 -1.595338E-07  6.636388E-07  6.981591E-06  8.876693E-06  2.643234E-07
 2.226977E-04 -3.978868E-04  1.911753E-06  1.515447E-06 -1.008511E-07  3.853782E-06 -5.952742E-06  1.851520E-06 -3.627319E-06 -1.168704E-06
 7.520170E-05 -3.555477E-04 -1.782530E-04  1.558835E-06  5.099039E-07  1.407609E-06 -3.233436E-06  8.269944E-06  4.443250E-06 -8.624822E-07
-3.093708E-05  1.835891E-07 -1.725377E-07 -6.754481E-06  3.623267E-08 -7.621245E-06  9.246814E-10  2.083232E-04  3.180686E-07 -7.477308E-06
 1.907153E-05  7.755153E-07 -1.009367E-05  5.631405E-05 -1.113807E-06 -1.062176E-06  2.442945E-05 -1.138629E-07 -2.135077E-06  2.857026E-07
-3.573312E-07
  MODE       5
 7.560487E-01 -1.748466E-01  4.149214E-01 -1.779210E-01  1.783969E-01  4.026866E-01 -6.581725E-08  1.604642E-07  5.803214E-07  1.391694E-04
 8.544997E-06  5.229073E-07  2.865633E-06  1.808887E-06 -1.686202E-05  6.189181E-04  8.677321E-04  2.270049E-03 -1.739957E-05 -4.472444E-07
-4.835790E-06  1.255971E-05 -6.853685E-08 -1.725521E-06  1.712697E-05  1.529556E-05  8.821827E-04  2.285937E-03  1.115001E-04 -4.392561E-04
-4.747676E-06  3.738190E-04 -6.207275E-04 -4.583748E-07 -2.480330E-06 -3.248463E-04  2.177137E-04  3.635942E-05  1.748117E-07  3.096148E-07
-1.008294E-07  1.981337E-06 -3.295295E-06 -4.043384E-07  4.583369E-04  2.357826E-04  9.629066E-07 -4.384288E-06 -1.155810E-03 -8.984244E-06
-5.856832E-04  2.240630E-07  9.785442E-06 -2.217570E-04  1.497788E-08  3.102382E-08  4.990309E-05 -2.036761E-04  5.593772E-06 -2.099685E-07
-4.933151E-04 -1.839951E-05  1.016130E-05 -4.229268E-07 -6.305035E-06 -4.206942E-07 -9.003280E-07 -5.774303E-07 -9.147996E-06  6.740422E-07
-8.361229E-04  1.486816E-03 -3.701763E-05  6.205172E-06  2.591164E-07 -1.446309E-05  1.523013E-06 -1.755875E-06  1.179019E-06  2.056138E-06
-2.839809E-04  1.325638E-03  6.727273E-04 -4.702718E-06 -1.071049E-06 -1.095336E-06 -7.429244E-08  3.133603E-07 -3.168518E-06 -9.377265E-07
 1.127665E-04 -1.286367E-06  7.883371E-07  2.638790E-06 -7.619460E-07 -7.735856E-07 -1.011888E-06 -7.777472E-04 -3.320695E-07  2.046945E-05
-7.365415E-05  1.161098E-07  3.756627E-05 -2.077498E-04 -7.125713E-06  1.404212E-05 -8.828408E-05 -1.127299E-07 -1.185470E-06  6.769802E-07
-3.744454E-07
  MODE       6
-4.777080E-02 -5.759534E-01 -5.608306E-01  3.002288E-01  1.202917E-01  4.968450E-01 -1.949111E-07 -2.173737E-07 -1.006428E-07 -1.396456E-04
-1.331839E-05  2.585584E-08 -2.266634E-07 -3.581490E-06  1.398573E-05 -6.848314E-04 -7.701768E-04  1.311862E-04  4.043224E-06  2.210535E-07
 3.888853E-06 -1.235059E-05 -3.111685E-09  3.864661E-08 -1.578944E-05 -1.633405E-05  5.055186E-05  1.325884E-04 -1.461441E-04  4.217113E-04
 7.896177E-07 -2.667495E-04  6.167016E-04  5.071688E-07  2.251600E-06  2.862621E-04 -2.428045E-04 -3.187539E-05  2.871580E-08  7.954328E-08
-6.237898E-08 -1.514290E-06  2.667751E-06 -2.136238E-08 -4.700989E-04 -2.142861E-04 -2.058129E-06  4.723700E-06 -6.657965E-05 -2.325226E-07
-3.420106E-05  1.350704E-07  1.837367E-05  1.859040E-04  7.593595E-09 -5.388816E-09 -7.077151E-05  1.754858E-04 -5.195693E-06 -5.759064E-08
-2.945928E-05  7.343716E-06 -1.025465E-05  2.575967E-07  6.459229E-06  7.530157E-07  1.174312E-06 -2.151361E-07  8.235719E-06 -1.115736E-06
-4.854359E-05  8.627446E-05  5.337675E-07  6.629471E-06  4.259062E-07 -4.853076E-07 -6.235057E-07  1.484193E-06 -1.132466E-06 -2.338443E-06
-1.664908E-05  7.699485E-05  3.944618E-05 -2.804054E-07  4.725092E-07  5.224510E-07 -1.484603E-08 -1.012871E-06  2.749591E-06  9.902448E-07
 6.330561E-06  1.293049E-06 -7.449256E-07 -2.200416E-06  8.040735E-07  1.450829E-06  9.698571E-07 -4.513606E-05  3.341040E-07  1.754522E-06
-4.213986E-06  6.502226E-07  2.125602E-06 -1.202962E-05  2.782785E-07  2.679795E-07 -5.151010E-06  9.948344E-08  1.460063E-06 -7.644215E-07
 2.543220E-07
  MODE       7
 5.309595E-07 -1.008943E-07  6.052102E-08 -1.245392E-07  5.249793E-07 -1.175877E-07  4.925931E-03  7.980224E-04  9.999173E-01 -2.055084E-04
-9.758033E-04 -1.296870E-04  2.311418E-05 -1.741061E-04 -3.019709E-04 -2.903641E-04  6.038078E-05 -2.719736E-04  2.556594E-03 -2.097559E-03
-1.070328E-04  6.447403E-05  9.174531E-06  6.360003E-05  2.164116E-04 -1.347593E-04  1.306609E-05 -1.615619E-04  6.380446E-05 -3.843109E-05
-1.385095E-03 -4.118207E-05  2.359539E-05  5.275769E-03  3.713283E-04 -1.051026E-03  6.526500E-05 -9.359992E-03  2.124023E-05 -1.710327E-05
 8.012164E-07 -9.275534E-05 -7.055406E-05 -7.702760E-07 -1.840783E-05  3.932000E-05 -4.888170E-07 -1.633419E-06 -3.347596E-05  9.570061E-05
 7.303937E-05 -1.185350E-03 -1.923962E-05  1.818795E-06 -1.484192E-06  2.503447E-03 -4.196649E-05  5.574436E-05  1.294919E-03  1.299072E-05
-4.491287E-06  1.382975E-04  1.103239E-04  4.887273E-05 -1.998071E-05  1.391614E-06  1.665784E-05  1.159718E-05 -6.986425E-06  2.785332E-05
-4.868454E-05  6.780038E-06  2.118458E-05 -6.978425E-06  8.742583E-06  1.465961E-06 -7.113982E-05  1.537168E-05 -1.586479E-05 -8.006884E-06
 2.325340E-06 -8.388856E-06  3.281413E-05  1.706314E-06  3.895309E-06 -6.739469E-05 -3.481319E-05  2.648538E-05 -3.714036E-05 -2.830566E-05
 2.107960E-05  1.341771E-05  4.240398E-06  4.407788E-06 -1.078334E-05  9.121729E-06 -9.985997E-06 -2.212578E-05  2.798048E-06 -2.207938E-05
-3.545403E-07  2.448461E-05 -1.375092E-05 -3.893735E-06 -2.004646E-05  5.917833E-06 -2.820754E-06  2.815114E-06 -8.022665E-06 -1.768265E-05
-3.308274E-06
  MODE       8
-3.962085E-08  9.966070E-08 -5.174833E-07 -1.675736E-07  3.972390E-08  7.250793E-08  9.994008E-01 -1.463725E-02 -4.974791E-03 -2.481296E-04
 4.127618E-04  1.051809E-02  3.339945E-05  2.795293E-06 -1.636564E-04 -1.366767E-04  3.712276E-04  2.173103E-04  2.345291E-02 -1.046824E-04
 5.428318E-05  6.778266E-05 -1.905650E-03 -1.175880E-04 -2.583979E-05 -8.968045E-05 -2.348216E-05  5.235515E-06 -2.319094E-05  2.922169E-05
 3.422972E-04  7.238191E-05 -2.944424E-05 -9.362229E-05  1.464032E-02  2.157215E-05  2.917567E-05 -1.916478E-05 -7.282331E-03 -1.845375E-05
-1.255314E-05  5.282028E-06 -1.346964E-05 -4.963508E-03  7.537627E-06  2.221402E-06  3.253616E-07 -4.590541E-07  3.703939E-07  1.240050E-03
 7.894282E-06  7.921000E-05  6.145826E-07 -1.715765E-06 -6.898052E-04  3.533921E-06  5.568776E-06  6.975819E-06  6.064649E-05 -2.404111E-05
-1.237450E-05  2.893446E-05 -2.520017E-05 -6.539151E-06 -1.083294E-05  5.907599E-05 -2.758907E-05 -5.476755E-06  8.798071E-06  3.067295E-05
 7.740096E-07 -1.312440E-06 -5.908951E-07 -1.297925E-06  2.968985E-05  9.598816E-07 -2.248973E-06  2.329535E-05  2.875564E-06 -2.593013E-06
-7.357735E-06 -5.603745E-06 -1.814881E-06 -1.284688E-05 -1.423324E-05 -4.687723E-06  1.796455E-05 -4.514331E-07  2.956044E-06 -5.745006E-06
 3.867216E-06  1.749314E-06  1.372835E-06  3.216154E-07  2.165027E-06  4.793371E-06  7.332032E-06 -2.441062E-06 -2.545338E-06  3.770794E-06
 2.024390E-06  4.071422E-06 -1.101009E-06  4.184081E-06  4.928365E-07 -1.235627E-06 -1.396859E-06  9.356514E-06  2.436254E-06 -1.733993E-06
 4.913876E-06
  MODE       9
-2.923075E-07  1.201341E-07 -7.116679E-07 -4.163413E-07 -1.469845E-07  3.192014E-07  1.637753E-02  9.893803E-01 -8.463700E-04  2.244763E-04
 9.388401E-05 -1.414678E-01 -4.438872E-04  4.403704E-05  9.560892E-05  1.125264E-04 -4.084456E-05 -5.899302E-05 -1.677703E-02 -5.450042E-05
-3.077360E-05 -1.717778E-05  2.284894E-02 -1.104292E-04  2.882426E-05  9.707753E-05 -3.776594E-06  1.322539E-05 -5.416227E-06  3.792950E-05
 4.051156E-05  6.185876E-06 -1.165323E-05 -6.831656E-06  6.610707E-04  3.450948E-06 -4.601472E-06 -1.189460E-05 -3.211803E-04 -4.715175E-05
-6.898153E-09 -1.728784E-05  3.825573E-05 -4.395188E-03 -1.148946E-06 -6.398194E-06 -1.430852E-05 -2.453111E-05 -3.119583E-05  2.858792E-03
-1.402105E-05  1.286584E-05  1.747816E-07  3.365184E-07  3.562848E-03  3.090741E-07  5.245151E-06 -4.862113E-06  8.219623E-06 -3.445115E-05
 7.962954E-06 -5.070218E-05  3.995207E-05 -6.191523E-06 -1.337970E-05  3.497464E-05 -1.144286E-05 -4.912252E-06  2.503830E-06  5.492424E-05
-1.475596E-05 -1.878681E-06 -2.833623E-06 -5.296732E-06  2.026129E-05 -2.934368E-06  2.131760E-06 -1.037520E-05  7.119019E-07 -3.207242E-06
 1.804219E-06  9.099930E-07  1.213305E-05 -4.503834E-05 -4.371908E-06  1.562526E-05 -1.980737E-05  5.504820E-06  5.723773E-06  2.164425E-07
-4.067208E-06  5.749980E-06  1.095048E-05 -2.429808E-05  1.167994E-06  4.933204E-06  2.102852E-06 -7.032733E-06 -1.940610E-08 -5.880004E-06
-3.090813E-06 -9.824354E-06 -7.677413E-07 -2.829489E-06  5.215387E-06  7.458461E-06  5.703076E-06  5.265963E-06 -9.044809E-06  7.811583E-06
 2.045070E-05
  MODE      10
-3.074569E-04  1.259613E-04 -7.545017E-04 -4.464059E-04 -1.527207E-04  3.408469E-04  1.561736E-04 -2.610192E-04  4.345751E-04  9.472806E-01
 1.857102E-01  3.139604E-05  2.265925E-04 -2.689688E-04  3.270650E-04  2.288247E-01  1.213074E-01  1.553777E-04 -5.484715E-04 -8.256040E-05
 7.039951E-07 -1.733580E-05  4.735281E-05 -1.231078E-04 -9.924098E-05 -2.265359E-04  2.532317E-05  4.782539E-06  1.137294E-02 -1.653870E-02
 2.463870E-04  5.667185E-04  5.686893E-03 -6.868370E-06  3.929836E-05  1.112921E-02 -2.107266E-02 -1.404447E-03 -8.561069E-06 -1.025651E-05
 2.817429E-05  1.598625E-06 -5.250251E-06  6.237349E-06 -1.642849E-03 -4.909320E-04  3.863391E-05  6.670088E-05  5.959353E-06  1.060575E-05
-4.981992E-06  1.129058E-04 -7.332915E-03 -5.407546E-03 -1.287089E-06  2.233905E-06  9.917798E-04 -6.577459E-04  8.303187E-05  5.691632E-05
-3.406669E-06  4.620432E-05 -2.819732E-05  2.392715E-05  2.139354E-05 -2.371267E-05 -6.674892E-07  1.664081E-05  2.510056E-05 -4.366504E-05
-6.278696E-06  9.960060E-08 -7.139267E-06 -3.037270E-06  3.972047E-06 -3.761803E-06 -8.714772E-06  3.544538E-06  2.470544E-05 -7.618581E-06
-5.599031E-06  6.781043E-06 -6.691770E-07 -2.749010E-05 -3.622988E-06 -8.244862E-06  1.016377E-05 -1.668203E-05 -1.305193E-05 -2.047240E-06
-1.394337E-07  4.335985E-06 -2.439642E-06 -5.601106E-06 -5.805557E-06  1.098080E-05  3.268545E-06  4.296477E-06  1.197921E-05  1.181019E-06
 1.500455E-06  4.416798E-06 -2.221758E-06  2.134011E-06 -4.550317E-06  1.484271E-05 -4.055928E-07 -3.674466E-08  1.333596E-05 -8.687309E-06
-1.894997E-06
  MODE      11
-3.184732E-04 -1.665718E-04  5.147552E-04 -2.970640E-04 -3.152830E-04  3.829342E-04  4.282647E-04  1.027895E-04 -7.958646E-04  1.781613E-01
-9.087228E-01  2.981051E-05 -1.059449E-04 -5.807372E-04 -4.168901E-04  1.762276E-01 -3.324755E-01 -3.819697E-04  5.611364E-03  1.190629E-04
 1.557703E-06  1.751102E-05  1.356798E-05  4.437175E-05 -1.610540E-04  5.993891E-05  1.188210E-04 -1.624145E-04 -6.564941E-04 -4.692032E-04
-2.831252E-04  1.883401E-02 -1.858201E-03 -2.954957E-07  2.517319E-04 -1.782494E-02 -9.537727E-03  1.874878E-03  3.416177E-06 -6.344240E-06
 3.879530E-07 -3.751656E-05 -3.896890E-05 -4.330754E-08  3.249773E-04 -1.094942E-03  7.086285E-06  7.457236E-06 -1.295383E-05  1.140807E-04
 2.718816E-05 -6.479297E-05  3.206337E-04 -4.311932E-04  6.935082E-06 -7.701329E-06  4.930002E-03  7.369883E-03 -9.048040E-05 -1.069683E-05
 1.597577E-05 -2.356049E-05 -2.752222E-05  8.091713E-05 -4.023187E-05 -9.946768E-07  1.125932E-06 -1.183539E-05 -3.095261E-05  4.536579E-06
-4.480201E-05  3.205459E-06 -1.587949E-06  4.537652E-06  3.152173E-06 -1.852561E-05 -4.308940E-05 -9.923269E-07  2.431779E-05  8.471480E-07
 1.203027E-05 -4.659826E-05  5.904586E-05  1.647577E-06  2.209638E-06 -4.333149E-05 -6.712093E-06 -2.545579E-05 -7.519463E-06 -7.054657E-07
 3.840657E-05  1.377750E-06 -1.997646E-05  1.032223E-05  1.622128E-05  1.058904E-05  3.407096E-06 -4.688081E-05  1.071125E-06 -6.815826E-06
 1.024166E-05  2.128373E-06 -6.516791E-06 -4.200095E-07 -6.972554E-06  7.488436E-06  1.403374E-05  9.854831E-08  1.534065E-05  1.345341E-05
 8.705673E-07
  MODE      12
-3.081954E-06  1.249591E-06 -9.936625E-07  2.906799E-06 -3.309660E-06 -8.684854E-07 -2.228005E-05 -1.073987E-04  2.283980E-05  4.778371E-05
 7.988676E-05  2.252869E-03 -9.997263E-01  9.352708E-04 -1.291747E-03  5.085005E-04  4.089622E-04  3.121414E-03  1.155159E-03  4.202659E-05
-1.314967E-04  5.131306E-05 -1.759963E-05 -1.713907E-02 -1.746168E-04 -2.771199E-04 -2.591664E-04 -4.309451E-05 -4.200127E-05  4.134260E-05
-2.307942E-05 -2.175650E-07  2.033908E-05 -1.032030E-05  3.791608E-05  4.793509E-06 -1.230121E-05 -9.158402E-06 -3.341766E-07  8.687974E-03
-4.177155E-03  5.182300E-05 -2.963244E-05  4.280176E-06 -3.258937E-06 -2.358711E-06 -1.640353E-05  5.095798E-05  1.054268E-04  3.179946E-05
 8.657733E-06 -4.139451E-06 -1.912933E-06  3.032159E-06  9.934356E-06 -4.423706E-06  2.163399E-06  1.366059E-06 -4.997725E-06 -1.248042E-03
-1.380404E-05  4.508263E-05 -7.837605E-05  1.117679E-05  7.081557E-06  1.388251E-03  1.380197E-06 -3.125152E-06  1.360117E-05  3.823876E-05
-3.806348E-05 -3.510706E-05 -1.683413E-05  3.673671E-06 -4.028580E-03 -1.124985E-04  1.166000E-05  3.087907E-05 -9.859930E-06  1.753965E-05
 5.427485E-06  4.989528E-05 -3.700844E-05 -1.325298E-03  8.171937E-03 -1.313592E-05  4.636354E-05  9.465535E-07  7.830940E-06  3.254941E-04
 1.568952E-05 -5.592400E-03 -5.221514E-06  2.988335E-05  8.494314E-06 -1.933982E-06  9.682815E-04  5.295124E-05  4.538647E-03 -4.263150E-05
 1.768060E-04  1.016052E-04  3.496823E-04  2.388929E-07 -6.748455E-06 -9.177414E-06  4.069547E-06  7.142837E-05  6.147344E-06 -3.719368E-06
-4.727473E-05
  MODE      13
 9.425588E-04  4.837751E-04 -1.505668E-03  8.589620E-04  9.343384E-04 -1.117670E-03 -3.501949E-05 -1.675933E-05 -5.018009E-04  7.227078E-02
-3.685173E-01 -4.597379E-05  6.655444E-05  1.469869E-03  9.393190E-04 -4.327139E-01  8.160271E-01 -4.689384E-03 -6.653243E-03  1.892898E-04
-1.122443E-04  4.920572E-05  2.113714E-06 -1.555396E-05  3.180558E-05  2.214215E-05 -2.972024E-05 -2.904793E-04 -5.303926E-02 -3.646205E-02
-3.592366E-04 -2.976350E-02  2.937600E-03  3.573794E-05  4.980863E-05 -1.405000E-02 -7.526907E-03  1.560265E-03 -8.926726E-06  8.982713E-07
-8.545955E-07 -5.790139E-05 -1.416602E-05 -9.742734E-07  5.923395E-03 -1.986167E-02 -2.362087E-05  1.040717E-05 -8.649455E-05 -8.356652E-05
 7.727979E-05 -5.375698E-05 -3.128901E-03  4.244339E-03 -2.498697E-06 -9.395276E-06  9.831045E-04  1.467189E-03 -6.840396E-05 -8.879409E-06
 5.126071E-05 -5.682681E-05 -2.346539E-05  9.196186E-05 -2.818101E-05  2.198404E-06 -1.281549E-07 -4.171658E-05  5.794657E-06  1.026301E-05
-3.408724E-05 -1.314378E-05  5.890630E-06 -1.404981E-05 -3.265901E-07  5.850845E-06 -4.981844E-05  4.701987E-06  3.556997E-06  3.513244E-06
 4.232620E-05 -2.004401E-04  1.434248E-04  3.195045E-06 -1.870352E-06 -2.500076E-05 -2.283009E-05 -4.535363E-07  2.921464E-05  5.399121E-06
 7.071085E-05  1.509029E-06  1.639696E-05 -8.086884E-06 -2.574789E-05  9.020152E-06  9.461919E-07 -1.933548E-04 -3.254781E-06 -5.464369E-06
 2.507470E-05 -1.859251E-06 -1.222902E-05 -1.940974E-06  3.363420E-06  4.942898E-06  2.329818E-05 -7.291218E-07  1.244399E-05  2.387329E-05
 1.345009E-06
  MODE      14
 6.451429E-04 -2.638407E-04  1.648741E-03  1.012978E-03  3.023138E-04 -7.597402E-04  6.800199E-05  3.525524E-05 -1.214497E-04  2.526132E-01
 4.955200E-02  2.802003E-05 -5.446700E-04  1.387040E-03 -1.570125E-03 -8.511602E-01 -4.512264E-01  1.833092E-02  9.751917E-04  1.094499E-04
 6.338512E-05  1.395357E-04  1.301861E-04  5.263321E-05 -1.278931E-04 -2.625912E-04 -5.188518E-04  2.462691E-05  3.550829E-02 -5.165351E-02
-4.631916E-04 -3.184981E-03 -3.223549E-02  1.849398E-06 -4.751331E-06 -2.192259E-03  4.156627E-03  3.098552E-04  2.539313E-05  2.165948E-05
-4.734796E-06  3.322604E-05 -7.200175E-05  7.358099E-06  1.474465E-02  4.394995E-03 -2.444842E-06 -3.939147E-05  2.331705E-04  4.600402E-05
-7.667812E-05 -1.937407E-05 -6.536839E-03 -4.815029E-03  1.423328E-05 -1.335166E-06 -9.791647E-04  6.532914E-04 -8.555494E-05 -3.009186E-05
-1.419587E-05  9.938608E-05 -9.190931E-05  3.438193E-05  2.861824E-05  1.932314E-05 -7.284679E-07 -5.587557E-06  2.117800E-05  2.630119E-05
-2.231050E-04 -2.905779E-05  9.367549E-07  9.223475E-06  8.108345E-06 -1.921674E-04  3.001490E-06  1.831206E-05 -1.426239E-05  3.428965E-05
-4.524118E-05  4.146938E-04 -1.419397E-04  2.187137E-05 -1.319571E-05 -2.095697E-05  2.753598E-05  9.459441E-06 -1.420349E-05 -4.613416E-06
-4.539963E-06  1.400987E-06 -2.086788E-05  4.314559E-05  7.526407E-06  6.937682E-06 -1.235322E-05  4.002262E-04 -1.362252E-05  1.598416E-05
 2.419926E-06  1.344849E-05 -1.222869E-06  2.471390E-06 -1.902595E-05 -2.188176E-05  1.175889E-05  6.094128E-06  2.161736E-05 -1.719276E-05
-6.105808E-06
  MODE      15
 1.530081E-03 -6.490292E-04  3.137720E-04 -1.772060E-03  1.710844E-03  6.345242E-04  1.035812E-04  4.395350E-06 -2.855074E-04  4.372743E-03
 3.032502E-03 -9.886994E-05 -3.134251E-03 -3.573859E-04  3.101010E-04 -1.363506E-02 -1.192147E-02 -9.989276E-01  4.884269E-03  1.753412E-04
-1.492521E-04  3.125351E-05  4.263703E-05 -4.098771E-05  6.102149E-04 -2.825527E-04  2.035865E-02 -2.045834E-03  1.010646E-03 -7.726339E-04
-2.170852E-04  5.887324E-05 -6.370091E-04 -1.025275E-05  1.196398E-04 -2.618781E-05  9.007367E-05  3.815444E-05 -8.508583E-06  1.252638E-05
-4.222403E-05 -1.435885E-04 -6.763042E-05  2.636724E-06  2.309760E-04  2.264295E-04  3.967373E-07  1.772737E-05 -1.134942E-02 -3.777734E-05
 3.687710E-03 -2.838637E-05 -1.153035E-04 -1.115293E-04  3.132590E-06 -9.556398E-06 -1.968072E-05  8.429104E-06 -4.690582E-05  5.656105E-05
 7.931607E-04  1.712072E-04  1.417094E-04  2.726958E-06 -2.176467E-05  9.158908E-06  3.692219E-05  8.035898E-06  1.852259E-05 -1.075263E-05
 1.122159E-02  1.308762E-03 -3.735269E-07 -1.791103E-06 -1.642733E-04  9.622961E-03 -6.439758E-05  2.720515E-06 -1.506216E-05 -2.017859E-05
 2.379273E-03 -2.158031E-02  7.486972E-03 -7.692678E-05 -2.960191E-06 -6.814409E-05 -1.615980E-05  2.297898E-05 -2.775783E-05  2.432835E-06
 3.441492E-04 -1.663279E-05  2.664862E-05  1.528292E-06 -1.644755E-05  2.209392E-05 -1.465593E-05 -2.076488E-02  1.474315E-05 -6.898895E-05
 1.404460E-04  2.571784E-05 -7.176308E-05 -1.625851E-04 -1.723719E-05 -3.004093E-06 -5.199934E-04  4.152035E-06 -1.916393E-05 -1.843067E-05
-3.644820E-06
  MODE      16
 7.299493E-08  1.185953E-07 -2.437656E-07  2.782717E-07  5.353399E-08 -2.440479E-07 -9.997736E-03  1.442272E-01 -9.607296E-05 -6.020916E-06
 1.834599E-04  9.702973E-01  2.240009E-03 -1.271735E-04 -3.493777E-04 -1.917628E-04  5.379293E-04  1.855550E-04  6.108692E-02  1.235333E-04
 1.420280E-04  1.812889E-04 -1.836137E-01  3.986046E-04 -1.772544E-05 -5.575334E-05  4.075279E-05 -2.390129E-05  7.477002E-06 -4.236587E-05
 1.978696E-04  1.605328E-05 -2.610320E-06 -3.881988E-05  8.883979E-03  2.977915E-05  2.678265E-05  2.264378E-05 -9.538463E-04  4.865102E-05
-2.264378E-05 -2.863833E-06  4.685782E-06  3.223865E-03 -1.002238E-06  1.899041E-05  4.513873E-05  6.773498E-05  7.824406E-05 -8.094124E-03
 1.628892E-05  3.111462E-05 -2.667030E-06  8.885499E-06 -3.808251E-03 -9.622887E-06 -1.323063E-05 -9.716062E-06  2.177817E-05  7.668524E-06
-3.115635E-06  2.283523E-05 -3.715996E-05  1.252613E-05  1.582464E-05 -3.779942E-05  1.620645E-05  1.079904E-05 -1.130087E-05 -5.548766E-05
 1.040661E-05  1.048633E-05  1.733155E-05  1.188751E-05 -2.254724E-05 -2.929687E-06  6.882674E-06  2.348242E-06 -4.463255E-06  6.913600E-06
-3.368934E-06 -7.948676E-06 -1.020220E-05  4.225636E-05  1.116996E-05 -1.466583E-05  2.198173E-05 -7.588902E-06  4.197694E-08 -1.754650E-05
 1.536745E-06 -2.766568E-06 -1.560563E-05  2.326100E-05 -4.774041E-07 -3.958250E-06  1.165644E-05  6.548945E-06  6.129657E-06  5.913017E-06
 5.796407E-07  4.551915E-06 -2.295846E-06  2.720840E-06 -3.984436E-06 -5.727913E-06 -5.991274E-06 -6.020717E-06  8.367121E-06 -4.579426E-06
-2.023797E-05
  MODE      17
-2.374453E-05 -1.370004E-05  4.338497E-05 -2.209610E-05 -2.402530E-05  2.906345E-05  7.337987E-05 -3.187417E-05  3.332051E-04  1.267963E-06
-3.602694E-05  2.853512E-04 -3.330489E-04  6.418933E-01  6.875476E-01  6.180606E-04 -1.581142E-03  1.361007E-05  1.154682E-03  1.384444E-03
 2.990121E-01 -1.305818E-01  2.084411E-04 -7.730331E-05  7.689152E-02 -4.009927E-02  1.969861E-05  2.472634E-05  8.043346E-06  4.680030E-06
 2.941795E-04 -1.688677E-06 -1.915897E-06  7.415457E-06  5.516088E-05 -7.019900E-06  5.927650E-06 -9.578196E-05  1.861237E-05  3.661475E-05
-2.504692E-06 -1.107806E-02 -6.409289E-03  8.904637E-06 -2.231505E-05 -7.105084E-06 -1.483934E-02  3.010336E-03  9.022757E-06  9.091246E-06
-6.042846E-06  1.057708E-04 -8.767801E-07  3.040979E-06  9.505579E-06 -2.654078E-05 -6.003496E-06 -2.226736E-06  1.060593E-04  6.598152E-05
-1.010245E-04  5.366062E-03  4.898985E-03  1.861416E-02 -8.612553E-03 -1.798831E-04  5.048887E-05  1.024501E-02  2.429079E-03 -8.265950E-07
 5.858504E-06 -3.206987E-04 -1.109219E-02  8.053299E-03  8.138132E-06  2.704264E-06 -5.431199E-03  7.957640E-04 -2.385025E-03 -1.644923E-03
-8.737723E-06  1.707298E-05 -1.300102E-05 -1.441594E-05 -1.202647E-05  1.317926E-03  6.390127E-04  1.371053E-03 -1.614373E-03 -1.279686E-05
-6.678921E-06 -5.965617E-06 -5.218912E-03 -3.253378E-03  3.301355E-03 -2.281254E-03  8.129605E-06  1.625929E-05  4.092018E-06  1.116739E-04
 4.093206E-05 -1.245970E-04  2.603396E-05 -1.036287E-05  1.517117E-04 -5.222800E-05 -4.314433E-07 -4.062677E-06  3.340253E-05  4.851815E-05
 2.149003E-06
  MODE      18
-1.125077E-05  5.546443E-06 -3.287050E-05 -1.818335E-05 -4.774202E-06  1.314936E-05 -1.058657E-04  7.149213E-06 -7.649049E-05 -1.427026E-04
 9.182649E-06 -6.715482E-05  1.485134E-03  6.937733E-01 -6.477880E-01  2.028166E-03  5.733229E-04 -5.059677E-04 -1.074673E-03  4.344419E-05
 1.249487E-01  2.857529E-01  4.523105E-04  2.279382E-04 -9.025671E-03 -1.758537E-02  7.261270E-06 -5.337724E-05 -4.304575E-05 -1.144923E-05
-1.260982E-04 -4.758177E-06  3.935975E-05  5.661671E-07 -1.903732E-04 -2.526152E-05  4.170710E-05  2.228941E-05 -1.498445E-05 -3.238714E-05
-1.860461E-05 -1.172121E-03  2.021748E-03 -4.782341E-06  1.570316E-06  1.058261E-06 -1.236267E-03 -5.977061E-03  1.610914E-05 -1.368581E-04
-7.138628E-06 -2.074306E-05  2.764131E-05  2.364013E-05 -8.888775E-06 -8.647598E-06 -1.817617E-05 -1.707951E-06 -2.060393E-05 -2.691279E-05
 9.871019E-05 -4.274795E-03  4.772465E-03  7.314221E-03  1.579068E-02  4.700211E-05  1.422946E-04  3.355196E-03 -1.408555E-02 -6.572131E-05
 1.085380E-05 -9.616153E-05 -7.796105E-03 -1.075851E-02 -2.120516E-05 -5.438582E-07 -7.829871E-04 -5.331569E-03 -6.983304E-03  1.033808E-02
-9.327763E-06  1.137923E-05 -1.245734E-05 -9.974949E-06  7.288794E-07 -3.856711E-03  7.669996E-03  5.717455E-03  4.920973E-03 -1.214735E-06
-1.216378E-06  6.893608E-06 -9.001027E-03  1.461514E-02 -3.177038E-04 -4.807558E-04 -4.541388E-06  1.384608E-05 -9.624648E-06 -1.999638E-04
-3.698776E-05 -2.013200E-04  4.126137E-05 -1.672665E-05 -9.171883E-05 -2.490172E-04  6.766406E-06 -1.635997E-06 -1.008741E-04  7.966966E-05
 3.707858E-06
  MODE      19
 5.993612E-08  7.106402E-08 -3.150855E-07 -1.703317E-08  9.255327E-08 -4.651347E-08 -1.791264E-04 -1.125235E-05 -1.372023E-03 -1.359604E-05
-1.820636E-04 -6.060504E-05 -3.762328E-05  8.707254E-04  7.983721E-04 -1.911667E-04  7.262915E-05 -1.615315E-04  2.971631E-03 -9.975418E-01
 5.053488E-04 -3.526878E-04 -2.219748E-06 -1.002634E-04  7.285334E-04 -2.857723E-04 -2.538061E-05  8.330127E-05 -4.378104E-05  2.850065E-05
 1.723142E-02  3.592273E-05 -2.750591E-05 -5.134449E-02 -7.848471E-04  4.519757E-03 -3.238818E-04  4.180505E-02 -9.788705E-05  4.730195E-05
 3.261834E-05 -1.082940E-04 -5.343220E-05 -2.634947E-06  7.942671E-06 -2.081880E-05 -4.517421E-05  1.409232E-05 -8.057990E-05 -9.732106E-05
 1.506228E-05  4.126718E-03  3.677799E-05  1.519240E-06  2.083955E-06 -6.418275E-03  2.665002E-04 -2.623655E-04 -1.169203E-02 -1.217963E-05
 1.520710E-05  1.091520E-04  1.163808E-04  5.347700E-05 -2.582213E-05 -7.895014E-06 -4.388136E-05  2.792510E-05  1.164616E-05 -1.106205E-05
 4.114470E-05 -7.796397E-06 -3.639056E-05  1.635177E-05 -1.723032E-05  1.674418E-05 -7.667120E-05  8.191321E-06 -2.548024E-05 -1.567656E-05
 1.798966E-05  5.578527E-05 -5.308317E-05  1.348847E-06 -1.905321E-05 -6.293552E-05 -4.218654E-05  4.056670E-05 -3.736060E-05  2.011324E-05
-4.080639E-05 -4.940248E-05  1.828193E-05  8.496281E-06 -8.864305E-07 -1.510144E-06  9.111964E-06  4.634732E-05 -6.411918E-06 -2.213195E-05
-1.531484E-05  2.269674E-05  9.953214E-07 -2.547816E-05 -1.556037E-05  8.275848E-06 -1.969666E-05 -5.809257E-06 -1.578566E-05 -1.687442E-05
 9.482819E-07
  MODE      20
 7.807391E-07 -2.340795E-07  8.804948E-07  3.372429E-07  6.130439E-07 -4.390234E-07 -2.115359E-02  6.518861E-03 -2.288024E-03 -2.313696E-04
 2.489882E-03 -1.191852E-01  8.086399E-04  3.842526E-04 -2.460069E-03 -2.674997E-03  7.363452E-03  4.546699E-03  9.384521E-01  2.832509E-03
 1.054497E-04 -2.503970E-03 -3.103418E-01  1.690416E-03  1.974738E-03  8.094091E-04  6.638921E-04 -5.397360E-05  1.631912E-04 -6.434978E-04
 3.379225E-04 -3.921825E-04  5.207638E-04  3.041268E-04 -3.741619E-02  6.991118E-05 -6.327661E-05 -2.263724E-04 -5.180697E-02  5.635692E-05
-1.338521E-04 -1.815726E-04  2.818043E-04 -2.154645E-02  2.526029E-04  2.292265E-04  3.237085E-04  5.104239E-04  5.396318E-04 -5.870972E-02
-3.346057E-06  1.314763E-05 -7.414859E-05  5.905409E-05 -1.343779E-02 -9.850318E-05 -1.927260E-04 -7.558889E-05 -8.886315E-06 -1.153928E-04
 7.226109E-05 -1.876462E-04  4.276497E-05  1.414355E-04  2.056052E-05  4.292094E-05  4.376973E-05  1.086545E-04 -7.299824E-05 -1.298895E-04
 4.643740E-05  1.232056E-04  2.078969E-04  1.319196E-04 -2.683870E-05 -1.374714E-05  6.955925E-05 -6.147836E-05 -3.097339E-05 -7.518028E-07
-6.046952E-06 -7.749377E-05  2.706314E-07 -5.554599E-05 -9.401217E-06 -3.271633E-05 -9.860420E-06 -5.977453E-05  2.193747E-05 -7.340981E-05
-3.420165E-05  3.174051E-05 -1.924499E-05 -2.229328E-05  1.024471E-05 -4.924887E-05  6.664172E-06  6.353475E-06  4.164955E-05  2.068536E-06
-2.165392E-05 -2.663450E-05  3.247028E-06  1.166724E-05 -8.761084E-06  1.784598E-05 -8.802033E-06  1.562011E-05 -8.049468E-06  1.934165E-05
 1.637167E-06
  MODE      21
-1.904224E-07  2.843409E-08 -8.282510E-08 -5.852762E-08 -1.665452E-07  1.054408E-07  6.242976E-03 -6.481251E-03  7.829666E-04  1.715733E-04
-8.642991E-04 -1.544539E-01 -7.238940E-04  3.196713E-05  1.033432E-03  8.268798E-04 -2.634163E-03 -1.603914E-03 -3.276138E-01 -9.824294E-04
 7.503623E-04  2.162354E-03 -9.289950E-01  5.335318E-04 -7.195059E-04  1.937481E-04 -1.853148E-04  1.364125E-05 -2.840031E-05  2.665555E-04
-6.024508E-05  2.700066E-04 -2.316576E-04 -2.826562E-04  4.678172E-02  6.617453E-05  1.182831E-04  7.784278E-05 -5.110074E-02  3.521930E-06
 4.514643E-05 -4.770807E-06  1.559407E-05 -2.792368E-02 -7.521185E-05 -4.630453E-05 -5.610632E-05 -9.531271E-05 -9.053455E-05  9.766819E-03
-9.335732E-06 -2.448659E-05  1.986577E-05 -1.637118E-05 -2.211373E-03  2.735278E-05  4.996081E-05  2.109636E-05 -1.109140E-05 -2.886356E-05
-2.680215E-05  1.620033E-05  2.162926E-05 -4.157724E-05 -1.060282E-05 -2.977382E-05 -1.154027E-05 -2.922644E-05  2.400225E-05  8.010937E-05
-2.296603E-05 -3.409273E-05 -5.308314E-05 -3.718179E-05  1.308503E-05 -2.680946E-06 -2.497051E-05 -1.031506E-05  1.800314E-06  6.168790E-06
 1.358414E-06  2.479985E-05  1.245885E-06  8.731593E-06  1.687027E-05  2.546343E-05 -2.145426E-05  2.204982E-05 -8.417388E-06  2.324252E-06
 8.184817E-06  9.194893E-07  6.762260E-06 -4.804462E-06  1.069186E-06  2.663663E-05  3.198678E-05  1.417302E-06 -4.013066E-06 -3.268699E-06
-2.834761E-06 -4.437307E-06 -1.339253E-05 -6.147822E-06  4.248445E-06 -3.785357E-06  4.011643E-06 -1.008239E-05 -1.643520E-06 -2.390322E-06
 4.379989E-06
  MODE      22
-6.836714E-06  5.134313E-06 -2.596442E-05 -1.009773E-05 -2.432860E-06  6.689144E-06 -6.583560E-05 -9.461370E-06  7.672252E-06  1.218322E-04
 3.073260E-05 -3.380707E-05 -5.843806E-04 -2.081343E-01  1.946939E-01 -5.484983E-04 -1.221120E-04  1.443355E-04  2.588749E-03 -1.014486E-04
 3.564076E-01  8.181246E-01  1.420078E-03  1.487963E-03  1.608347E-01  3.083870E-01  8.542359E-05  3.852022E-04  3.601714E-05  1.019830E-04
-2.672242E-04  3.307985E-06 -4.403005E-06  4.208282E-06 -2.209797E-04 -8.937092E-07  1.087497E-06  3.223399E-05  1.968151E-05  2.773961E-05
 7.279500E-05  1.089033E-02 -1.834268E-02  8.234097E-06 -1.955626E-06 -8.976378E-06  2.763322E-03  1.374796E-02 -4.318262E-06 -1.410747E-05
-1.653255E-06 -3.202276E-05 -2.732642E-06 -8.146334E-06  1.040654E-05  3.779921E-06  8.516994E-06  1.247764E-06 -1.794127E-05  5.399732E-05
-3.139965E-04  1.280850E-02 -1.446037E-02 -3.172556E-03 -6.909159E-03 -5.429098E-05 -7.151164E-05 -1.832785E-03  7.895745E-03  3.853336E-05
 4.132913E-05  3.573155E-05  4.586172E-03  6.401539E-03  4.218067E-05  2.857238E-05  6.529011E-04  3.945645E-03  5.440759E-03 -8.015854E-03
-4.669697E-06 -5.174381E-06 -1.294570E-05  8.813544E-06  4.354238E-05  3.403053E-03 -6.564477E-03 -5.658722E-03 -4.827011E-03  6.924767E-06
-2.460167E-05 -7.855077E-06  1.290694E-03 -2.090823E-03 -8.075417E-05 -1.250380E-04 -1.623909E-05 -1.133352E-05 -5.971891E-06 -4.822135E-04
-9.687486E-05 -4.942169E-04  1.039196E-04 -6.088890E-05 -3.295980E-04 -8.830349E-04  2.676562E-05 -6.822770E-06 -1.492995E-04  1.285031E-04
-1.206170E-06
  MODE      23
 9.868730E-06  2.594578E-06 -4.266960E-06  1.117935E-05  8.281295E-06 -1.192495E-05 -1.654262E-05  1.738356E-05 -1.176575E-04  5.813714E-06
-1.176090E-04 -3.914346E-05 -4.553465E-05 -2.238478E-01 -2.391090E-01 -2.375911E-04  6.007052E-04  1.778624E-04 -2.180745E-03  4.696222E-04
 7.540189E-01 -3.284994E-01 -1.723776E-05  8.578567E-04  4.117808E-01 -2.148163E-01  8.571377E-05 -1.517219E-04  6.991621E-05  4.969390E-06
 1.012002E-03  1.855066E-06  3.528430E-06  8.886347E-05  1.413398E-04 -2.320092E-05 -7.802166E-06 -1.299699E-04  8.855291E-05 -5.523989E-05
-1.271827E-05  4.007048E-03  2.381298E-03  1.058360E-05  4.000534E-07  1.061843E-05  5.611840E-03 -1.206580E-03  5.606924E-05  1.434144E-04
-8.120431E-06  6.296896E-05  2.859129E-06 -5.236176E-06  2.599857E-05  5.068902E-05  1.779703E-07  8.209402E-06  4.489619E-05 -1.026069E-04
 2.063630E-04 -8.865908E-03 -7.997893E-03 -7.366991E-03  3.403593E-03  6.513652E-05 -4.620563E-05 -5.265420E-03 -1.258722E-03  4.148115E-05
 8.923825E-06  3.589322E-05  1.747894E-03 -1.315790E-03 -2.014231E-06  3.233193E-05  4.318800E-03 -6.535569E-04  6.139079E-03  4.161521E-03
-1.972228E-05  2.651384E-06  7.690647E-06  1.635540E-06  1.398770E-05 -3.431763E-03 -1.765882E-03 -6.892152E-03  8.021943E-03  1.519890E-05
 1.696768E-05  9.122223E-06  1.621022E-03  9.890679E-04  5.439573E-03 -3.759273E-03 -2.220102E-05  9.125971E-06 -2.031251E-05  2.701528E-04
 9.855482E-05 -2.903772E-04  6.417951E-05 -2.714355E-05  4.617559E-04 -1.739628E-04  7.528412E-06  1.115529E-05 -8.632830E-05 -1.132820E-04
-4.584595E-06
  MODE      24
 4.754111E-07 -8.704355E-08 -1.320245E-07 -3.079153E-07  5.185504E-07  7.480612E-09  1.500611E-04  3.941683E-05 -6.076872E-05  8.776155E-05
 5.102615E-05 -7.854495E-05 -1.706706E-02  3.658664E-04  2.877198E-04  8.588862E-05  6.709649E-05 -1.455061E-05 -1.399458E-03 -1.055611E-04
-1.597026E-03 -3.728612E-04  1.105373E-03  9.995008E-01 -9.659346E-05 -1.912604E-03 -6.757195E-04  7.792891E-04  1.542259E-04 -2.448855E-04
-1.481591E-04 -7.748305E-06  4.516871E-05  6.770534E-06  2.917904E-04  1.065290E-05 -2.526469E-05  2.695171E-05  7.335168E-05  4.680689E-03
-9.093923E-03  2.522589E-05 -1.407813E-04  1.210141E-05 -1.997067E-06  2.011413E-10  2.322273E-05  5.035838E-05  7.188022E-05  1.873191E-04
-5.379414E-05 -1.265787E-05 -2.496003E-06  4.794090E-06  1.559282E-06 -2.216738E-06 -2.738865E-05  2.011167E-05 -1.627184E-05 -1.287143E-02
 5.937188E-06  1.597730E-04 -1.106552E-05 -2.691750E-05  2.234223E-05 -2.404160E-03  4.433192E-03 -5.387057E-05  3.832273E-06  9.506882E-03
-3.777834E-05 -1.263637E-05  5.064015E-06  2.096693E-05 -6.648074E-03 -1.097609E-04  4.826077E-06  3.787351E-05 -1.768374E-05 -3.000285E-06
-6.801143E-07  5.718354E-05 -9.891125E-05 -8.699633E-03  2.147293E-03 -3.466905E-05  2.933022E-05  2.421056E-05 -2.300926E-06  1.822659E-03
-2.774383E-05  3.345262E-03 -1.807299E-05  7.798894E-06 -9.817289E-06 -4.823029E-08 -3.284454E-03  6.833495E-05 -1.263273E-02  1.188125E-05
-1.070491E-06  1.798679E-05 -2.019934E-06 -4.139832E-06 -2.608058E-06 -5.058970E-06 -1.153512E-06  1.383483E-04  4.804705E-06  1.367244E-05
-4.384590E-04
  MODE      25
 1.141415E-05  9.082375E-06 -3.093359E-05  1.015740E-05  1.264713E-05 -1.475994E-05  1.636431E-05 -1.743857E-06 -2.553332E-04  7.521727E-06
-1.199270E-04  3.555924E-05  4.203929E-05  5.449063E-02  5.794515E-02  1.160866E-04 -2.265815E-04  6.597201E-04 -7.005246E-04  4.943589E-04
-4.271241E-01  1.855269E-01 -2.955771E-04 -1.351110E-03  7.816277E-01 -4.059916E-01 -1.896536E-04 -1.960311E-04  2.905622E-04  2.060752E-04
 6.968847E-04 -5.791966E-05  2.013515E-05  2.837972E-04  1.174012E-04 -4.488938E-05 -1.450998E-05 -6.434809E-05  7.687691E-05 -6.779357E-05
-5.134182E-05 -1.225389E-02 -7.204059E-03  1.139083E-05  3.002084E-06 -1.286365E-05  1.788699E-03 -4.171852E-04  2.486502E-05  1.099368E-04
-4.447813E-05 -7.050284E-05  4.474198E-06  8.218965E-06  1.024030E-05  1.259523E-04 -1.069676E-05 -9.585565E-06 -2.994713E-05  2.417061E-05
-2.253015E-05  2.053909E-03  1.730820E-03  9.752205E-03 -4.413215E-03 -8.875724E-05  2.693728E-05  5.424102E-03  1.289235E-03 -2.359882E-05
 1.968754E-05 -4.526507E-04 -1.492047E-02  1.075648E-02 -1.171269E-05  4.978900E-05 -3.871924E-03  6.154966E-04  2.784333E-03  1.847980E-03
 2.309614E-05 -5.686451E-05  6.728614E-05  1.813053E-05  1.782905E-05 -2.546372E-03 -1.298652E-03 -7.841087E-03  9.083503E-03 -1.178139E-06
 3.109511E-05 -1.380557E-05 -7.677345E-04 -4.880770E-04  1.060368E-02 -7.293026E-03 -3.821887E-05 -6.333689E-05  1.088295E-05  1.897053E-04
 6.783186E-05 -1.760574E-04  3.708311E-05  5.401168E-05 -7.909635E-04  2.827675E-04 -1.361197E-05  2.030289E-06 -9.402994E-05 -1.466377E-04
-5.684366E-06
  MODE      26
-2.050645E-05  6.627791E-06 -3.501464E-05 -2.021610E-05 -1.318323E-05  1.792993E-05  1.514767E-04 -1.074630E-04  2.046110E-05  3.067787E-04
 3.967906E-05  2.686162E-04 -1.348009E-04  9.189008E-02 -8.612910E-02  2.010170E-05 -1.055181E-04  1.292146E-06 -2.644454E-03  1.191516E-04
-1.287959E-01 -2.975969E-01 -1.380145E-04  1.304826E-03  4.320430E-01  8.313294E-01  1.087297E-03  1.537223E-03 -2.171679E-04  7.470030E-04
-2.708827E-05  2.035411E-05 -6.559396E-05  8.714357E-06  4.040663E-04  5.662639E-05 -1.012099E-04 -1.153693E-05  3.679249E-05  2.005985E-05
-2.694660E-05 -9.372137E-03  1.591783E-02  2.777779E-05 -3.012743E-05 -2.897770E-06 -3.059784E-03 -1.483499E-02 -1.701834E-04  2.198621E-04
 7.393013E-05  2.026231E-05 -7.391535E-05 -5.715475E-05  5.044542E-05  1.840727E-05  2.508448E-05  1.785007E-05  2.098626E-05  1.044596E-05
 4.260373E-06 -6.777846E-04  9.858921E-04  6.637005E-03  1.449506E-02  5.934528E-06  2.609513E-05  7.864311E-05 -5.910667E-04  3.159652E-05
 6.492626E-05  1.608481E-05  2.472968E-04  3.292921E-04  1.216824E-05  1.240973E-04 -1.483316E-03 -9.475145E-03  4.198283E-03 -6.259362E-03
 4.556375E-05 -2.017669E-04  7.227342E-05  3.024522E-06 -1.524165E-05  4.859955E-03 -9.692688E-03 -3.272512E-03 -2.923307E-03 -4.439105E-06
-7.923235E-05 -2.924317E-06  4.556268E-03 -7.383202E-03  2.059084E-03  3.102501E-03  5.776996E-06 -2.438147E-04  1.467856E-05  1.906062E-04
 3.640314E-05  2.220731E-04 -5.077459E-05  5.108316E-05  2.828054E-04  7.676880E-04 -2.477535E-05 -1.362215E-05 -3.003338E-04  1.893766E-04
 3.897051E-06
  MODE      27
-3.614684E-04 -2.014560E-04  6.076766E-04 -3.649968E-04 -3.560589E-04  4.560647E-04  1.781452E-06 -1.264027E-05 -6.812454E-05  5.507833E-03
-2.807145E-02  9.747785E-06 -5.730311E-06  1.029023E-04  2.034298E-05 -2.669310E-02  5.033305E-02  1.171036E-04 -1.929863E-04 -2.398291E-05
 1.020145E-04 -3.033238E-05  4.164120E-05  1.767072E-05 -4.119217E-04 -5.520321E-05  2.347640E-05 -9.220912E-03  8.127060E-01  5.589061E-01
-1.181568E-03 -8.992621E-02  8.868862E-03  1.021899E-04 -7.786171E-05  1.004852E-01  5.376905E-02 -1.014803E-02  2.073803E-05 -1.344771E-05
-3.275667E-07  5.624041E-06  4.198634E-05  1.129919E-06 -8.551590E-03  2.868210E-02 -6.390047E-05  4.343525E-05 -1.839450E-04  4.724522E-05
 3.901266E-04 -1.447973E-04  1.058224E-02 -1.436016E-02 -9.054903E-06 -7.754679E-06 -1.253806E-02 -1.875593E-02  7.284573E-05  1.694121E-06
 4.546888E-05 -1.243235E-05  1.992331E-05  1.121582E-05  4.527304E-06 -4.048284E-06 -3.368629E-06 -5.871820E-06  3.681622E-05  5.670252E-06
-9.536851E-05 -1.416822E-04  1.933731E-06 -6.788962E-06 -1.877377E-06 -2.002166E-04 -3.563810E-06 -2.713710E-06 -6.211902E-06  1.925414E-05
 2.286463E-05 -2.363670E-04  4.851742E-04 -3.036908E-06 -3.131598E-06 -9.242652E-06 -3.721781E-05  2.197602E-05  3.984605E-05  4.329882E-06
 7.113453E-04 -6.458111E-06  2.098720E-05 -3.087458E-05 -7.557727E-06 -2.636148E-05 -1.033360E-06 -3.905534E-05  6.975487E-08 -1.018766E-05
-1.700773E-05  7.179848E-06  6.463824E-06 -3.901730E-06  1.397950E-05 -3.836660E-07  1.616950E-05 -5.435837E-07 -6.919599E-07  1.407625E-05
 7.849720E-07
  MODE      28
-9.500735E-04  3.985990E-04 -1.673235E-04  1.112166E-03 -1.066900E-03 -3.990107E-04 -2.154186E-05 -2.502040E-06  1.458319E-04  8.705893E-05
-4.878239E-04  9.720948E-06  7.965172E-05 -2.213868E-05 -6.663479E-05 -2.020155E-04  5.289109E-04 -1.731886E-02  4.868580E-04  8.158342E-05
 8.107789E-05 -5.629416E-05 -3.359411E-05 -1.024558E-03 -1.949410E-04 -7.143794E-04 -5.198998E-01  8.364180E-01  6.352288E-03  4.397476E-03
-5.568907E-04 -6.220633E-04  7.868141E-05  6.488105E-05 -1.162061E-04  1.039776E-03  5.201969E-04 -8.544786E-05  8.557520E-06  3.674586E-05
 8.907912E-05  1.076722E-04 -3.504745E-05  2.042142E-05 -2.351542E-05  6.517042E-05 -1.811695E-05 -1.069694E-05  6.834292E-02  5.715754E-04
-5.487209E-02 -1.997986E-04  9.337120E-05 -1.236836E-04  1.341150E-06  3.387346E-05 -1.089564E-04 -1.540403E-04 -4.290913E-05 -7.879439E-05
-1.268385E-02 -2.933025E-04  2.816710E-05  3.830881E-05 -6.790026E-06 -1.439266E-05 -2.659915E-05 -5.401447E-07 -9.474307E-06 -4.725966E-05
-1.489818E-02  1.244454E-02 -3.004687E-04  8.793851E-05  1.647721E-04 -8.473707E-03  1.095422E-05 -1.337793E-05 -2.652820E-05 -1.111521E-05
-9.365604E-03  8.288140E-02 -7.287088E-02  5.389298E-04  7.269487E-05  6.494803E-05  7.338002E-06  6.527502E-06  6.604974E-06 -1.643179E-05
-6.809144E-02  1.768439E-05  9.808432E-06 -1.168359E-05 -1.999629E-06 -2.179965E-05  2.743534E-06  6.738319E-02  2.312542E-05 -5.286331E-04
 1.867777E-03 -3.099155E-05 -9.493713E-04  5.744502E-04  2.233803E-05 -5.172370E-05 -6.328360E-05  2.136939E-06 -1.358331E-07  5.648936E-06
 5.248458E-06
  MODE      29
 1.369363E-03 -5.769830E-04  2.473107E-04 -1.606879E-03  1.537705E-03  5.784118E-04 -2.432619E-05  1.262119E-05 -7.715861E-05 -5.545341E-05
 2.142270E-04 -2.328120E-05  1.943775E-04  8.389410E-05 -6.986602E-05  3.554494E-04 -3.723724E-04 -2.219432E-02  6.387721E-04 -2.527526E-06
-3.665906E-05 -3.561694E-04 -3.431855E-05 -1.499954E-04  6.402752E-04  1.679287E-03 -8.215784E-01 -5.378795E-01 -3.936448E-03 -2.800213E-03
 8.822672E-04  4.175390E-04 -3.752543E-05 -6.660955E-05 -1.722760E-04 -5.606497E-04 -3.032498E-04 -5.057258E-05  3.169665E-06  2.280639E-05
-7.802406E-06 -1.212996E-05  1.878312E-05  2.689904E-05 -4.999291E-06 -1.013135E-04 -2.328769E-05 -4.030627E-05  7.646897E-02  5.786921E-04
-1.171396E-02  8.503324E-05 -6.035209E-05  9.162166E-05  4.108285E-06 -2.004476E-05  6.413851E-05  1.190695E-04  3.726406E-05  2.981064E-05
-1.430845E-02 -2.683155E-04 -1.346628E-05 -1.436503E-05  3.537084E-05 -5.543803E-05 -1.255487E-05  1.908603E-05  3.172868E-07  4.639802E-05
-3.535549E-02 -9.645666E-03  1.725084E-04 -6.082078E-05  9.040873E-04 -5.381833E-02  1.856827E-05 -7.502926E-06 -1.887843E-05 -2.987233E-05
-1.465700E-02  9.748093E-02 -2.644562E-02  1.953762E-04  7.208691E-06 -3.744781E-06 -6.068634E-06  1.233662E-07 -1.603303E-05 -2.176469E-05
 3.460584E-02 -1.411512E-05 -1.514353E-06 -2.963475E-05  9.986945E-06 -1.315193E-05  2.717494E-05  1.145246E-01 -3.196374E-06  4.692515E-04
-1.654579E-03  1.922746E-05  8.381092E-04  9.689678E-04  3.047179E-05 -5.293620E-05  6.726656E-04 -8.819756E-07 -8.786725E-07 -2.223222E-06
 3.726788E-07
  MODE      30
 3.537262E-04 -1.449549E-04  8.686099E-04  5.140583E-04  1.755753E-04 -3.923998E-04 -3.951734E-05 -2.442677E-05  6.896374E-05  3.720120E-02
 7.289055E-03  7.112320E-06  1.980258E-05  3.719787E-06 -3.633991E-05 -4.791398E-02 -2.541709E-02 -5.354912E-05  6.942791E-04  9.407616E-05
 9.946051E-05  1.524795E-04  1.613678E-05  2.929319E-04 -3.219694E-04 -6.440815E-04 -6.227118E-05 -6.004983E-05 -5.619843E-01  8.171879E-01
 2.665611E-03  1.159444E-03  1.174159E-02 -4.558540E-05 -4.597704E-04 -5.024496E-02  9.501296E-02  5.946160E-03  9.679105E-06 -4.505046E-05
-7.357278E-05 -2.348328E-06  2.935486E-05  8.516462E-06  8.678296E-03  2.585263E-03 -5.275566E-06  8.531126E-05 -1.035332E-07 -1.187570E-04
-6.583901E-06  5.539246E-05  1.079137E-02  7.950910E-03 -1.056723E-05  2.026536E-06  6.125370E-04 -4.065923E-04  1.177700E-04  9.185228E-05
 2.834373E-06 -5.379090E-05  4.195621E-05  9.193542E-07  1.336585E-05  1.503817E-05  1.556612E-05  2.219927E-05 -2.008121E-05 -6.975594E-05
 1.082460E-05 -7.203211E-07 -2.114012E-05 -2.872434E-05 -1.632098E-05  9.939781E-06 -4.487748E-06 -1.008284E-05  3.694798E-05 -3.665191E-05
-1.345159E-06  3.370615E-06 -7.286617E-06 -5.753228E-05  3.616586E-05  1.816995E-05 -2.182368E-06  8.574401E-07  2.426493E-05 -4.626419E-06
-9.041764E-06  8.822500E-06 -9.943700E-06 -1.401818E-05 -1.392842E-05 -2.209742E-06  1.906385E-05 -1.104125E-06 -2.244103E-06  4.072814E-06
 5.865081E-07  3.178547E-07  3.480751E-06  2.083303E-06  1.292611E-05  3.233245E-05 -2.629324E-06 -6.072046E-07 -1.368430E-06  7.092630E-06
 1.628035E-06
  MODE      31
-1.266802E-06  5.213819E-07 -2.992506E-07  1.352427E-06 -1.395208E-06 -4.518884E-07  3.385007E-04  6.757415E-05  7.322837E-04  1.324227E-04
 4.732357E-04  1.576932E-04  2.886980E-05 -1.507507E-05  5.406286E-05  4.640995E-04 -9.890665E-05  2.046028E-04  3.364781E-04 -7.161428E-03
 4.502658E-04 -4.940783E-04 -6.828711E-05 -1.517331E-04  9.482489E-04 -6.200293E-04 -4.594950E-04 -9.233777E-04 -2.445539E-03  1.513166E-03
-9.774535E-01 -2.635529E-04  2.125014E-04 -1.147902E-02 -9.008657E-04  2.122485E-02 -1.564316E-03  2.050020E-01 -5.679333E-04  5.579430E-04
 1.722211E-04  3.751586E-04  9.876537E-05 -5.677422E-05 -3.567067E-04  6.611626E-04  4.461635E-04 -2.099120E-04  2.111496E-04 -3.652748E-04
-7.704465E-05  3.789735E-02  4.541540E-05  1.297653E-06 -1.022989E-05 -1.364131E-02  9.525097E-05 -5.931706E-05 -1.688218E-02 -3.071985E-05
-7.764596E-06  2.942494E-05 -6.687163E-06  3.120481E-04 -1.694802E-04  4.674618E-06  8.271715E-05 -1.441058E-04 -1.935672E-04  1.364460E-04
-2.085064E-04  2.099183E-05  2.555551E-04 -1.260104E-04  7.402138E-05  3.519047E-05  8.223540E-05  2.521091E-05  6.564806E-05  6.095867E-05
-5.117932E-06 -4.728304E-05  6.589844E-05 -3.950593E-06 -8.645994E-06  9.392591E-05 -1.540990E-05 -1.236416E-04  9.132312E-05  1.244812E-05
 1.126914E-05 -1.113913E-05 -7.912450E-05 -4.254258E-05  1.413890E-05 -1.415430E-05  5.355650E-05 -9.692920E-05 -4.686054E-06  4.216888E-05
 2.837779E-05 -3.780299E-05 -3.942851E-05  1.354412E-05 -2.978336E-06 -9.406103E-06  6.552648E-05  5.017831E-06  5.360428E-05  4.399208E-05
 1.880497E-05
  MODE      32
-8.962313E-05  3.819748E-05 -1.690589E-05  1.062591E-04 -1.007313E-04 -3.867479E-05 -8.914524E-06 -2.625935E-06 -3.428742E-05 -3.139522E-06
 8.991271E-05  4.979666E-06  2.130250E-05  1.259973E-05 -1.612600E-05  6.787718E-05 -1.323225E-04  2.867992E-02 -2.169096E-05  2.696293E-06
 1.206645E-04  1.376235E-05 -2.046166E-05 -5.343221E-05 -1.564309E-04 -1.109569E-04 -2.310316E-01  3.210867E-02 -5.476029E-05 -5.405390E-05
 3.320462E-05 -2.324399E-04  3.801239E-05 -1.437890E-04 -1.242472E-04 -3.703106E-04 -1.869381E-04  9.691439E-06  1.473895E-05 -4.211678E-05
-1.187492E-04 -1.466085E-04  3.912637E-05 -9.944178E-05 -4.816136E-05  4.694365E-04 -1.785317E-04  1.902258E-04 -5.021381E-01 -4.427492E-03
 2.411673E-01  2.803401E-04 -1.496419E-05  1.253903E-05 -1.510779E-06 -3.753228E-05  1.298761E-05  3.259741E-05  7.471442E-05  6.083755E-05
 7.901143E-02  1.656051E-03 -6.286071E-05 -1.786380E-05  2.097811E-05 -8.713504E-05  1.451384E-05  4.894810E-05  6.582018E-05  1.119622E-04
 1.354289E-01  2.205780E-02 -5.213500E-04  1.954384E-04 -3.320336E-03  2.070452E-01  4.078525E-06 -7.097059E-06  3.446453E-05  1.936409E-05
 6.352511E-02 -4.958189E-01  2.361226E-01 -1.687081E-03 -2.737768E-04 -2.801054E-04 -9.666592E-05  1.270979E-05  1.669292E-05  8.672774E-05
 1.648956E-02  6.800485E-06 -1.760421E-05  4.336964E-05 -2.604717E-05  1.477819E-04 -5.003589E-05 -5.104816E-01  4.165024E-05  1.418640E-04
-5.125097E-04  4.384875E-06  2.686860E-04  4.572161E-04  2.053544E-05 -8.128048E-05 -1.120384E-03 -3.670109E-06 -4.825058E-08  6.753392E-06
-2.791821E-06
  MODE      33
-9.704649E-04 -5.060805E-04  1.565293E-03 -9.023569E-04 -9.608386E-04  1.164588E-03  3.455577E-05  1.766001E-06 -1.898001E-05  2.026050E-03
-1.031029E-02  1.478018E-07 -2.780403E-06 -6.912237E-05 -3.607263E-05  1.801700E-02 -3.396841E-02 -2.522005E-05  5.583574E-06 -1.473127E-05
 7.625073E-06 -1.241979E-05 -3.209469E-06 -1.034703E-05  2.478634E-05  4.803685E-05  3.051329E-05 -7.328192E-06 -9.852611E-02 -6.775177E-02
 4.079652E-04 -9.393669E-01  9.261907E-02  7.144351E-04  3.118644E-03  2.650183E-01  1.417656E-01 -2.625851E-02  9.532097E-05 -1.429739E-05
 8.703016E-05  2.261475E-04  4.674199E-05  4.302887E-06  7.196109E-03 -2.412226E-02  1.746563E-05 -2.906696E-05  9.066800E-05  3.840942E-04
-1.571171E-05 -6.137439E-05 -2.868953E-03  3.891149E-03  1.061348E-06 -1.088724E-05 -2.100375E-02 -3.142626E-02  1.360648E-04 -6.288259E-06
 2.634732E-05  7.186234E-06 -9.564012E-05  7.541330E-05 -2.955334E-05 -1.316925E-05  8.889588E-07  1.219670E-05 -2.784080E-05  4.496020E-06
 3.034585E-05 -1.873713E-05  1.588658E-05 -8.349289E-06  9.144556E-06  1.342598E-05  1.796522E-05 -1.046156E-05  7.242267E-05  1.426467E-05
 8.336632E-06  3.317435E-05 -1.726789E-05  2.179588E-06 -1.089320E-05 -1.304888E-05  4.219680E-06 -4.139095E-05 -1.614450E-05 -2.737190E-06
-1.287859E-05  6.487588E-06 -3.939485E-05  2.121753E-05 -8.834966E-06  3.122243E-05  3.614747E-07  5.233065E-05 -3.264533E-06  2.972357E-06
-7.181756E-06  2.251300E-06  3.895016E-06  9.145246E-06 -2.151089E-05  1.471817E-05 -6.437203E-07 -7.101415E-07  5.113066E-05  3.823894E-05
 1.607047E-07
  MODE      34
-1.712105E-07  8.361614E-09  9.754711E-08  6.672060E-08 -1.852150E-07  3.272856E-08 -6.518284E-05 -8.264597E-06 -1.062388E-02  6.726814E-06
 1.746351E-05  6.415788E-06 -1.824403E-06  9.268677E-06  7.345187E-06  2.066075E-05 -2.705050E-06  5.353608E-06  3.270800E-04 -5.476772E-02
 6.221706E-05 -5.385722E-05 -4.764268E-06 -9.382313E-06  6.119268E-05 -5.266570E-05 -2.738856E-05 -1.521546E-04 -3.817311E-04  2.519752E-04
-2.069508E-01 -7.597923E-04  5.579076E-04  1.976194E-01  6.447954E-03 -1.010145E-01  7.349040E-03 -9.459949E-01  2.376104E-03 -1.448435E-03
-2.826565E-04 -4.457490E-04  1.886803E-05  6.940774E-05  3.535162E-04 -6.630487E-04 -4.013044E-04  2.023280E-04 -1.553350E-04  9.770003E-05
-1.127713E-04 -8.948126E-02 -4.540944E-04  1.450792E-05 -1.457060E-05  2.630248E-02 -6.777806E-04  6.246590E-04  3.301174E-02 -1.731793E-05
-2.512956E-05 -3.542414E-05  1.634699E-05 -1.222102E-04  6.380349E-05 -1.212355E-05 -4.228893E-05  3.877944E-05  5.658540E-05 -6.309385E-05
-6.327777E-05 -1.815948E-05 -6.562542E-05  2.905560E-05 -3.641138E-05 -5.442422E-06 -1.021243E-05 -9.644881E-06 -1.531186E-05 -1.238717E-05
-2.290301E-05  1.886676E-05  9.545598E-05 -2.968109E-05  2.846651E-06  5.177161E-06  1.198485E-05  1.944794E-05 -9.880782E-06  2.347639E-05
-2.323015E-05 -2.339200E-05  2.939722E-05  5.080377E-06 -9.636644E-06  8.295859E-06  2.135841E-05  3.705480E-05 -3.521045E-06 -1.602898E-05
 2.106567E-05  3.043054E-06 -3.638916E-06 -9.406099E-06  4.889392E-06  2.581938E-06  2.532706E-05 -9.223964E-06 -1.277088E-05 -7.351686E-06
 6.964134E-06
  MODE      35
-2.405537E-04  9.858364E-05 -5.905121E-04 -3.493447E-04 -1.194572E-04  2.667096E-04  6.761968E-06 -6.113043E-06  2.630226E-05 -1.173377E-02
-2.304537E-03  3.313304E-06  2.916641E-06 -4.761442E-06  8.473882E-06  1.627731E-02  8.634348E-03  2.143249E-05  2.651999E-04  2.557401E-05
 2.611397E-05  6.857729E-05 -3.099677E-05  4.797252E-05 -5.951503E-05 -1.462586E-04 -2.291672E-06 -1.133805E-06 -3.920135E-02  5.700604E-02
-2.179918E-04 -8.315570E-02 -8.433322E-01 -2.346517E-04 -2.255989E-03  2.438967E-01 -4.614968E-01 -3.008030E-02 -5.094705E-04 -1.321870E-04
 1.220584E-04 -1.361915E-04  1.930376E-04 -3.415306E-07 -1.639868E-02 -4.889125E-03  5.922417E-05  8.960509E-05 -6.815242E-06 -2.483755E-04
 2.345885E-05  5.976747E-04 -4.359862E-02 -3.214223E-02 -1.080318E-05  5.511913E-06 -1.607137E-03  1.078064E-03  1.162501E-04  1.197468E-04
 9.023872E-06 -2.046437E-04  2.117537E-04  4.923553E-05  8.995714E-05 -4.962424E-05 -1.066384E-05  3.091096E-05 -7.439998E-05 -8.046034E-05
-2.527817E-05 -8.978064E-06  2.495355E-05  3.823213E-05 -2.463743E-07 -1.262339E-05 -1.168271E-05 -4.996791E-05  6.565881E-05 -6.869414E-05
 2.355191E-06 -1.225363E-05  9.936527E-06 -5.608956E-05  4.962245E-06  3.148771E-05 -6.691953E-05  6.248795E-05  6.735699E-05 -6.843199E-07
 1.205863E-05  8.591601E-07  4.720100E-06 -3.029352E-05  2.143621E-05  4.911767E-05  1.341614E-05 -9.121643E-06  2.301353E-05 -2.703437E-05
-2.631661E-06 -2.529318E-05 -7.431795E-07  3.884553E-06  5.510831E-06  4.481808E-05  6.469269E-07 -1.438525E-06  3.934067E-06  3.223951E-06
 7.110999E-07
  MODE      36
 2.312412E-07  2.302766E-08 -2.205241E-07 -4.014536E-08  2.517099E-07 -8.780533E-08 -1.255276E-06 -2.449618E-06 -3.341216E-03  2.918527E-06
 1.949782E-05 -1.589550E-06 -1.092549E-05  2.503440E-05  2.226151E-05  5.987022E-06  1.099074E-06 -1.542652E-05 -4.999077E-05 -4.154053E-02
 7.709138E-05 -3.225821E-05 -6.377200E-06 -1.298763E-05 -2.431345E-04  1.201199E-04 -5.445598E-05 -4.835421E-05  4.175964E-05 -1.162800E-05
 3.190683E-02  7.246910E-04 -5.733422E-04  9.768208E-01  3.678333E-03  1.983900E-02 -1.507309E-03  1.908743E-01 -5.738117E-04  4.322489E-04
 1.195249E-04 -7.236699E-04 -4.909262E-04 -2.429537E-05 -1.947980E-04  3.623428E-04  9.677061E-05 -5.263519E-05  8.577762E-06  4.640281E-05
 1.230506E-04  7.705434E-02  4.164097E-04  9.752903E-07  1.667655E-05  9.663709E-03 -2.649165E-04  2.765581E-04  1.377892E-02 -1.469721E-05
 1.489126E-04  3.709648E-04  3.857620E-04  6.620626E-05 -2.460402E-05 -2.252993E-05 -1.770413E-05  7.710877E-05  8.609930E-06  1.514802E-05
 1.345031E-04  4.345536E-05  4.473998E-05 -3.092642E-05 -1.730725E-05  4.424911E-05 -1.672885E-04  1.715754E-05 -6.000444E-05 -2.629134E-05
 6.534866E-05  8.919059E-06 -4.126543E-05 -2.131194E-06  6.175095E-06 -1.482901E-04 -9.152535E-05  9.596050E-05 -1.037451E-04  7.233629E-06
 4.018848E-05 -4.044341E-05  9.284819E-06 -1.117551E-06 -4.727559E-05  3.372045E-05  7.882262E-06 -1.088480E-04 -2.432396E-06 -4.089754E-05
-3.388205E-05  4.477340E-05 -3.472119E-06 -3.779793E-05 -2.998669E-05  1.426575E-05 -1.774731E-05 -1.109581E-05 -2.543617E-05 -3.234117E-05
 6.242502E-06
  MODE      37
 2.179894E-06 -9.115014E-07  5.293742E-06  3.021150E-06  1.110098E-06 -2.325171E-06 -1.454184E-02 -9.787671E-04 -3.191890E-04 -1.466284E-04
 2.743131E-04 -7.458637E-03  9.108136E-05  4.996928E-05 -1.683996E-04 -3.071275E-04  5.003242E-04  3.276001E-04  4.527889E-02 -1.308924E-04
 5.015817E-05  1.913082E-04  2.814817E-02 -2.612123E-04 -1.759603E-04 -1.503941E-04 -1.859087E-04  8.187103E-06 -4.297286E-04  7.609990E-04
 3.753941E-04  4.132156E-03 -3.257569E-04 -4.780661E-03  9.852016E-01  5.245099E-03 -2.431001E-03  5.354907E-03  1.081799E-01  8.232604E-04
-1.723885E-03 -5.597179E-04  9.273248E-04 -1.583475E-02  8.585996E-04  7.751775E-04  8.902177E-04  1.498648E-03  1.069072E-03 -1.167652E-01
 1.916317E-04 -3.726622E-04 -5.301425E-04  3.225587E-05 -2.373286E-02 -2.870920E-04 -4.782703E-04 -2.727624E-04 -3.029631E-04 -2.969532E-04
 1.789294E-04 -8.867095E-05 -2.218821E-04  3.106500E-04  2.133266E-04 -6.508559E-05  2.902758E-04  2.269188E-04 -1.767759E-04 -2.949646E-04
 7.078108E-05  1.915283E-04  3.685533E-04  2.373873E-04 -1.730845E-04 -3.575585E-05  1.333176E-04 -5.277647E-05 -6.706536E-05 -8.172967E-06
 2.087519E-05 -5.605256E-05  2.380837E-05  5.130408E-06  8.698698E-05 -1.180965E-04  1.245584E-04 -8.896977E-05 -3.257074E-05 -1.295350E-04
-4.421143E-05 -3.920110E-05 -8.308575E-05  6.926209E-05 -2.335675E-05 -5.260905E-05 -4.182593E-05  2.350154E-05  2.735532E-06  2.587856E-05
-1.699279E-05 -3.532783E-07  3.900856E-06 -3.347065E-05 -2.464710E-05 -9.849835E-06  4.557375E-06 -1.182202E-04  1.682496E-05  3.471405E-06
-6.094603E-05
  MODE      38
 1.227337E-05  6.887360E-06 -2.071145E-05  1.251098E-05  1.207999E-05 -1.557376E-05 -1.331107E-05  2.475556E-07 -3.606438E-05 -3.890429E-03
 1.982950E-02 -1.900429E-06  1.454628E-06 -3.366123E-05 -2.404088E-05  6.631530E-03 -1.250471E-02  5.291056E-05  1.398032E-04 -3.596778E-05
 3.258457E-05 -1.910772E-05 -2.538872E-06 -9.414495E-06 -8.378633E-05  2.817716E-05  1.585174E-05  3.018677E-04  7.049149E-02  4.847413E-02
 5.284264E-04 -3.085455E-01  3.042054E-02 -2.307456E-04  4.163923E-03 -8.277932E-01 -4.430474E-01  8.516184E-02 -1.743620E-04  6.719355E-05
 2.710517E-05 -4.726813E-04 -2.400204E-04 -7.189559E-07  2.236070E-02 -7.498248E-02 -2.169093E-04  6.859724E-05  4.467062E-04 -2.760713E-04
 1.753823E-04 -3.683166E-04 -1.753631E-02  2.379518E-02 -1.009936E-06 -2.402314E-05  6.727938E-03  1.005308E-02 -3.500821E-04 -1.704968E-05
 7.828668E-05  1.851828E-04  2.009498E-04  7.403178E-05 -4.234136E-05 -6.287365E-06 -4.750427E-06 -4.071113E-05  5.957415E-07  2.143307E-05
-4.874111E-04 -2.497456E-05  1.378236E-05 -2.583501E-05  9.964237E-06 -3.321183E-04 -9.929290E-05  1.955571E-05  3.617814E-06 -1.961590E-05
 1.440567E-05  1.482854E-04  1.211140E-04  6.767128E-06 -3.726611E-06 -7.481481E-05 -3.317595E-05  1.712618E-05 -5.145121E-06  1.859669E-06
 1.901527E-04 -2.276239E-06 -1.389160E-05 -2.677673E-05 -4.808885E-05  2.987337E-05  2.363573E-06  1.598298E-04  2.793420E-07 -3.459906E-05
 5.551954E-05  1.827381E-05 -3.600223E-05  3.613745E-06 -3.017094E-06  2.166972E-05  7.127578E-05 -3.841577E-06  4.518089E-05  7.273943E-05
 1.901130E-06
  MODE      39
 5.310279E-04 -2.175696E-04  1.303259E-03  7.710805E-04  2.637521E-04 -5.887298E-04  9.208514E-05  6.354865E-06 -9.907230E-08 -1.426626E-02
-2.801185E-03  3.077691E-05  7.722396E-06  3.873036E-05 -4.102702E-05 -2.704169E-02 -1.434717E-02 -3.338433E-05 -3.451116E-04  1.310625E-05
 3.272586E-05  7.375576E-05 -2.905268E-04 -1.700703E-05 -6.609140E-05 -1.195711E-04  1.777536E-05 -3.113578E-05 -4.796101E-02  6.973917E-02
 1.041532E-04  5.192502E-02  5.267017E-01  4.052592E-04 -3.778295E-03  3.924707E-01 -7.424313E-01 -4.734787E-02  1.366250E-03  1.152889E-04
-8.404865E-05 -4.256012E-04  7.556643E-04  1.888039E-04  9.173119E-03  2.731097E-03 -1.368782E-04 -2.142932E-05  1.461259E-05  1.325213E-03
 3.093996E-05  4.740814E-04 -5.080310E-02 -3.744612E-02  2.483664E-04  7.234005E-06  2.561221E-04 -1.790013E-04  8.014317E-05 -4.934769E-05
 1.940114E-05 -1.923947E-04  1.862820E-04 -7.458451E-06 -5.058243E-05  2.522224E-06 -4.021849E-06  3.937603E-06 -3.678114E-05  2.888006E-05
 3.596186E-05 -8.125423E-07  1.797270E-05  5.898490E-06  2.775240E-06  1.597010E-05 -8.686309E-06 -4.167213E-05 -2.990670E-05 -3.914374E-05
 1.125876E-05 -9.902712E-07 -9.229057E-06  1.856954E-05  5.614819E-06  3.975600E-05 -6.807509E-05  1.786398E-05  3.050346E-05  6.083458E-06
-2.309181E-06  2.018358E-06  4.602721E-05 -8.176856E-05 -1.014572E-05 -2.027125E-05 -3.410694E-06 -3.948669E-06  6.864815E-06 -1.680770E-05
-8.383962E-06 -1.564890E-05  4.199304E-06 -4.883063E-06  5.033430E-05 -9.111073E-06 -9.248031E-07 -1.076773E-05 -7.611493E-05  5.537896E-05
 1.084467E-05
  MODE      40
-1.392240E-06  5.708396E-07 -3.442612E-06 -2.048927E-06 -6.847712E-07  1.559225E-06  7.949231E-03  3.985306E-04 -1.000445E-04  1.906271E-05
 8.774119E-05 -1.249967E-02  9.812821E-08  3.187973E-05 -7.671863E-05 -4.561065E-06  2.985406E-04  1.418765E-04  3.250078E-02  1.199724E-04
 2.029659E-06 -1.521053E-05 -6.877423E-02  7.114772E-05 -4.398981E-05  7.196899E-05  5.152549E-05 -9.337218E-06  1.095499E-04 -1.695499E-04
-9.163731E-05 -4.768842E-04 -1.191582E-03  5.569981E-04 -9.757556E-02 -8.870613E-04  9.772275E-04  2.059560E-03  9.881834E-01 -5.841820E-04
 6.803432E-04  1.032102E-04 -1.111930E-04  3.009196E-02  5.059369E-04  9.024979E-06 -2.800406E-04 -5.736289E-04 -5.672221E-04  7.727847E-02
 1.301132E-04  1.534293E-04  4.694309E-05  3.225760E-05  3.285095E-02  4.565815E-06 -1.400289E-05  3.511659E-05  8.422762E-05 -1.399434E-05
 7.969383E-06 -7.624429E-05  9.153444E-05  2.659124E-05  2.343272E-05 -5.004442E-05 -8.205600E-06  2.823049E-06 -4.781827E-05 -9.455661E-05
 1.781746E-05  2.813194E-06 -2.203971E-05 -5.785157E-05  2.875366E-05  2.616304E-05 -1.390021E-05 -3.115836E-05  8.612827E-06  2.744068E-06
-5.535560E-06 -2.017601E-05 -3.811909E-05  4.821269E-05 -5.614791E-05  1.132160E-05 -6.544955E-06  3.092665E-06 -1.698345E-06 -2.790305E-05
-3.988545E-06 -2.105900E-05  7.623411E-06 -7.414223E-07 -1.470447E-05 -2.281530E-05 -1.509867E-05 -1.958572E-06  1.441250E-05 -1.003033E-05
 4.702470E-07 -1.069262E-05  2.772399E-06  2.441932E-05 -3.123182E-06 -8.533327E-06 -3.964727E-05 -8.442648E-06  4.028622E-06  3.295759E-07
-1.079052E-04
  MODE      41
 1.630081E-07  1.596358E-07 -4.181204E-07  3.030683E-07  1.544755E-07 -3.153281E-07  3.548437E-05  4.010736E-05  2.920431E-06  6.170539E-06
-7.207087E-06 -6.548328E-05  8.570386E-03 -1.630800E-06 -2.738595E-05  2.075876E-05  7.051873E-06 -1.761183E-05 -5.380851E-05 -7.340530E-06
-1.179398E-06  9.938472E-06 -3.235400E-05 -4.612067E-03  7.597934E-05 -6.911201E-05  4.164321E-05 -2.003855E-05 -2.366226E-05  4.603172E-05
 2.405946E-04 -7.745294E-06 -1.666164E-04 -1.167396E-04 -7.423340E-04 -1.286821E-04  7.873231E-05 -1.588168E-03  4.536600E-04  9.974959E-01
 5.753919E-02  1.230498E-03  1.477421E-03  1.120941E-04  4.356856E-05  1.022259E-07 -9.888861E-05 -1.525282E-04 -1.202426E-05  3.133452E-04
 2.659150E-04 -2.789286E-04 -1.259994E-05 -3.400503E-05 -7.853694E-05  3.366412E-05 -8.930245E-05  5.038688E-05 -1.230991E-04 -2.455364E-02
 6.515247E-05  1.092419E-04 -9.234142E-05 -1.031289E-04  4.577973E-05 -2.514926E-02  2.220616E-03 -1.241711E-05 -4.563500E-05  1.516281E-02
 3.565409E-06 -1.227759E-05 -3.200407E-05  1.751712E-05 -1.585645E-03 -1.596229E-05 -1.037281E-05  8.012946E-06 -1.448465E-05  2.561306E-05
 1.830138E-05  2.809142E-05 -9.106496E-05 -8.523105E-03  5.362118E-03  8.379894E-06  2.712231E-05 -5.163742E-05  2.978068E-05 -3.669751E-03
-1.893295E-05 -8.080115E-04  1.029566E-05  1.726139E-05  1.234979E-05  5.075626E-06  6.395010E-04 -5.045328E-06  3.548942E-04  4.139545E-06
-2.298966E-05 -2.286015E-05 -6.773827E-05  9.082601E-07 -5.158028E-07  4.829179E-06  5.682360E-07  1.294113E-05  6.628983E-06 -9.759006E-07
 3.268280E-04
  MODE      42
 6.790857E-07 -8.835924E-09 -1.055399E-08  2.681968E-07  6.162169E-07 -4.498526E-07 -2.769199E-05 -3.495557E-06 -4.214957E-06 -2.101368E-05
-1.866155E-06  3.007083E-05 -4.814413E-03  1.175556E-06 -2.610474E-05 -2.096172E-05 -2.985248E-06 -2.429022E-05  1.825747E-04  2.537711E-05
-1.572025E-05  3.685573E-06  1.319465E-04  1.013148E-02  9.103489E-06 -5.786388E-05  8.192863E-06 -6.652439E-05 -3.374304E-05  6.066155E-05
 8.932155E-05  1.137937E-04  1.476108E-04 -5.611837E-05  1.794540E-03 -1.792862E-05 -6.150520E-06 -2.205562E-04 -4.940084E-04 -5.681998E-02
 9.966910E-01 -3.051725E-03  1.910559E-03 -9.498131E-04 -4.861168E-05 -5.122979E-06  7.895272E-06  2.090477E-04 -1.218340E-04 -2.292363E-04
 1.296149E-04 -8.958161E-05  2.116452E-05  4.333868E-05 -2.784893E-05  2.789785E-05  2.793797E-05 -7.995816E-05 -5.206552E-05 -1.020158E-02
-1.195119E-04  6.056510E-05 -1.585388E-05  1.139651E-04 -1.045156E-04  1.282874E-02 -2.500060E-02  1.464748E-04 -1.443628E-04 -1.501566E-02
 7.618579E-05  3.141573E-05  3.823881E-05  7.122627E-05  1.813315E-02  3.570611E-04  7.634849E-06 -2.833281E-05  7.105812E-06 -1.037524E-05
 1.750964E-05 -1.553748E-05  1.506703E-04  2.245962E-02 -9.719169E-03  8.543647E-06  3.087486E-05 -3.773550E-05  6.301414E-06 -4.349106E-03
 2.228475E-05 -9.080430E-03  2.982109E-06  3.294155E-05  2.404811E-05 -4.968861E-05  2.523340E-02 -1.405858E-05  2.118424E-02  4.531832E-05
-1.050821E-04 -4.330262E-05 -2.007337E-04  4.708238E-06 -1.193002E-06 -1.093409E-05 -1.370126E-05 -9.858621E-04  2.681586E-05 -2.892316E-05
-3.023287E-04
  MODE      43
 1.008466E-06  1.620134E-06 -6.044670E-06  7.329812E-07  1.479985E-06 -1.555273E-06 -2.486168E-05  4.654455E-05 -1.713910E-05 -4.728474E-05
 1.382086E-07 -5.130141E-05  6.900997E-05  7.944679E-03 -7.447110E-03  4.953416E-05  4.974319E-05 -1.016398E-05  1.197834E-04 -1.081644E-05
-1.053718E-02 -2.444908E-02 -1.133722E-04 -1.227928E-04  5.190226E-03  1.008304E-02  1.554825E-05 -8.863400E-05 -3.442950E-05  1.225643E-04
 4.190184E-05  8.954264E-05  2.551219E-04 -3.439682E-06  7.679420E-04  3.544780E-04 -8.034052E-04 -2.712108E-04  4.801492E-05  4.971806E-04
 3.150594E-03  4.954937E-01 -8.535358E-01  4.112941E-05  3.641813E-04  8.862417E-05  2.925219E-02  1.458573E-01 -6.502824E-05 -4.396894E-04
-2.558074E-04 -1.526527E-04  2.212189E-04  2.039419E-04 -1.962499E-04 -3.489305E-05 -1.169688E-04 -4.931533E-05 -6.972278E-05  3.779685E-05
-3.177712E-04  1.956492E-02 -2.167320E-02  8.337925E-03  1.793697E-02  1.456269E-04  2.416537E-04  4.067473E-03 -1.645650E-02 -1.717060E-04
 3.097664E-04 -4.355698E-05 -7.403736E-03 -1.046735E-02 -1.242772E-04  1.262814E-04 -7.820741E-04 -5.462478E-03 -1.086269E-02  1.606718E-02
-4.746921E-05 -6.311796E-05 -1.002627E-04  2.703743E-06 -5.862396E-05 -3.724780E-03  7.307426E-03  6.493684E-03  5.562720E-03  1.410961E-05
-1.200588E-04 -1.125623E-05 -1.306651E-02  2.116688E-02  5.691006E-04  8.277429E-04  2.882805E-05 -7.721367E-05  8.925706E-06 -2.577876E-04
-6.605641E-05 -2.433037E-04  6.321395E-05  8.147417E-05  4.415695E-04  1.169643E-03 -6.755900E-05  3.263202E-06  9.867763E-05 -6.792856E-05
-5.970303E-06
  MODE      44
 5.037116E-06  1.734241E-06 -4.411976E-06  4.973870E-06  4.564769E-06 -5.834887E-06  2.884533E-06 -4.363912E-06  1.077781E-04  1.086494E-05
-5.790820E-05  4.024142E-06 -1.897696E-06  1.130950E-02  1.197891E-02 -1.092475E-05  7.570602E-07 -1.440181E-04  2.920880E-05 -1.505453E-04
-5.530157E-03  2.146155E-03  5.989057E-07  4.550592E-05  9.486686E-03 -4.872035E-03  1.781072E-05 -7.612823E-05  4.962970E-05  2.091904E-05
 3.665387E-04  2.692013E-05 -1.823326E-05  8.960625E-04  8.166658E-06 -5.567274E-04 -2.861425E-04 -3.138216E-04 -3.473850E-05 -1.876517E-03
 1.568378E-03  8.579231E-01  4.981491E-01  7.742546E-06  1.700815E-04  9.910583E-05  1.141097E-01 -2.229122E-02 -6.590282E-04  2.300233E-04
-1.867843E-04  3.926104E-04  2.074748E-05 -6.864975E-05  3.963292E-05 -3.962553E-04  2.692552E-05  3.007828E-05  1.096948E-04  1.368801E-04
-3.139509E-04  1.036063E-02  9.227343E-03 -1.419572E-02  6.381169E-03  1.350698E-04 -1.125804E-04 -1.103125E-02 -2.567281E-03 -3.308460E-05
 7.205766E-05 -3.959890E-04 -1.486071E-02  1.089375E-02 -2.395300E-05  6.229988E-06 -1.769359E-02  2.520363E-03 -1.242892E-02 -8.380178E-03
 5.288133E-06  1.119218E-04 -1.316829E-04 -2.918982E-05 -5.752672E-06 -2.064292E-03 -9.585733E-04 -1.016706E-02  1.191828E-02  1.725837E-05
-8.742717E-05  2.216763E-05  9.926352E-03  6.203006E-03  4.672223E-03 -3.244148E-03  1.040940E-06  1.125799E-04 -2.642191E-05 -6.045687E-05
-3.507979E-05  8.637765E-05 -9.177413E-06  6.150667E-05 -9.200086E-04  3.426890E-04 -3.379489E-05 -1.512746E-05  5.210789E-04  7.264513E-04
 2.224552E-05
  MODE      45
-2.363130E-05  9.718726E-06 -5.815748E-05 -3.433562E-05 -1.171755E-05  2.619618E-05 -5.772168E-03 -3.962921E-03 -3.614473E-05 -1.747639E-04
 3.148372E-05  1.065403E-02  5.032355E-05  3.604095E-06 -3.355860E-05  7.512797E-04  5.497077E-04  7.213646E-05  1.135151E-02 -3.162516E-06
-9.483533E-06  1.341018E-05  2.686364E-02 -8.087528E-05 -4.684608E-05 -4.564384E-05 -4.072968E-05  5.998009E-06  2.140216E-04 -2.811267E-04
-7.170441E-05  9.943261E-05 -1.225180E-03 -1.619501E-04  2.366733E-02 -9.851605E-05  1.554754E-04  1.223389E-04  5.720301E-03  5.466023E-05
-8.489566E-04  2.803578E-04 -4.735894E-04 -9.364819E-01  5.144638E-02  1.485009E-02 -1.194382E-03 -2.401831E-03 -2.507577E-03  3.442198E-01
 5.757010E-04  2.883070E-04 -2.137849E-03 -1.334507E-03 -4.114971E-03 -1.146908E-04  1.164046E-04 -3.048964E-04  8.024331E-05 -1.262664E-04
 6.468868E-05 -1.160728E-04  5.103876E-05  9.556686E-05  5.603176E-05 -1.507439E-04  7.111275E-05  8.428373E-05 -9.078161E-05 -1.357017E-04
 1.923905E-05  7.335177E-05  1.126326E-04  6.914553E-05 -1.518794E-05  2.223781E-05  1.814312E-05 -5.750029E-05 -1.370528E-05  4.148542E-06
-7.118511E-06 -2.350799E-05  4.336909E-06 -3.098513E-05 -3.203998E-05 -1.520990E-05 -1.252956E-05 -1.113152E-05 -7.991884E-06 -6.927701E-05
-2.294202E-06  1.411571E-05 -1.902873E-05  8.850126E-06 -1.385154E-05 -1.613894E-05 -1.032958E-05  1.103100E-05 -1.196940E-05  4.937559E-07
-1.744600E-05 -1.649748E-05 -1.983686E-05  3.418134E-05 -4.992482E-06 -8.705245E-06 -4.407108E-05  1.523870E-05  5.568243E-06  2.928818E-06
-1.035126E-04
  MODE      46
 4.404836E-04 -1.804556E-04  1.081029E-03  6.396632E-04  2.187731E-04 -4.883876E-04 -3.133182E-04 -2.118750E-04 -1.256970E-05  3.082552E-03
 6.112185E-04  5.409387E-04 -2.173597E-06  2.089251E-05 -2.533968E-05 -1.466470E-02 -7.764716E-03  1.413652E-06  8.909650E-04 -1.439315E-06
 1.535121E-07  6.392003E-06  1.444119E-03 -4.985908E-06 -2.218643E-05 -2.749527E-05  7.693044E-06  1.751478E-05 -4.205828E-03  6.122203E-03
 1.262205E-04  1.827799E-03  1.840750E-02 -3.523750E-05  2.012811E-03  9.382834E-04 -1.791200E-03 -2.548663E-04  1.056100E-03  5.102840E-05
-9.733477E-05  2.368298E-04 -3.787092E-04 -5.091045E-02 -9.554212E-01 -2.849797E-01  1.360776E-03 -7.914552E-04 -3.548987E-04  1.672934E-02
-6.678298E-05 -5.062814E-04  3.894740E-02  2.871747E-02 -4.844251E-04 -1.390914E-05 -5.443478E-03  3.640518E-03 -3.031621E-04 -5.298153E-05
 3.845499E-06 -9.866566E-05  1.482064E-04 -3.643188E-05 -4.139185E-05 -3.213915E-06  1.078618E-05 -7.837326E-06  8.352726E-06  3.088216E-05
-7.267058E-05 -7.110497E-06 -3.987859E-05 -2.136255E-06  7.083088E-06 -3.260024E-05 -2.819981E-05 -2.716554E-05 -6.357929E-06  2.575778E-05
-8.804787E-06 -1.187410E-05  1.563240E-05  1.491437E-05  3.913304E-06 -7.054149E-06  8.745016E-06 -2.236085E-05 -2.477559E-05  4.232836E-06
 1.419715E-05 -1.186549E-05 -1.540028E-05  2.617138E-05  9.288560E-06  6.054758E-06  1.186918E-06 -7.909032E-06 -5.922611E-06 -2.390950E-05
 3.283357E-06 -2.110576E-05 -7.402460E-06  8.071119E-06 -6.409993E-05  1.525383E-05  1.851597E-06  1.419142E-05  7.459067E-05 -5.686999E-05
-1.837436E-05
  MODE      47
-2.716453E-04 -1.413224E-04  4.375333E-04 -2.518010E-04 -2.690055E-04  3.253869E-04  1.030187E-07 -1.157754E-06  6.033272E-05 -1.215741E-03
 6.197986E-03  2.997081E-07 -3.270565E-07 -3.276715E-05 -2.206222E-05  7.238910E-03 -1.365090E-02 -3.697104E-05  1.478724E-04  3.583680E-05
 1.592187E-05 -8.177767E-06  1.819725E-06  1.939619E-06 -1.155396E-05 -3.868858E-06 -5.517517E-05 -2.356766E-04  2.420257E-02  1.664282E-02
-5.949452E-04  4.882546E-02 -4.817247E-03  1.455168E-04 -2.404154E-04  6.473994E-02  3.460290E-02 -5.905031E-03  3.102498E-05 -1.047565E-05
-3.045058E-06  1.418079E-04  2.680664E-05 -7.163808E-05  2.777974E-01 -9.314240E-01 -3.666032E-04 -4.727492E-04 -1.236614E-03 -1.699475E-03
-9.589416E-04  2.228772E-03 -1.251909E-01  1.698536E-01 -1.807038E-05  7.105170E-05 -2.339779E-02 -3.496633E-02  7.346063E-04  1.202021E-05
-1.699742E-04 -3.166827E-05 -6.555416E-05  2.575876E-05 -9.612101E-06  1.035135E-05  2.315728E-06  1.153210E-04  3.191314E-05 -1.652977E-05
 4.145475E-04  7.964965E-05  3.764880E-05 -1.195609E-05 -5.293996E-06  2.775390E-04 -4.934871E-05  2.092681E-05 -2.224608E-05 -1.929217E-06
-5.604785E-05 -1.853723E-05 -2.037613E-04 -5.682728E-06 -1.644271E-06 -2.726720E-05 -2.494279E-05  3.168745E-05 -3.257084E-05 -1.150818E-06
-2.698507E-04  6.520420E-06  6.384135E-05  4.563649E-05  2.976160E-05 -1.253044E-05  2.427162E-06 -6.356128E-05 -2.771180E-07  2.780912E-05
-2.620712E-05 -1.418398E-05  1.608779E-05 -2.610154E-06 -2.896818E-05 -1.909550E-05 -6.019175E-05  5.508481E-06 -9.268547E-05 -1.518336E-04
-3.670292E-06
  MODE      48
-6.240171E-07  2.825967E-07 -1.668942E-06 -9.436903E-07 -2.902682E-07  7.022496E-07  3.242015E-03  4.025887E-04  2.664252E-04  4.649854E-05
-2.741684E-04  5.137759E-04 -1.087926E-04 -4.513837E-05  1.991769E-04  2.102987E-04 -6.197252E-04 -3.772945E-04 -6.342410E-02 -7.181337E-05
-2.491546E-05 -7.288260E-05  1.272555E-02  9.581366E-05  1.474502E-04  1.261715E-04  6.280971E-05 -1.561022E-06  1.907991E-05 -1.207243E-04
 2.448516E-04 -7.725123E-04  8.073332E-04  7.235068E-04 -1.233461E-01 -2.317324E-05 -3.914337E-04 -6.057767E-04  7.742701E-02  2.032289E-04
-2.638039E-04 -6.299298E-04  1.085809E-03 -3.392449E-01  1.317039E-03  1.900027E-03  2.984120E-03  5.628328E-03  7.494298E-03 -9.164483E-01
-1.043946E-03 -8.839134E-04  1.369211E-04 -6.094209E-04 -1.397149E-01  3.265781E-04  5.335661E-04  2.665629E-04 -2.764675E-04  3.028818E-06
-2.154377E-04  3.851478E-04 -2.088826E-04 -1.991513E-04 -1.931447E-05  2.633595E-04 -5.995849E-05 -2.076663E-04  1.046021E-04  3.288552E-04
-5.950303E-05 -1.853463E-04 -3.101719E-04 -1.750926E-04  1.655455E-04  1.924679E-05 -9.368012E-05  8.649425E-05  4.471686E-05 -1.369774E-05
 8.401538E-06  8.082246E-05 -2.532369E-06 -5.073050E-06 -1.578926E-05  3.238214E-05  1.952333E-05  3.864397E-05 -1.456233E-06  2.435585E-05
 4.236265E-05 -7.603803E-05 -4.079486E-06  5.239396E-05  1.120019E-05  4.186011E-05 -3.933522E-05  1.136663E-05 -2.679057E-05  1.175639E-05
 9.078321E-06  1.811697E-05 -2.002324E-05 -4.278773E-05  7.166794E-07 -3.968936E-05  7.902797E-06 -1.307139E-04  1.816688E-05 -2.293028E-05
-7.530737E-05
  MODE      49
 4.379742E-06  8.988758E-07 -9.475792E-06 -4.731625E-06  5.904453E-06  4.490773E-07 -1.569863E-05  5.369293E-06 -5.529306E-06  5.195559E-05
-3.706310E-06 -1.254169E-05 -5.147644E-05 -5.940909E-03  5.601642E-03  4.153293E-05  4.452491E-05 -2.716289E-05  3.138799E-04 -1.274570E-05
 4.536552E-03  1.048920E-02  3.612781E-06  3.668183E-05 -3.960105E-03 -7.467086E-03  6.279072E-05  2.713907E-04 -3.833740E-05  8.934557E-05
 8.776751E-05 -8.593328E-06 -6.998788E-05  5.890562E-06  9.718514E-04 -5.140911E-06 -1.586260E-04 -1.518178E-04 -4.099346E-06 -1.032286E-04
 6.793882E-04  7.609670E-02 -1.295263E-01  2.861211E-04  2.554277E-04  6.453655E-04 -1.954121E-01 -9.661857E-01  2.215745E-03 -7.001139E-03
 5.818355E-03 -2.877040E-04 -1.737688E-05 -3.948669E-05 -7.391820E-05 -1.920989E-05 -5.092503E-05  1.908952E-05 -1.374404E-04  1.673916E-04
-2.080491E-04  1.545136E-02 -1.694088E-02  1.356832E-03  3.081430E-03  9.138564E-05 -2.909300E-04 -1.198076E-02  5.094535E-02  1.789543E-04
-3.938213E-04 -6.939793E-05  1.154340E-02  1.592684E-02  1.815738E-05 -3.634956E-04 -1.275135E-03 -8.281208E-03 -3.532958E-03  5.140930E-03
-1.073175E-06  5.580197E-05  4.065816E-04 -4.077517E-05 -9.357902E-06  6.404780E-03 -1.272411E-02  6.134122E-03  5.218132E-03 -2.817569E-06
 7.209267E-04  1.102721E-05  1.814378E-02 -2.947994E-02  6.505541E-03  9.438079E-03  4.892975E-06  2.180294E-04  1.423973E-05  9.937623E-05
 1.819835E-07  1.009530E-04 -1.560188E-05 -5.937806E-05 -3.255699E-04 -8.553757E-04  1.964093E-05  4.184252E-05  8.320201E-04 -6.165736E-04
-1.169894E-05
  MODE      50
-5.905789E-04  2.490527E-04 -1.075202E-04  6.929683E-04 -6.630865E-04 -2.495202E-04  1.653951E-06 -1.379927E-05  5.279473E-05  5.955895E-06
-4.019984E-05  2.186382E-05 -4.366541E-05 -4.302909E-05  2.177049E-05 -2.356280E-05  4.548071E-05  2.368379E-03  9.121483E-05  2.539543E-05
 5.350607E-05  4.667265E-05  3.194758E-06  4.466320E-06 -3.497768E-05  1.274841E-05 -8.731506E-03 -4.295540E-02 -4.213253E-07 -9.925056E-06
 4.752077E-05 -2.244400E-04  1.630061E-05  9.969737E-05  3.297828E-04 -3.989724E-04 -2.788565E-04  2.757300E-04  9.259865E-05  2.292160E-04
 6.780560E-05 -1.043873E-04 -8.021714E-04 -2.654326E-04 -2.113259E-04  1.325951E-03 -8.720789E-04 -6.190106E-03 -4.008471E-01 -2.240753E-03
-9.020996E-01 -5.403043E-04  3.417407E-04 -4.373529E-04 -8.365657E-06 -5.573411E-05  1.693542E-06  8.250634E-05  1.419344E-04 -1.811330E-04
-3.003822E-02 -4.623873E-04 -2.368850E-04  8.514959E-05 -1.147337E-04  1.542150E-04  6.879403E-05  3.987231E-05  4.536390E-04  2.684700E-05
 4.948072E-02  3.375024E-02 -6.839895E-04  3.962220E-04 -7.676229E-04  5.059646E-02  1.756102E-05 -4.682611E-05 -6.225891E-06  4.999778E-05
 9.926533E-04 -3.648215E-03 -6.297833E-02  3.945673E-04  1.134235E-05  4.131866E-05 -2.777505E-05  5.817066E-05  1.268760E-05 -2.867192E-05
-1.080418E-01  4.772343E-05  1.191984E-04 -1.893963E-04  4.309953E-05  6.796317E-05  1.412978E-05 -2.898358E-02  1.336561E-05 -8.185599E-04
 2.917513E-03 -2.455738E-05 -1.481041E-03  3.542483E-04 -7.731578E-06  4.201068E-05  2.202277E-03  6.032716E-06  9.137638E-06 -1.017706E-05
 1.063851E-06
  MODE      51
 9.093029E-06  1.046132E-06  2.094721E-06  1.122897E-05  6.876093E-06 -1.095702E-05 -6.073445E-06 -1.157666E-06  6.558604E-06  3.013279E-05
 4.220556E-06 -2.222514E-07  3.055518E-05 -1.042624E-02 -1.113096E-02 -1.532095E-05 -2.574048E-06 -8.729324E-06  8.790988E-05  3.084678E-05
-1.183886E-03  4.944971E-04 -1.005293E-05  2.497987E-05  3.851662E-03 -2.071203E-03  5.705023E-05 -5.206575E-05 -6.379930E-05 -6.698551E-05
-3.215811E-04  4.132452E-05 -8.068793E-05  6.910292E-05  3.389181E-04  1.229419E-04  1.354193E-04  4.244478E-04  2.079890E-05 -2.837342E-04
 1.348604E-04  9.918273E-02  5.786208E-02 -7.004942E-05 -1.541867E-03 -1.078342E-04 -9.701562E-01  1.962804E-01  2.101145E-04 -1.976895E-03
-5.303812E-04  7.060724E-04 -8.157534E-05  1.298618E-04 -3.304776E-06  6.197644E-05 -8.168185E-06 -3.453373E-06  3.301029E-04  2.427464E-05
-2.441232E-06 -3.506865E-03 -3.084753E-03  3.372461E-02 -1.552764E-02 -3.287337E-04 -2.863247E-04 -2.428674E-02 -5.716522E-03 -9.989465E-05
 1.563050E-04 -4.080433E-04 -1.515384E-02  1.096866E-02  9.770732E-06  3.742510E-05 -3.034251E-02  4.517637E-03 -4.339066E-02 -2.926964E-02
 6.231932E-05 -3.302932E-05 -3.983797E-05 -2.400994E-07 -1.876939E-06  6.260028E-03  3.149262E-03  1.852977E-03 -2.133305E-03 -7.573423E-06
-8.967705E-05 -2.314746E-06  1.558484E-02  9.593749E-03 -1.601113E-02  1.104652E-02  1.414792E-05 -2.514645E-05  1.987073E-06 -2.927278E-04
-1.241400E-04  3.123591E-04 -6.574389E-05 -4.360333E-06  7.581481E-05 -2.717025E-05 -7.190447E-06 -1.718515E-05  3.200740E-04  4.472360E-04
 1.082107E-05
  MODE      52
 5.209079E-07 -2.927625E-07  2.687897E-07 -7.347335E-07  5.856615E-07  3.228778E-07  9.915302E-05  1.893722E-05  1.274733E-05  3.651990E-05
 1.213052E-04  3.912867E-05  3.584254E-06  3.081937E-05  4.893477E-05  1.140865E-04 -2.165557E-05  4.201930E-05  2.743084E-05 -1.188893E-03
 1.093657E-04 -1.055194E-04 -1.422089E-05 -2.249056E-05  2.537485E-05 -2.543012E-06 -3.195001E-05 -1.913274E-04 -1.905984E-04  1.295126E-04
-1.362356E-02  3.864261E-04 -3.108018E-04  6.032731E-02 -6.196839E-04  1.111957E-02 -7.850616E-04  9.879739E-02 -2.036264E-04 -1.089318E-04
-5.881594E-05  2.359350E-04  3.478024E-04  8.062590E-05  6.436684E-04 -1.205377E-03 -5.506146E-04  3.522680E-04 -2.414523E-04  9.360478E-04
 7.096941E-04 -9.717988E-01 -5.999142E-03  1.825562E-04 -2.707840E-04 -1.949890E-01  1.350114E-04 -2.085687E-05 -6.190372E-02 -8.878820E-05
 1.305112E-05  6.519292E-04  3.185473E-04  7.165102E-04 -3.451507E-04  1.939913E-05  1.757632E-04 -2.126261E-04 -3.701482E-04  3.237958E-04
-7.345847E-05 -4.137503E-05  4.283941E-04 -2.144002E-04  1.081766E-04  6.047268E-05 -9.723026E-05  8.865755E-05  4.016431E-05  1.857360E-05
-1.784245E-05  5.485904E-05  3.384891E-06  2.035401E-05 -1.488188E-05 -6.290258E-05 -5.914284E-05 -6.412166E-05  6.678401E-06 -3.365673E-05
 8.806018E-05  5.103579E-07 -7.175086E-05 -2.144245E-05 -1.485138E-05 -3.082120E-06  3.232101E-05 -2.836354E-05  6.901612E-06  6.907778E-06
 3.166674E-05 -4.789371E-06 -4.411542E-05  2.229868E-05 -3.969550E-05 -1.449225E-06 -6.061519E-05  2.931419E-05  3.259545E-05  6.822169E-06
-1.666948E-05
  MODE      53
-2.631178E-04 -1.369448E-04  4.239087E-04 -2.440290E-04 -2.605523E-04  3.152743E-04  1.750468E-05 -1.444462E-06 -1.695178E-05  4.984364E-04
-2.532747E-03 -2.221304E-07  2.421433E-06 -4.937717E-06  2.350260E-06  1.971259E-04 -3.669202E-04  9.708788E-06 -1.907209E-04 -8.429208E-06
 5.168399E-06  6.425751E-07 -7.155226E-07 -5.189017E-06  1.210251E-06  6.993204E-06  1.405840E-05  4.163435E-05  4.913594E-03  3.382314E-03
 1.839732E-04  8.705192E-03 -8.612380E-04 -5.337558E-05 -6.220195E-04  6.030003E-03  3.249391E-03 -8.851596E-04  1.057527E-05  2.097461E-05
-3.268327E-05  5.218545E-08  7.657866E-05  1.020664E-05 -6.207985E-02  2.081219E-01  2.387441E-04  4.639632E-05  1.224307E-04 -2.789184E-04
-3.625604E-04  3.261262E-03 -5.663812E-01  7.683681E-01 -2.906861E-05  1.061675E-05 -1.131693E-01 -1.693160E-01  6.175882E-04 -2.609328E-05
 8.562567E-05  1.762142E-04  2.590074E-05 -3.541397E-05  3.435925E-05  4.160833E-06  6.544414E-06 -3.234090E-05  4.058452E-06  6.851782E-06
-1.619879E-04 -2.891755E-05  4.273609E-05 -4.081904E-05  2.163888E-05 -5.655067E-05  5.243652E-05  1.166297E-06  1.732745E-06  6.120221E-06
 1.815563E-05 -4.728104E-05  3.917094E-05  7.511298E-06  5.309471E-07 -5.279316E-06  8.243436E-06  7.485047E-06  9.766983E-07  7.734637E-06
-5.153162E-06  6.332945E-06 -6.062728E-05 -3.899353E-05  1.788257E-05 -1.593874E-05  4.742177E-08 -6.978363E-05  2.969561E-06  2.152404E-05
 3.355020E-05 -1.986588E-05 -1.230784E-05  1.550796E-05 -5.284963E-05  3.214625E-05  2.121793E-05 -1.562862E-07  8.670524E-05  4.802985E-05
-5.765806E-07
  MODE      54
-1.102724E-04  4.518744E-05 -2.706628E-04 -1.601236E-04 -5.476693E-05  1.222529E-04 -5.286084E-06  1.654054E-06 -1.011031E-05 -8.582287E-03
-1.684764E-03  3.263084E-06  1.531394E-06  9.264768E-06 -6.765400E-06  4.162028E-03  2.206099E-03  8.180262E-06  1.794287E-05 -6.953904E-06
 7.294023E-06  2.746917E-05  3.236633E-06  7.025164E-06 -3.018110E-05 -7.250670E-05 -7.255153E-06  8.759369E-07 -2.941209E-03  4.274402E-03
 1.386555E-04  1.331598E-03  1.351570E-02 -2.153857E-05  4.819695E-05 -3.865076E-02  7.308767E-02  4.591838E-03 -2.453550E-05 -1.809987E-05
 3.148212E-05  1.830423E-04 -3.613140E-04 -2.708740E-05 -4.666963E-02 -1.392359E-02  7.819540E-05  3.724371E-05 -7.733357E-06  1.788477E-04
-3.680757E-05  4.602188E-03 -7.967652E-01 -5.873367E-01  7.574623E-06 -1.983115E-06  8.572679E-02 -5.730920E-02  2.597107E-03 -5.268057E-05
 4.702064E-06 -2.995423E-04  3.256759E-04  2.424244E-05 -2.398703E-05  9.018276E-05  1.700526E-05  8.131037E-06  2.759109E-05  2.450613E-05
-6.969717E-06  7.444101E-06 -3.031850E-05 -6.192835E-05  2.522126E-05 -1.348336E-06 -6.991604E-06 -1.835162E-04 -6.371427E-06  1.322589E-05
 3.600963E-06 -3.316064E-06  7.060987E-06  1.783950E-05  1.332661E-05  5.297798E-05 -9.629516E-05 -3.301553E-06 -8.712547E-06 -3.388222E-06
 7.654587E-06  1.231704E-05  4.480711E-05 -5.786977E-05 -3.712829E-05 -3.956083E-05 -1.893227E-05  2.721909E-07 -3.031024E-05 -5.667567E-05
-1.296783E-05 -5.429808E-05 -2.670565E-06 -4.149160E-06  5.008085E-06 -3.158228E-05  2.679278E-06 -2.651392E-06 -4.140371E-05  2.305376E-05
-4.232015E-06
  MODE      55
-4.815642E-08 -1.937991E-08  4.436245E-08 -5.735790E-08 -4.239074E-08  6.267086E-08  1.468889E-04 -2.940696E-03  4.218953E-06 -1.945977E-07
 4.077111E-06  2.641154E-03  1.801817E-05 -1.263565E-06 -9.367254E-06 -6.962613E-07  2.445561E-05  1.259640E-05  3.424633E-03  1.993550E-05
-1.257751E-05 -1.612359E-05 -2.213848E-03  2.859519E-05 -2.808601E-07 -1.142256E-05  1.427998E-05 -1.116652E-06  4.144727E-06 -7.622362E-07
 3.254617E-05 -1.285881E-05  1.555340E-05 -2.748753E-05  9.194300E-03  6.259181E-05  3.677135E-05  1.581470E-06 -2.008667E-02  1.467177E-04
-7.182207E-05 -3.254492E-05 -2.439865E-05 -5.354280E-02 -5.958930E-05  2.006668E-04  4.350298E-04  8.022839E-04  1.114391E-03 -1.341780E-01
-1.595492E-04 -4.225448E-04  7.141601E-07 -2.609220E-05  9.892455E-01  3.866519E-05  7.474870E-05  1.029798E-04  3.055494E-05 -2.678915E-05
 1.868371E-05 -1.218717E-04  1.431358E-04  4.952003E-07  3.418635E-05  8.900439E-05 -2.251345E-05 -1.898577E-05 -7.338416E-06  8.159183E-05
-8.110300E-06 -2.170992E-05 -5.372352E-05 -4.152382E-05 -6.441104E-06  2.389352E-05 -1.719582E-05 -4.680764E-05 -1.301556E-05  3.405921E-05
 1.489232E-06  7.449737E-06 -1.431860E-06 -6.529119E-05  1.646965E-06  3.617042E-05 -6.329606E-05  2.202276E-05  7.596262E-06  3.374447E-05
 3.457186E-06 -4.801656E-05  1.353358E-05 -1.257078E-05  9.367736E-06  6.834470E-06 -8.437602E-05 -7.076073E-06  6.449737E-05 -1.341274E-05
 2.260627E-05  1.017527E-05  3.492979E-05  1.561124E-06 -2.794519E-06 -6.542002E-06 -1.507763E-05 -3.572662E-05 -3.238802E-06  4.052883E-06
-6.652371E-05
  MODE      56
 9.842332E-07  3.534597E-08 -7.277059E-07 -2.068308E-07  1.055235E-06 -3.262464E-07 -4.040271E-05 -2.977668E-06 -2.259824E-03 -4.836044E-06
-3.243711E-05 -6.707730E-06 -5.495762E-06  9.896065E-06 -2.626765E-06 -2.347860E-05  4.880483E-06 -2.250774E-05  1.269134E-04 -1.021834E-02
 8.574076E-06  9.884502E-06  1.571544E-06  7.554124E-06 -6.170316E-05  9.228699E-06 -8.441845E-06 -5.740778E-05 -1.911479E-05 -1.132229E-05
-1.546859E-02 -2.394584E-06  2.068393E-05 -1.434421E-02 -5.924921E-05  6.307601E-03 -4.789630E-04  6.074789E-02 -1.653680E-04  1.107741E-04
 1.778812E-05  2.852605E-04  7.345865E-05 -1.742566E-05 -1.172015E-04  2.038649E-04  1.751627E-04 -8.887825E-05  2.256023E-04  1.702028E-04
 1.352048E-04 -1.798299E-01 -1.324726E-03 -1.650800E-04 -1.072816E-04  7.086018E-01 -1.548644E-02  1.326871E-02  6.788526E-01  6.281535E-05
 3.888765E-06 -5.193061E-05  4.234460E-04 -4.820562E-04  2.052153E-04  3.411861E-06 -1.415108E-04  2.212664E-04  2.187602E-04 -2.193925E-04
 4.290730E-04  2.147008E-05 -1.891458E-04  6.294321E-05 -4.647258E-05  1.243362E-04 -1.049725E-04 -2.654943E-05 -6.217212E-05 -3.458244E-05
-6.770710E-05 -7.600731E-05 -9.695353E-05  7.928139E-06  1.142006E-05 -8.430624E-05 -6.087116E-05  7.617296E-05 -5.391339E-05 -1.992201E-05
-7.196907E-05  3.165058E-05  5.028802E-05  1.495859E-05 -1.051418E-05  1.428375E-05 -3.469776E-05 -2.744453E-05  7.839560E-06 -3.287760E-05
-2.121653E-05  1.986395E-05  1.479708E-05 -1.035151E-04  2.882739E-06  1.475127E-05  3.750135E-05 -6.203214E-05 -3.622154E-05 -2.284644E-05
 4.762789E-05
  MODE      57
 4.161361E-04  2.167853E-04 -6.707761E-04  3.864345E-04  4.120398E-04 -4.989929E-04  2.204638E-05 -2.416200E-06  1.490939E-05  1.446378E-03
-7.359540E-03  4.035786E-07 -3.919101E-06 -8.865750E-06 -6.476228E-07  4.691432E-04 -8.839132E-04 -7.290063E-06 -1.586207E-04  2.288311E-05
-2.016875E-07 -1.168996E-05 -1.328332E-06  2.764312E-06  1.098429E-05  2.850255E-05 -2.572055E-05 -2.871713E-05 -1.625216E-02 -1.117608E-02
-7.062586E-05  3.079325E-02 -3.041048E-03  1.972796E-05 -4.830158E-04 -2.705764E-02 -1.447555E-02  2.779328E-03  1.044636E-06 -7.307430E-06
-4.898493E-05 -4.736525E-05  1.014229E-04  5.642382E-06  1.174800E-03 -3.977061E-03 -1.909219E-05  1.285635E-05  8.354347E-05 -3.864722E-04
 4.330560E-05 -9.470745E-04  1.231039E-01 -1.669896E-01  7.718525E-05 -8.502285E-04 -5.430035E-01 -8.122282E-01  4.317006E-03  4.286680E-06
-7.314486E-05  1.287615E-04 -3.317910E-04  8.842710E-07 -2.017361E-05 -2.072536E-05 -2.013581E-05 -9.843465E-06 -7.653846E-07 -6.705828E-07
 1.732791E-04  2.967633E-05  2.515777E-05 -1.369966E-05  2.749498E-05  9.974860E-05  3.162395E-05  4.171617E-05 -6.330998E-05 -2.588454E-05
-1.584473E-05 -1.939229E-05 -9.195566E-06  3.931801E-06 -1.330024E-05 -4.970402E-05  1.600960E-05 -3.779318E-06  5.012317E-05 -4.526374E-09
-6.607672E-06  3.508642E-06  1.118928E-05 -1.319321E-05 -1.127217E-05 -1.623318E-05  6.459633E-06 -2.400935E-05 -3.699147E-06  3.165436E-06
-1.270344E-05  1.229277E-05  3.990805E-06  1.771392E-05 -1.060187E-04  3.000263E-05 -2.649598E-05  7.208543E-06  5.757687E-05 -6.513404E-05
-3.726234E-06
  MODE      58
-7.042957E-04  2.983179E-04 -1.303136E-04  8.297760E-04 -7.910584E-04 -3.000833E-04  6.974717E-06 -3.202991E-07 -4.027241E-05  6.198565E-06
-2.142506E-05 -1.711074E-06 -5.733282E-05 -9.260101E-06 -1.009354E-05 -1.720685E-05  2.306265E-05 -9.388047E-03  1.019961E-04  9.869175E-05
-1.377231E-05  8.356355E-06 -6.252106E-07  1.596500E-05  1.000309E-04 -5.920853E-05  2.755504E-02  2.157531E-02  1.391528E-06  7.753598E-06
-2.165204E-04 -8.214624E-05  2.607575E-05 -8.691235E-06  3.189106E-05 -3.258225E-05 -3.645071E-05  1.278536E-04  4.274164E-05 -8.976725E-05
-1.043462E-04 -3.547910E-04 -3.200832E-04 -1.554726E-04 -4.990424E-06  5.710914E-04 -3.337945E-04  4.597245E-04 -7.571486E-01 -6.429367E-03
 3.092142E-01  3.797816E-04 -5.094574E-05  5.135511E-05  2.474067E-05  1.703894E-04 -4.937071E-05 -1.203928E-04  2.825485E-04  1.580637E-05
-4.500123E-02 -1.692481E-03 -3.427101E-04  1.482628E-05  1.086581E-04  6.650386E-05  9.323092E-05 -1.778855E-04 -7.324207E-05  1.631388E-04
-1.692124E-01 -2.336341E-02  4.783791E-04 -2.053371E-04  2.874634E-03 -1.828440E-01  2.039289E-04 -3.780983E-05  2.392781E-05  1.101778E-05
-3.314544E-02  3.733883E-01 -1.173269E-01  9.053849E-04  1.679223E-04  2.570606E-04  6.121244E-05 -4.731154E-05  4.464624E-05 -2.104032E-05
 2.488986E-02 -4.022562E-05 -1.851793E-05 -6.755688E-05  3.539164E-05 -1.081525E-04  1.239804E-05  3.319679E-01 -3.616719E-05  2.520603E-04
-7.990816E-04 -3.399145E-05  4.107405E-04  5.680837E-05  2.919515E-05 -3.030267E-05 -7.092710E-04 -5.338391E-06  1.449051E-05  3.229851E-05
 3.383613E-06
  MODE      59
-7.288462E-08  2.818239E-08 -1.696809E-07 -1.027859E-07 -3.759604E-08  7.974584E-08 -4.282262E-05 -9.005983E-06  8.669052E-04 -2.091864E-05
-5.434402E-05 -2.220064E-05 -4.116518E-07 -2.167554E-05 -3.270892E-05 -5.895611E-05  4.417647E-06 -3.251951E-05 -9.059501E-05 -3.478854E-03
-9.433257E-05  6.449666E-05  6.065828E-06  1.552970E-05  7.751805E-05 -3.807620E-05  2.532455E-05  8.215846E-05  8.263987E-05 -5.786248E-05
-3.249366E-04 -1.367010E-04  1.186555E-04 -1.002114E-02 -2.769509E-05 -6.444484E-04  4.307083E-05 -3.469715E-03 -1.629912E-05  1.346455E-04
 6.868120E-05 -3.022638E-04 -2.422797E-04 -3.615784E-05 -2.540484E-04  4.437034E-04  1.613792E-04 -1.204920E-04  1.901356E-04 -5.279682E-04
 3.270035E-05  8.843704E-02  1.983654E-04  4.793963E-05 -3.241679E-05 -6.773769E-01 -1.514377E-02  1.463029E-02  7.299052E-01  1.591926E-04
-1.196341E-04 -1.805814E-03 -1.544783E-03 -9.606333E-04  4.801410E-04 -1.652275E-05 -1.493471E-04 -5.128582E-05  2.915833E-04 -3.523565E-04
 7.717409E-05 -3.746442E-05 -2.886880E-04  1.560611E-04 -9.416054E-05  2.216116E-05  4.210440E-04 -1.001621E-04  5.222746E-05  2.836711E-05
 1.099032E-04  2.892787E-05 -9.752888E-05 -1.923292E-05  5.537492E-06  2.458296E-04  1.772835E-04 -1.425111E-05  6.058143E-05  3.038907E-06
 1.900872E-05 -1.411565E-05  5.056782E-05  1.888084E-05  5.233962E-05 -2.356982E-05 -3.500546E-05 -2.043234E-05 -1.100630E-05  4.460871E-05
 1.754255E-05 -5.350692E-05  3.481029E-05  1.417204E-04  6.809688E-05 -2.364738E-05  1.570108E-04  1.557680E-05  2.016165E-05  4.892969E-05
 2.029833E-05
  MODE      60
-1.118468E-04  4.583510E-05 -2.745946E-04 -1.624751E-04 -5.553217E-05  1.240353E-04 -9.338744E-06 -5.842444E-06  2.758640E-05  2.843697E-05
 7.843364E-06 -5.831283E-06 -7.260708E-07  8.266518E-06 -9.074573E-06 -1.737555E-03 -9.194820E-04 -4.377901E-07  1.557794E-04  2.429791E-05
 2.271730E-06  1.288647E-06 -6.953365E-06  5.501839E-05  1.745298E-06 -7.159156E-06 -1.506685E-05 -3.690867E-06  6.609987E-04 -9.607221E-04
-4.106870E-04 -3.044958E-04 -3.137800E-03  6.068361E-05  2.764277E-04  4.418112E-03 -8.298037E-03 -2.043282E-04  3.522212E-05  1.401734E-04
-5.216691E-05  1.727185E-05 -3.874478E-05  1.348300E-05 -1.490268E-03 -4.512851E-04 -4.853365E-06 -5.981728E-05  3.593514E-06  2.295055E-04
-4.107452E-05 -2.237355E-03  8.280689E-02  6.103592E-02  2.441972E-05  3.705432E-04  8.265998E-01 -5.524542E-01  2.881529E-02  1.359493E-03
 3.533943E-05 -1.083504E-04  4.393141E-05  8.756321E-05  1.262108E-04 -5.388205E-04 -1.087875E-04  2.147020E-05 -7.580652E-05 -6.944766E-04
 4.098795E-05 -3.201269E-06  4.775267E-05  7.354220E-05 -7.259979E-05  1.436117E-05  1.948314E-05  6.403118E-05 -7.165172E-05  1.031013E-04
-1.470023E-06 -6.301703E-06 -3.023369E-06 -2.195345E-04  1.040332E-05  1.604751E-05 -2.359485E-05 -6.611809E-05 -7.330470E-05 -1.053357E-04
 3.209238E-06 -7.679914E-05  2.625325E-05 -7.646952E-06 -8.180349E-06 -3.424999E-05  2.764166E-05 -3.683008E-06  6.383105E-05  5.820863E-07
-2.349112E-06 -1.241772E-06  1.550071E-06  1.324532E-05  7.942288E-05  2.086858E-04 -1.054523E-05  1.086443E-05  1.877939E-05  3.184385E-05
 2.939893E-05
  MODE      61
-3.089731E-07 -6.489279E-08  5.285668E-07  1.688782E-07 -3.774940E-07  6.480939E-08  4.119141E-05  4.149349E-05 -1.550675E-05 -4.969716E-05
-2.195818E-05 -4.181243E-05 -1.698250E-03 -3.124950E-05 -5.561193E-05 -4.124281E-05 -1.435697E-05  6.210329E-05  8.830484E-05 -1.798817E-05
 1.625322E-05 -5.245629E-05 -2.736485E-05  1.107815E-02  1.163965E-05 -4.330204E-05  3.343970E-06  8.570693E-05  5.095511E-05 -7.511796E-05
-2.371814E-05  8.400755E-06  1.393337E-04  1.733705E-05  2.230206E-04 -3.318703E-05  2.683146E-05 -2.708989E-05  2.103760E-05  1.491993E-02
 1.764144E-02 -1.205455E-04  2.996311E-05 -1.159179E-04 -4.604913E-05  3.383603E-07 -1.038898E-06  1.988737E-06 -5.132223E-05 -9.568622E-05
-1.720106E-04 -8.326291E-05 -1.897103E-04 -1.085207E-04  3.375848E-05  5.484047E-05 -1.188760E-03  7.954496E-04 -1.940645E-04  9.480438E-01
-6.445998E-04 -2.266832E-03 -1.020073E-03 -2.715533E-03  5.273901E-04 -2.883624E-01  1.248144E-01 -7.127323E-05 -1.173224E-03 -2.007286E-02
 4.282611E-04  4.704844E-05  1.668309E-04 -1.995586E-04 -4.457193E-03 -1.061209E-04 -1.247118E-04 -2.069280E-04 -1.642712E-04  4.792776E-06
-6.586917E-05  4.550852E-05 -7.586472E-05 -8.845761E-03  1.134857E-02 -5.214063E-05  1.381174E-04 -5.975492E-05 -4.676301E-05 -2.651950E-02
 9.564069E-05  1.740713E-02 -1.672319E-04  2.434243E-04  7.231967E-05  1.381820E-04 -1.212041E-02  6.251510E-05  3.424088E-03 -6.610406E-06
 2.281535E-05 -9.010204E-06  7.560318E-05  5.560743E-06  6.577403E-06  1.949140E-06 -1.153433E-05 -2.850751E-04 -3.822173E-06 -7.040232E-05
 2.940865E-03
  MODE      62
-8.956565E-06 -2.603105E-06  5.069659E-06 -9.879478E-06 -7.678027E-06  1.077311E-05 -1.417768E-05  1.310045E-05 -1.701269E-04 -7.808009E-07
-7.885266E-05 -6.833487E-06 -1.611296E-05 -5.597017E-03 -5.743748E-03 -2.081958E-05  6.060242E-05  1.977351E-04  1.299792E-04  1.726414E-04
 7.583380E-03 -3.066126E-03 -6.301317E-06 -7.216303E-05  3.135367E-03 -1.726902E-03  1.641086E-05  1.127183E-04 -4.105722E-05 -1.141756E-05
-5.189302E-05  1.487316E-05 -1.004802E-06 -5.739621E-04  2.642736E-04  2.348100E-04  1.136789E-04 -1.864667E-04  8.289230E-06  1.103545E-04
-2.077081E-06 -1.451196E-02 -8.320814E-03 -3.671286E-06  3.893474E-05 -6.896195E-05 -8.664333E-03  1.651621E-03 -6.562606E-04  1.259381E-04
-6.761796E-05  7.607619E-04  9.214715E-05 -1.328698E-04  9.194641E-06 -1.606889E-03 -3.894672E-05 -8.495246E-05  1.403937E-03  2.419533E-03
-1.135336E-02  7.316670E-01  6.592975E-01 -1.454778E-01  6.712084E-02  2.155042E-03  1.549661E-03 -5.354242E-03 -5.148413E-03 -4.688175E-04
 8.584960E-05 -5.717428E-04 -5.092170E-03  2.652822E-03 -7.094840E-05 -7.066457E-04 -4.484552E-02  6.995352E-03 -3.155882E-02 -2.071223E-02
 1.689403E-05  3.960930E-04  1.540840E-04  1.059425E-04  2.504288E-05 -7.825868E-03 -3.892308E-03  8.065343E-04 -1.183938E-03 -5.937811E-07
 6.633187E-04 -8.915900E-06  2.665571E-03  2.027144E-03  1.279571E-03 -5.709502E-04 -1.114809E-04  6.032048E-04 -1.569664E-05 -2.331265E-04
-8.965784E-05  1.957733E-04 -3.623629E-05  2.648530E-05 -4.992330E-04  1.842162E-04 -9.119361E-06 -6.184557E-05  1.173998E-03  1.684907E-03
 3.077667E-05
  MODE      63
 1.292182E-05 -1.282339E-07  2.986217E-06  8.887035E-06  1.083215E-05 -1.077619E-05 -2.904357E-05  4.315660E-05 -1.334661E-05 -4.956517E-05
 7.247932E-07 -5.442579E-05  7.477986E-05  3.784915E-03 -3.565879E-03  5.509014E-05  7.426492E-05 -2.305008E-05  6.503641E-05 -1.822949E-05
-4.945910E-03 -1.142720E-02 -6.129891E-05 -7.342611E-05  7.926221E-04  1.686647E-03  1.104452E-05  1.143673E-04 -1.336767E-06  1.073654E-04
 9.122909E-05  3.882660E-05 -1.038485E-04  1.480496E-05 -6.413367E-05  6.798400E-05 -2.168131E-04 -8.168689E-05  3.674056E-05 -8.195584E-05
-2.234546E-04 -1.318072E-02  2.268620E-02  2.424183E-05 -1.422586E-04 -2.698866E-05 -3.488027E-03 -1.724916E-02 -1.788895E-04  2.132644E-04
-1.276219E-04  2.581398E-04 -2.988541E-04 -2.382113E-04  2.088558E-04  1.789931E-04  2.581206E-04  1.672290E-04  4.139679E-04 -2.386922E-04
-5.360756E-03  5.273126E-01 -5.876424E-01 -1.366769E-01 -3.025496E-01  1.281129E-03  2.605905E-03  1.164795E-01 -4.872157E-01 -2.804517E-03
 1.127226E-04 -9.288054E-04 -2.623621E-02 -3.635604E-02 -2.589468E-04 -8.867190E-04  1.103453E-03  5.609744E-03 -1.343504E-02  1.989622E-02
-2.618875E-04  6.848452E-05 -2.708884E-04 -7.499652E-05 -1.687934E-04 -2.669942E-02  5.289931E-02 -2.287082E-02 -1.943815E-02  1.186845E-04
 5.178630E-04 -1.659353E-04 -3.888493E-02  6.317698E-02  2.318792E-02  3.349266E-02  1.577124E-04  4.624840E-04 -2.377556E-05 -3.310670E-04
-8.110473E-05 -3.147503E-04  7.230913E-05 -7.826444E-05 -3.278166E-04 -8.145719E-04  9.812764E-06 -1.820020E-04 -4.232723E-03  3.063011E-03
 7.994097E-05
  MODE      64
-3.238426E-04  1.355066E-04 -5.607599E-05  3.785995E-04 -3.636876E-04 -1.355671E-04 -2.057678E-05 -3.783752E-06 -1.666011E-05  1.631861E-05
-2.939671E-05  5.741350E-06  1.246985E-04 -1.380252E-05  2.795696E-05 -1.552719E-05  3.611625E-05  2.570156E-03  6.779040E-05 -3.307157E-05
 6.818062E-06 -5.881024E-05  3.773687E-06 -3.567349E-03  3.111901E-05 -3.071189E-05  5.578696E-04 -1.344000E-02  1.058013E-05  1.855676E-05
 6.372255E-05 -8.896081E-05 -2.086369E-05  1.033628E-04  1.364232E-04 -1.338987E-04 -9.812660E-05 -8.764077E-06  1.324637E-05 -1.559530E-03
 1.120393E-02 -2.039967E-04  5.827230E-05  1.681438E-05 -6.536374E-05  1.911525E-04 -1.255556E-04 -1.491239E-04  3.842333E-03  1.966268E-04
 5.728386E-02  1.329201E-04 -1.357467E-05  1.016865E-04  2.402762E-05  5.862495E-05  2.730032E-04 -9.910177E-05  2.430647E-05  3.150122E-04
-8.841384E-01 -1.456885E-02  3.685359E-06 -1.784158E-03 -2.083747E-03  1.328492E-01  3.208128E-01 -6.260747E-04 -3.862149E-03  2.210517E-01
 7.997938E-02  9.751490E-02 -2.561653E-03  4.176376E-04 -1.434054E-02  1.151891E-01 -7.442104E-05 -2.630484E-04 -3.633048E-04  1.633942E-04
 1.540097E-02  6.843165E-03 -1.133686E-02 -1.160689E-02  1.378129E-02 -1.563270E-04  3.255772E-04 -7.433421E-05 -1.901333E-04 -1.919336E-02
-9.826685E-02  3.085458E-02 -3.020350E-04  5.460602E-04  1.504165E-04  4.191947E-04 -2.641900E-02 -5.540384E-02 -1.062075E-02 -5.672381E-04
 1.918270E-03 -2.898267E-05 -8.260132E-04  3.447963E-03  1.230529E-04 -2.436630E-04  8.147967E-04 -2.145190E-03 -2.437050E-05 -6.716987E-05
 1.115366E-03
  MODE      65
-1.475111E-04  6.201781E-05 -2.670767E-05  1.724241E-04 -1.655374E-04 -6.185910E-05  8.513154E-06  2.912204E-05  2.683557E-05 -1.705540E-05
-2.322176E-05 -3.664479E-05 -2.602190E-04 -2.013836E-05 -1.185958E-04 -3.386679E-05  7.540242E-06  1.146377E-03 -3.068865E-05  4.265302E-05
 2.388274E-05 -6.973736E-05  6.646949E-06  7.859008E-03 -1.321657E-05  7.075127E-07  2.745227E-04 -6.145634E-03  1.827245E-05 -1.420418E-05
-1.018920E-04 -3.812581E-05  5.778154E-05  4.281712E-05  5.202457E-05 -6.927743E-05 -1.549969E-05  1.207488E-04 -3.882265E-05  3.453375E-03
-2.490257E-02  2.055589E-05 -1.638383E-04  1.456580E-05 -5.596255E-05  8.513798E-05  1.382975E-04 -1.176780E-04  1.524708E-03 -1.537829E-04
 2.605103E-02 -2.421047E-04 -1.200273E-04 -1.942493E-05  3.658428E-05  7.473084E-06 -4.121473E-04  3.418804E-04 -4.382259E-04 -3.203057E-03
-4.033082E-01 -5.541137E-03  1.361233E-03 -1.533879E-03 -3.123793E-04 -2.931065E-01 -7.018292E-01  7.139263E-03 -2.776066E-03 -4.857403E-01
 3.651471E-02  4.421521E-02 -1.236128E-03  5.787994E-04  2.674380E-02  5.292641E-02 -1.739403E-05 -7.551166E-05 -7.049386E-05 -8.129153E-05
 7.080103E-03  3.166704E-03 -4.962159E-03  2.583260E-02 -3.036487E-02 -3.576952E-05 -2.010183E-05 -1.038167E-04  2.917700E-05  4.196791E-02
-4.468591E-02 -6.761964E-02 -3.083985E-06 -1.664492E-05  1.376669E-04 -6.173095E-05  5.812943E-02 -2.525983E-02  2.333095E-02 -1.909991E-04
 7.346416E-04 -7.777660E-05 -6.714841E-04  1.568521E-03  5.174122E-05 -1.256676E-04  3.653345E-04  4.687015E-03 -6.878808E-05  2.702557E-04
-2.453591E-03
  MODE      66
-6.121786E-06  3.784738E-06 -2.257985E-05 -1.184718E-05 -1.825467E-06  7.964990E-06  3.843531E-05 -1.809229E-05 -1.300973E-06  5.306955E-05
 2.737493E-05  1.726141E-05 -1.145293E-04 -2.012758E-02  1.889156E-02 -9.920179E-05 -2.728469E-05 -7.120029E-06 -1.143415E-04 -4.170157E-06
 4.758279E-03  1.110311E-02  4.312752E-05 -6.290899E-06  9.292088E-04  1.756223E-03 -1.370177E-05  4.233585E-06  6.202219E-05 -5.291168E-05
 1.088660E-04  7.804603E-06  1.060675E-04 -2.946315E-05 -2.441115E-04 -1.066892E-04  1.762919E-04 -6.115884E-05 -9.435619E-05 -3.971997E-04
 1.476049E-04 -7.241159E-04  1.567413E-03  7.459854E-05  6.885755E-05  4.688824E-05 -1.085208E-02 -5.397109E-02 -1.552610E-05 -7.096971E-04
-3.192874E-04  1.603305E-04  1.167457E-04  1.031245E-04 -1.338129E-04 -1.102491E-04 -2.392995E-04 -2.934270E-05  1.460617E-04 -7.406268E-03
 8.471733E-03 -2.905700E-01  3.175392E-01  1.187388E-01  2.587625E-01 -1.335104E-02  1.501990E-02  1.934152E-01 -8.243603E-01 -9.289965E-03
 1.090984E-04 -4.682229E-04  1.635830E-03  3.037231E-03  1.517192E-03 -1.183415E-04 -5.426949E-03 -3.561686E-02 -3.805010E-02  5.677173E-02
 2.869476E-05 -1.195192E-05  1.089226E-04  4.743666E-04 -7.620939E-04 -1.962148E-02  3.860447E-02 -4.540953E-03 -4.065197E-03 -1.181421E-04
 2.310159E-04 -2.701752E-04 -2.604828E-02  4.245180E-02  2.361681E-02  3.436818E-02  2.964872E-04  1.472632E-04  3.801322E-05 -8.450601E-04
-1.828140E-04 -7.793497E-04  1.688216E-04  1.836037E-04  1.044234E-03  2.804023E-03 -1.066405E-04 -1.695988E-04 -2.752527E-03  1.926149E-03
-8.550387E-06
  MODE      67
-3.835418E-07  2.954147E-07 -1.215292E-06 -2.608808E-07 -2.069992E-07  1.944957E-07 -6.228973E-05 -2.607246E-05 -2.387541E-06  9.224004E-06
-1.002627E-06  3.606578E-05  1.504416E-03 -3.290213E-04  4.221712E-04  1.200692E-05  3.988844E-06  7.896690E-06  6.970177E-05  9.224336E-06
 7.712550E-05  2.401320E-04 -2.207706E-05  4.735186E-03  6.072604E-05  1.165718E-05 -4.403633E-05 -1.978190E-05  1.042609E-05 -1.764957E-05
-1.598831E-05 -1.405120E-05 -1.256871E-05  7.847423E-06  3.174340E-04  4.450095E-06 -1.200327E-05 -3.297898E-05  9.556700E-05  2.491660E-02
-1.180204E-02 -1.232776E-05  1.290648E-05 -9.033322E-05 -3.872216E-06  8.164489E-06 -4.138722E-04 -8.875516E-04  2.591164E-05  3.200851E-04
 1.724443E-04 -3.090716E-05  4.502130E-05  3.992878E-05 -6.367223E-05 -1.499738E-05  6.714312E-05 -6.030779E-05 -5.725363E-05  3.047820E-01
-9.859506E-04 -7.301784E-03  5.821281E-03  2.917408E-03  4.437214E-03  7.768123E-01 -4.896171E-01  1.038309E-02 -1.767318E-02  2.319060E-01
 6.672245E-04  3.451039E-04  3.736915E-04 -6.635249E-05 -8.536139E-02 -1.128997E-03 -5.051254E-04 -5.686148E-04 -9.359100E-04  7.753045E-04
-6.688338E-05  7.078122E-05 -3.059520E-04 -2.361764E-02  2.663140E-02 -4.144952E-04  6.966338E-04  1.037270E-04 -2.381647E-04  1.449555E-02
-2.821571E-04 -1.210679E-03 -4.194086E-04  7.393511E-04  2.091655E-04  6.908748E-04 -6.542247E-03 -3.663550E-05  3.668915E-03  2.514295E-05
-1.097779E-04 -5.962868E-05 -2.138769E-04  4.379798E-06  2.857520E-05  4.689635E-05 -4.274715E-06  3.292391E-03 -1.016061E-04  8.498534E-05
 1.944156E-03
  MODE      68
-4.258784E-06  3.182431E-07 -4.423978E-06 -5.613833E-06 -2.815924E-06  4.995189E-06  1.563691E-06  7.041210E-07 -6.699125E-05 -3.553987E-05
 1.031887E-04 -1.855191E-06  8.514875E-06 -1.413621E-02 -1.503573E-02  2.064543E-05  5.548784E-06  2.693522E-05 -1.209077E-04  2.510202E-05
 4.856317E-03 -2.076821E-03  6.682930E-07  5.653309E-05 -8.411564E-03  4.380187E-03 -6.969317E-06 -6.917543E-05 -8.263736E-06  3.954995E-06
 3.432312E-04  1.024447E-04 -8.108597E-06 -1.311972E-04 -1.164589E-04  3.651628E-05  4.682031E-05 -3.157127E-04 -1.633837E-05  1.063045E-04
-9.074093E-05  4.227208E-03  2.416790E-03  3.670768E-06  5.138149E-05 -1.095873E-06  3.684346E-02 -7.502449E-03 -9.963282E-05 -1.046667E-05
 2.755878E-04  8.191220E-04  2.042990E-05  1.995326E-05 -3.417945E-06 -3.538874E-04 -5.621035E-05  2.864212E-05  1.365002E-03  2.837422E-03
-3.105138E-03  1.158625E-01  1.064587E-01  8.606525E-01 -3.952237E-01 -1.724491E-03 -2.442275E-03 -2.215794E-01 -5.194783E-02  8.446219E-04
 1.132990E-03 -2.254896E-03 -8.265786E-02  5.997471E-02 -4.446351E-04  6.495781E-05  6.541114E-02 -9.691739E-03  4.114597E-02  2.788554E-02
-2.836173E-05  2.256397E-04 -1.005169E-04 -2.476575E-04  1.295452E-04  1.623066E-02  8.096503E-03 -4.435345E-02  5.171898E-02 -6.953833E-05
-2.337384E-04  9.089014E-05 -6.156666E-04 -4.056433E-04  3.893103E-02 -2.691694E-02 -9.381891E-05  7.274675E-05 -2.313420E-05  5.742531E-04
 2.007345E-04 -5.616091E-04  1.192726E-04  1.320677E-04 -1.964751E-03  7.286090E-04 -4.960939E-05 -9.110731E-05  2.216304E-03  3.049141E-03
 9.048024E-05
  MODE      69
-4.717686E-06 -2.529947E-06  7.244960E-06 -5.105015E-06 -4.525831E-06  6.108547E-06  8.230964E-06  4.034872E-06 -2.881030E-05 -2.292546E-05
-1.055135E-05 -5.152523E-06  6.352687E-06 -1.306425E-02 -1.379227E-02 -2.415509E-05  4.878832E-05  5.572294E-06 -1.522711E-04  3.462753E-05
 5.209559E-03 -2.283783E-03  1.625047E-06  3.444351E-05 -6.014045E-03  3.100570E-03  4.323831E-05  6.036778E-06 -3.108760E-07 -1.882319E-05
-1.330298E-04  6.317911E-06  1.014610E-05 -9.548774E-05 -2.111514E-04 -2.351794E-05 -8.003877E-06  3.442427E-05  1.977361E-06 -3.356327E-05
 1.036906E-04  9.440799E-03  5.821213E-03  5.643408E-07 -5.624562E-05  1.171092E-04 -8.628281E-03  1.769171E-03 -6.667218E-05 -1.874510E-04
 1.409626E-04 -5.835343E-05  4.966797E-06  2.251205E-05  1.041666E-06 -3.530437E-04 -1.660587E-05 -3.263401E-06  8.364782E-05 -5.565932E-04
 5.343482E-04  2.761058E-02  2.444329E-02  1.998730E-01 -8.562899E-02 -1.250622E-03  9.257654E-03  9.402175E-01  2.223669E-01 -1.309087E-03
-6.125906E-04 -2.421586E-03 -8.363007E-02  6.010841E-02 -1.829090E-04  6.875934E-05 -3.895675E-02  6.945218E-03 -4.782532E-02 -3.282025E-02
 1.649067E-04  1.015808E-04 -1.343723E-04 -4.119973E-05 -1.076118E-05 -2.927041E-03 -1.050747E-03 -2.141872E-02  2.505439E-02 -1.747912E-05
-3.559346E-05  1.411238E-05  1.177741E-02  7.230022E-03  1.449261E-02 -1.037837E-02 -9.380945E-05  1.193724E-04 -9.181610E-06 -1.435731E-04
-6.319178E-05  1.754267E-04 -4.060476E-05  1.302367E-04 -2.028142E-03  7.658085E-04 -5.146794E-05  8.930341E-05 -2.578692E-03 -3.632168E-03
-1.031200E-04
  MODE      70
-2.785058E-06  1.229687E-06 -3.939629E-06 -3.768538E-07 -2.229425E-06  9.184811E-07 -2.389090E-05 -3.088824E-05 -1.658497E-05  2.425429E-05
 1.307003E-05  3.833101E-05 -1.045708E-03  1.215449E-05 -1.344477E-04  1.832054E-05  5.496532E-06 -4.532598E-05  1.985478E-04  9.564341E-06
 2.311001E-06  1.278055E-05  2.859798E-05 -7.208359E-03 -1.984052E-06  8.788536E-05  7.015621E-05  1.504995E-04 -4.970289E-05  6.173461E-05
 7.199561E-05  1.518345E-05 -5.324195E-05 -3.601806E-05  3.441437E-04  1.486560E-05  1.280635E-05 -2.999014E-05  5.071360E-05 -2.415909E-02
 4.805196E-03  1.971099E-04 -3.636339E-04 -6.614538E-06  3.214429E-05 -9.910665E-06 -3.325794E-05 -2.276755E-04  1.990890E-04  1.373468E-04
-4.844276E-04  1.915982E-04  1.634154E-05  1.489910E-05 -1.459233E-05 -3.201310E-05  3.284332E-04 -1.993578E-04  2.968869E-04 -6.732183E-02
-5.977071E-04 -8.079098E-04  3.639649E-03 -4.239829E-03 -5.460120E-03 -4.414683E-01 -3.734045E-01  6.133227E-03 -7.081361E-03  8.091245E-01
-3.303144E-03 -5.000666E-04 -1.252686E-04  5.332634E-04  6.602308E-02  8.046577E-04 -3.378250E-04 -1.716642E-03 -3.579372E-04  4.761400E-04
 2.674452E-04 -6.179979E-04  9.627687E-04  3.120885E-02 -3.274183E-03  2.331898E-04 -2.131396E-04 -1.969805E-04  1.381184E-04 -1.304758E-03
 6.977987E-04  1.578975E-02  9.841838E-05 -4.307432E-05  3.698775E-04  2.897593E-04 -6.223878E-04 -3.121137E-04 -3.687908E-03  2.826592E-05
-1.018131E-04 -6.968539E-05 -2.460188E-04 -9.436099E-07 -1.092309E-05 -2.033346E-06  3.143892E-05  1.717789E-03 -5.931652E-05 -9.695232E-06
 4.440729E-03
  MODE      71
-8.354616E-06  4.485123E-06 -2.436685E-05 -1.184812E-05 -3.797998E-06  8.647354E-06  4.978397E-06 -3.662820E-05  5.102828E-06  7.775854E-05
 1.582331E-05  4.557825E-05 -2.917889E-05  8.716150E-03 -8.369577E-03 -4.190369E-05 -2.481900E-05 -9.755261E-07 -3.860983E-05  1.036335E-05
 5.047214E-04  1.177933E-03  3.905035E-05  1.257243E-04  5.374709E-03  1.025721E-02 -2.401067E-05  7.740805E-05  1.281147E-05 -2.745684E-05
 2.263745E-05 -2.327649E-05 -4.790278E-05 -1.193139E-05  3.110399E-04 -3.744089E-05  1.134374E-04 -6.797407E-06  2.052514E-05  2.347644E-04
 1.539548E-05  1.468505E-02 -2.540700E-02 -4.037912E-05  1.437144E-04  4.670318E-05 -1.588387E-03 -7.752720E-03  5.463363E-05 -2.380649E-04
-3.122925E-04 -3.663969E-05  1.772489E-04  1.698836E-04 -9.174482E-05 -1.384977E-04 -3.312540E-05 -1.546190E-04 -8.924222E-05 -6.492350E-04
 7.252982E-03 -2.777449E-01  3.084968E-01 -3.692170E-01 -8.052075E-01  3.352432E-03  3.493866E-03  2.271156E-02 -7.348187E-02 -6.882149E-03
-2.074329E-03 -2.373708E-04  2.731462E-02  3.999332E-02 -4.282824E-04 -1.584354E-04 -2.425908E-02 -1.601251E-01 -2.987860E-02  4.379386E-02
 8.285837E-05 -3.534397E-04  5.410173E-04 -2.691714E-04  1.068953E-04  2.026005E-02 -3.983432E-02 -6.537173E-03 -5.260227E-03  3.702987E-05
 5.433587E-04 -1.719405E-04  1.223552E-02 -1.964481E-02  2.393201E-02  3.441955E-02 -2.933747E-05 -4.927543E-05  7.215042E-05 -8.140985E-05
-2.545830E-05 -9.231192E-05  2.050861E-05 -1.365484E-04 -7.386526E-04 -1.931909E-03  7.976644E-05 -1.074047E-04 -2.100899E-03  1.485681E-03
 1.984285E-06
  MODE      72
-4.501826E-04  1.889906E-04 -8.022696E-05  5.264414E-04 -5.053612E-04 -1.887993E-04 -6.315111E-06 -1.411938E-05 -4.684440E-05 -2.632375E-05
 9.456833E-05  1.088300E-05  1.793879E-05 -2.811966E-05  8.914439E-06  5.140308E-05 -7.625270E-05 -4.485458E-03  1.071289E-04 -7.571623E-05
 3.104559E-05  7.011993E-06  4.525318E-06 -4.390515E-06 -2.747612E-05 -2.178241E-05 -1.559429E-03  2.787131E-02 -7.923470E-05 -3.616313E-05
 2.194689E-04  1.425397E-04  2.999422E-05  1.284690E-04  1.347330E-04  4.341823E-04  2.053811E-04  4.085250E-05  2.911599E-05  1.550227E-04
 5.492747E-05  2.156419E-04 -1.155871E-04 -1.981782E-06  1.923027E-04 -3.628039E-04 -1.649030E-05  9.439353E-05  3.265527E-02  4.609698E-04
-9.761145E-02 -6.373809E-05  1.005029E-04 -1.191787E-04  1.558488E-06  2.613141E-04 -5.498608E-05 -1.240625E-04  3.364728E-04  7.313956E-04
-1.236799E-01 -1.223601E-03 -5.715664E-04  1.535385E-03  1.201625E-03  2.024612E-03  1.105799E-03 -5.434743E-04 -5.349662E-04 -2.791843E-03
-9.240078E-01 -1.312970E-01  2.562577E-03 -1.233570E-03  1.140790E-04 -1.625721E-02  5.927147E-06  2.929330E-04  5.232656E-05  5.333124E-06
 2.096967E-02 -1.831504E-01  1.808422E-01 -1.447536E-03 -1.340866E-04 -2.185294E-04  1.290360E-05 -6.631719E-05  7.044939E-05  3.539056E-05
 1.685022E-01 -1.536343E-04 -6.975222E-05  1.102801E-04  2.115423E-07 -7.883587E-05 -6.159949E-05 -8.299131E-02  3.584593E-06  8.679834E-04
-3.084397E-03  2.544194E-05  1.580806E-03  7.868060E-04  1.543947E-05  7.822213E-06  1.466692E-03 -1.557831E-05 -1.105052E-05  8.362496E-06
-1.851109E-05
  MODE      73
 1.902650E-04 -8.056966E-05  3.499850E-05 -2.243054E-04  2.137462E-04  8.114107E-05 -6.937290E-06 -1.806515E-06  1.206391E-05 -8.265269E-06
 3.540502E-05  2.602587E-06  2.385196E-05  9.694922E-06 -8.676374E-07  2.124194E-05 -3.203721E-05  2.599296E-04  9.268666E-05 -3.380979E-05
 1.229134E-05 -1.675996E-05 -2.940281E-06 -3.401769E-05 -3.440079E-05 -2.332313E-05 -8.038071E-03  7.112055E-02 -1.742640E-05  3.891060E-06
-9.667990E-05  5.780744E-05  7.554075E-06  3.828611E-05  1.223985E-04  1.583302E-04  7.638535E-05  5.846956E-05  3.666033E-05  7.037115E-05
 1.284167E-05  1.024537E-04 -3.862845E-05 -2.839925E-05  6.537390E-05 -1.209079E-04  1.919274E-05  2.884609E-05 -1.172752E-02  1.370530E-04
-1.136223E-01 -7.589720E-05  9.976936E-06 -5.088232E-06  1.733274E-05  3.136543E-05 -1.483161E-05 -9.533406E-06  1.732253E-05 -2.130217E-04
-1.562243E-01 -3.514607E-03 -2.913465E-04  6.289315E-05 -3.831043E-05  3.853334E-04  2.066341E-04  4.455231E-04  2.514257E-04 -1.075394E-05
 2.853082E-01 -4.405779E-01  1.019817E-02 -4.006265E-03  7.452821E-03 -4.628536E-01 -7.408201E-05  1.525740E-04 -3.922725E-05  1.805599E-05
 3.919475E-02 -1.448357E-02  4.593456E-01 -3.233373E-03 -3.670678E-04 -4.575945E-04 -1.114525E-04 -1.614366E-04  4.035837E-05  1.502794E-04
 5.012130E-01 -1.768275E-04  3.624157E-05  1.982421E-05 -4.219780E-06 -2.799138E-05 -4.894736E-05  5.829483E-02  5.574618E-06  2.407030E-03
-8.582259E-03  1.027811E-04  4.383964E-03  1.315781E-03  6.234710E-05 -2.863377E-04 -4.806816E-03  2.291354E-07 -2.443055E-05 -4.680342E-06
-3.672409E-06
  MODE      74
 3.361246E-06  1.976931E-06 -6.148210E-06  3.285063E-06  3.378072E-06 -4.221476E-06  7.655608E-06 -2.762166E-06 -3.145009E-05  2.183147E-06
 3.289265E-06  6.194521E-06 -2.008775E-05  7.243861E-03  7.733218E-03  1.199754E-05 -3.259296E-05  4.379148E-05 -1.407330E-04 -8.275048E-06
-4.217728E-03  1.866801E-03  4.777812E-06 -1.664441E-05  1.466971E-02 -7.606982E-03 -4.005374E-05 -4.458475E-05  4.073761E-06  3.664277E-07
 2.994226E-04  2.700600E-05 -1.276182E-05 -7.987136E-05 -2.114692E-04 -1.523797E-05  1.943122E-05 -2.032693E-04 -1.796323E-05 -1.572407E-05
 3.861593E-05  1.885786E-02  1.107770E-02 -2.039374E-06 -6.263217E-05  2.666417E-05 -1.022152E-02  2.073364E-03 -4.214701E-05 -1.880558E-04
 5.332656E-05  5.318600E-04  5.347069E-05 -3.500735E-05  4.248623E-06 -7.459309E-05  1.349825E-05  4.788787E-05  5.657149E-04 -1.311415E-04
-4.476905E-04  1.840153E-02  1.774688E-02  1.128461E-01 -5.234169E-02 -7.957464E-04  4.745888E-04  7.227150E-02  1.657393E-02  6.348149E-05
-2.912281E-04  2.337121E-02  7.975789E-01 -5.747037E-01  1.942129E-04  4.638140E-05  4.043982E-02 -5.740863E-03 -6.911416E-02 -4.670387E-02
-6.223679E-05  2.447057E-05  1.012556E-05 -3.822175E-05  1.552047E-05  4.085489E-03  2.175849E-03  1.628660E-02 -1.911878E-02 -1.502816E-05
-1.286804E-04  1.002285E-06 -2.498838E-02 -1.536689E-02 -1.349388E-02  9.402621E-03 -2.670567E-05 -4.740099E-05  1.141912E-05  1.147053E-03
 4.306699E-04 -1.155873E-03  2.441739E-04  1.167975E-04 -1.766633E-03  6.457930E-04 -3.649591E-05  7.212837E-06 -1.270333E-04 -2.142666E-04
 1.530743E-07
  MODE      75
-9.318744E-06  3.659264E-06 -1.431799E-05 -4.543490E-06 -6.850753E-06  5.174326E-06 -1.149024E-05 -4.653414E-06  8.683786E-06  5.382114E-06
 6.942040E-07  3.863733E-06 -2.060236E-05 -1.292825E-02  1.215649E-02 -3.787361E-05 -1.992714E-05  3.595779E-06  3.072538E-04  9.385385E-06
 1.615533E-03  3.800533E-03  9.805186E-06  3.311512E-05  2.564034E-03  4.935799E-03  2.407105E-05  4.239366E-05  9.050110E-06 -2.588649E-05
-4.960259E-05 -5.111682E-06 -4.216918E-05  1.153931E-06  4.484219E-04  3.290294E-05 -2.456651E-05  3.200842E-05 -4.797082E-05 -2.130663E-05
 6.677898E-05 -5.280886E-03  9.419840E-03 -6.725500E-06  5.243739E-05  1.330382E-05 -4.314338E-03 -2.145199E-02  3.976082E-05  1.267167E-04
-1.151677E-04 -8.810831E-05  7.266733E-05  4.708847E-05 -4.705963E-05 -4.173936E-05  4.924171E-05 -5.671687E-05 -1.062284E-04 -1.225614E-04
 1.151033E-03 -3.735319E-02  4.039961E-02 -8.875054E-03 -2.030584E-02 -1.781249E-04 -4.767918E-04 -7.881172E-03  3.334593E-02  4.049644E-05
 7.122773E-05 -3.663822E-03 -5.776111E-01 -8.016451E-01 -1.422054E-03 -1.111591E-03 -4.854976E-03 -2.985117E-02 -6.302691E-02  9.314288E-02
 4.088415E-05 -8.667357E-05  6.105984E-04  1.839114E-05 -1.925874E-04 -1.659713E-02  3.235507E-02  1.397426E-02  1.173624E-02  2.488191E-06
 5.871406E-04  1.324965E-05 -2.746220E-02  4.455170E-02  5.444996E-03  7.962000E-03  2.732469E-05  4.868603E-05  5.503669E-05  8.188348E-04
 1.437750E-04  8.527377E-04 -1.739418E-04 -1.963652E-04 -1.044914E-03 -2.703967E-03  9.353146E-05 -6.561986E-06 -4.576417E-04  2.808924E-04
 1.333016E-05
  MODE      76
-1.015534E-03  4.281761E-04 -1.840959E-04  1.192125E-03 -1.140375E-03 -4.293346E-04  6.551690E-06 -3.919626E-06 -1.167880E-05 -8.547506E-06
 3.609418E-05  2.686932E-06 -1.904487E-05  3.806986E-05 -3.952475E-05  1.014872E-05 -2.005763E-05 -4.825866E-04 -1.190918E-04 -3.506267E-05
 1.541124E-05  6.154087E-06  3.600457E-06  7.633307E-06  1.469414E-05 -1.094389E-05  6.777308E-04  2.203502E-02 -2.976537E-05 -8.545298E-06
 4.655486E-06  3.786731E-05  3.410283E-06 -1.310448E-05 -1.770896E-04  1.676299E-04  7.996515E-05 -6.321471E-06  1.491336E-05  3.762793E-05
-3.111504E-06  6.699296E-05 -6.467738E-05 -7.496614E-07  4.776522E-05 -1.093234E-04  2.232486E-05  8.716165E-05  8.556454E-03 -2.656830E-05
-3.820486E-02 -8.532084E-05  1.063698E-05  4.114755E-06  9.254544E-06 -5.540750E-07 -1.001818E-05 -2.037344E-05  8.340462E-05 -5.843112E-05
 1.517981E-02  3.007563E-04 -1.444699E-04  4.471884E-05  2.106274E-05 -1.713762E-05 -2.213496E-05  9.892663E-05 -3.403943E-04 -1.614268E-04
-2.192512E-02  8.734599E-01 -1.835778E-02  9.986231E-03  5.845070E-03 -3.543046E-01  1.672283E-04  1.785584E-04  1.540142E-04 -2.960849E-04
 9.071508E-03 -3.039022E-02  2.209547E-01 -1.496826E-03 -1.034243E-04 -3.101405E-04 -1.622624E-04 -1.180472E-04 -4.839911E-05  4.489343E-05
 2.416736E-01 -1.483949E-04  3.243281E-05 -1.096911E-04  9.454111E-07  2.297459E-05 -3.383915E-05  5.819915E-03 -3.625527E-05  1.645443E-03
-5.834107E-03  6.811191E-05  2.969598E-03 -1.784578E-03 -4.545611E-05  2.050251E-05 -3.499010E-03 -7.782685E-07  3.741701E-06  9.370412E-07
-1.277825E-05
  MODE      77
 2.247770E-07 -1.518421E-07  1.021000E-06  5.958612E-07  2.328794E-08 -3.804980E-07 -3.663664E-05 -1.794745E-05 -1.044086E-05 -4.333451E-06
 1.824352E-06  3.093932E-05 -3.370700E-03  1.084259E-06 -8.453587E-06  3.321161E-06  5.366602E-06  6.777530E-06  3.240685E-05 -2.358535E-05
-2.379908E-05 -2.269640E-05  6.627627E-06  7.081076E-03 -5.601871E-06 -3.912468E-05  3.554516E-05 -5.953051E-06  3.536516E-06  6.398594E-06
 6.185046E-05  4.504542E-06 -3.261321E-06  1.811116E-05  1.624896E-04 -3.252514E-06  2.909018E-07 -5.515235E-05 -4.922611E-06  5.784347E-03
-1.839138E-02  1.132493E-04 -9.438437E-05  4.829409E-05  8.172038E-06 -5.112514E-07  8.777167E-06  4.442179E-06 -3.137121E-05  1.620333E-04
 9.709726E-05  9.559407E-05  3.889505E-05  1.069783E-05  1.876771E-05 -8.534812E-06  6.075134E-05 -3.687255E-06  9.715489E-05  3.329876E-02
 9.691499E-06 -5.577102E-05 -1.580629E-04  5.495386E-04 -2.452330E-04  1.022859E-01  5.724892E-03  8.374878E-05  1.007405E-04 -1.826305E-02
 1.154075E-04 -1.069415E-04 -1.013187E-03 -1.096053E-03  9.915276E-01  1.596917E-02 -2.440463E-04 -4.782089E-04  1.197753E-04 -1.338405E-04
 7.958158E-05  3.247831E-05 -2.079875E-04 -2.347010E-02  5.438501E-02 -3.838687E-05  2.279945E-04  1.162186E-05  3.868512E-05 -2.135924E-02
-1.069859E-04  3.543188E-03 -2.465490E-06  1.339982E-05 -4.508282E-05 -7.537711E-05  6.556201E-03  2.442843E-05  1.470743E-02  3.254715E-04
-1.104304E-03 -5.789585E-04 -2.353460E-03  1.176912E-05  8.549379E-06  5.173394E-06  9.124426E-06  8.892347E-05 -7.548664E-06  2.754773E-05
-5.238534E-04
  MODE      78
 4.549618E-04 -1.919419E-04  8.206665E-05 -5.350548E-04  5.110797E-04  1.929625E-04  7.386315E-07 -2.344109E-06  5.657732E-06 -4.081176E-06
 1.475420E-05 -1.375783E-06  2.399891E-05 -6.920843E-06  8.718349E-07  1.499970E-05 -1.891270E-05  6.623909E-05 -3.485914E-05 -7.431925E-06
 1.577826E-05  1.711278E-06  6.353659E-06  2.396741E-05  5.879467E-05 -5.012849E-06 -9.769529E-04 -2.709827E-02 -2.268655E-05 -1.420720E-05
 8.478549E-06  1.471750E-05  8.758122E-06  3.324000E-05 -3.442941E-05  6.393066E-05  3.543327E-05 -2.121815E-05 -1.535507E-06 -1.390652E-05
 4.775080E-05  3.904851E-06 -1.152836E-05 -2.103046E-05  3.483482E-05 -6.405619E-05  1.369746E-05 -8.084627E-06  1.272236E-02  4.980643E-05
 3.404910E-02 -6.725280E-05  2.855826E-05 -4.587455E-05  1.510017E-05  1.497486E-05 -1.812737E-05 -5.331850E-05  5.887121E-07  5.219214E-05
-4.144061E-02 -8.732067E-04  3.331358E-04 -5.070374E-05 -3.651260E-06  5.598207E-05  5.797699E-05  6.892781E-05  6.969598E-06 -5.274684E-05
-4.119147E-02 -1.024375E-01  2.347721E-03 -7.540357E-04  1.186231E-02 -7.421043E-01  6.244647E-04 -1.925660E-05 -1.776968E-04 -2.406221E-06
 9.194896E-02 -2.738210E-01 -3.026844E-01  2.339430E-03  4.033415E-04  3.928968E-04  2.208329E-04  1.284556E-04 -2.555726E-05 -2.045676E-05
-4.677106E-01  5.036240E-05 -8.071692E-05  1.134854E-04  8.542045E-06  8.305412E-05 -1.058109E-04 -1.982582E-01  2.579820E-05 -1.703890E-03
 6.122782E-03 -7.046517E-05 -3.130502E-03 -8.207015E-04 -1.243134E-05  9.373799E-06 -1.235677E-03  2.853419E-06  1.610010E-05  9.200550E-06
 1.278736E-06
  MODE      79
 1.891335E-06  7.504789E-07 -1.592057E-06  2.376119E-06  1.631026E-06 -2.528591E-06  1.003672E-05 -4.530026E-06  5.231913E-05  2.632377E-05
-6.433416E-05  2.680928E-06  2.804387E-06  2.434198E-03  2.650006E-03 -9.190046E-06  1.834342E-05 -3.678371E-05 -7.337819E-05 -4.361405E-05
-1.138015E-03  4.409889E-04 -1.268807E-06 -1.653444E-05  5.599647E-03 -2.880836E-03  3.530539E-05  2.675033E-05  7.470228E-06  1.294013E-05
-5.478520E-06 -3.903551E-05 -1.131213E-05  1.194896E-04 -1.292571E-04 -6.347994E-05 -3.202033E-05  6.071116E-05  8.127524E-06 -2.079741E-06
 1.171876E-05  1.000509E-02  5.872085E-03 -7.561968E-06 -1.392678E-05 -6.074171E-05 -5.651936E-03  1.107360E-03  9.867467E-05 -7.780335E-05
-9.100145E-05 -1.843904E-04  2.618984E-05 -7.767342E-06  2.645298E-06  2.197959E-04  2.328190E-05  3.856008E-05 -2.719223E-04  8.189842E-05
-9.673811E-05  1.572177E-02  1.445222E-02 -3.388824E-02  1.573929E-02  2.655823E-04  1.307923E-04  1.964010E-02  4.686166E-03  5.629972E-05
 1.704043E-06 -1.823711E-03 -5.840542E-02  4.185409E-02  1.506983E-04  5.285981E-04  9.014963E-01 -1.358645E-01 -3.104475E-01 -2.094403E-01
 5.787790E-04  8.744055E-05  1.252527E-04  2.247769E-05 -1.509054E-04 -9.221630E-03 -3.564844E-03  7.140797E-02 -8.327350E-02  9.450805E-05
 4.609989E-04 -2.265869E-05 -3.119361E-03 -1.312435E-03 -7.719476E-02  5.330595E-02  1.473888E-04  1.562727E-04 -7.324285E-06 -1.782107E-03
-6.850105E-04  1.906652E-03 -3.848675E-04  8.370022E-05 -1.418580E-03  5.085532E-04 -3.276322E-05  2.302041E-06  3.270123E-07 -2.976728E-05
-6.834744E-06
  MODE      80
-2.039738E-06 -2.514893E-07 -3.672582E-07 -2.476423E-06 -1.559282E-06  2.440329E-06 -1.466682E-05  1.095577E-06 -4.048567E-06  1.749612E-05
-1.150058E-05 -2.464617E-06  2.184779E-05  8.841773E-04 -7.985086E-04  2.373438E-05  2.592315E-06 -9.750980E-06  1.947840E-07  8.697978E-07
-1.041053E-03 -2.429615E-03 -1.269422E-05 -4.676643E-06  5.795569E-03  1.114095E-02 -2.524613E-06  1.027082E-05 -3.807752E-05  3.175055E-05
 4.037035E-05 -3.364171E-05 -4.546186E-05 -3.788663E-06  6.082301E-05  1.737614E-05 -2.901519E-05 -2.515980E-05  2.940945E-05 -1.594954E-05
 1.544144E-05 -4.293618E-04  9.125107E-04 -2.999878E-05 -1.281074E-05  1.290963E-05 -6.625594E-04 -3.488058E-03 -7.569321E-06  5.101574E-06
 2.218018E-05  4.872915E-05 -1.069931E-04 -7.796315E-05  1.337059E-05 -5.899647E-06 -6.353391E-05  7.927111E-05  3.669486E-05  3.239473E-05
 7.543460E-04 -3.568059E-02  3.889703E-02 -3.975290E-02 -8.611011E-02 -1.448796E-04 -7.977723E-05  1.211843E-03 -5.726299E-03  2.043117E-04
-4.363136E-05  1.881549E-04  1.981254E-02  2.815489E-02  6.170036E-04  1.725812E-04  1.261131E-01  8.393099E-01 -2.810553E-01  4.148547E-01
-3.405302E-04  3.216050E-05 -1.173639E-05  1.854931E-06 -7.466084E-05  3.712340E-02 -7.430012E-02  6.971325E-02  5.939282E-02 -8.540741E-06
-2.142360E-05  2.728042E-05  1.634244E-03 -2.818522E-03 -4.424123E-03 -6.207226E-03  4.278018E-05 -3.767599E-05  1.311024E-05  6.147521E-04
 1.211013E-04  6.894613E-04 -1.465976E-04  3.005621E-04  1.568351E-03  4.189272E-03 -1.503688E-04 -1.712878E-05 -3.756281E-04  2.219878E-04
 1.129994E-05
  MODE      81
-1.772765E-06 -4.984807E-07  6.713725E-07 -2.257994E-06 -1.440389E-06  2.301075E-06 -9.042633E-06 -1.624770E-05 -1.972700E-06  4.714475E-06
 1.180898E-07  2.440721E-05  3.248196E-06  1.391371E-02 -1.303319E-02 -3.577850E-06 -2.184248E-05 -8.910996E-06  4.735791E-05  4.700989E-06
-4.661253E-04 -1.061922E-03 -6.691942E-06 -2.317607E-06 -5.758981E-03 -1.101316E-02 -4.338059E-07 -2.155926E-05  2.613620E-05 -6.605669E-05
 4.158288E-05  1.264301E-05  4.895847E-05 -4.015091E-06  2.148967E-04 -3.118881E-05  9.103826E-05 -2.012502E-05  5.865455E-06  3.891622E-05
 1.103208E-04  1.259656E-02 -2.142979E-02 -2.170576E-05 -2.273827E-05 -9.018764E-06  1.500161E-03  7.347902E-03  4.358296E-06  4.649810E-05
-5.414828E-05  5.501901E-05  3.570607E-05  3.296636E-05 -1.766708E-05 -2.201212E-05  3.186788E-05 -3.858241E-05  5.390815E-05 -2.746046E-05
 3.868044E-04 -1.243619E-02  1.355692E-02 -2.277329E-02 -4.963018E-02 -6.046571E-05  1.004531E-03  2.894478E-02 -1.233635E-01 -3.430764E-04
 1.252013E-05 -8.514862E-04 -7.471296E-02 -1.032573E-01 -4.712554E-05 -5.903993E-05  5.145203E-02  3.383880E-01  3.786760E-01 -5.621848E-01
 3.122978E-04 -1.332927E-04  4.231921E-07  2.549020E-04  7.324794E-04  2.228341E-01 -4.417987E-01  3.884136E-02  3.282187E-02  1.774149E-04
-1.749304E-05 -1.066530E-04  1.951687E-01 -3.173765E-01  9.921221E-03  1.462795E-02  7.881256E-06  5.299043E-05  7.830379E-05  2.370702E-03
 4.516343E-04  2.390138E-03 -4.645312E-04 -7.323400E-05 -4.024196E-04 -1.037998E-03  3.137211E-05  1.260951E-04  2.654807E-03 -1.956685E-03
-6.539389E-05
  MODE      82
 2.623503E-04 -1.101477E-04  4.658483E-05 -3.070290E-04  2.945593E-04  1.101683E-04  6.846085E-06  1.306276E-06  1.644070E-06  3.882208E-06
 8.148767E-06  5.491480E-07  1.237761E-05  1.615748E-06  4.313215E-06  6.395156E-06 -8.607253E-06  1.231061E-04  8.216778E-06  2.608807E-05
 2.042744E-05  2.103364E-07 -1.963917E-06 -4.685765E-06 -9.459172E-06 -3.766397E-06 -9.734290E-04  1.028594E-03 -5.097745E-06 -3.860066E-06
-2.934080E-05  2.041034E-05 -8.423298E-06 -6.007856E-05 -1.511924E-05 -1.827051E-06  1.368653E-05 -4.044138E-05 -3.599577E-06 -1.007681E-05
-3.041754E-05 -6.422228E-06 -2.748397E-05  9.290083E-08  4.455797E-07 -4.492648E-05  4.371089E-05  1.722669E-05  2.493032E-03  3.669712E-05
-3.274699E-03 -3.741733E-05  1.215967E-06  6.279131E-06 -1.270793E-06  1.192620E-04 -5.586886E-06 -8.940451E-06 -5.246850E-05  8.909381E-05
 1.179657E-02  3.034489E-04 -2.334214E-04  7.189963E-05  3.788160E-06  1.377994E-04  8.545409E-05 -1.722663E-04 -3.598066E-05 -8.492730E-05
 3.463754E-03  1.883636E-02 -2.654700E-04  1.234852E-04 -1.228642E-03  7.099424E-02 -4.929973E-04 -7.399868E-06  1.275646E-04  9.332010E-04
 9.775148E-01  9.098084E-03 -1.327587E-01  1.109243E-03 -7.559983E-05 -4.675431E-04 -7.264607E-04  3.082243E-04 -7.884265E-05 -3.678579E-05
 1.186723E-01 -3.343696E-05 -1.386674E-05  1.481360E-05 -1.989366E-04 -1.570926E-04  1.180633E-04  8.410483E-02  3.180225E-05  7.671746E-04
-2.825004E-03  3.053272E-05  1.432307E-03  3.394397E-03  9.637935E-05 -1.543621E-04  2.773328E-03 -4.917079E-06 -1.570088E-05 -1.254938E-05
 3.496550E-06
  MODE      83
 3.315175E-07  1.760553E-07 -5.413360E-07  3.146746E-07  3.279401E-07 -4.029113E-07 -1.427191E-05 -2.903702E-06  2.100102E-05 -1.406829E-07
 2.885155E-07  1.921730E-05 -3.546965E-03  4.901818E-06 -1.367909E-05  7.324671E-06  2.294065E-08  1.483661E-05  5.384464E-05  4.107625E-05
 5.234529E-06  2.871471E-05 -1.421660E-05  2.126577E-03  3.751176E-06 -3.909206E-05  1.708271E-05  1.531393E-05 -1.906485E-05  1.817189E-05
 4.495501E-05  5.211031E-06 -3.131547E-06 -1.816413E-05  1.239697E-04  3.338819E-06  1.176207E-06 -5.228102E-06 -8.494097E-06  6.547288E-03
-1.132335E-02  1.083794E-05  3.658689E-05  6.793890E-06  6.397078E-06  6.309045E-07 -1.208784E-05  4.924465E-05  3.078914E-05  6.686549E-05
 2.396473E-05  2.156785E-05 -1.019399E-05 -7.323570E-06 -1.595113E-05  2.761995E-05  3.449606E-05 -1.080684E-05  6.796855E-05  3.517866E-02
 1.905197E-05 -8.509056E-05 -1.432296E-04  1.737961E-04 -6.188804E-05  3.284926E-02  6.663892E-02 -6.049142E-04  4.150027E-04  5.485298E-02
-6.991819E-06  4.433118E-05  5.828297E-05 -3.863804E-06  4.612154E-02  6.558635E-04 -1.860424E-04 -3.676419E-04 -2.517688E-05  3.336874E-04
-1.348074E-04  1.396937E-06 -8.416016E-04 -2.797850E-02 -7.327773E-01  8.751598E-04 -1.360825E-03 -2.113377E-04 -1.002603E-04  4.956004E-01
-2.759974E-04 -3.941435E-01 -5.097537E-05 -1.262525E-05  6.694845E-05 -1.976261E-04  2.212830E-01  8.249172E-05 -1.355291E-02 -1.141957E-04
 3.666412E-04  1.734320E-04  7.949868E-04 -5.575029E-06  5.843442E-07  8.623130E-06 -2.454098E-07  5.195806E-03 -9.212898E-05  3.453245E-04
-4.640298E-03
  MODE      84
-5.250086E-06 -2.029741E-06  5.529551E-06 -5.104126E-06 -4.864783E-06  6.129289E-06  1.711370E-05 -1.399678E-05  1.718593E-06  2.866153E-05
-1.451548E-05  1.921531E-05 -2.211513E-05 -2.920174E-03  2.736787E-03  2.139417E-06 -3.562952E-05 -8.292423E-06  5.022653E-06  8.958508E-06
 1.234534E-03  2.933795E-03  2.574830E-05  1.868169E-05 -1.811900E-03 -3.538045E-03 -1.795296E-06 -2.596847E-05 -4.367027E-05 -4.750312E-05
 1.514305E-05 -3.599747E-05 -6.894231E-06 -1.501970E-05  3.364483E-05 -3.443683E-05  6.826597E-05  5.686624E-07 -8.715719E-06  1.176452E-05
-2.437076E-05 -5.008206E-03  8.604604E-03  7.555023E-06 -3.257996E-05 -1.895482E-05  3.556623E-03  1.750904E-02  5.093697E-06  9.759849E-05
-2.844780E-05  5.077955E-06  9.776754E-05  7.056627E-05 -6.710837E-05 -1.253097E-05 -1.128494E-05  3.806847E-05  2.199556E-05  1.545240E-04
-1.241963E-03  5.759808E-02 -6.386759E-02  2.337162E-02  5.058575E-02  1.457916E-04  4.110295E-04  1.071873E-02 -4.415135E-02 -3.309625E-04
 1.007265E-04  1.964022E-04  1.107784E-02  1.492195E-02 -8.126124E-05 -1.536033E-04 -4.741005E-02 -3.193785E-01 -2.122515E-01  3.144289E-01
-6.591613E-04 -5.060405E-05  4.373141E-04  5.442971E-04  1.226772E-03  2.564735E-01 -5.065010E-01  3.487449E-01  2.990654E-01 -9.081944E-05
-2.345643E-04  2.580128E-04  1.013502E-01 -1.644009E-01 -2.327267E-01 -3.369675E-01 -1.319522E-04 -1.332448E-05  1.794372E-04  1.059419E-03
 2.096756E-04  1.076052E-03 -2.126245E-04 -1.126864E-05 -5.428591E-05 -1.320996E-04  5.158924E-06  2.951926E-04  6.337953E-03 -4.604963E-03
-1.418276E-04
  MODE      85
 1.483033E-07  8.294619E-08 -1.900131E-07  2.181868E-07  1.297560E-07 -2.270181E-07 -1.550783E-05 -3.747648E-05  2.156862E-07 -2.242900E-05
-8.348032E-06  5.682986E-05 -1.957037E-03 -7.792769E-05 -7.046125E-05 -1.798093E-05 -6.936457E-06  1.837992E-05 -2.888434E-05 -2.740444E-06
 4.613811E-05  1.266432E-07 -1.437140E-05 -1.108604E-02  5.101718E-05 -2.812917E-06 -4.322362E-06  6.485122E-06  2.665926E-05 -3.517287E-05
-1.120310E-06  6.879416E-06  5.449443E-05  1.325611E-06  6.077055E-05 -6.733993E-06  2.630663E-06  3.594582E-05  2.481233E-05 -9.999064E-03
 2.679682E-02 -2.633631E-04 -6.741416E-05  1.960806E-05 -2.059436E-05  2.679102E-06  4.320267E-04 -4.296243E-05 -3.262370E-05 -2.805328E-05
 6.958263E-05 -2.830692E-05 -2.660401E-05 -1.144285E-05 -4.307904E-05  7.632978E-06 -1.529481E-04  9.961947E-05 -3.555969E-05 -1.932997E-02
-5.375251E-05 -6.039036E-05 -2.696167E-05  9.774096E-07  8.832785E-05 -3.848384E-02 -4.256158E-02 -1.349506E-04 -4.235129E-04 -1.115669E-02
 1.215300E-05  1.827813E-05 -4.619509E-04  3.281305E-04 -7.735055E-03 -3.482038E-04 -2.692708E-03  3.097686E-04 -5.552788E-03 -3.790204E-03
 1.900942E-04  4.686509E-05 -6.828392E-03 -9.425744E-01 -1.382865E-01  4.699032E-03  1.649413E-03  9.805817E-04 -6.079286E-04 -5.473974E-02
-2.480253E-06  1.906357E-01 -1.739627E-03 -1.229158E-03  8.866345E-04 -8.601413E-04 -9.918923E-02 -3.799089E-05 -1.957585E-01  2.983437E-05
 3.909921E-05  9.376736E-06  1.085680E-04  2.341922E-06  9.400754E-06 -1.202447E-05 -1.389016E-05 -1.313383E-03  5.011681E-05 -1.080156E-04
 1.634188E-03
  MODE      86
-2.244081E-06 -1.862088E-06  6.442427E-06 -1.923740E-06 -2.534297E-06  2.891721E-06 -3.282473E-06 -1.484623E-06 -3.898009E-06  1.523587E-05
-1.207143E-05  7.425916E-07  1.852049E-05 -6.662882E-03 -7.114134E-03 -6.550368E-06  1.601561E-05  4.770150E-06 -1.056368E-05  7.937759E-06
 4.490538E-03 -1.946373E-03  1.725494E-06  9.897886E-05  3.894123E-03 -2.048985E-03 -4.798231E-06 -2.989671E-06  1.219745E-05  7.120402E-06
-2.203999E-05 -6.385616E-05 -2.105575E-05 -2.203054E-05  8.116815E-06  4.287399E-06  2.779674E-05  3.803127E-06  7.453094E-07  1.216306E-04
-2.823838E-04 -1.544470E-02 -8.997621E-03  4.039806E-06  7.633201E-05  3.836251E-06  4.720392E-02 -9.522650E-03 -3.386466E-05  1.275416E-04
 2.382872E-07 -6.668759E-05 -8.683910E-06 -1.070772E-06  3.132449E-06 -4.051451E-06  1.125217E-05  1.496766E-05 -2.325679E-05  2.379648E-05
 4.648610E-04 -2.486739E-02 -2.252050E-02  3.373733E-02 -1.542004E-02  7.962080E-05 -9.957704E-05 -6.225857E-02 -1.468942E-02  8.931352E-05
 6.107175E-05 -1.345993E-03 -4.884603E-02  3.542506E-02  1.485917E-05  5.274452E-05 -3.065416E-01  4.551068E-02 -6.280739E-01 -4.241303E-01
 6.710572E-04 -7.662054E-05  4.215862E-04  8.678754E-03  1.211235E-03  4.090302E-01  2.070185E-01  9.372394E-02 -1.092393E-01  4.527210E-04
 1.197491E-04 -1.763318E-03 -2.151268E-01 -1.324330E-01  1.214471E-01 -8.395702E-02  7.705091E-04  1.252267E-05  1.795715E-03  1.235776E-03
 4.857770E-04 -1.301559E-03  2.667496E-04  9.378589E-06 -4.950304E-05  1.581789E-05  9.712449E-06  2.374076E-05 -3.733999E-04 -5.048752E-04
-2.626429E-05
  MODE      87
 1.863158E-06  8.995718E-07 -3.004524E-06  1.417255E-06  1.891939E-06 -2.022114E-06 -4.759705E-06 -3.096696E-06  7.970105E-05  8.530077E-06
-5.293218E-05  5.159859E-07  1.749632E-05  1.920615E-03  2.066350E-03 -9.848378E-06  7.498339E-06 -5.830361E-05  4.502670E-05 -8.581867E-05
-7.045233E-04  2.076065E-04  5.144430E-07  2.393939E-05  3.215093E-03 -1.606663E-03 -5.345038E-05  3.798451E-06  3.063315E-05  3.257341E-06
 8.938198E-05 -1.157369E-05  9.171330E-06  1.926862E-04  6.160620E-05 -6.702435E-05 -5.395514E-05  5.940400E-05 -6.498434E-06 -2.919762E-05
-1.526131E-05  8.488920E-03  4.901203E-03 -8.497853E-06 -1.317924E-05 -3.605430E-05 -1.414779E-02  2.790157E-03  7.272833E-05 -3.442811E-07
-8.704289E-05 -1.155070E-04  4.164342E-06  5.956020E-06 -1.710290E-06  2.741489E-04 -3.069747E-05 -4.595252E-05 -1.795670E-04  6.719111E-05
-2.852658E-04  1.723306E-02  1.582168E-02 -3.190694E-02  1.444515E-02  2.528463E-04  3.638625E-04  3.806793E-02  8.786193E-03 -1.158174E-04
-1.257896E-05  7.496881E-04  2.139267E-02 -1.589086E-02 -7.168948E-05  1.450802E-04  1.535347E-01 -2.170670E-02  3.082794E-01  2.066802E-01
 5.632658E-04 -3.070146E-05  7.256874E-04  6.302035E-04  7.668693E-04  7.877895E-01  4.004741E-01 -8.510687E-03  1.460909E-02  5.873914E-04
 3.579906E-04 -1.957589E-04  1.815732E-01  1.114839E-01 -6.992479E-02  4.792471E-02  2.481257E-04 -2.410252E-05  8.467008E-05  9.971985E-04
 3.625914E-04 -9.928612E-04  2.289460E-04 -4.230398E-06  9.802529E-05 -2.802624E-05 -2.234789E-06 -6.387490E-06  5.696402E-05  8.797610E-05
 6.830342E-06
  MODE      88
-3.152428E-07 -3.324327E-08 -6.668528E-07 -1.048895E-06 -7.870201E-08  7.619873E-07 -1.047890E-05  1.880583E-06 -1.996072E-05 -2.274780E-06
-5.757164E-07  1.179291E-05 -7.991873E-03  1.437056E-05 -2.547281E-05  1.678580E-05  1.101721E-05  1.067944E-05 -5.946679E-05 -2.218371E-05
 7.093416E-06  2.366053E-05  1.046392E-05  3.608748E-03 -4.498144E-06 -5.391063E-05  1.721408E-05  2.834171E-05 -1.381737E-05  2.812705E-05
-2.028923E-05  8.127023E-06 -1.242979E-05  3.024495E-05 -1.756273E-05 -1.436615E-06 -5.991150E-06 -2.955904E-05 -4.650488E-05  5.319106E-03
-1.091254E-02  4.383592E-05 -3.358016E-06  5.154739E-05 -1.109731E-05  6.227045E-07  2.769129E-06  2.760250E-05 -3.203613E-05 -4.868108E-05
 2.960876E-05  2.577058E-05  4.101959E-06  4.726902E-06  3.823436E-05 -1.919121E-05  2.231558E-05 -8.895253E-07 -1.698132E-05 -2.702554E-03
-1.410019E-05  6.959947E-05 -3.961552E-05  1.351555E-04  5.247572E-05  2.684025E-02 -3.680956E-02  3.688065E-04 -7.239143E-05 -2.382464E-02
 1.168379E-05  1.537388E-05  5.181484E-05  2.242578E-05  2.330889E-02  2.255789E-04  4.381516E-05 -3.287415E-04  4.748667E-05  5.181811E-04
-2.616303E-04 -2.888826E-04  6.219069E-04  2.116216E-01 -6.538289E-01  1.624839E-03 -1.702219E-03 -1.454501E-03 -1.216301E-03 -5.907108E-01
 4.904024E-04  4.091322E-01  1.682954E-04  2.516129E-04  4.210785E-05  4.042716E-04 -7.605170E-02  9.118207E-05  4.660868E-02 -2.419184E-04
 8.279861E-04  4.345770E-04  1.783981E-03 -7.984297E-07  9.142583E-06  5.694216E-07 -2.573424E-05 -2.029649E-03  3.178606E-05 -1.130500E-04
 1.580550E-03
  MODE      89
-3.527136E-06 -1.270091E-06  2.930830E-06 -3.906738E-06 -3.116551E-06  4.355785E-06 -1.190998E-05  1.799867E-06  4.692706E-06  1.426700E-05
-4.478734E-06 -6.695529E-06 -2.041723E-05 -4.748301E-03  4.433800E-03 -5.428794E-06 -1.826910E-05  1.315079E-05  2.446968E-05  1.026475E-06
 7.245172E-04  1.630784E-03 -8.995527E-06 -2.693276E-06  5.100970E-03  9.804988E-03  6.748860E-06  2.660016E-05 -4.849273E-06 -2.486704E-05
-5.128947E-05 -1.552476E-05  4.423196E-05  5.421603E-06  2.031817E-05  8.522905E-06  3.936565E-05  2.472072E-05 -7.253051E-08  3.492177E-05
-3.484013E-05 -1.435246E-03  2.208659E-03 -1.179733E-05 -2.371142E-05 -1.148670E-05 -9.083734E-04 -4.718196E-03 -3.388403E-06 -1.875637E-06
 1.168732E-05 -3.566657E-05 -4.212667E-05 -2.770592E-05  3.404580E-05  9.389883E-06  1.266770E-04 -3.759545E-05 -3.631726E-05 -3.350096E-05
 3.486069E-04 -1.697704E-02  1.893933E-02 -2.310245E-02 -5.024953E-02 -4.246114E-07  6.855473E-05  3.076779E-03 -1.455895E-02 -6.826455E-05
-3.346188E-05 -1.617555E-06  1.779003E-03  2.624767E-03  8.230197E-06  1.968675E-05  1.333159E-02  9.440289E-02  1.331547E-01 -1.998727E-01
 1.669134E-04  5.797219E-05 -3.060595E-04  6.462624E-04 -2.731748E-03 -2.341459E-01  4.554962E-01  6.141997E-01  5.288244E-01 -7.992245E-04
 3.398113E-04  1.110320E-03  1.871013E-02 -3.201005E-02 -5.191023E-02 -7.617383E-02 -1.613189E-04 -1.191631E-04  5.727559E-05 -1.717157E-03
-3.232323E-04 -1.729830E-03  3.532632E-04 -2.014742E-04 -1.112469E-03 -2.973643E-03  1.040436E-04  2.100483E-05  5.716773E-04 -3.608180E-04
-5.109416E-06
  MODE      90
-8.367655E-04  3.526715E-04 -1.509338E-04  9.825506E-04 -9.397491E-04 -3.538643E-04  5.800791E-06 -1.047528E-05 -1.692331E-05 -6.752972E-06
 2.167715E-05  1.288359E-05 -1.783171E-05  8.832913E-07 -5.297661E-07  1.111329E-05 -1.452608E-05 -2.019190E-03  4.497115E-05  4.491873E-06
 1.355485E-05  2.779853E-06 -4.217890E-06  1.435842E-05 -1.242260E-05  4.291916E-06 -1.170259E-03 -1.889646E-02 -1.328055E-05 -1.211892E-05
 8.197322E-05  2.818346E-05 -2.710416E-06 -2.822071E-05 -6.717177E-06  6.568499E-05  3.019721E-05  3.228423E-05  2.684989E-05 -7.590044E-06
 2.405614E-05  5.702765E-05 -4.666537E-06  3.870039E-06  1.696506E-05 -7.877847E-05  4.681812E-06 -1.695824E-05  3.844211E-02  3.318182E-04
 4.991625E-04 -9.648473E-06  1.947158E-05 -2.739744E-05 -3.586210E-06  4.127392E-05 -6.162178E-06 -1.459454E-05  7.842928E-05  1.373498E-04
 6.123587E-02  1.364486E-03 -1.648182E-04 -3.682058E-05  1.172081E-05  3.182044E-05 -2.226715E-05 -5.832534E-05 -4.666720E-05 -7.831246E-05
-5.793990E-02 -1.234646E-02  2.246913E-04 -3.853646E-05  6.103405E-04 -3.841983E-02  7.134932E-05  1.232853E-04  1.593084E-04 -7.727169E-05
 1.556869E-01  5.847099E-01  5.407016E-01 -3.639309E-03 -8.303972E-04 -4.111361E-04  7.073949E-07  2.205348E-04 -1.042432E-04 -3.812214E-04
-4.379725E-01  2.532752E-04 -1.454081E-04  7.531497E-06  2.887853E-05  1.165321E-04 -1.795449E-04 -3.729419E-01  5.801372E-05 -9.965813E-04
 3.488990E-03 -4.836864E-05 -1.779364E-03 -2.093555E-04 -7.000682E-06  2.579269E-05 -6.464132E-06 -8.432353E-06 -1.142146E-05  8.167206E-06
 6.008107E-06
  MODE      91
 2.793372E-06 -4.919506E-07  4.940561E-06  4.748961E-06  1.478762E-06 -3.776371E-06 -2.510989E-07 -1.846350E-06  5.010855E-05  9.947957E-06
 9.139249E-06  2.620001E-07  6.728298E-06  4.548140E-03  4.847341E-03 -5.311456E-07 -3.379030E-05 -3.551451E-05 -2.191285E-05 -5.739179E-05
-1.924883E-03  7.963582E-04  1.391552E-06  2.130609E-05 -1.154364E-02  6.062783E-03 -9.334814E-06 -2.107769E-05 -3.451806E-06 -1.776590E-05
 7.479695E-05 -2.321938E-05 -7.432595E-06  1.185253E-04 -3.368930E-05 -1.920673E-05  7.898822E-06  2.099786E-05  2.551707E-06 -5.481026E-06
-8.190268E-05 -1.950721E-02 -1.135911E-02 -8.435846E-06  1.236178E-05 -2.403157E-05  7.375396E-03 -1.526856E-03  7.047163E-05  4.363507E-06
-3.975398E-05 -6.219148E-05 -2.193024E-05  2.539772E-05  5.357969E-06  1.537022E-04  3.606168E-05  3.597753E-05 -1.000426E-04 -1.103061E-04
 2.840435E-04 -1.316424E-02 -1.191097E-02 -5.718227E-02  2.645541E-02  4.368486E-04 -1.896768E-04 -3.118481E-02 -7.440783E-03 -7.155606E-05
-2.483305E-05  5.527783E-04  1.806136E-02 -1.329680E-02 -1.497927E-05  2.651524E-05  2.434859E-02 -3.610182E-03 -1.961668E-01 -1.320785E-01
 4.108146E-04  3.954969E-04 -3.279540E-04  1.874698E-04  7.781839E-05  2.430690E-02  1.135699E-02 -6.104161E-01  7.097395E-01  1.827167E-05
 1.725851E-04  2.670907E-05  1.994615E-01  1.226640E-01  5.805646E-02 -4.005260E-02  1.891226E-04 -5.938573E-04  6.262407E-05  4.959639E-04
 1.744741E-04 -4.565139E-04  9.999755E-05  3.029387E-06  2.217171E-05 -4.989525E-06 -4.201241E-06 -2.387448E-05  7.069689E-04  9.611851E-04
 3.046645E-05
  MODE      92
 5.068597E-04 -2.145001E-04  9.322220E-05 -5.969655E-04  5.693276E-04  2.157647E-04  5.525671E-06 -2.933627E-06  4.225487E-06  1.391152E-06
-2.142404E-06  3.143437E-06 -2.048729E-05 -3.121573E-06  1.292455E-05 -1.856944E-06  2.916714E-06 -2.763032E-04 -6.100489E-05  5.512349E-06
-4.715234E-06 -3.042883E-06  1.476309E-06 -1.083491E-05 -1.298215E-05  1.016686E-05  3.176251E-03 -3.398470E-03  4.940500E-06  4.303551E-06
-5.995351E-06  1.035202E-05 -1.849065E-06  8.382067E-05 -8.021245E-05 -1.127545E-05 -1.581542E-05  9.590493E-05  5.331469E-06  1.686831E-05
 1.341995E-05 -3.428060E-05 -5.918553E-06  4.130162E-06 -9.679390E-06  2.193082E-05  4.004079E-06 -2.803515E-05 -1.553660E-02 -1.841318E-04
 1.437255E-02 -3.783256E-05 -7.555729E-06  1.086396E-05  4.198354E-06 -7.167602E-05 -2.081532E-06 -1.761825E-06  4.197570E-05  2.554637E-05
 1.579671E-02  3.438410E-04 -8.199444E-05 -9.568308E-05  2.383236E-05 -6.409319E-05 -8.225591E-05 -3.701924E-05  7.157182E-05 -4.869509E-05
 2.203840E-02  1.561799E-02 -2.948057E-04  2.017263E-04 -1.077564E-03  6.676536E-02  9.814186E-05  1.657026E-04  8.918871E-05 -2.919463E-04
 6.292216E-02 -3.823666E-01  4.754535E-01 -3.266250E-03 -4.805652E-04 -2.319582E-04 -1.317077E-04 -1.190421E-04  8.478742E-04  9.821479E-05
-4.550687E-01  5.054564E-04 -4.113677E-04  9.449883E-04  2.757956E-04  1.965460E-04 -2.227627E-04  6.409087E-01 -1.360617E-04  6.820191E-05
-3.089275E-04 -1.026553E-05  1.641335E-04 -2.240295E-03 -6.898383E-05  1.403673E-04 -1.262789E-03  1.893012E-06 -1.350666E-05  1.257279E-05
 3.770305E-06
  MODE      93
 9.340879E-07  6.799375E-07 -1.047918E-06  2.233439E-06  6.730522E-07 -1.996090E-06  5.605840E-06  5.562606E-06  7.029215E-07  5.330732E-06
 7.059931E-06 -9.026453E-06 -4.962249E-06 -6.942416E-03  6.501711E-03 -6.377992E-06  1.388316E-05 -1.027824E-05  3.963358E-05  2.592815E-06
-1.466221E-03 -3.365118E-03  1.597081E-06  5.027494E-06  8.948271E-04  1.709192E-03 -9.225480E-06  1.303670E-05  1.914397E-05  6.630759E-06
 9.601975E-06  2.440572E-05  6.375829E-05  9.318795E-07  3.407579E-05 -1.962441E-05  1.266587E-06 -7.275947E-06  4.871415E-06 -6.523015E-06
-4.563662E-05 -6.383643E-03  1.093501E-02  2.840073E-05  8.065739E-06  2.373169E-05 -3.852977E-03 -1.908811E-02  4.676081E-06 -6.837357E-05
-4.859937E-05 -1.840533E-06 -2.343668E-05 -2.216913E-05 -8.573215E-06 -1.181779E-05  3.214903E-05 -5.997179E-05 -4.469178E-06 -1.216959E-04
 3.417764E-04 -1.476908E-02  1.631963E-02  5.351195E-04  1.226871E-03 -1.493631E-05 -4.086598E-04 -9.163924E-03  3.933975E-02  1.180778E-04
-1.027349E-05  1.127365E-04  1.330702E-02  1.845710E-02  7.257204E-05 -3.581120E-05  3.915206E-03  2.641782E-02  8.401684E-02 -1.245997E-01
-1.527645E-04  4.630914E-04 -4.981973E-04 -3.501280E-06  7.460876E-04  1.724236E-01 -3.408833E-01  1.982710E-01  1.702476E-01 -1.949813E-04
 6.448673E-04 -2.738747E-04 -4.356246E-01  7.075789E-01  1.489424E-01  2.157695E-01  2.481384E-04 -6.070726E-04  8.446507E-05 -8.964276E-04
-1.562704E-04 -8.951984E-04  1.755805E-04 -1.026877E-04 -5.408215E-04 -1.419000E-03  6.702140E-05 -1.090621E-04 -2.528514E-03  1.827569E-03
 5.050362E-05
  MODE      94
-5.612856E-07  2.691382E-08 -1.148158E-06 -1.445651E-06 -2.074796E-07  1.074959E-06 -3.871426E-06 -8.379407E-06 -5.857741E-06 -3.038644E-06
-1.523604E-06 -1.352374E-05  5.396842E-03 -1.677238E-05 -1.021712E-05 -1.419689E-05 -3.233468E-06 -4.079795E-06 -5.891907E-05  1.671528E-05
 9.654278E-06  7.698007E-06  2.998497E-05  4.989332E-03  1.610225E-05 -1.841521E-05  7.288075E-06  1.909051E-05  1.150740E-05 -1.916239E-05
 2.724248E-05 -4.051428E-06  1.829786E-05 -2.524997E-05 -1.083191E-04 -9.685232E-07  5.401013E-06  1.056861E-05 -6.432482E-06 -4.486183E-03
-1.877359E-02  6.945798E-05 -2.181297E-05  4.683269E-05  7.919370E-07  7.042382E-07 -8.432122E-07  2.176657E-05 -9.802847E-06  1.790540E-05
 2.083133E-05  4.329947E-05 -3.394532E-05 -1.556851E-05  7.220061E-06  1.499443E-05 -1.171048E-04  7.401298E-05  4.153955E-05 -2.966291E-03
 5.736768E-05  3.941175E-05  1.938546E-05 -2.146270E-05 -2.233461E-05  8.734055E-03  2.741611E-02 -1.832942E-04  9.827654E-05  3.863259E-02
 2.723552E-05 -1.801838E-05  1.627874E-05  1.221039E-05 -2.601229E-02 -4.377984E-04  4.382911E-05 -2.543521E-07  1.019443E-04  3.866720E-05
-7.074639E-06 -2.326374E-04 -1.036244E-03 -1.932524E-01  6.569365E-02 -3.151188E-06  3.913262E-04  2.977043E-04  2.437634E-04 -5.824741E-01
-3.091178E-04 -5.669754E-01  1.051479E-04 -4.546416E-04  1.115580E-06 -2.783295E-04  4.882030E-01  2.399156E-04  2.362661E-01 -3.042378E-05
 1.443119E-04  6.137905E-05  2.898482E-04 -5.010775E-06  3.493373E-07 -4.782918E-06  6.608889E-06 -5.283054E-04  1.417343E-05  2.038506E-05
-1.353385E-03
  MODE      95
-2.046073E-06  6.750347E-07 -3.923270E-06 -2.443346E-06 -1.207542E-06  2.030933E-06 -4.421000E-07  4.243809E-06 -2.130458E-05  1.046145E-05
-4.465723E-06 -4.887903E-07  1.272841E-05  1.693747E-03  1.815074E-03  1.188282E-05  1.905908E-06  2.901795E-05  2.216241E-05  4.999006E-05
 7.992631E-04 -3.274814E-04 -2.770052E-06 -5.569072E-06 -1.251817E-03  6.443767E-04 -3.796808E-06 -6.926320E-06 -2.141072E-05  1.897446E-05
-1.134670E-04 -5.784658E-05 -1.052683E-05 -5.388202E-05  1.910768E-05 -1.048138E-05 -1.558175E-05  3.555681E-05 -5.151699E-06  2.038516E-05
 2.893586E-05 -1.112815E-02 -6.488254E-03 -1.626579E-06 -2.448728E-06  1.016569E-04  1.536007E-02 -3.081778E-03 -3.887658E-05  4.646032E-05
 3.994227E-05 -6.086612E-05 -1.788707E-05  2.309122E-05 -6.330466E-06 -4.979523E-05 -2.077881E-05  1.035058E-05 -6.914895E-05 -3.024058E-05
 1.542951E-04 -8.406635E-03 -7.677483E-03  8.166164E-03 -3.752497E-03 -8.390475E-05 -2.461686E-04 -2.139715E-02 -4.974023E-03 -1.549157E-05
-9.295198E-06  3.916438E-04  1.242751E-02 -8.862937E-03  5.949604E-05 -1.811099E-05 -4.685790E-02  6.909330E-03 -1.311086E-01 -8.858632E-02
-1.324238E-05  1.841574E-05 -3.610262E-07  8.543194E-05 -3.642736E-04 -6.679660E-02 -3.363000E-02  1.817766E-01 -2.113453E-01 -1.064484E-03
-5.966238E-05 -2.823444E-03  7.049409E-01  4.338137E-01  3.709147E-01 -2.555569E-01 -3.808671E-03 -3.275818E-05 -9.832680E-04  1.249410E-03
 4.853707E-04 -1.343989E-03  2.747123E-04 -1.944293E-05  2.937879E-04 -1.115426E-04  1.205434E-05  8.115309E-05 -2.581453E-03 -3.539965E-03
-1.005569E-04
  MODE      96
-1.212041E-06  5.279653E-07 -3.548306E-06 -2.271982E-06 -4.665727E-07  1.628065E-06  3.568769E-06  6.960468E-06 -4.673899E-06  4.494112E-06
-3.102841E-06 -3.039457E-06  5.585764E-04 -3.452577E-06 -6.259142E-06  1.255314E-05  6.684723E-06  1.232974E-05  1.488579E-05  2.059719E-05
-7.690751E-07 -1.348913E-05 -3.148831E-05 -2.305784E-03 -1.836930E-05  1.317488E-05 -6.255434E-06 -7.853214E-06 -1.811529E-05  2.002426E-05
-3.652774E-05 -3.037118E-07 -1.146871E-05 -1.129073E-05 -3.024290E-05  3.134380E-06 -7.625987E-06 -6.771523E-06 -5.565144E-05 -9.356070E-04
 1.580648E-02  2.305375E-05  5.085318E-05  3.125624E-05  5.769739E-06 -3.139355E-06 -6.059709E-05  2.983238E-06 -2.894486E-06  7.099357E-05
-1.094292E-05 -2.314904E-05  5.665136E-06  1.157247E-05 -5.549921E-05  1.249659E-05 -2.310412E-05  7.904649E-06 -4.048187E-05 -2.998886E-03
-3.678181E-05  3.295478E-05 -2.745616E-05 -4.418750E-05  4.235364E-05 -5.805123E-03 -1.859413E-02  2.280435E-04 -7.570546E-05 -5.924071E-03
 8.327133E-05 -2.429784E-05 -1.011713E-04  2.514709E-05  1.175334E-02  3.323878E-04  2.890589E-04 -2.901540E-05  6.173945E-04  4.290869E-04
 3.351428E-05 -5.638702E-05  1.219133E-04  3.892624E-02 -7.234300E-02  4.878876E-04  1.717040E-04 -8.385852E-04  1.268855E-03 -2.115076E-01
-7.148295E-05 -5.591262E-01 -3.164108E-03 -1.952063E-03 -2.375043E-03  1.621839E-03 -7.638899E-01  1.058994E-04 -2.269396E-01  1.035587E-04
-4.751402E-04 -2.422229E-04 -1.075245E-03  1.331836E-06 -6.235594E-06  1.464642E-05  2.350129E-05 -3.272466E-03  3.337721E-05 -5.624133E-05
-2.914702E-03
  MODE      97
-3.941618E-08  7.512887E-08 -3.279840E-07 -6.046955E-08  4.502930E-09  2.056603E-08 -5.530161E-06  4.908559E-06  2.815056E-06  8.769514E-06
 3.485671E-06 -7.911241E-07 -3.543598E-03  5.500346E-08 -9.353511E-08  1.485171E-05  5.739395E-06 -7.478646E-06  5.812403E-05  8.624392E-06
-3.900229E-06  3.319713E-06 -6.102548E-06 -8.754209E-03  1.376260E-05  2.176096E-05 -8.378461E-06  1.418013E-05 -1.860273E-07  3.488546E-06
 2.124377E-05  2.113196E-06 -1.722855E-05 -5.667631E-06  7.720815E-06  9.488064E-06 -1.776156E-05 -6.792087E-06  1.145561E-06  8.824815E-04
 7.195931E-03 -3.247171E-05 -9.519179E-08 -6.036733E-07  6.731677E-06  3.181334E-06 -9.628060E-06 -2.282480E-05  3.265601E-08 -1.037071E-05
-1.525904E-05  4.197111E-06  2.153775E-05  2.043689E-05  1.001861E-04  1.098585E-05  4.811001E-05 -2.646353E-05  1.194811E-05  8.806210E-03
 1.210036E-05 -9.380987E-05  6.095403E-05  2.541579E-05 -5.561990E-05  9.502686E-03 -4.181346E-03  7.545242E-05 -2.384735E-05 -6.260161E-03
 1.311142E-05 -4.715578E-05 -1.312329E-05 -6.542699E-05  9.099051E-03  1.476349E-04 -2.519563E-05  1.617856E-05  1.849501E-05 -3.783946E-05
-1.767210E-05 -1.608760E-05  1.158118E-03  1.529009E-01  4.160790E-02 -5.000727E-05  4.252410E-06  3.133350E-05 -4.889318E-05 -1.219264E-01
-1.374110E-05 -2.394288E-02 -8.104351E-06  2.168201E-05  6.428930E-05 -4.033279E-04  3.294599E-01 -1.099096E-04 -9.221950E-01  2.950826E-04
-8.838320E-04 -4.442441E-04 -1.872683E-03 -2.953186E-06  3.537977E-06 -1.129058E-05  5.035518E-06  2.178446E-03 -1.107648E-05  1.342561E-04
-1.810725E-03
  MODE      98
-2.955707E-06  9.896633E-07 -6.403093E-06 -4.298887E-06 -1.553803E-06  3.374840E-06  3.978769E-06  1.118569E-05  1.696825E-07  4.487466E-06
-1.541905E-06 -1.228923E-05 -1.913205E-08 -5.475330E-04  5.147066E-04 -5.795104E-06  3.165021E-06 -6.078363E-06 -5.283601E-05 -1.898869E-06
-1.733390E-03 -3.978656E-03 -2.142026E-05 -5.166911E-07  2.593239E-03  4.981662E-03 -1.129185E-05 -7.069817E-07  9.687615E-06  4.612243E-06
 1.688292E-05  2.500762E-06 -4.784428E-05  6.305636E-06 -4.713321E-05  1.944065E-05 -4.474632E-05 -1.974560E-05 -3.078834E-05  5.003227E-06
-2.031666E-05  2.360825E-03 -4.068048E-03  1.852800E-05  2.019839E-05  1.759282E-05 -6.106462E-03 -3.009413E-02 -1.903465E-05 -2.374918E-04
 6.043092E-06  2.691049E-05 -3.319332E-06  2.115001E-06  2.949596E-05 -4.478762E-06 -2.264313E-05  9.185447E-06  2.542487E-05 -1.354366E-04
 7.469024E-04 -3.248837E-02  3.604472E-02 -2.735940E-02 -5.929677E-02 -1.014003E-04  2.567350E-04  7.752989E-03 -3.340141E-02 -4.475647E-05
-8.498548E-06 -1.041266E-04 -9.118751E-03 -1.254750E-02 -5.524166E-05  3.126317E-05  2.073869E-02  1.388687E-01  1.172280E-01 -1.734755E-01
 4.422674E-05 -2.827313E-05 -2.880265E-05 -1.495198E-05 -2.299398E-04 -4.158633E-02  8.193106E-02 -1.715144E-01 -1.473400E-01 -2.926886E-05
-2.987394E-05  1.555101E-05 -1.803333E-01  2.933174E-01 -4.912580E-01 -7.126813E-01 -1.157990E-04 -1.060001E-04  2.589696E-04 -3.261527E-03
-6.276379E-04 -3.241727E-03  6.369507E-04  8.249713E-05  4.666955E-04  1.219199E-03 -4.287365E-05  2.220060E-05  4.761751E-04 -3.355294E-04
-1.045853E-05
  MODE      99
 1.053842E-06  7.457885E-07 -2.147965E-06  1.332805E-06  1.036119E-06 -1.553007E-06 -3.196055E-06  1.267034E-06 -4.342140E-05 -1.005250E-05
 1.060087E-05  6.452564E-07 -6.169373E-06  8.586531E-04  9.241806E-04  1.933607E-05 -3.352646E-05  5.931138E-05  2.797672E-05  5.732763E-05
 2.477596E-03 -1.030726E-03 -2.419978E-06 -1.497655E-05  1.235296E-02 -6.499684E-03  5.331723E-06 -1.145300E-05  8.880123E-06  8.581750E-06
-4.629672E-05  1.686329E-05 -5.208876E-07 -1.229542E-04  1.702442E-05  5.224479E-05  3.112588E-05 -2.019456E-05 -2.101730E-06  1.657819E-05
 8.746586E-07 -8.672206E-03 -5.065790E-03  9.885219E-06  5.644041E-05  4.296195E-05  4.316648E-02 -8.717930E-03 -7.108416E-05  1.119925E-04
 5.917935E-05  2.261953E-05 -2.299045E-05  4.489570E-05  4.200064E-06 -1.511153E-04 -2.463253E-06 -8.343493E-07  9.433947E-05 -3.092794E-06
 7.649518E-05 -5.234776E-03 -4.752870E-03  6.009160E-02 -2.771628E-02 -4.994885E-04 -2.299360E-04 -2.370285E-02 -5.476678E-03  9.034088E-06
-2.040183E-05 -5.056431E-04 -1.752290E-02  1.285206E-02 -1.116050E-05 -8.287068E-05 -1.847826E-01  2.754324E-02 -1.840367E-01 -1.245029E-01
-7.302565E-05  6.324014E-05 -2.354944E-05 -1.410229E-05  3.179864E-05 -3.883451E-02 -1.932735E-02  5.065879E-02 -5.891752E-02  1.665772E-04
-9.802947E-05  9.162610E-05  3.288351E-01  2.026373E-01 -7.133403E-01  4.919536E-01  7.879307E-04  1.357954E-04  4.044670E-06  1.073506E-04
 5.507247E-05 -2.073587E-04  3.410095E-05 -6.133383E-05  9.117654E-04 -3.372034E-04  1.821738E-05  2.084995E-05 -3.775284E-04 -4.762076E-04
-1.501532E-05
  MODE     100
 5.970971E-05 -2.519651E-05  1.074373E-05 -7.027713E-05  6.708581E-05  2.535960E-05 -2.267675E-06  9.366444E-07 -1.169746E-05 -6.937268E-06
 2.303391E-05 -2.077594E-06  1.003638E-05 -1.647857E-06  2.511786E-06  1.179411E-05 -1.957313E-05  1.404909E-04  2.250849E-05 -8.793464E-06
 1.122110E-05  8.704190E-06 -1.758259E-06  4.671707E-06  6.312296E-06 -1.330791E-06 -6.008751E-04 -1.373300E-03 -1.488646E-05 -7.642561E-06
 4.007512E-05  2.072553E-05  4.693845E-06  9.290622E-06  2.196058E-05  7.169792E-05  3.525054E-05  9.647341E-06 -1.146114E-08 -8.327679E-06
 1.256692E-05  2.544580E-05 -1.333679E-05 -1.375636E-06  2.479792E-05 -3.844930E-05 -6.477315E-06  7.865352E-06  1.449809E-04  1.140654E-05
 1.475771E-03  4.457173E-05  1.721603E-05 -1.684376E-05 -5.884078E-06  1.590579E-05 -4.547919E-06 -1.039760E-05  2.134253E-05  1.812235E-05
 6.182474E-04  9.707055E-06 -4.331790E-06  2.378691E-05 -6.452630E-06  1.746963E-05 -8.459434E-08  2.718068E-07 -2.093280E-05 -2.285457E-05
-5.106146E-04  1.488384E-03 -1.175962E-05  1.839915E-05  3.169852E-05 -2.074676E-03 -9.746373E-06 -1.093181E-05  2.019136E-05 -6.105988E-07
 2.361408E-03 -1.496503E-03  6.847213E-03 -6.703418E-05 -1.500983E-05 -5.034884E-07  3.246626E-05 -1.653664E-05  1.142831E-05  8.644392E-06
 1.342256E-02  2.534707E-05  4.866070E-06  1.404514E-05 -5.167035E-06 -2.133032E-05  3.025806E-05  4.069279E-03 -8.000452E-06 -2.438333E-01
 8.641886E-01 -6.350776E-04 -4.393952E-01  4.350648E-04 -2.485362E-04  1.175623E-03  1.974014E-02 -1.850393E-04 -4.784472E-04 -5.137137E-05
-2.693947E-04
  MODE     101
 9.018578E-07  7.356536E-08  1.010483E-06  1.890269E-06  4.834593E-07 -1.525319E-06 -5.766095E-06  9.964124E-06  1.753966E-06 -1.021397E-05
-3.505102E-06 -1.215404E-05  3.906067E-05 -4.578168E-05  3.582670E-05  1.672661E-05  8.974676E-06 -7.832381E-06  1.786036E-05 -7.780486E-06
 2.907426E-04  7.285914E-04 -8.995846E-06 -1.824792E-05 -4.012479E-05  8.209330E-05  1.359602E-06  1.533537E-05  4.913437E-06  6.974447E-06
 1.634889E-05 -1.766087E-06 -1.564619E-05  1.165172E-05 -1.692763E-05  1.186465E-05 -3.108838E-05 -9.038971E-06  9.419586E-06  1.017066E-05
-5.977360E-07  1.524755E-04 -2.390061E-04 -4.501211E-06 -3.387480E-05 -5.800612E-06 -9.459991E-05 -6.340514E-05 -2.859502E-06  2.505351E-05
-1.722203E-07  7.114584E-06 -5.757785E-05 -5.705532E-05  6.393583E-06  1.889770E-05  1.094628E-05  4.043781E-06  1.098680E-05  9.335815E-06
-2.431683E-05 -2.455313E-04  3.603359E-04 -2.411252E-04 -6.770434E-05  5.419813E-06  1.921738E-06  2.609932E-04 -8.598433E-04  7.177895E-06
-6.130237E-07 -8.562849E-06  6.277585E-04  1.356781E-03  1.514986E-04  3.248807E-05  2.564384E-04 -6.257024E-04  3.458764E-04 -4.242604E-04
 1.314708E-05  1.312929E-05 -1.398143E-05  2.069938E-05  9.319467E-05 -2.031258E-03  3.264575E-03  2.788418E-04  1.417978E-04  3.458175E-05
-7.529871E-05 -7.718815E-05 -2.345612E-03  3.425170E-03 -2.026526E-03 -2.579871E-03 -4.057591E-05 -9.469439E-06 -1.005693E-04  7.802063E-01
 1.890036E-01  5.929526E-01 -6.210738E-02  1.028258E-03  1.627499E-03  6.523398E-03 -7.477431E-04 -6.412401E-04 -1.536929E-03  2.753056E-03
 8.971638E-04
  MODE     102
 1.274017E-07 -2.069102E-08 -1.071171E-09 -3.211240E-08  1.278926E-07 -2.841076E-08  2.951581E-07 -2.708924E-06 -6.202226E-06 -8.158364E-07
 1.017055E-07  2.259297E-06 -4.048251E-04 -1.059093E-06  3.262687E-06 -4.261131E-08  2.268558E-07 -5.301752E-06 -4.653926E-06 -7.316117E-07
 3.695821E-05  4.664831E-05  1.443867E-05 -2.439720E-06  1.917541E-05 -1.179864E-05  1.501744E-08  1.175300E-06 -8.532239E-07  2.562555E-06
 3.141330E-05  3.385721E-08  1.474642E-06 -5.475495E-06 -6.912510E-06 -4.117653E-07  1.235836E-06 -1.770675E-05  3.903444E-07 -5.720535E-05
-2.446822E-04  5.469015E-06 -2.521834E-05  2.941665E-05  3.174984E-06  2.791217E-06  3.444465E-05 -7.023788E-06 -9.756436E-07 -2.643262E-06
-4.751914E-06  2.464059E-05  7.734443E-06  2.027137E-06  4.515380E-05 -2.496636E-06 -8.787848E-07  1.770328E-06  2.883759E-05 -4.811941E-05
-9.455442E-06 -2.372463E-05  1.080898E-05  4.031496E-05 -2.572318E-05 -2.054513E-04  4.994064E-04 -1.971481E-05 -5.959671E-05 -2.966706E-06
-6.433598E-07  3.686642E-07  1.384054E-04  3.446229E-05 -2.623214E-03 -3.593424E-05 -1.363911E-04 -2.275454E-05  7.886134E-06 -5.034885E-05
 3.286553E-06 -1.027157E-05  2.495916E-05 -1.020680E-04 -2.090606E-03 -5.606602E-06  2.699032E-04  2.162656E-05  2.356999E-05 -4.224775E-04
 3.634093E-05  1.076464E-03 -6.776935E-05  2.750600E-04 -7.123409E-05 -2.087790E-04  3.480290E-04  8.704354E-06  2.341979E-03  1.332156E-01
-4.148598E-01 -1.362383E-01 -8.896734E-01 -2.854656E-05  8.740673E-04  4.658813E-04 -3.776445E-04  3.431566E-03 -5.575626E-04  6.300176E-04
-5.724546E-03
  MODE     103
-1.411727E-06 -2.804981E-07  1.115857E-06 -6.293433E-07 -1.381862E-06  1.103668E-06 -1.524205E-06  3.738631E-06 -3.270144E-05 -3.552948E-06
 2.321321E-06 -3.133107E-06  2.988213E-05  2.479259E-05  4.289256E-05 -4.550778E-07  3.092557E-06  3.644073E-05  1.725341E-05  3.672284E-05
 2.963547E-04  1.478074E-05 -4.766991E-06 -7.653650E-06  3.940865E-04 -2.183359E-04  1.260805E-06  1.553710E-05 -1.429364E-05 -5.933100E-06
-5.321146E-05  1.097305E-05 -4.054339E-06 -6.434456E-05  1.088362E-05  2.323637E-05  9.794589E-06  9.316698E-08  3.108546E-06  7.736059E-06
 1.606817E-05 -1.602541E-04 -1.298327E-04 -4.620792E-06  7.002591E-07 -1.416595E-05  5.665682E-04 -1.193142E-04 -3.592724E-05  9.577021E-06
 1.108951E-05  2.271849E-06 -2.957211E-05  2.669904E-05 -6.246191E-06 -7.969709E-05  9.871085E-07  1.193462E-07  2.819280E-05  2.322424E-05
-2.108997E-05 -2.306628E-04 -1.297391E-04  9.946093E-04 -4.901266E-04 -4.510650E-06 -3.884876E-05 -3.980824E-04 -1.757480E-04  4.094003E-06
-1.274953E-05  3.586566E-05  1.584613E-03 -8.305995E-04  1.539659E-04  2.735452E-06 -2.737387E-03  2.801479E-04 -2.965389E-04 -3.326324E-04
-3.516046E-05  2.466161E-05 -5.853816E-05 -1.281551E-05  1.110004E-04  1.558393E-03  1.445714E-03 -6.153109E-05  1.559579E-04  2.426320E-05
-1.117227E-04 -5.614761E-05  1.048422E-03  1.365867E-03  6.585547E-04 -1.042994E-03  1.022408E-05 -1.795909E-05 -1.355909E-04 -5.602806E-01
-2.117349E-01  7.935292E-01 -1.066670E-01 -2.090055E-04  1.179501E-02 -4.218324E-03  4.478738E-04 -4.812364E-04  1.726921E-04  2.815706E-03
 1.061899E-04
  MODE     104
 5.042176E-05 -2.086523E-05  9.006974E-06 -5.761346E-05  5.639710E-05  2.023345E-05 -3.852406E-06  5.750252E-06  3.146421E-06  4.854666E-06
-1.797527E-05 -7.272341E-06 -9.983079E-07  4.098603E-06 -1.519848E-07 -6.987328E-06  1.230855E-05  2.570675E-04 -1.665043E-05 -8.491723E-06
-1.097758E-04 -1.140624E-05  1.820220E-06  9.589967E-07  5.609287E-05 -4.012734E-06  5.944609E-04 -7.094848E-04  1.006720E-05  7.357657E-06
-4.108957E-05 -1.915274E-05 -4.097378E-06  1.618579E-05  2.685186E-05 -4.846705E-05 -2.370731E-05 -6.591359E-06 -4.043219E-05  5.327468E-07
-1.276565E-05  1.003465E-04  3.254640E-05  4.123533E-05 -2.016657E-05  3.724755E-05  3.121651E-05  2.919628E-05  4.465216E-04 -4.314497E-05
-1.287949E-03  3.765316E-05 -3.994476E-06  9.341543E-06 -1.852318E-05  7.061705E-05  1.115690E-05  8.005751E-06  7.977994E-05 -9.775250E-06
 2.336609E-03  9.640999E-05  1.161884E-04  2.846392E-04 -1.242891E-05 -9.626655E-06  8.764177E-07  2.040098E-04 -3.542541E-05  2.399942E-05
-1.899030E-03  5.452832E-04  1.632777E-04  1.501842E-05 -4.050821E-05  2.537128E-03  1.998726E-04  1.095086E-04 -1.305765E-04  7.665013E-05
-3.758482E-04  2.431351E-04 -1.917838E-03  2.138465E-05  1.518423E-05  1.321947E-05 -2.727210E-05 -9.957853E-05 -7.373597E-05  6.943764E-07
-2.395160E-03 -2.198721E-05 -7.098026E-05 -3.554811E-05  3.885559E-05 -7.687347E-05 -1.038178E-05  5.271036E-04 -3.300327E-06 -2.999345E-03
 1.295860E-02 -1.433186E-03 -5.943090E-03  6.459714E-01  1.160216E-01 -1.578068E-01 -7.376395E-01  8.507214E-04  5.854645E-04 -6.997734E-04
-5.124799E-04
  MODE     105
-1.040454E-04  4.529565E-05 -1.963390E-05  1.275216E-04 -1.175655E-04 -4.772179E-05  1.091038E-06 -1.298814E-06  1.048475E-05  1.172299E-05
-1.172829E-05  5.447206E-07 -2.940754E-06  8.610609E-06  1.581812E-05 -6.595379E-06 -1.537908E-06  2.844126E-04  1.509630E-05  1.236539E-05
-5.170340E-04  2.766092E-04  7.347802E-07 -3.982550E-06  2.997853E-04 -1.736010E-04 -8.440477E-04 -3.852088E-04 -3.113135E-06 -9.152519E-06
-3.253389E-05 -3.190717E-05 -2.177977E-05 -6.841923E-06 -6.805906E-07 -4.161487E-05  7.934576E-06  4.960345E-06 -3.653285E-06  6.109600E-07
-2.274520E-06  5.963333E-04  4.125305E-04  3.277104E-06 -5.268627E-05  6.130418E-06  1.089213E-04 -7.188788E-05  5.461963E-06  3.221130E-05
-9.506890E-04  6.455600E-06 -1.200211E-05  3.820299E-05 -2.724690E-07 -1.090953E-04 -5.806259E-05 -6.045181E-05  4.480564E-05 -4.135301E-06
-2.520607E-03  5.250757E-04  4.576179E-04  1.497539E-03 -8.309751E-04 -1.417262E-05  1.565066E-05  1.186833E-03  3.588337E-04  1.365622E-05
-1.017365E-03 -1.312413E-03  6.505304E-04 -6.436815E-04 -3.554786E-05  2.628849E-03  1.103618E-03 -3.143975E-04 -2.510411E-04 -3.376713E-04
 2.867527E-03  9.481972E-04 -2.094985E-03  2.273064E-05  1.603416E-05 -1.165053E-05  1.466441E-05  2.798138E-05  1.666605E-04  3.888533E-06
 4.117935E-04 -1.317122E-05 -4.366828E-04 -2.511377E-04  4.284786E-04 -2.118312E-04 -1.355613E-05 -8.687535E-04  2.277898E-06  2.697244E-03
 9.639916E-03 -6.224011E-03 -2.396155E-03 -6.244101E-01  6.435837E-01 -1.670753E-01 -4.096416E-01  3.867301E-04 -3.894487E-04 -2.288071E-03
-5.131942E-04
  MODE     106
-9.702329E-05  4.015200E-05 -1.767744E-05  1.104806E-04 -1.084287E-04 -3.871337E-05  2.090851E-06  3.781075E-06 -1.807443E-05 -6.480131E-06
-7.012073E-06 -3.686145E-06  2.704019E-06 -6.093413E-06 -2.413746E-05 -3.193527E-07  1.645339E-05  3.326355E-04 -1.129583E-05  3.478045E-05
 4.904157E-04 -3.682687E-04  5.603876E-08 -2.794991E-06 -2.856938E-04  2.079165E-04 -7.294228E-04 -4.745360E-04  1.059343E-05  1.594558E-05
-4.198027E-05 -2.446058E-06  1.924801E-05 -4.962402E-05 -2.393392E-05 -2.014374E-05 -4.095863E-05 -1.910634E-05 -1.418328E-05  1.257205E-06
-5.750761E-06 -5.975656E-04 -4.790242E-04  1.520258E-05  2.883622E-05  5.285715E-05 -8.950639E-05  1.343177E-04  5.228454E-05  1.037840E-05
-1.092590E-03  6.525061E-05  2.227872E-06 -1.874129E-05 -6.735286E-06 -1.395785E-04  7.024069E-05  6.522589E-05  1.259228E-04 -2.873031E-06
-2.080898E-03 -6.940254E-04 -3.929667E-04 -1.462156E-03  1.033546E-03  8.496125E-06 -1.389033E-05 -1.178431E-03 -5.069996E-04  7.026934E-06
-1.263973E-03 -1.228891E-03 -4.726817E-04  8.143040E-04 -3.031085E-05  2.907901E-03 -1.114095E-03  5.932843E-04  1.029193E-04  5.610641E-04
 2.699807E-03  9.615676E-04 -2.330544E-03  1.351691E-05  8.199339E-06  3.539439E-05 -4.761829E-05 -1.867126E-04 -3.243933E-04  1.742863E-06
 1.845663E-05 -9.005212E-06  4.558576E-04  2.581703E-04 -4.806069E-04  1.355763E-04  1.874822E-06 -7.568296E-04 -8.181464E-06 -7.453656E-03
 6.783402E-03  7.386266E-03 -5.799574E-03 -4.339437E-01 -7.154589E-01  1.538031E-01 -5.252635E-01 -7.173390E-04  2.609605E-03  3.828771E-03
 3.191347E-04
  MODE     107
-5.989924E-06  1.748889E-06 -6.813982E-07  4.084154E-06 -6.324933E-06 -4.897693E-07  4.013058E-07 -6.878325E-06 -6.631669E-07 -8.101385E-06
 3.333051E-06  7.736454E-06 -1.084203E-05 -7.602329E-05  6.188132E-05 -2.331014E-05 -1.343562E-05  3.636972E-05 -1.227896E-05  4.536313E-06
 5.619995E-04  1.069129E-03  3.430748E-06  5.264170E-06 -2.534548E-04 -3.927848E-04 -2.657677E-05 -6.761604E-05  2.170470E-05 -3.287504E-05
-1.669427E-05  1.733491E-05  3.424592E-05 -5.544789E-06  1.576323E-05 -3.292900E-06  2.984881E-05  3.697592E-06  8.515183E-06 -4.842458E-06
 5.051199E-06 -6.333710E-04  8.500363E-04 -1.642233E-05  5.763708E-06 -1.991705E-05 -2.061859E-04 -9.416099E-04  2.654408E-05 -4.219400E-05
-1.501219E-04 -1.677807E-06 -3.349869E-05 -3.850984E-05 -6.397573E-07 -1.239676E-05 -1.738153E-04  1.285207E-04 -9.035744E-07  2.876196E-06
-5.072841E-05  6.809400E-04 -9.219524E-04 -1.413104E-03 -2.422337E-03 -1.040871E-06 -2.857725E-05 -6.457990E-04  1.924378E-03  7.795696E-06
-1.723335E-04 -8.260633E-05 -1.853498E-03 -2.355387E-03 -1.972918E-05  3.269678E-04 -7.049195E-04 -3.507240E-03  1.941322E-03 -2.793903E-03
 1.651299E-04  7.636924E-05 -2.749004E-04 -5.665464E-06  9.425096E-06 -2.705967E-04  5.063655E-04  2.265134E-03  1.912909E-03 -8.999210E-06
-1.166186E-04  1.767046E-05 -5.031918E-05  2.399305E-04  6.811069E-04  1.106407E-03  1.139843E-05 -3.819014E-05 -5.120590E-06 -6.344078E-03
-3.459520E-04 -2.969558E-03  4.643006E-04  6.696454E-02  2.454966E-01  9.609271E-01 -1.082924E-01  4.947956E-05  4.795215E-03 -7.739522E-04
-2.081062E-03
  MODE     108
 2.145617E-06 -1.304636E-07  1.877766E-06  2.561745E-06  1.494540E-06 -2.374351E-06 -3.093884E-07  3.655538E-06 -4.508500E-07 -1.764099E-05
 1.272100E-07 -4.112448E-06 -5.190777E-05  7.561545E-06 -1.274169E-05  8.585264E-06  1.069333E-05 -7.384882E-06  2.340081E-05  1.926663E-06
 2.188836E-05  2.523964E-05 -2.965373E-06  2.689842E-04  1.912465E-04  3.672129E-04  9.890630E-08  4.310447E-06  2.438846E-06  1.421718E-05
 1.970578E-05  1.391735E-05  3.520657E-05 -5.676106E-06 -3.605047E-05  1.871900E-05 -4.826910E-05 -7.319014E-06  2.779300E-05 -3.750050E-05
-5.594296E-04 -1.602358E-04  2.563889E-04 -2.147043E-05  5.964993E-05  1.888281E-05  8.241762E-05  3.717670E-04 -3.062277E-06  6.850355E-05
 5.414304E-06  5.115717E-06 -2.573614E-05 -4.415346E-05  2.454257E-05 -2.968976E-05  4.041709E-05  5.728151E-05 -1.581320E-05 -7.790118E-04
-3.105071E-05  4.477106E-04 -5.297772E-04 -1.102708E-03 -2.310897E-03  4.663213E-04 -2.412156E-03  9.284765E-04 -3.638021E-03 -2.208916E-03
-9.625348E-07 -3.805336E-06 -1.356753E-04 -1.619598E-04  4.061643E-04  2.722207E-06  1.025198E-04  9.282865E-04  5.245057E-05 -1.106043E-04
 3.288227E-06 -2.696928E-06  2.772835E-05  1.016484E-03 -1.960471E-03 -1.700672E-03  3.357901E-03 -2.066266E-03 -1.833268E-03  3.058930E-03
 7.209648E-06 -2.952163E-03 -2.291906E-03  3.841634E-03  2.210248E-03  3.194111E-03  2.426212E-03  7.043635E-06 -1.250598E-03  1.275883E-03
-1.481901E-03  1.145984E-03 -4.305640E-03  1.635607E-04 -7.136802E-04 -2.464419E-03  7.410902E-04 -4.401968E-01  6.487376E-01 -4.757424E-01
 3.986009E-01
  MODE     109
 1.248324E-06 -3.463189E-08  1.195180E-06  1.787680E-06  8.144104E-07 -1.571689E-06 -5.057526E-06  1.284400E-05 -5.823394E-06 -1.756653E-05
-9.297232E-07 -1.630484E-05  8.231078E-05  9.827712E-06 -5.760349E-06  1.446436E-05  1.301814E-05 -4.269205E-07 -5.144885E-06 -9.022277E-06
 1.024932E-05  1.671831E-05 -3.021996E-06 -3.467731E-04  1.484256E-04  2.957371E-04 -2.397993E-06  5.186679E-06  4.462365E-07  1.466935E-05
 3.727867E-06  1.183636E-05  3.445969E-05  1.087919E-05  3.255365E-05  1.942473E-05 -5.174455E-05 -1.426559E-05 -4.728987E-05  4.209451E-05
 6.901153E-04 -1.325655E-04  2.067478E-04  5.386258E-05  6.569160E-05  2.115940E-05  6.115498E-05  3.004178E-04 -3.810858E-06 -4.937111E-05
 1.130176E-05  2.875378E-05 -1.794032E-05 -3.437656E-05 -1.498208E-05  5.637577E-05  4.451215E-05  4.433667E-05  6.053672E-05  9.601737E-04
-2.777996E-05  3.585651E-04 -4.273999E-04 -8.750297E-04 -1.849511E-03 -6.040548E-04  3.129861E-03  6.881105E-04 -2.884201E-03  2.757450E-03
-6.761771E-06 -1.043258E-05 -9.895159E-05 -1.190368E-04 -4.869740E-04 -8.712959E-06  8.285976E-05  7.566597E-04  4.221506E-05 -7.906190E-05
 1.312328E-05  6.187576E-06  1.494653E-05 -1.238440E-03  2.420032E-03 -1.360202E-03  2.712305E-03 -1.663320E-03 -1.468082E-03 -3.837272E-03
 5.467215E-06  3.655473E-03 -1.832844E-03  3.073562E-03  1.772497E-03  2.552229E-03 -3.073540E-03  2.697998E-06  1.597334E-03  6.533282E-04
 2.284390E-03  3.052955E-03  3.739997E-03 -6.698382E-04 -2.106894E-03 -3.143717E-03  1.525820E-03  6.131198E-01  5.008132E-01 -3.201997E-01
-5.201716E-01
  MODE     110
 6.168835E-07 -3.204089E-08  3.427004E-07  5.372376E-07  4.797380E-07 -5.691270E-07 -1.054662E-05 -1.648870E-05  3.884680E-06  7.505837E-07
 5.825557E-06  2.086453E-05  1.043530E-05 -1.073283E-05 -6.174966E-06  8.147495E-07 -3.259979E-06 -4.123530E-06 -1.386472E-05 -7.130475E-06
-1.933466E-06 -1.286476E-06 -1.911224E-06  2.322496E-04  3.489574E-05 -1.714024E-05  1.038672E-06 -4.987572E-06  2.133327E-07 -2.354930E-06
 2.688897E-05  1.489958E-05 -2.414453E-06  8.764799E-06  9.323583E-05  8.481399E-06  7.942570E-06 -6.182604E-06  1.068585E-04 -3.207609E-04
 8.866427E-04 -1.402195E-04 -8.162720E-05 -1.138676E-04  5.737006E-06 -2.910170E-05  6.137468E-05 -1.108083E-05  4.639639E-06 -1.248247E-04
 2.439806E-06  3.110908E-06 -1.602878E-06 -1.107878E-05  5.152392E-05  3.362317E-05 -2.796477E-05  1.710853E-05 -1.898780E-05 -2.694604E-03
 7.980892E-06 -3.057664E-04 -2.630792E-04 -2.989604E-04  1.608930E-04  2.374612E-04  4.141433E-03  7.860039E-04  2.578874E-04 -3.642302E-03
-8.280495E-06  6.050563E-06  2.206685E-05 -1.506722E-05  3.445950E-04  5.765142E-06 -1.333626E-04  1.195260E-05 -1.952212E-04 -1.342405E-04
 4.511991E-06 -4.171501E-06  1.132702E-05  2.076097E-04 -3.827248E-04 -1.827792E-05 -6.026404E-05  3.058893E-04 -3.186161E-04 -1.765148E-03
 1.627248E-05 -3.216187E-03  5.108485E-04  2.591021E-04  1.695786E-04 -1.550614E-04 -2.606392E-03 -3.897555E-06 -5.321251E-04 -1.260908E-04
-5.860320E-04 -7.580857E-04 -1.913799E-03 -6.174748E-05  1.006981E-03  1.037387E-03  3.885390E-05  6.424426E-01  8.318286E-02  1.454892E-01
 7.477387E-01
  MODE     111
 1.049821E-06 -2.018514E-09 -2.479017E-08  4.560632E-07  9.472707E-07 -7.244722E-07  2.526697E-06  1.096034E-06  1.869226E-05 -5.577927E-06
 2.737939E-05 -3.073016E-06 -3.872612E-06 -5.621842E-05 -6.270979E-05  5.935272E-06 -1.581639E-05 -2.661006E-05 -1.073227E-05 -2.395866E-05
 4.830571E-06 -3.154449E-05  1.027795E-06 -4.151854E-05  2.014237E-04 -9.681898E-05  2.787352E-06 -2.510458E-06 -9.107509E-07 -7.257783E-06
 5.841640E-05  9.159796E-05 -5.876720E-06  4.010279E-05 -3.132468E-05  5.977756E-05  3.807654E-05 -2.107997E-05 -1.912996E-05  4.715942E-05
-1.590943E-04 -7.821697E-04 -4.612679E-04  2.016020E-05  4.759026E-05 -1.739729E-04  3.774434E-04 -1.003181E-04  2.807431E-05  1.615456E-05
-1.474511E-05  4.570638E-06  2.653909E-05 -4.681784E-05 -1.025167E-05  6.615586E-05 -3.051025E-05  9.841187E-06 -1.566548E-05  4.403228E-04
 5.491152E-05 -1.868917E-03 -1.623364E-03 -1.816062E-03  9.118836E-04 -1.445261E-05 -6.491961E-04  4.903805E-03  1.187447E-03  6.197647E-04
 8.638489E-06 -1.142608E-06  1.356970E-04 -1.401267E-04 -6.752350E-05  1.953614E-06 -7.914305E-04  1.349814E-04 -1.176848E-03 -7.545013E-04
 1.197153E-05 -1.004746E-05  1.926702E-05 -2.797788E-05  7.815006E-05 -1.714499E-04 -2.322436E-04  1.697342E-03 -1.923488E-03  2.941179E-04
 2.159616E-05  5.376158E-04  2.933614E-03  1.674943E-03  1.069076E-03 -8.230752E-04  4.020543E-04 -7.302836E-07  9.886634E-05  2.610197E-04
 6.224837E-04 -2.710763E-03  5.562869E-04  7.524010E-04  4.074678E-03 -3.319410E-03  1.626875E-03 -1.321904E-01  5.668041E-01  8.061342E-01
-1.063325E-01
--------------------------------------------------------------------------------------------------------------------------------------------
  END_DUSH_DATA_2
  BEGIN_DUSH_ORTH_TEST EPS =     0.100000E-02
  END_DUSH_ORTH_TEST
END_DUSH_2
