Inc., Pleasanton
Standard Nuclear Orientation (Angstroms)


1   Cu  0.000000    0.000000    0.000000 
2   N   -1.424640   1.424640    0.000000 
3   N   1.424640    -1.424640   0.000000 
4   N   1.424640    1.424640    0.000000 
5   N   -1.424640   -1.424640   0.000000 
6   C   -2.776184   1.232091    0.000000 
7   C   -1.232091   2.776184    0.000000 
8   C   1.232091    -2.776184   0.000000 
9   C   2.776184    -1.232091   0.000000 
10  C   -2.776184   -1.232091   0.000000 
11  C   -1.232091   -2.776184   0.000000 
12  C   1.232091    2.776184    0.000000 
13  C   2.776184    1.232091    0.000000 
14  C   -3.461945   2.499470    0.000000 
15  C   -2.499470   3.461945    0.000000 
16  C   2.499470    -3.461945   0.000000 
17  C   3.461945    -2.499470   0.000000 
18  C   -3.461945   -2.499470   0.000000 
19  C   -2.499470   -3.461945   0.000000 
20  C   2.499470    3.461945    0.000000 
21  C   3.461945    2.499470    0.000000 
22  C   -3.415518   0.000000    0.000000 
23  C   0.000000    3.415518    0.000000 
24  C   0.000000    -3.415518   0.000000 
25  C   3.415518    0.000000    0.000000 
26  H   -4.543948   2.620989    0.000000 
27  H   -2.620989   4.543948    0.000000 
28  H   2.620989    -4.543948   0.000000 
29  H   4.543948    -2.620989   0.000000 
30  H   -4.543948   -2.620989   0.000000 
31  H   -2.620989   -4.543948   0.000000 
32  H   2.620989    4.543948    0.000000 
33  H   4.543948    2.620989    0.000000 
34  H   -4.506590   0.000000    0.000000 
35  H   0.000000    -4.506590   0.000000 
36  H   4.506590    0.000000    0.000000 
37  H   0.000000    4.506590    0.000000 
--
Final Hessian
                      1              2              3              4              5              6
       1   0.1739564505  -0.0000071798   0.0000007546  -0.0565527501   0.0000174501  -0.0000068632
       2  -0.0000071798   0.1739815395   0.0000047642  -0.0000083554  -0.0288397536  -0.0000012007
       3   0.0000007546   0.0000047642   0.0725277405   0.0000590457   0.0000177536  -0.0187296926
       4  -0.0565527501  -0.0000083554   0.0000590457   0.5724797692  -0.0000071969   0.0000357266
       5   0.0000174501  -0.0288397536   0.0000177536  -0.0000071969   0.5821677678   0.0000157563
       6  -0.0000068632  -0.0000012007  -0.0187296926   0.0000357266   0.0000157563   0.1085839284
       7  -0.0564637297   0.0000265196  -0.0000277634   0.0023755446  -0.0000320042   0.0000455970
       8   0.0000479550  -0.0288472017   0.0000105855   0.0000245057  -0.0037000851  -0.0000230501
       9   0.0000063625  -0.0000013606  -0.0187292367   0.0000308414  -0.0000166150   0.0015291032
      10  -0.0288492489  -0.0000000589  -0.0000004902  -0.0009272454  -0.0148504225   0.0000001700
      11   0.0000282802  -0.0564458457   0.0000112406  -0.0099477149  -0.0009334557   0.0000366193
      12  -0.0000208098   0.0000000294  -0.0187296520   0.0000005741  -0.0000132146   0.0034282350
      13  -0.0288492404  -0.0000026324   0.0000013268  -0.0014651703   0.0148127077  -0.0000104253
      14  -0.0008677099  -0.0565054999   0.0000668904   0.0093442099  -0.0009250044  -0.0000593508
      15  -0.0000186710  -0.0000024263  -0.0187296265  -0.0015749850  -0.0000057760   0.0034277426
      16  -0.0101190042  -0.0068214860  -0.0000273588  -0.2025464441  -0.1144757721  -0.0000115226
      17  -0.0163552065   0.0055832969  -0.0000305521  -0.0844676622  -0.2058320775  -0.0000326032
      18   0.0000063984  -0.0000011943  -0.0006549970   0.0000227426  -0.0000017585  -0.0734628928
      19  -0.0101260747   0.0068266554  -0.0000213049  -0.2025724162   0.1144428041  -0.0000099107
      20   0.0164225029   0.0056120218   0.0000530588   0.0844851573  -0.2057728024   0.0000211121
      21   0.0000543451  -0.0000027624  -0.0006552509   0.0000914701   0.0000092577  -0.0734626989
      22  -0.0101143345   0.0068081786   0.0000129056  -0.0008589043  -0.0024686028   0.0000159578
      23   0.0163842277   0.0055873775  -0.0000006283  -0.0029314069   0.0085411302  -0.0000225792
      24  -0.0000238264  -0.0000011833  -0.0006549884   0.0000105786   0.0000063087   0.0005142413
      25  -0.0101261246  -0.0068316747   0.0000056452  -0.0008637661   0.0024868841   0.0000158878
      26  -0.0163656777   0.0056087825   0.0000224414   0.0030055177   0.0085502383   0.0000054994
      27   0.0000326210  -0.0000028814  -0.0006552373   0.0000779868   0.0000059058   0.0005144154
      28   0.0055973177  -0.0163814228  -0.0000124926  -0.0086372925  -0.0257776271  -0.0000099993
      29  -0.0068031554  -0.0101333946  -0.0000275662  -0.0015140364   0.0170696626   0.0000010839
      30   0.0000021735   0.0000014243  -0.0006547743   0.0000528039  -0.0001514999  -0.0028543319
      31   0.0056000428   0.0163857323   0.0000131880   0.0005483677   0.0056113282   0.0000115026
      32   0.0068380503  -0.0101313816  -0.0000273194   0.0018467860   0.0087564046   0.0000010707
      33  -0.0000628989   0.0000015788  -0.0006547274   0.0000655437   0.0000409493   0.0004117714
      34   0.0056032826   0.0163600073  -0.0000117015  -0.0086424786   0.0259142412  -0.0000204095
      35   0.0068539548  -0.0101239994  -0.0000179009   0.0014933889   0.0172264007   0.0000089029
      36  -0.0000043275  -0.0000023901  -0.0006552626  -0.0000331252  -0.0000063507  -0.0028548760
      37   0.0055875730  -0.0163712231   0.0000101388   0.0005265818  -0.0056363280   0.0000081906
      38  -0.0067642598  -0.0101305762  -0.0000165344  -0.0014700691   0.0088290626   0.0000134889
      39   0.0000820664  -0.0000023503  -0.0006552295   0.0002775909   0.0000044124   0.0004111822
      40   0.0064912436  -0.0011322604  -0.0000031794  -0.0641944328  -0.0330930433  -0.0000003562
      41  -0.0020666331  -0.0014691570   0.0000024822  -0.0110593224  -0.0058174340  -0.0000014558
      42   0.0000056878  -0.0000003818   0.0010059618   0.0000578181  -0.0000050658   0.0145453452
      43   0.0065009524   0.0011306302   0.0000017450  -0.0641695776   0.0331064585   0.0000011014
      44   0.0021198666  -0.0014734170   0.0000023275   0.0110938473  -0.0058624711  -0.0000059265
      45   0.0000291468   0.0000000594   0.0010062543   0.0000258942   0.0000047678   0.0145452902
      46   0.0064936990   0.0011295797   0.0000028354  -0.0003567124   0.0005037935  -0.0000017173
      47   0.0021346239  -0.0014727235   0.0000023925   0.0002912228   0.0003356117  -0.0000032891
      48   0.0000558234  -0.0000003108   0.0010059412   0.0000964559   0.0000095052  -0.0000907319
      49   0.0064996620  -0.0011295046  -0.0000014798  -0.0003527430  -0.0004864668  -0.0000003495
      50  -0.0020828114  -0.0014694886   0.0000024716  -0.0002486674   0.0003258368  -0.0000006318
      51   0.0000255132   0.0000000809   0.0010062388   0.0000206778  -0.0000011759  -0.0000907361
      52  -0.0014600859  -0.0020957186  -0.0000070028  -0.0000075175   0.0098558644   0.0000029151
      53  -0.0010999135   0.0064926303  -0.0000005261   0.0002368220  -0.0087042217   0.0000012677
      54   0.0000090677   0.0000009411   0.0010061893   0.0001044310   0.0000122067  -0.0000651036
      55  -0.0014694759   0.0020930513   0.0000068075  -0.0007194575  -0.0090568691   0.0000034300
      56   0.0011395285   0.0064908298   0.0000003604   0.0013263976  -0.0061879979   0.0000010119
      57  -0.0000072802   0.0000010405   0.0010064781   0.0001036644   0.0000108611  -0.0005743913
      58  -0.0014652383   0.0020927532   0.0000059882  -0.0000128531  -0.0098590132  -0.0000028048
      59   0.0011689465   0.0064907857   0.0000015247  -0.0002341430  -0.0086728187  -0.0000006012
      60  -0.0000387144   0.0000007378   0.0010057085   0.0000319210   0.0000111629  -0.0000648070
      61  -0.0014688826  -0.0020937320  -0.0000059221  -0.0007278674   0.0090545996  -0.0000049535
      62  -0.0011135871   0.0064923639   0.0000007155  -0.0012407330  -0.0061918530   0.0000006621
      63  -0.0000205628   0.0000006875   0.0010060017  -0.0000408312  -0.0000095725  -0.0005741538
      64  -0.0022823404   0.0018253479  -0.0000089987   0.0223308249  -0.0063473460  -0.0000019386
      65   0.0018441361  -0.0022766280  -0.0000011971  -0.0031224000  -0.0697398460   0.0000027432
      66  -0.0000104924   0.0000019871  -0.0012665014   0.0000624314   0.0000094256   0.0024060929
      67  -0.0022899781  -0.0018258185   0.0000051695   0.0223146252   0.0063344059   0.0000014454
      68  -0.0018240441  -0.0022758537   0.0000134681   0.0031228998  -0.0697848862   0.0000080762
      69  -0.0000240878  -0.0000013889  -0.0012667867   0.0000023421  -0.0000134111   0.0024058921
      70  -0.0022747208  -0.0018203930   0.0000089327   0.0021215395  -0.0060188107  -0.0000001672
      71  -0.0018036807  -0.0022894727  -0.0000033643   0.0006394051  -0.0086201805  -0.0000099891
      72  -0.0000645671   0.0000019373  -0.0012665029   0.0000538629   0.0000214708   0.0003268218
      73  -0.0022908088   0.0018196514  -0.0000046408   0.0021302396   0.0059933259  -0.0000029866
      74   0.0018024140  -0.0022756974   0.0000141009  -0.0006663802  -0.0086089147   0.0000101382
      75  -0.0000235730  -0.0000014929  -0.0012667876  -0.0000223318   0.0000173792   0.0003266121
      76   0.0007947966  -0.0002864616  -0.0000045430  -0.0049138068  -0.0000183382   0.0000039873
      77  -0.0002526676   0.0001975291  -0.0000038977   0.0037703565  -0.0001198840   0.0000034643
      78   0.0000114983   0.0000010824   0.0006002598   0.0000833138   0.0000074803   0.0036134811
      79   0.0007929788   0.0002919714   0.0000052097  -0.0049280692   0.0000177713  -0.0000004513
      80   0.0003066174   0.0001911341  -0.0000038530  -0.0037763285  -0.0001254242  -0.0000009224
      81  -0.0000083931   0.0000015501   0.0006002399   0.0000083165   0.0000061939   0.0036125917
      82   0.0007922966   0.0002867536   0.0000036459  -0.0000583468  -0.0000984813  -0.0000006316
      83   0.0003052324   0.0001914258  -0.0000039220  -0.0000463370   0.0000005632   0.0000016382
      84  -0.0000015815   0.0000010380   0.0006002465  -0.0000129311  -0.0000023258  -0.0000410076
      85   0.0007899839  -0.0002826446  -0.0000050506  -0.0000593440   0.0000943606   0.0000064539
      86  -0.0002486871   0.0001983448  -0.0000038326   0.0000745685  -0.0000011267   0.0000052392
      87   0.0000053063   0.0000015313   0.0006002270   0.0000484558  -0.0000101353  -0.0000427534
      88   0.0002041729  -0.0002719747  -0.0000076016  -0.0000239320   0.0000186304   0.0000012466
      89  -0.0002568966   0.0007880957  -0.0000091109   0.0001264110   0.0002635918  -0.0000006068
      90   0.0000117353  -0.0000000068   0.0006008477   0.0001013993   0.0000147455   0.0000301524
      91   0.0001992886   0.0002741151   0.0000069784   0.0001181137  -0.0001243020  -0.0000024239
      92   0.0003211364   0.0007854578  -0.0000087753   0.0002213135  -0.0001945457   0.0000040838
      93   0.0000116990   0.0000000144   0.0006008404   0.0000992647   0.0000072811   0.0000937237
      94   0.0002007974   0.0002728089   0.0000068230  -0.0000314491  -0.0000290687   0.0000011817
      95   0.0003127838   0.0007855463  -0.0000094262  -0.0001173086   0.0002559566  -0.0000021609
      96  -0.0000139130  -0.0000002154   0.0005996810  -0.0000335437   0.0000002695   0.0000299752
      97   0.0001980820  -0.0002720964  -0.0000073572   0.0001054755   0.0001162985   0.0000044673
      98  -0.0002638836   0.0007891283  -0.0000090752  -0.0001961815  -0.0001814774   0.0000063876
      99  -0.0000043945  -0.0000001003   0.0005996826  -0.0000316536  -0.0000189963   0.0000931514
     100  -0.0000176630   0.0005699669  -0.0000101127  -0.0004913414   0.0027159958   0.0000036491
     101   0.0005912935  -0.0000321421  -0.0000104525   0.0037681161  -0.0037736481   0.0000029381
     102   0.0000131555   0.0000095746  -0.0000401284   0.0000919779   0.0000118510   0.0061377262
     103  -0.0000226874  -0.0005676474   0.0000093421  -0.0000631309  -0.0000554652  -0.0000044256
     104  -0.0005292627  -0.0000324924  -0.0000105192   0.0001067544   0.0000421215   0.0000056827
     105   0.0000014968   0.0000096157  -0.0000401361   0.0000552932  -0.0000046216  -0.0001189315
     106  -0.0000211310   0.0005712725  -0.0000129264  -0.0000657189   0.0000546193   0.0000097205
     107   0.0005907467  -0.0000310979  -0.0000133037  -0.0000527012   0.0000573549   0.0000101242
     108   0.0000009053   0.0000074590  -0.0000405617  -0.0000193222  -0.0000230633  -0.0001189183
     109  -0.0000220414  -0.0005669777   0.0000122236  -0.0004963593  -0.0027181253   0.0000021246
     110  -0.0005313769  -0.0000330676  -0.0000132622  -0.0037688893  -0.0037853550  -0.0000020897
     111  -0.0000104564   0.0000074634  -0.0000405537  -0.0000107779   0.0000010233   0.0061377509
                      7              8              9             10             11             12
       1  -0.0564637297   0.0000479550   0.0000063625  -0.0288492489   0.0000282802  -0.0000208098
       2   0.0000265196  -0.0288472017  -0.0000013606  -0.0000000589  -0.0564458457   0.0000000294
       3  -0.0000277634   0.0000105855  -0.0187292367  -0.0000004902   0.0000112406  -0.0187296520
       4   0.0023755446   0.0000245057   0.0000308414  -0.0009272454  -0.0099477149   0.0000005741
       5  -0.0000320042  -0.0037000851  -0.0000166150  -0.0148504225  -0.0009334557  -0.0000132146
       6   0.0000455970  -0.0000230501   0.0015291032   0.0000001700   0.0000366193   0.0034282350
       7   0.5723964800  -0.0000362441   0.0000040355  -0.0010164083   0.0099713251  -0.0000681434
       8  -0.0000362441   0.5821453534   0.0000081889   0.0148410394  -0.0010114549  -0.0000145471
       9   0.0000040355   0.0000081889   0.1085842358   0.0000010833  -0.0000155371   0.0034282553
      10  -0.0010164083   0.0148410394   0.0000010833   0.5821001294   0.0000175676  -0.0000024770
      11   0.0099713251  -0.0010114549  -0.0000155371   0.0000175676   0.5726650192  -0.0000866802
      12  -0.0000681434  -0.0000145471   0.0034282553  -0.0000024770  -0.0000866802   0.1086076848
      13  -0.0004551466  -0.0148382959   0.0000111311  -0.0037033618   0.0004895050   0.0000068035
      14  -0.0093371850  -0.0008851695  -0.0000077026   0.0000372350   0.0028095750   0.0000394940
      15   0.0016353792  -0.0000189587   0.0034277542  -0.0000013947   0.0016087512   0.0015441528
      16  -0.0014912558   0.0030100255   0.0005099426   0.0087988768  -0.0018849858  -0.0000228625
      17   0.0029687301   0.0085563065   0.0010419209  -0.0056224402   0.0004880323  -0.0000412985
      18   0.0000454973  -0.0000015615   0.0005142302   0.0000097300   0.0000492290   0.0004136416
      19  -0.0014890837  -0.0019131922   0.0005127893   0.0172511872   0.0014840763  -0.0000219881
      20  -0.0029592405   0.0085315261  -0.0010509875   0.0258995144  -0.0086792329   0.0000298023
      21  -0.0000927233   0.0000021819   0.0005143969   0.0000001970  -0.0000907064  -0.0028528584
      22  -0.2025744261   0.1144354304  -0.0000008141   0.0088092462   0.0017440438   0.0000052642
      23   0.0845172910  -0.2057936087  -0.0000076125   0.0056617686   0.0004816619  -0.0000142100
      24   0.0000356737  -0.0000128421  -0.0734630688  -0.0000113274   0.0000341091   0.0004136225
      25  -0.2025382585  -0.1144416625  -0.0000023991   0.0172609075  -0.0015462289   0.0000057854
      26  -0.0845197244  -0.2058350668  -0.0000005067  -0.0259171487  -0.0086969331   0.0000005886
      27   0.0000026939   0.0000372903  -0.0734630022  -0.0000021487   0.0000063187  -0.0028528823
      28   0.0004433007  -0.0057765772  -0.0000058442   0.0085475574   0.0029213122  -0.0000035677
      29  -0.0018280642   0.0089045942   0.0000054401   0.0024499744  -0.0009687645   0.0000121702
      30  -0.0000042153   0.0001643044   0.0004117308   0.0000021234   0.0000197354   0.0005113760
      31  -0.0087160691   0.0259097928   0.0000017554   0.0085498026  -0.0029952927   0.0000035208
      32   0.0014753989   0.0172088177   0.0000041260  -0.0024861822  -0.0009896220   0.0000113262
      33  -0.0000719050  -0.0000291371  -0.0028543557  -0.0000020502  -0.0000655200   0.0005117598
      34   0.0004718640   0.0056386383  -0.0000026845  -0.2058246920   0.0844906533   0.0000044820
      35   0.0018272611   0.0088040467   0.0000103517   0.1144336925  -0.2024941492   0.0000111448
      36   0.0000150102   0.0000050034   0.0004111444  -0.0000036726   0.0000250322  -0.0734649424
      37  -0.0087061906  -0.0259254683   0.0000143759  -0.2058259904  -0.0845183371  -0.0000050012
      38  -0.0015063762   0.0172072655   0.0000068178  -0.1144288947  -0.2025530066   0.0000110696
      39   0.0000749369  -0.0000064863  -0.0028548945  -0.0000015212   0.0000538370  -0.0734649209
      40  -0.0004132604  -0.0005035072   0.0000018001  -0.0061806536  -0.0012937898   0.0000000970
      41  -0.0002341832   0.0003166837  -0.0000030522   0.0090753260  -0.0007440673  -0.0000053031
      42  -0.0000159219   0.0000034404  -0.0000907491   0.0000073931  -0.0000247083  -0.0005740981
      43  -0.0004110242   0.0004830330  -0.0000006132  -0.0086978597  -0.0002448243  -0.0000004885
      44   0.0002553265   0.0003412708  -0.0000011710  -0.0098618914  -0.0000762873  -0.0000037582
      45  -0.0000238927  -0.0000026291  -0.0000907567  -0.0000035086  -0.0000194742  -0.0000657285
      46  -0.0641788800   0.0330884361  -0.0000006493  -0.0061575265   0.0012696153  -0.0000011091
      47   0.0110711138  -0.0058553858  -0.0000001816  -0.0090610882  -0.0007577985  -0.0000061703
      48  -0.0001167454  -0.0000137392   0.0145453387  -0.0000102430  -0.0001044638  -0.0005741468
      49  -0.0641944546  -0.0331075364  -0.0000013520  -0.0086797305   0.0002125508   0.0000023811
      50  -0.0110958165  -0.0058386162  -0.0000070408   0.0098691418  -0.0000971337  -0.0000040956
      51   0.0000211646   0.0000005520   0.0145452753   0.0000006659   0.0000027959  -0.0000657833
      52  -0.0007849212   0.0090451812  -0.0000037493   0.0003493356  -0.0002964479   0.0000053069
      53  -0.0015827199  -0.0061850315   0.0000011663  -0.0004928216  -0.0006790049  -0.0000020935
      54  -0.0003013543  -0.0000005715  -0.0005744549  -0.0000060341  -0.0002880532  -0.0000903911
      55  -0.0000804312  -0.0098625705  -0.0000023187   0.0003526923   0.0002308420  -0.0000050059
      56  -0.0002840354  -0.0087027470   0.0000014395   0.0004899556  -0.0004379252  -0.0000006265
      57  -0.0006028908  -0.0000000237  -0.0000650826  -0.0000017985  -0.0005821792  -0.0000897268
      58  -0.0007601936  -0.0090686018   0.0000057256  -0.0058509029   0.0110637086  -0.0000066084
      59   0.0009743051  -0.0062011637   0.0000004168   0.0331077159  -0.0644829845   0.0000014580
      60  -0.0003401571  -0.0000108864  -0.0005742166  -0.0000029914  -0.0003320791   0.0145451449
      61  -0.0000612029   0.0098579301   0.0000034538  -0.0058552342  -0.0110562265   0.0000059995
      62   0.0001983391  -0.0086821388  -0.0000004254  -0.0331156140  -0.0642103862   0.0000010851
      63   0.0000109459   0.0000097520  -0.0000647816   0.0000084034   0.0000231203   0.0145456908
      64   0.0021115126   0.0059946022   0.0000004431  -0.0086289571  -0.0006109919   0.0000032222
      65  -0.0006125022  -0.0086372939  -0.0000102506   0.0060252155   0.0021125522  -0.0000064949
      66  -0.0000266396  -0.0000075212   0.0003268092  -0.0000115535  -0.0000379627   0.0003265049
      67   0.0021255734  -0.0059945319   0.0000005774  -0.0697679955   0.0031171324  -0.0000061034
      68   0.0006415476  -0.0086096051   0.0000061367   0.0063352758   0.0223005365  -0.0000020416
      69  -0.0000686170   0.0000039613   0.0003265970   0.0000104618  -0.0000872075   0.0024062799
      70   0.0222425172   0.0063742451   0.0000044996  -0.0086152163   0.0006153872  -0.0000024531
      71   0.0030990974  -0.0697852593   0.0000008454  -0.0060052621   0.0021037169  -0.0000040424
      72  -0.0000865662  -0.0000211018   0.0024061092   0.0000265184  -0.0000940457   0.0003264833
      73   0.0222578127  -0.0063431422  -0.0000014562  -0.0697958161  -0.0031491428   0.0000041852
      74  -0.0031184978  -0.0697941346   0.0000041886  -0.0063492718   0.0222927821  -0.0000018311
      75  -0.0000222340  -0.0000287328   0.0024059168   0.0000025976  -0.0000257746   0.0024062705
      76  -0.0000853026   0.0001226997   0.0000026392  -0.0001783746  -0.0002019429   0.0000058485
      77   0.0000823822  -0.0000088423   0.0000013931   0.0001098784   0.0000919702   0.0000040713
      78   0.0000470357  -0.0000124825  -0.0000410212   0.0000149961   0.0000064333   0.0000930631
      79  -0.0000896225  -0.0000909220  -0.0000030059   0.0002657887  -0.0001425713  -0.0000048277
      80  -0.0000535478  -0.0000049121   0.0000050292  -0.0000136068  -0.0000063348   0.0000051134
      81  -0.0000465515  -0.0000109165  -0.0000427622  -0.0000163694  -0.0000080393   0.0000311199
      82  -0.0049672426   0.0000363382  -0.0000063242  -0.0001916779   0.0001615723  -0.0000053321
      83  -0.0038004176  -0.0001285755   0.0000037518  -0.0001244854   0.0000740394   0.0000040280
      84  -0.0000248263  -0.0000054678   0.0036134850  -0.0000152564   0.0000153109   0.0000930132
      85  -0.0049622024  -0.0000072232  -0.0000011367   0.0002627341   0.0001073277   0.0000052763
      86   0.0037689430  -0.0001221775  -0.0000007203   0.0000108811  -0.0000424615   0.0000051403
      87   0.0000176956   0.0000026674   0.0036126062   0.0000139836   0.0000006888   0.0000310717
      88   0.0000737027   0.0001317913   0.0000023862  -0.0000114115   0.0000921696   0.0000054125
      89  -0.0001817327  -0.0001922136   0.0000050365   0.0001045387  -0.0000722876   0.0000073259
      90  -0.0000130361  -0.0000142462   0.0000937148  -0.0000032228  -0.0000101640  -0.0000425755
      91  -0.0000736066  -0.0000110869  -0.0000008783  -0.0000049779  -0.0001398457  -0.0000043000
      92  -0.0001222477   0.0002533762   0.0000010310  -0.0001013825  -0.0000815391   0.0000073380
      93  -0.0000074256  -0.0000080166   0.0000301327   0.0000037667  -0.0000074202  -0.0000425838
      94   0.0000974070  -0.0001168232  -0.0000037959  -0.0001267253  -0.0038089393  -0.0000056360
      95   0.0001999327  -0.0001926873   0.0000048100   0.0000097033  -0.0049296671   0.0000082033
      96  -0.0000011416  -0.0000104185   0.0000931403   0.0000014498  -0.0000115673   0.0036127032
      97  -0.0000452584   0.0000404190  -0.0000017218  -0.0001312332   0.0037882954   0.0000060842
      98   0.0001209223   0.0002664240  -0.0000032926  -0.0000163447  -0.0049395436   0.0000087570
      99   0.0000078186   0.0000081803   0.0000299611  -0.0000043413  -0.0000083496   0.0036126821
     100  -0.0000911855   0.0000660129   0.0000043923   0.0000317809  -0.0000818854   0.0000090483
     101  -0.0000439643   0.0000485255   0.0000052241   0.0000634522  -0.0000475644   0.0000098635
     102   0.0000081409  -0.0000208927  -0.0001189432  -0.0000062080   0.0000019337  -0.0001187811
     103  -0.0005206849  -0.0027073647  -0.0000038636   0.0000434147   0.0000357853  -0.0000091985
     104  -0.0037890700  -0.0037785511   0.0000032487  -0.0000681597  -0.0000592053   0.0000098558
     105  -0.0000182606  -0.0000054415   0.0061377130   0.0000060763   0.0000045243  -0.0001188142
     106  -0.0005051240   0.0027359570  -0.0000016742  -0.0037788086   0.0037831708   0.0000094915
     107   0.0037690493  -0.0037740356  -0.0000018220   0.0027229436  -0.0005545459   0.0000096960
     108   0.0000099016   0.0000039348   0.0061377542  -0.0000006134   0.0000255684   0.0061376451
     109  -0.0000750844  -0.0000378687  -0.0000094483  -0.0037700785  -0.0038148543  -0.0000093911
     110   0.0000870303   0.0000426813   0.0000101124  -0.0027313695  -0.0004965749   0.0000097002
     111   0.0000049527  -0.0000186645  -0.0001189229  -0.0000024195   0.0000212832   0.0061376798
                     13             14             15             16             17             18
       1  -0.0288492404  -0.0008677099  -0.0000186710  -0.0101190042  -0.0163552065   0.0000063984
       2  -0.0000026324  -0.0565054999  -0.0000024263  -0.0068214860   0.0055832969  -0.0000011943
       3   0.0000013268   0.0000668904  -0.0187296265  -0.0000273588  -0.0000305521  -0.0006549970
       4  -0.0014651703   0.0093442099  -0.0015749850  -0.2025464441  -0.0844676622   0.0000227426
       5   0.0148127077  -0.0009250044  -0.0000057760  -0.1144757721  -0.2058320775  -0.0000017585
       6  -0.0000104253  -0.0000593508   0.0034277426  -0.0000115226  -0.0000326032  -0.0734628928
       7  -0.0004551466  -0.0093371850   0.0016353792  -0.0014912558   0.0029687301   0.0000454973
       8  -0.0148382959  -0.0008851695  -0.0000189587   0.0030100255   0.0085563065  -0.0000015615
       9   0.0000111311  -0.0000077026   0.0034277542   0.0005099426   0.0010419209   0.0005142302
      10  -0.0037033618   0.0000372350  -0.0000013947   0.0087988768  -0.0056224402   0.0000097300
      11   0.0004895050   0.0028095750   0.0016087512  -0.0018849858   0.0004880323   0.0000492290
      12   0.0000068035   0.0000394940   0.0015441528  -0.0000228625  -0.0000412985   0.0004136416
      13   0.5821158547  -0.0004999968  -0.0000017448   0.0172537732  -0.0259403252  -0.0000040453
      14  -0.0004999968   0.5714732908  -0.0016669485  -0.0015131893  -0.0086734833  -0.0000503698
      15  -0.0000017448  -0.0016669485   0.1086081934  -0.0000149333  -0.0000425428  -0.0028524865
      16   0.0172537732  -0.0015131893  -0.0000149333   0.6170621422  -0.0709699002  -0.0000165410
      17  -0.0259403252  -0.0086734833  -0.0000425428  -0.0709699002   0.8286138883  -0.0000304887
      18  -0.0000040453  -0.0000503698  -0.0028524865  -0.0000165410  -0.0000304887   0.1656866070
      19   0.0087960892   0.0018565795  -0.0000260978   0.0097926896   0.0337074533  -0.0000187171
      20   0.0056334089   0.0005059916   0.0000246932  -0.0336530316  -0.1171055663   0.0000184062
      21  -0.0000127805   0.0000911870   0.0004135224  -0.0000276252  -0.0000631830   0.0025225184
      22   0.0172695133   0.0015042303   0.0000080937  -0.0055744920   0.0081756860   0.0000118473
      23   0.0258990079  -0.0086785259  -0.0000080990  -0.0082364909  -0.0011550233  -0.0000113748
      24   0.0000066988  -0.0000346798  -0.0028525094  -0.0000285069  -0.0000712370   0.0001916668
      25   0.0088184091  -0.0018118307   0.0000131188  -0.0060820511   0.0026158655   0.0000111870
      26  -0.0056237207   0.0005164391  -0.0000073031   0.0026346923  -0.0196028694   0.0000323984
      27   0.0000145284  -0.0000049630   0.0004134994   0.0000045181  -0.0000068259  -0.0003271876
      28  -0.2058185407  -0.0844463266  -0.0000176775  -0.0244902066   0.0708937423  -0.0000288751
      29  -0.1144540598  -0.2026311303   0.0000064238   0.0375597781  -0.0244544741   0.0000009378
      30  -0.0000075260   0.0000247508  -0.0734659005   0.0002935188   0.0005493951   0.0087433945
      31  -0.2058261356   0.0845184985   0.0000178704  -0.0154258716   0.0031544675   0.0000064920
      32   0.1144823759  -0.2025932396   0.0000058093   0.0036826116  -0.0182132553  -0.0000019491
      33  -0.0000046459   0.0001099057  -0.0734656645  -0.0000493454  -0.0001277618  -0.0004481987
      34   0.0085529800  -0.0029687282   0.0000001804  -0.0182504777  -0.0031328309  -0.0000125702
      35  -0.0024653823  -0.0009165600   0.0000190447  -0.0036636504  -0.0154600289   0.0000096308
      36  -0.0000026889  -0.0000176341   0.0005120479  -0.0000158916  -0.0000144537  -0.0004476884
      37   0.0085455542   0.0029762313  -0.0000000808  -0.0077801811   0.0152786764   0.0000185095
      38   0.0024604281  -0.0009071742   0.0000177709  -0.0059893522  -0.0078112763   0.0000052156
      39   0.0000027989  -0.0000650889   0.0005124386  -0.0000416978  -0.0000032205   0.0002177114
      40  -0.0087259240   0.0002442598   0.0000004714  -0.2625452975   0.0375587414   0.0000030735
      41   0.0098551028  -0.0000401975  -0.0000020882   0.0282743071  -0.0885407128  -0.0000043250
      42  -0.0000017073   0.0000193520  -0.0000650198  -0.0000052136  -0.0000231244  -0.0699078829
      43  -0.0062014067   0.0013056708  -0.0000019081  -0.0017762362   0.0155182524   0.0000036116
      44  -0.0090501604  -0.0007274775  -0.0000031576   0.0647264131  -0.0534264532  -0.0000034032
      45   0.0000007806   0.0000269274  -0.0005749075   0.0000044493   0.0000057562   0.0091790602
      46  -0.0087075253  -0.0002268451  -0.0000002381   0.0037166561  -0.0030891705   0.0000005590
      47  -0.0098569807  -0.0000223617  -0.0000026335   0.0046580735  -0.0045183332   0.0000070297
      48   0.0000058717   0.0000998540  -0.0000650703  -0.0000350430  -0.0000613298   0.0000815599
      49  -0.0061889566  -0.0012593641   0.0000007976   0.0038786808  -0.0018066761  -0.0000015320
      50   0.0090539888  -0.0007262518  -0.0000024100  -0.0047012954   0.0037923648   0.0000002165
      51   0.0000030307   0.0000050250  -0.0005749669  -0.0000356370  -0.0001465469  -0.0000900752
      52  -0.0058697836  -0.0110457420   0.0000089713  -0.0033676246  -0.0147182879   0.0000008189
      53  -0.0331040769  -0.0638788689  -0.0000002428  -0.0022586154   0.0139513171  -0.0000007584
      54   0.0000075999   0.0003057247   0.0145452604  -0.0000435411  -0.0001004315   0.0067857538
      55  -0.0058712902   0.0110947928  -0.0000099503  -0.0021120501   0.0145469215  -0.0000055196
      56   0.0330921462  -0.0641507946   0.0000007668   0.0002195391   0.0073866504   0.0000000775
      57   0.0000027626   0.0005997211   0.0145458319  -0.0000404764  -0.0000535859  -0.0006267502
      58   0.0003331466   0.0002809874  -0.0000068735   0.0039264860   0.0092357074   0.0000003501
      59   0.0004813105  -0.0000773735  -0.0000006576   0.0034108452   0.0084357722  -0.0000026521
      60   0.0000058286   0.0003355000  -0.0000908060  -0.0000145751  -0.0000096181  -0.0002051708
      61   0.0003359544  -0.0002570877   0.0000060680  -0.0042941484  -0.0081427847   0.0000035233
      62  -0.0004780702  -0.0003408256  -0.0000003645   0.0031058296   0.0065355220  -0.0000040761
      63  -0.0000112990  -0.0000196782  -0.0000901024  -0.0000141037  -0.0000889303   0.0000815156
      64  -0.0697697168  -0.0031061575   0.0000081857  -0.1260648272   0.0464746587   0.0000078077
      65  -0.0063446564   0.0223160484  -0.0000112267   0.0849857024  -0.3414896303  -0.0000115697
      66   0.0000060194   0.0000415785   0.0024060865  -0.0000203948  -0.0000541107  -0.0582302203
      67  -0.0086298184   0.0006216927  -0.0000064476   0.0102365347   0.0057367366   0.0000021500
      68  -0.0059918820   0.0021362778   0.0000051103   0.0263038942   0.0142488020   0.0000091937
      69   0.0000007487   0.0000570209   0.0003267950  -0.0000194689  -0.0000364858   0.0047335363
      70  -0.0698136885   0.0031761016  -0.0000076059   0.0106636586  -0.0030807405   0.0000004174
      71   0.0063504222   0.0223136822  -0.0000179834   0.0082117725   0.0048015602  -0.0000129550
      72  -0.0000194884   0.0000980704   0.0024060735  -0.0000408933  -0.0000659622  -0.0001644316
      73  -0.0086206542  -0.0006104725   0.0000043432   0.0056627272  -0.0157799782   0.0000041461
      74   0.0060056514   0.0020996375   0.0000078459  -0.0029786460   0.0160016291   0.0000065902
      75  -0.0000128838  -0.0000032564   0.0003267757  -0.0000057329  -0.0000315985   0.0001373255
      76   0.0002774993   0.0001491553   0.0000030970  -0.0076772173  -0.0186164112   0.0000038453
      77   0.0000153582  -0.0000515614   0.0000032983   0.0088724143   0.0093211649   0.0000047196
      78   0.0000178659  -0.0000005828   0.0000298841  -0.0000356865  -0.0000407492  -0.0007242085
      79  -0.0001752335   0.0002170702  -0.0000047189  -0.0010327235  -0.0020745786  -0.0000034185
      80  -0.0001190966   0.0000611636   0.0000037407  -0.0007824072  -0.0057794092   0.0000021023
      81  -0.0000056599   0.0000186896   0.0000945609   0.0000116653   0.0000003156   0.0079517517
      82   0.0002709526  -0.0001085395  -0.0000033896   0.0000387007   0.0002343498   0.0000044705
      83  -0.0000097181  -0.0000131474   0.0000033234   0.0000425001   0.0000260184  -0.0000030880
      84  -0.0000163031  -0.0000085686   0.0000298295  -0.0000143464  -0.0000623258  -0.0000284704
      85  -0.0001824836  -0.0001750308   0.0000057366   0.0000319516   0.0000006907  -0.0000037043
      86   0.0001164515   0.0000830067   0.0000038101  -0.0000920705  -0.0000796344  -0.0000039793
      87   0.0000088641   0.0000103793   0.0000945104  -0.0000542884  -0.0000526907  -0.0000057977
      88  -0.0001197406   0.0038093269   0.0000069423   0.0000647376  -0.0001695972   0.0000031605
      89  -0.0000060446  -0.0049621702   0.0000088239   0.0001938525   0.0000154209   0.0000037790
      90   0.0000022116   0.0000101499   0.0036122983  -0.0000359496  -0.0000628262   0.0000339147
      91  -0.0001223578  -0.0037545734  -0.0000077053  -0.0005002925  -0.0000257015   0.0000019846
      92   0.0000203164  -0.0049503600   0.0000094353  -0.0001552118  -0.0000222741  -0.0000034992
      93  -0.0000004606   0.0000074071   0.0036122833  -0.0000452700  -0.0000712055  -0.0008509758
      94  -0.0000030728  -0.0001096469  -0.0000068855   0.0000768767   0.0001515721  -0.0000016334
      95  -0.0000958334  -0.0000975946   0.0000084909   0.0000316352   0.0000010877   0.0000032596
      96   0.0000112417  -0.0000086452  -0.0000412592   0.0000015951   0.0000092436   0.0000291541
      97   0.0000030942   0.0001101478   0.0000072740  -0.0000304634  -0.0001025259  -0.0000027091
      98   0.0001092887  -0.0000894694   0.0000084666   0.0000014916   0.0002292591  -0.0000029553
      99  -0.0000087555  -0.0000110891  -0.0000412735  -0.0000107069  -0.0000255973  -0.0001000970
     100  -0.0037628555   0.0037973436   0.0000097961   0.0091644881   0.0078731664   0.0000074732
     101   0.0027336724  -0.0005699627   0.0000097148  -0.0236694167  -0.0150724806   0.0000077049
     102   0.0000024498   0.0000351984   0.0061376381  -0.0000424582  -0.0000446926   0.0006496773
     103  -0.0037706432  -0.0037753007  -0.0000091477   0.0001133715   0.0001802208   0.0000072719
     104  -0.0027246297  -0.0005146604   0.0000097631   0.0001337645  -0.0002958524  -0.0000072371
     105  -0.0000005947   0.0000334681   0.0061375955  -0.0000280612  -0.0000598329   0.0001644045
     106   0.0000505995  -0.0000624635   0.0000092216   0.0000019497  -0.0000885976  -0.0000074852
     107   0.0000755807  -0.0000612609   0.0000097637  -0.0001257637   0.0001299166  -0.0000077070
     108  -0.0000119715  -0.0000148519  -0.0001187665  -0.0000289994  -0.0000561904   0.0000195406
     109   0.0000420986   0.0000831164  -0.0000090159   0.0005719711  -0.0001407773  -0.0000069204
     110  -0.0000627817  -0.0000790633   0.0000096737   0.0019005921  -0.0004993331   0.0000069267
     111   0.0000149240  -0.0000106911  -0.0001187300  -0.0000065568  -0.0000026436   0.0009952094
                     19             20             21             22             23             24
       1  -0.0101260747   0.0164225029   0.0000543451  -0.0101143345   0.0163842277  -0.0000238264
       2   0.0068266554   0.0056120218  -0.0000027624   0.0068081786   0.0055873775  -0.0000011833
       3  -0.0000213049   0.0000530588  -0.0006552509   0.0000129056  -0.0000006283  -0.0006549884
       4  -0.2025724162   0.0844851573   0.0000914701  -0.0008589043  -0.0029314069   0.0000105786
       5   0.1144428041  -0.2057728024   0.0000092577  -0.0024686028   0.0085411302   0.0000063087
       6  -0.0000099107   0.0000211121  -0.0734626989   0.0000159578  -0.0000225792   0.0005142413
       7  -0.0014890837  -0.0029592405  -0.0000927233  -0.2025744261   0.0845172910   0.0000356737
       8  -0.0019131922   0.0085315261   0.0000021819   0.1144354304  -0.2057936087  -0.0000128421
       9   0.0005127893  -0.0010509875   0.0005143969  -0.0000008141  -0.0000076125  -0.0734630688
      10   0.0172511872   0.0258995144   0.0000001970   0.0088092462   0.0056617686  -0.0000113274
      11   0.0014840763  -0.0086792329  -0.0000907064   0.0017440438   0.0004816619   0.0000341091
      12  -0.0000219881   0.0000298023  -0.0028528584   0.0000052642  -0.0000142100   0.0004136225
      13   0.0087960892   0.0056334089  -0.0000127805   0.0172695133   0.0258990079   0.0000066988
      14   0.0018565795   0.0005059916   0.0000911870   0.0015042303  -0.0086785259  -0.0000346798
      15  -0.0000260978   0.0000246932   0.0004135224   0.0000080937  -0.0000080990  -0.0028525094
      16   0.0097926896  -0.0336530316  -0.0000276252  -0.0055744920  -0.0082364909  -0.0000285069
      17   0.0337074533  -0.1171055663  -0.0000631830   0.0081756860  -0.0011550233  -0.0000712370
      18  -0.0000187171   0.0000184062   0.0025225184   0.0000118473  -0.0000113748   0.0001916668
      19   0.6170892707   0.0710086648  -0.0000251410  -0.0060900918  -0.0026778170  -0.0000299654
      20   0.0710086648   0.8285562492   0.0000477977  -0.0026767679  -0.0195808540   0.0000734825
      21  -0.0000251410   0.0000477977   0.1656868393   0.0000209778  -0.0000036827  -0.0003271847
      22  -0.0060900918  -0.0026767679   0.0000209778   0.6169608438   0.0709980037  -0.0000024426
      23  -0.0026778170  -0.0195808540  -0.0000036827   0.0709980037   0.8285751782  -0.0000052772
      24  -0.0000299654   0.0000734825  -0.0003271847  -0.0000024426  -0.0000052772   0.1656865207
      25  -0.0055744933  -0.0082206218   0.0000200400   0.0097067576  -0.0336728945  -0.0000003305
      26   0.0081968090  -0.0012066601   0.0000256682   0.0336676577  -0.1170931956  -0.0000029117
      27   0.0000040223   0.0000186680   0.0001914706  -0.0000305101   0.0000203446   0.0025225448
      28  -0.0182674264   0.0032230911  -0.0000237783  -0.0154026061  -0.0031874517   0.0000040526
      29   0.0033881059  -0.0151610110  -0.0000070099  -0.0033941984  -0.0185463410   0.0000112509
      30   0.0002938105  -0.0002684757  -0.0004481860  -0.0002905870   0.0003064274  -0.0004482133
      31  -0.0077954262  -0.0153345487   0.0000187200  -0.0244798261  -0.0708700016   0.0000190706
      32   0.0059968593  -0.0078238437  -0.0000120507  -0.0378584976  -0.0244768409   0.0000137365
      33  -0.0000441740   0.0000798872   0.0002179836   0.0000154819  -0.0000206277   0.0087433738
      34  -0.0244776487  -0.0708431759  -0.0000150686  -0.0077804638  -0.0152902671  -0.0000085293
      35  -0.0378458251  -0.0245139858   0.0000172258   0.0060288531  -0.0077595007  -0.0000089892
      36  -0.0000167621   0.0000298741   0.0087431473   0.0000089849   0.0000046591   0.0002177045
      37  -0.0154121845  -0.0032207686   0.0000319843  -0.0182395722   0.0031915447   0.0000018283
      38  -0.0036826121  -0.0182841197   0.0000183328   0.0036618235  -0.0153858891  -0.0000034170
      39  -0.0000422618   0.0000630673  -0.0004476945   0.0000175417  -0.0000134856  -0.0004476746
      40  -0.0017762840  -0.0155256154  -0.0000041410   0.0037095390   0.0030964730  -0.0000020896
      41  -0.0647289800  -0.0534263885   0.0000024908  -0.0047333910  -0.0044947861   0.0000071716
      42  -0.0000068770   0.0000004452   0.0091786518   0.0000004386   0.0000027881   0.0000815656
      43  -0.2625480803  -0.0375638219   0.0000001918   0.0038616917   0.0018166667   0.0000012098
      44  -0.0282596316  -0.0886004189  -0.0000029845   0.0047013799   0.0037871543  -0.0000000876
      45  -0.0000013139  -0.0000080978  -0.0699083655   0.0000074175  -0.0000053733  -0.0000900805
      46   0.0038781381   0.0018179126   0.0000004057  -0.2625756073  -0.0375640700  -0.0000028519
      47   0.0046592760   0.0037964422  -0.0000008584  -0.0282904041  -0.0885501729  -0.0000028316
      48  -0.0000341670   0.0000732612  -0.0000897492   0.0000209375  -0.0000268975  -0.0699078245
      49   0.0037159019   0.0030972696  -0.0000021873  -0.0017875663  -0.0155246846  -0.0000018757
      50  -0.0046997255  -0.0045282348   0.0000087836  -0.0647412681  -0.0534253061  -0.0000031555
      51  -0.0000349205   0.0000797904   0.0000816990   0.0000019195   0.0000009848   0.0091790488
      52   0.0039059096  -0.0092251729  -0.0000025790  -0.0021044422  -0.0145617220   0.0000052743
      53  -0.0034212279   0.0084386782  -0.0000016112  -0.0002437476   0.0073928157  -0.0000002602
      54  -0.0000384153   0.0000541547  -0.0002048662   0.0000240677  -0.0000267737  -0.0006267828
      55  -0.0043110699   0.0081414965  -0.0000056805  -0.0033614477   0.0147037883  -0.0000001186
      56  -0.0031314209   0.0065194540  -0.0000027950   0.0022544955   0.0139574481   0.0000005180
      57  -0.0000386311   0.0000468551   0.0000813399   0.0000290244  -0.0000118349   0.0067857968
      58  -0.0033507543   0.0147118013   0.0000005240  -0.0043161870   0.0081436054  -0.0000034839
      59   0.0022551015   0.0139531833  -0.0000004054  -0.0031133270   0.0065396564  -0.0000035593
      60  -0.0000109166   0.0000354078   0.0067861119  -0.0000004272  -0.0000108712   0.0000814838
      61  -0.0020914236  -0.0145392458   0.0000050440   0.0039250536  -0.0092159878  -0.0000003044
      62  -0.0002457075   0.0074064306  -0.0000021046  -0.0034178840   0.0084387446  -0.0000024772
      63  -0.0000180853   0.0000337253  -0.0006271593   0.0000016113  -0.0000018237  -0.0002051206
      64   0.0102212859  -0.0057675520  -0.0000009417   0.0106486098   0.0030755346  -0.0000026036
      65  -0.0263532446   0.0141990248   0.0000122162  -0.0082221703   0.0048684542  -0.0000062538
      66  -0.0000187463   0.0000321034   0.0047337559   0.0000181053  -0.0000174887  -0.0001644233
      67  -0.1260534454  -0.0465014889  -0.0000099632   0.0056316772   0.0157798628  -0.0000064754
      68  -0.0849976768  -0.3414933980  -0.0000057963   0.0029234065   0.0159874556   0.0000237341
      69  -0.0000141071  -0.0000217028  -0.0582303248  -0.0000046521   0.0000084911   0.0001373315
      70   0.0056535542   0.0157654187  -0.0000096788  -0.1260507594  -0.0464649531  -0.0000062236
      71   0.0029470155   0.0159697399  -0.0000127856  -0.0849667106  -0.3415038794  -0.0000138417
      72  -0.0000395006   0.0000413217   0.0001369732   0.0000106335  -0.0000218228  -0.0582301399
      73   0.0106701357   0.0030791114   0.0000002839   0.0102374847  -0.0057761628  -0.0000020180
      74  -0.0082430465   0.0047962588   0.0000056579  -0.0263105541   0.0142654522   0.0000049702
      75  -0.0000048618   0.0000511693  -0.0001644952  -0.0000106943  -0.0000096903   0.0047335286
      76  -0.0010405862   0.0020707820   0.0000027114   0.0000281180  -0.0002131945  -0.0000010536
      77   0.0007929726  -0.0057869067   0.0000029449  -0.0000778912   0.0000306718  -0.0000030620
      78  -0.0000395111   0.0000266426   0.0079538379  -0.0000048727  -0.0000200399  -0.0000284601
      79  -0.0076633372   0.0186454821   0.0000012738   0.0000106906  -0.0000260076   0.0000068114
      80  -0.0088620758   0.0093022043  -0.0000012857   0.0000798322  -0.0000487392  -0.0000040370
      81   0.0000092197  -0.0000024719  -0.0007215563   0.0000309166  -0.0000191982  -0.0000057779
      82   0.0000277958  -0.0000032371   0.0000064544  -0.0076985390   0.0186393449  -0.0000077588
      83   0.0000490676  -0.0000701003  -0.0000053779  -0.0088516101   0.0093210958   0.0000048186
      84  -0.0000167728   0.0000686285  -0.0000083843   0.0000272460  -0.0000196469  -0.0007242145
      85   0.0000462280  -0.0002214036  -0.0000021243  -0.0010644692   0.0020724862   0.0000010739
      86  -0.0000829207   0.0000231818  -0.0000025091   0.0007841293  -0.0057836983   0.0000020436
      87  -0.0000553098   0.0000615544  -0.0000304798  -0.0000155535   0.0000204957   0.0079517797
      88   0.0000562811  -0.0001656414   0.0000033507  -0.0005002025   0.0000373868  -0.0000022534
      89  -0.0000412289  -0.0000147580   0.0000028545   0.0001391115  -0.0000107546  -0.0000021113
      90  -0.0000352906   0.0000536279   0.0000270344   0.0000266982  -0.0000311559  -0.0008509803
      91  -0.0000516174   0.0000966693   0.0000054677   0.0000560374   0.0001717755  -0.0000030204
      92  -0.0000250272   0.0002168795  -0.0000062128  -0.0001912416   0.0000147010   0.0000059101
      93  -0.0000453330   0.0000645862  -0.0000980379   0.0000227277  -0.0000250788   0.0000339135
      94   0.0000842751   0.0001766452  -0.0000014622  -0.0000673337   0.0000803004   0.0000024423
      95  -0.0002079158   0.0000131738   0.0000013694  -0.0000019558   0.0002412297  -0.0000049717
      96  -0.0000067651  -0.0000000462   0.0000318839  -0.0000054090  -0.0000043678  -0.0001000977
      97  -0.0004774306   0.0000403021  -0.0000027430   0.0000532412  -0.0001669521   0.0000018228
      98   0.0001310045  -0.0000172773  -0.0000021757  -0.0000439832  -0.0000075312   0.0000014882
      99  -0.0000142214   0.0000259604  -0.0008486658  -0.0000136160   0.0000259088   0.0000291564
     100   0.0005610225   0.0001265568   0.0000063444   0.0001010437  -0.0001604411  -0.0000075874
     101  -0.0019057027  -0.0005120967   0.0000067530  -0.0001684530  -0.0002707928  -0.0000073465
     102  -0.0000300613   0.0000401367   0.0009948768   0.0000120968  -0.0000169710   0.0001643937
     103  -0.0000097848   0.0000797562   0.0000102185   0.0091378520  -0.0078579891  -0.0000076671
     104   0.0000811367   0.0001289484  -0.0000104069   0.0236952200  -0.0150734020   0.0000074551
     105  -0.0000269820   0.0000461770   0.0000198685   0.0000317581  -0.0000153931   0.0006496444
     106   0.0001268269  -0.0001608991  -0.0000055897   0.0005439286   0.0001175546   0.0000067093
     107  -0.0001716564  -0.0002831026  -0.0000054420  -0.0019124983  -0.0005079722   0.0000069709
     108  -0.0000303547   0.0000424471   0.0001647812  -0.0000008107   0.0000151798   0.0009952072
     109   0.0091795196  -0.0078422439  -0.0000003353  -0.0000436050   0.0000588091   0.0000073348
     110   0.0236732277  -0.0150961492   0.0000002355   0.0001208309   0.0001642087  -0.0000075234
     111   0.0000017357   0.0000080984   0.0006493372   0.0000085325  -0.0000265988   0.0000195344
                     25             26             27             28             29             30
       1  -0.0101261246  -0.0163656777   0.0000326210   0.0055973177  -0.0068031554   0.0000021735
       2  -0.0068316747   0.0056087825  -0.0000028814  -0.0163814228  -0.0101333946   0.0000014243
       3   0.0000056452   0.0000224414  -0.0006552373  -0.0000124926  -0.0000275662  -0.0006547743
       4  -0.0008637661   0.0030055177   0.0000779868  -0.0086372925  -0.0015140364   0.0000528039
       5   0.0024868841   0.0085502383   0.0000059058  -0.0257776271   0.0170696626  -0.0001514999
       6   0.0000158878   0.0000054994   0.0005144154  -0.0000099993   0.0000010839  -0.0028543319
       7  -0.2025382585  -0.0845197244   0.0000026939   0.0004433007  -0.0018280642  -0.0000042153
       8  -0.1144416625  -0.2058350668   0.0000372903  -0.0057765772   0.0089045942   0.0001643044
       9  -0.0000023991  -0.0000005067  -0.0734630022  -0.0000058442   0.0000054401   0.0004117308
      10   0.0172609075  -0.0259171487  -0.0000021487   0.0085475574   0.0024499744   0.0000021234
      11  -0.0015462289  -0.0086969331   0.0000063187   0.0029213122  -0.0009687645   0.0000197354
      12   0.0000057854   0.0000005886  -0.0028528823  -0.0000035677   0.0000121702   0.0005113760
      13   0.0088184091  -0.0056237207   0.0000145284  -0.2058185407  -0.1144540598  -0.0000075260
      14  -0.0018118307   0.0005164391  -0.0000049630  -0.0844463266  -0.2026311303   0.0000247508
      15   0.0000131188  -0.0000073031   0.0004134994  -0.0000176775   0.0000064238  -0.0734659005
      16  -0.0060820511   0.0026346923   0.0000045181  -0.0244902066   0.0375597781   0.0002935188
      17   0.0026158655  -0.0196028694  -0.0000068259   0.0708937423  -0.0244544741   0.0005493951
      18   0.0000111870   0.0000323984  -0.0003271876  -0.0000288751   0.0000009378   0.0087433945
      19  -0.0055744933   0.0081968090   0.0000040223  -0.0182674264   0.0033881059   0.0002938105
      20  -0.0082206218  -0.0012066601   0.0000186680   0.0032230911  -0.0151610110  -0.0002684757
      21   0.0000200400   0.0000256682   0.0001914706  -0.0000237783  -0.0000070099  -0.0004481860
      22   0.0097067576   0.0336676577  -0.0000305101  -0.0154026061  -0.0033941984  -0.0002905870
      23  -0.0336728945  -0.1170931956   0.0000203446  -0.0031874517  -0.0185463410   0.0003064274
      24  -0.0000003305  -0.0000029117   0.0025225448   0.0000040526   0.0000112509  -0.0004482133
      25   0.6169438427  -0.0710018924  -0.0000108584  -0.0077805487  -0.0057196385  -0.0002940935
      26  -0.0710018924   0.8285885805  -0.0000217563   0.0153181990  -0.0075501996  -0.0002771433
      27  -0.0000108584  -0.0000217563   0.1656867388   0.0000416127   0.0000167983   0.0002179815
      28  -0.0077805487   0.0153181990   0.0000416127   0.8285362283  -0.0711056528   0.0002800365
      29  -0.0057196385  -0.0075501996   0.0000167983  -0.0711056528   0.6167883817   0.0001378755
      30  -0.0002940935  -0.0002771433   0.0002179815   0.0002800365   0.0001378755   0.1656868247
      31  -0.0182368984  -0.0031629910  -0.0000335279  -0.1171068316  -0.0334202505  -0.0002935557
      32  -0.0036955267  -0.0154765423   0.0000206848   0.0338614888   0.0096831277   0.0001321027
      33   0.0000167794   0.0000261894  -0.0004481746  -0.0000262690  -0.0000294668   0.0025231884
      34  -0.0154030262   0.0031735963   0.0000257753  -0.0011440131  -0.0084777149   0.0002969180
      35   0.0036629805  -0.0182254943  -0.0000115791   0.0080385945  -0.0054402893  -0.0001535096
      36   0.0000099496   0.0000125565  -0.0004476891  -0.0000100020  -0.0000010281   0.0001922570
      37  -0.0244834520   0.0708600832  -0.0000433538  -0.0195647154   0.0029262935  -0.0002849885
      38   0.0377827219  -0.0245101705  -0.0000115698   0.0025345151  -0.0059307332  -0.0001539542
      39   0.0000174522   0.0000182596   0.0087431642  -0.0000090009  -0.0000181154  -0.0003276263
      40   0.0038679397  -0.0018223122  -0.0000004954   0.0139540267  -0.0022600612  -0.0000001249
      41  -0.0047305742   0.0037711131   0.0000009834  -0.0146883910  -0.0033510668   0.0000037685
      42  -0.0000012837   0.0000088235  -0.0000897485  -0.0000046363   0.0000088983   0.0067856723
      43   0.0037039012  -0.0031008891   0.0000028227   0.0074000322   0.0002291410   0.0000003338
      44   0.0047046093  -0.0044835665   0.0000068422   0.0145217291  -0.0021330330  -0.0000036794
      45   0.0000075871   0.0000081368   0.0000817051  -0.0000108578  -0.0000061183  -0.0006265614
      46  -0.0017919231   0.0155303349   0.0000033485   0.0084390792   0.0034077555   0.0000002110
      47   0.0647231048  -0.0534455671   0.0000042842   0.0092524971   0.0039187368   0.0000049776
      48   0.0000233870   0.0000116168   0.0091786651  -0.0000128887  -0.0000107483  -0.0002048130
      49  -0.2625761616   0.0375623946  -0.0000003385   0.0065330653   0.0031060038  -0.0000036505
      50   0.0282472083  -0.0885870353  -0.0000040195  -0.0081649112  -0.0043429346   0.0000042960
      51  -0.0000081038   0.0000149389  -0.0699083031  -0.0000060911  -0.0000113118   0.0000811002
      52  -0.0043087763  -0.0081296466   0.0000057710  -0.0885819870   0.0282553900  -0.0000044716
      53   0.0031062583   0.0065490804  -0.0000021860   0.0375526056  -0.2625649505   0.0000004243
      54   0.0000217915   0.0000258296   0.0000813353  -0.0000107038  -0.0000074060  -0.0699085464
      55   0.0039270242   0.0092355287   0.0000034001  -0.0534201816   0.0647436154  -0.0000016629
      56   0.0034133626   0.0084188084  -0.0000010814   0.0155216168  -0.0017811677  -0.0000019921
      57   0.0000251593   0.0000154711  -0.0002048318  -0.0000175147  -0.0000108781   0.0091793316
      58  -0.0021101932   0.0145427542  -0.0000046332  -0.0045102252   0.0046745593   0.0000053976
      59   0.0002386027   0.0073899662  -0.0000012557  -0.0030833241   0.0037063993  -0.0000008416
      60   0.0000003831  -0.0000083827  -0.0006271798   0.0000113435  -0.0000005358   0.0000820525
      61  -0.0033641125  -0.0147068540  -0.0000007519   0.0038058874  -0.0046792609  -0.0000015949
      62  -0.0022645940   0.0139617649  -0.0000011676  -0.0018184112   0.0038635653  -0.0000032279
      63  -0.0000040070   0.0000156324   0.0067861614  -0.0000119447   0.0000041501  -0.0000903525
      64   0.0056369035  -0.0157702137   0.0000055385  -0.3414999424   0.0849773674  -0.0000051666
      65  -0.0029444223   0.0159262970  -0.0000138587   0.0465000405  -0.1260686016  -0.0000342847
      66   0.0000177086   0.0000002303   0.0001369749  -0.0000109151  -0.0000188380  -0.0582311222
      67   0.0106462572  -0.0030853599  -0.0000020537   0.0048224650   0.0081976213  -0.0000017600
      68   0.0081996555   0.0048110534   0.0000203883  -0.0030506427   0.0103369157  -0.0002398755
      69  -0.0000058461  -0.0000130233  -0.0001644873   0.0000094412  -0.0000016801  -0.0001637357
      70   0.0102422119   0.0057893187   0.0000033068   0.0142229305   0.0263177652   0.0000011047
      71   0.0263491129   0.0142324978  -0.0000243465   0.0057523242   0.0105347218   0.0002365921
      72   0.0000065285   0.0000218011   0.0047337676  -0.0000191985  -0.0000201533   0.0047346258
      73  -0.1260605366   0.0464796746   0.0000081446   0.0159646889  -0.0029341420  -0.0000040381
      74   0.0849932509  -0.3415003506  -0.0000092761  -0.0157474297   0.0053330903  -0.0002352163
      75   0.0000042383  -0.0000146848  -0.0582302690   0.0000073793   0.0000219554   0.0001362557
      76   0.0000049382   0.0000064948  -0.0000035557   0.0000296092   0.0001836425   0.0000010151
      77  -0.0000903076  -0.0000906307  -0.0000052945  -0.0001809059   0.0000665405   0.0000020611
      78  -0.0000039791   0.0000158865  -0.0000083832  -0.0000124499  -0.0000124427   0.0000316772
      79   0.0000315437   0.0002228973   0.0000052233  -0.0000190274  -0.0001553363   0.0000019569
      80   0.0000661490   0.0000187533  -0.0000026278  -0.0000157318  -0.0004863779  -0.0000020892
      81   0.0000317474   0.0000105808  -0.0000304804  -0.0000142381  -0.0000082684  -0.0008497117
      82  -0.0010673298  -0.0020835558  -0.0000064530   0.0000097734   0.0000319897   0.0000076293
      83  -0.0007797975  -0.0057676117   0.0000030364   0.0001857922   0.0000487351  -0.0000058122
      84   0.0000291996   0.0000188586   0.0079538609  -0.0000231118   0.0000002889   0.0000295086
      85  -0.0076978912  -0.0186414490  -0.0000034464   0.0002234025   0.0000077228  -0.0000045596
      86   0.0088585342   0.0093187892  -0.0000013484  -0.0000957904  -0.0000488597  -0.0000049843
      87  -0.0000168117  -0.0000131663  -0.0007215329   0.0000101294  -0.0000034982  -0.0000997741
      88  -0.0000641637  -0.0000973712  -0.0000055747   0.0093201938   0.0088455076  -0.0000007805
      89  -0.0000029883   0.0002176306  -0.0000044518  -0.0186182939  -0.0076737232  -0.0000014719
      90   0.0000281893   0.0000281820  -0.0000980191  -0.0000307212  -0.0000154257  -0.0007217058
      91   0.0000553827   0.0001676775  -0.0000037789  -0.0057627565  -0.0007943669   0.0000063936
      92   0.0000388919  -0.0000024393   0.0000048726  -0.0020563197  -0.0010389188  -0.0000087821
      93   0.0000226955   0.0000274779   0.0000270592  -0.0000261157  -0.0000129772   0.0079519712
      94  -0.0005020398  -0.0000378475   0.0000030314   0.0000182976   0.0000817678   0.0000029234
      95  -0.0001474052  -0.0000137300  -0.0000044580   0.0002289403   0.0000457150  -0.0000035700
      96  -0.0000051435  -0.0000101000  -0.0008486456   0.0000182638   0.0000066230  -0.0000296354
      97   0.0000518345  -0.0001709000   0.0000011769  -0.0000849350  -0.0000888627  -0.0000066348
      98   0.0001842186   0.0000238185  -0.0000001761   0.0000124077   0.0000271184  -0.0000086057
      99  -0.0000094863  -0.0000243946   0.0000318911   0.0000044997   0.0000112368  -0.0000070757
     100  -0.0000390009  -0.0000935542  -0.0000105262  -0.0150685077  -0.0236867339   0.0000018106
     101  -0.0001372094   0.0001138800  -0.0000105477   0.0078766181   0.0091919882   0.0000013442
     102   0.0000079750   0.0000025046   0.0000198790  -0.0000349417  -0.0000335667   0.0006497970
     103   0.0005454119  -0.0001377573  -0.0000063254  -0.0004875759   0.0018869540   0.0000138324
     104   0.0019069831  -0.0004896298   0.0000064846  -0.0001136188   0.0005717158  -0.0000144720
     105   0.0000203218   0.0000214716   0.0009948970  -0.0000334452  -0.0000230931   0.0009946523
     106   0.0091379104   0.0078559569   0.0000002711   0.0001043412  -0.0001175033  -0.0000109818
     107  -0.0236881100  -0.0150824999   0.0000003403  -0.0000539591  -0.0000081621  -0.0000114467
     108  -0.0000120659  -0.0000115613   0.0006493720  -0.0000144946   0.0000005246   0.0000198854
     109   0.0000977582   0.0001753814   0.0000053014  -0.0002825396   0.0001502598   0.0000026829
     110   0.0001515059  -0.0002919486  -0.0000052739   0.0001776298   0.0001228484  -0.0000027546
     111   0.0000090219  -0.0000007941   0.0001647984  -0.0000011027  -0.0000030985   0.0001644240
                     31             32             33             34             35             36
       1   0.0056000428   0.0068380503  -0.0000628989   0.0056032826   0.0068539548  -0.0000043275
       2   0.0163857323  -0.0101313816   0.0000015788   0.0163600073  -0.0101239994  -0.0000023901
       3   0.0000131880  -0.0000273194  -0.0006547274  -0.0000117015  -0.0000179009  -0.0006552626
       4   0.0005483677   0.0018467860   0.0000655437  -0.0086424786   0.0014933889  -0.0000331252
       5   0.0056113282   0.0087564046   0.0000409493   0.0259142412   0.0172264007  -0.0000063507
       6   0.0000115026   0.0000010707   0.0004117714  -0.0000204095   0.0000089029  -0.0028548760
       7  -0.0087160691   0.0014753989  -0.0000719050   0.0004718640   0.0018272611   0.0000150102
       8   0.0259097928   0.0172088177  -0.0000291371   0.0056386383   0.0088040467   0.0000050034
       9   0.0000017554   0.0000041260  -0.0028543557  -0.0000026845   0.0000103517   0.0004111444
      10   0.0085498026  -0.0024861822  -0.0000020502  -0.2058246920   0.1144336925  -0.0000036726
      11  -0.0029952927  -0.0009896220  -0.0000655200   0.0844906533  -0.2024941492   0.0000250322
      12   0.0000035208   0.0000113262   0.0005117598   0.0000044820   0.0000111448  -0.0734649424
      13  -0.2058261356   0.1144823759  -0.0000046459   0.0085529800  -0.0024653823  -0.0000026889
      14   0.0845184985  -0.2025932396   0.0001099057  -0.0029687282  -0.0009165600  -0.0000176341
      15   0.0000178704   0.0000058093  -0.0734656645   0.0000001804   0.0000190447   0.0005120479
      16  -0.0154258716   0.0036826116  -0.0000493454  -0.0182504777  -0.0036636504  -0.0000158916
      17   0.0031544675  -0.0182132553  -0.0001277618  -0.0031328309  -0.0154600289  -0.0000144537
      18   0.0000064920  -0.0000019491  -0.0004481987  -0.0000125702   0.0000096308  -0.0004476884
      19  -0.0077954262   0.0059968593  -0.0000441740  -0.0244776487  -0.0378458251  -0.0000167621
      20  -0.0153345487  -0.0078238437   0.0000798872  -0.0708431759  -0.0245139858   0.0000298741
      21   0.0000187200  -0.0000120507   0.0002179836  -0.0000150686   0.0000172258   0.0087431473
      22  -0.0244798261  -0.0378584976   0.0000154819  -0.0077804638   0.0060288531   0.0000089849
      23  -0.0708700016  -0.0244768409  -0.0000206277  -0.0152902671  -0.0077595007   0.0000046591
      24   0.0000190706   0.0000137365   0.0087433738  -0.0000085293  -0.0000089892   0.0002177045
      25  -0.0182368984  -0.0036955267   0.0000167794  -0.0154030262   0.0036629805   0.0000099496
      26  -0.0031629910  -0.0154765423   0.0000261894   0.0031735963  -0.0182254943   0.0000125565
      27  -0.0000335279   0.0000206848  -0.0004481746   0.0000257753  -0.0000115791  -0.0004476891
      28  -0.1171068316   0.0338614888  -0.0000262690  -0.0011440131   0.0080385945  -0.0000100020
      29  -0.0334202505   0.0096831277  -0.0000294668  -0.0084777149  -0.0054402893  -0.0000010281
      30  -0.0002935557   0.0001321027   0.0025231884   0.0002969180  -0.0001535096   0.0001922570
      31   0.8285959785   0.0709660084   0.0000386728  -0.0195670729  -0.0026481103  -0.0000030879
      32   0.0709660084   0.6170657703  -0.0000225107  -0.0026147482  -0.0060949658  -0.0000052065
      33   0.0000386728  -0.0000225107   0.1656866753  -0.0000319247   0.0000054133  -0.0003276021
      34  -0.0195670729  -0.0026147482  -0.0000319247   0.8285352968   0.0710358340  -0.0000057736
      35  -0.0026481103  -0.0060949658   0.0000054133   0.0710358340   0.6169229297   0.0000102332
      36  -0.0000030879  -0.0000052065  -0.0003276021  -0.0000057736   0.0000102332   0.1656859368
      37  -0.0011694452   0.0081788375   0.0000226987  -0.1171090700   0.0336734387   0.0000058539
      38  -0.0082181899  -0.0055608181   0.0000061559  -0.0336448398   0.0096777334   0.0000089897
      39   0.0000215675  -0.0000159752   0.0001922283  -0.0000191948   0.0000229440   0.0025231715
      40   0.0084184836  -0.0034215262  -0.0000007890   0.0073943958  -0.0002298742  -0.0000006329
      41  -0.0092525718   0.0039295287   0.0000050010  -0.0145294652  -0.0021405310   0.0000004731
      42   0.0000020025   0.0000064547  -0.0002047660   0.0000068428  -0.0000037264  -0.0006263526
      43   0.0065198506  -0.0031206579   0.0000033164   0.0139598906   0.0022577545   0.0000006611
      44   0.0081481883  -0.0043432650   0.0000034214   0.0147009091  -0.0033364972  -0.0000012718
      45   0.0000056288  -0.0000046734   0.0000811076  -0.0000162998   0.0000012396   0.0067852414
      46   0.0139704660   0.0022550571   0.0000001891   0.0065324591  -0.0031054624   0.0000020434
      47   0.0146984832  -0.0033515251   0.0000028019   0.0081563456  -0.0043325035   0.0000013902
      48   0.0000147061  -0.0000091347   0.0067857028  -0.0000255645   0.0000127594   0.0000807471
      49   0.0074100338  -0.0002387603  -0.0000006651   0.0084386766  -0.0034123928   0.0000001028
      50  -0.0145325402  -0.0021361739  -0.0000022834  -0.0092412115   0.0039590351   0.0000034436
      51   0.0000114114  -0.0000130198  -0.0006265777  -0.0000067094   0.0000095885  -0.0002042098
      52  -0.0534119609  -0.0647437878   0.0000019047  -0.0045105556  -0.0046884703  -0.0000021120
      53  -0.0155337510  -0.0017894269  -0.0000019243   0.0031047862   0.0037047330  -0.0000029667
      54   0.0000159146  -0.0000076085   0.0091793865  -0.0000187120  -0.0000035419   0.0000825426
      55  -0.0885868005  -0.0282574835   0.0000041114   0.0038074089   0.0047008651  -0.0000019980
      56  -0.0375675013  -0.2625558799   0.0000005132   0.0018218963   0.0038679793  -0.0000021669
      57   0.0000053444  -0.0000145592  -0.0699086395  -0.0000174481  -0.0000013918  -0.0000908681
      58   0.0038052490   0.0046673437   0.0000011706  -0.0885831822  -0.0282507949  -0.0000021784
      59   0.0018115143   0.0038640992  -0.0000030764  -0.0375562141  -0.2625764272  -0.0000032729
      60   0.0000063208   0.0000018027  -0.0000903133  -0.0000125910  -0.0000005216  -0.0699088280
      61  -0.0045069934  -0.0046780664  -0.0000044941  -0.0534157035  -0.0647604250   0.0000028257
      62   0.0030932406   0.0037051052  -0.0000010014  -0.0155183567  -0.0017922526  -0.0000012770
      63  -0.0000035766   0.0000003149   0.0000819561   0.0000074991  -0.0000018334   0.0091796696
      64   0.0142558464  -0.0263802623   0.0000045333   0.0048228829  -0.0082094211   0.0000056447
      65  -0.0058132431   0.0101924517   0.0000745258   0.0031103046   0.0106636974  -0.0000100325
      66   0.0000263629  -0.0000192064   0.0047346049  -0.0000201011   0.0000075526  -0.0001642614
      67   0.0159346764   0.0029276936   0.0000010856  -0.3414995791  -0.0849691547  -0.0000003729
      68   0.0157737487   0.0056685231   0.0000065505  -0.0464771126  -0.1260561553  -0.0000047869
      69  -0.0000231584   0.0000091881   0.0001362864   0.0000127678   0.0000083043  -0.0582304682
      70  -0.3415260806  -0.0850184420   0.0000048711   0.0159620242   0.0029321417  -0.0000044800
      71  -0.0464962169  -0.1260955036  -0.0000034137   0.0157416915   0.0055985884  -0.0000007007
      72   0.0000118425  -0.0000158746  -0.0582311270  -0.0000135564   0.0000124879   0.0001369974
      73   0.0048138253  -0.0081938634  -0.0000006342   0.0142367806  -0.0263433680   0.0000039912
      74   0.0030473592   0.0106576635   0.0000038091  -0.0057486551   0.0102821519  -0.0000068829
      75   0.0000014627   0.0000200656  -0.0001637127  -0.0000098348  -0.0000123446   0.0047337289
      76   0.0000034623  -0.0000446525  -0.0000062085  -0.0000124086   0.0001485441   0.0000021940
      77  -0.0001769889   0.0000611565  -0.0000057507   0.0000299418  -0.0005041335   0.0000015928
      78   0.0000366203  -0.0000110912   0.0000294821  -0.0000127558   0.0000123554  -0.0008483416
      79   0.0002268898  -0.0000234133   0.0000057561   0.0000291461  -0.0001822274   0.0000019609
      80   0.0000888302  -0.0000385401  -0.0000049683   0.0001831328   0.0000452680  -0.0000004852
      81   0.0000073504  -0.0000115926  -0.0000997418  -0.0000192674   0.0000056442   0.0000323971
      82   0.0000120615  -0.0002017743  -0.0000026026   0.0002211621   0.0000107813   0.0000035309
      83   0.0001759154   0.0000546223   0.0000020680   0.0000902815  -0.0000605453  -0.0000041878
      84  -0.0000002490  -0.0000015585   0.0000316501  -0.0000186978  -0.0000037630  -0.0001002599
      85  -0.0000212604   0.0001430558  -0.0000025804   0.0000120214  -0.0000497034  -0.0000020081
      86   0.0000266478  -0.0004962948  -0.0000022580  -0.0001684848   0.0000457049  -0.0000013779
      87  -0.0000020645  -0.0000016373  -0.0008496877   0.0000200197  -0.0000010507   0.0000281086
      88  -0.0057588929   0.0007649145  -0.0000065970   0.0000162250  -0.0000835528   0.0000003342
      89   0.0020758683  -0.0010424432  -0.0000087700  -0.0002166824   0.0000272807   0.0000009296
      90   0.0000308617  -0.0000154623   0.0079519574  -0.0000326780   0.0000141415  -0.0000304564
      91   0.0093187117  -0.0088721715   0.0000005243  -0.0000849783   0.0001189527   0.0000045030
      92   0.0186293484  -0.0076665580  -0.0000002316   0.0000049806  -0.0000014121  -0.0000048537
      93   0.0000251616  -0.0000145700  -0.0007217154  -0.0000219795   0.0000134384  -0.0000059870
      94  -0.0000898403   0.0000852295   0.0000064667   0.0093193774  -0.0088364062   0.0000011630
      95  -0.0000011676   0.0000306346  -0.0000092557   0.0186238193  -0.0076910461  -0.0000018002
      96   0.0000004429   0.0000085154  -0.0000070776   0.0000140074   0.0000041230  -0.0007227394
      97   0.0000169520  -0.0000803955  -0.0000029911  -0.0057605707   0.0007653082  -0.0000016395
      98  -0.0002272993   0.0000481259  -0.0000043640   0.0020775483  -0.0010633249  -0.0000020361
      99  -0.0000230319   0.0000083053  -0.0000296405   0.0000179000  -0.0000034199   0.0079525279
     100  -0.0004824072  -0.0019043408  -0.0000139345  -0.0002831606  -0.0001576361   0.0000031030
     101   0.0001157729   0.0005801014  -0.0000145472  -0.0001801494   0.0001028960   0.0000032413
     102   0.0000442832  -0.0000268908   0.0009946515  -0.0000173950   0.0000053961   0.0001642286
     103  -0.0150746854   0.0236677827  -0.0000021354   0.0001005137   0.0001583417   0.0000077634
     104  -0.0078700783   0.0091890503   0.0000012462   0.0000713519  -0.0000512264  -0.0000079669
     105   0.0000246573  -0.0000277882   0.0006497788   0.0000045331  -0.0000024559   0.0000200321
     106  -0.0002822090  -0.0001595774  -0.0000027726  -0.0004835023  -0.0019202605  -0.0000032648
     107  -0.0001895936   0.0001210772  -0.0000026679   0.0001252709   0.0005496206  -0.0000035420
     108  -0.0000086331  -0.0000003766   0.0001644207   0.0000258518  -0.0000103776   0.0009948568
     109   0.0000900502   0.0001051643   0.0000107542  -0.0150670623   0.0237019725   0.0000024083
     110   0.0000684895  -0.0000070849  -0.0000114273  -0.0078693769   0.0091585812  -0.0000022530
     111   0.0000239062  -0.0000029888   0.0000198911   0.0000062495  -0.0000106002   0.0006497412
                     37             38             39             40             41             42
       1   0.0055875730  -0.0067642598   0.0000820664   0.0064912436  -0.0020666331   0.0000056878
       2  -0.0163712231  -0.0101305762  -0.0000023503  -0.0011322604  -0.0014691570  -0.0000003818
       3   0.0000101388  -0.0000165344  -0.0006552295  -0.0000031794   0.0000024822   0.0010059618
       4   0.0005265818  -0.0014700691   0.0002775909  -0.0641944328  -0.0110593224   0.0000578181
       5  -0.0056363280   0.0088290626   0.0000044124  -0.0330930433  -0.0058174340  -0.0000050658
       6   0.0000081906   0.0000134889   0.0004111822  -0.0000003562  -0.0000014558   0.0145453452
       7  -0.0087061906  -0.0015063762   0.0000749369  -0.0004132604  -0.0002341832  -0.0000159219
       8  -0.0259254683   0.0172072655  -0.0000064863  -0.0005035072   0.0003166837   0.0000034404
       9   0.0000143759   0.0000068178  -0.0028548945   0.0000018001  -0.0000030522  -0.0000907491
      10  -0.2058259904  -0.1144288947  -0.0000015212  -0.0061806536   0.0090753260   0.0000073931
      11  -0.0845183371  -0.2025530066   0.0000538370  -0.0012937898  -0.0007440673  -0.0000247083
      12  -0.0000050012   0.0000110696  -0.0734649209   0.0000000970  -0.0000053031  -0.0005740981
      13   0.0085455542   0.0024604281   0.0000027989  -0.0087259240   0.0098551028  -0.0000017073
      14   0.0029762313  -0.0009071742  -0.0000650889   0.0002442598  -0.0000401975   0.0000193520
      15  -0.0000000808   0.0000177709   0.0005124386   0.0000004714  -0.0000020882  -0.0000650198
      16  -0.0077801811  -0.0059893522  -0.0000416978  -0.2625452975   0.0282743071  -0.0000052136
      17   0.0152786764  -0.0078112763  -0.0000032205   0.0375587414  -0.0885407128  -0.0000231244
      18   0.0000185095   0.0000052156   0.0002177114   0.0000030735  -0.0000043250  -0.0699078829
      19  -0.0154121845  -0.0036826121  -0.0000422618  -0.0017762840  -0.0647289800  -0.0000068770
      20  -0.0032207686  -0.0182841197   0.0000630673  -0.0155256154  -0.0534263885   0.0000004452
      21   0.0000319843   0.0000183328  -0.0004476945  -0.0000041410   0.0000024908   0.0091786518
      22  -0.0182395722   0.0036618235   0.0000175417   0.0037095390  -0.0047333910   0.0000004386
      23   0.0031915447  -0.0153858891  -0.0000134856   0.0030964730  -0.0044947861   0.0000027881
      24   0.0000018283  -0.0000034170  -0.0004476746  -0.0000020896   0.0000071716   0.0000815656
      25  -0.0244834520   0.0377827219   0.0000174522   0.0038679397  -0.0047305742  -0.0000012837
      26   0.0708600832  -0.0245101705   0.0000182596  -0.0018223122   0.0037711131   0.0000088235
      27  -0.0000433538  -0.0000115698   0.0087431642  -0.0000004954   0.0000009834  -0.0000897485
      28  -0.0195647154   0.0025345151  -0.0000090009   0.0139540267  -0.0146883910  -0.0000046363
      29   0.0029262935  -0.0059307332  -0.0000181154  -0.0022600612  -0.0033510668   0.0000088983
      30  -0.0002849885  -0.0001539542  -0.0003276263  -0.0000001249   0.0000037685   0.0067856723
      31  -0.0011694452  -0.0082181899   0.0000215675   0.0084184836  -0.0092525718   0.0000020025
      32   0.0081788375  -0.0055608181  -0.0000159752  -0.0034215262   0.0039295287   0.0000064547
      33   0.0000226987   0.0000061559   0.0001922283  -0.0000007890   0.0000050010  -0.0002047660
      34  -0.1171090700  -0.0336448398  -0.0000191948   0.0073943958  -0.0145294652   0.0000068428
      35   0.0336734387   0.0096777334   0.0000229440  -0.0002298742  -0.0021405310  -0.0000037264
      36   0.0000058539   0.0000089897   0.0025231715  -0.0000006329   0.0000004731  -0.0006263526
      37   0.8285911831  -0.0710250448   0.0000175514   0.0065215474  -0.0081660279   0.0000134525
      38  -0.0710250448   0.6169449636   0.0000152967   0.0031158029  -0.0043404456  -0.0000049762
      39   0.0000175514   0.0000152967   0.1656861206  -0.0000023135   0.0000018712   0.0000807513
      40   0.0065215474   0.0031158029  -0.0000023135   0.6922591652   0.1436089667   0.0000004869
      41  -0.0081660279  -0.0043404456   0.0000018712   0.1436089667   0.8006045436  -0.0000054598
      42   0.0000134525  -0.0000049762   0.0000807513   0.0000004869  -0.0000054598   0.1259370692
      43   0.0084177747   0.0034104028   0.0000007528  -0.1157483742   0.0153658957  -0.0000028922
      44   0.0092613614   0.0039468356   0.0000031045  -0.0153737533  -0.4590900966  -0.0000016064
      45   0.0000043723   0.0000021161  -0.0002041632  -0.0000016893   0.0000099368  -0.0606643284
      46   0.0074088658   0.0002476262   0.0000002351  -0.0027292457   0.0029410504   0.0000001474
      47   0.0145163375  -0.0021294249  -0.0000006504  -0.0029294028   0.0036915715   0.0000015323
      48   0.0000026491   0.0000141959  -0.0006263560  -0.0000055606   0.0000101583   0.0001346783
      49   0.0139663158  -0.0022538697  -0.0000006176  -0.0026122065   0.0030101032  -0.0000017059
      50  -0.0146865947  -0.0033366788   0.0000003393   0.0030016473  -0.0036102738   0.0000032238
      51   0.0000152464   0.0000085011   0.0067852776   0.0000041548  -0.0000100752  -0.0001132221
      52   0.0038043820  -0.0046804782   0.0000028305  -0.0014518735   0.0027435430  -0.0000005583
      53  -0.0018256405   0.0038568743  -0.0000033872   0.0018897726  -0.0014902517  -0.0000005652
      54   0.0000167697  -0.0000045514  -0.0000908774   0.0000030136  -0.0000086301  -0.0000152668
      55  -0.0045020534   0.0047074912   0.0000026974   0.0022048027  -0.0020861316  -0.0000013912
      56  -0.0030954629   0.0037111297  -0.0000014140   0.0015021750  -0.0019787432  -0.0000005910
      57   0.0000199730  -0.0000001998   0.0000824820  -0.0000048376   0.0000082454  -0.0001806653
      58  -0.0534122941   0.0647614988  -0.0000017338  -0.0019701433   0.0020904380   0.0000029423
      59   0.0155144342  -0.0017878047  -0.0000016997  -0.0015075029   0.0021883576   0.0000022736
      60  -0.0000045715   0.0000043534   0.0091796824  -0.0000045409   0.0000057269  -0.0001809906
      61  -0.0885884953   0.0282473637   0.0000015381   0.0017065428  -0.0028349655   0.0000043332
      62   0.0375551842  -0.2625753002  -0.0000027729  -0.0019638987   0.0016962638  -0.0000017417
      63   0.0000137430  -0.0000095672  -0.0699089065   0.0000043957  -0.0000115323   0.0000374728
      64   0.0159363128  -0.0029603500   0.0000149567  -0.0188304025   0.0486143635  -0.0000256950
      65  -0.0158050602   0.0056356947  -0.0000275924   0.0220613821  -0.0255424481  -0.0000345728
      66   0.0000197331   0.0000107178   0.0001370226   0.0000034805  -0.0000027742   0.0044494162
      67   0.0142533069   0.0263355360   0.0000077183  -0.0147437926   0.0116509859  -0.0000295870
      68   0.0057863275   0.0102548660  -0.0000183963  -0.0086472188   0.0179063680   0.0000417520
      69  -0.0000065993   0.0000014699   0.0047337101   0.0000103787  -0.0000060634   0.0028016222
      70   0.0048238641   0.0082217253  -0.0000128067  -0.0055432606   0.0067224487   0.0000261970
      71  -0.0030966495   0.0106325343   0.0000105545  -0.0039525194   0.0045054719  -0.0000422665
      72   0.0000222263   0.0000036486  -0.0001642341   0.0000056572  -0.0000042530  -0.0001984758
      73  -0.3415184434   0.0849771640  -0.0000004891  -0.0041508494   0.0060258349   0.0000257020
      74   0.0464844539  -0.1260196487  -0.0000154016   0.0026455415  -0.0038206674   0.0000410544
      75   0.0000066065   0.0000047964  -0.0582304889  -0.0000061580   0.0000037630   0.0001391114
      76   0.0002287588  -0.0000027860  -0.0000027187  -0.2427471442  -0.1473337303  -0.0000017638
      77  -0.0001116712  -0.0000666345  -0.0000041375  -0.1474889917  -0.1744856810   0.0000013202
      78   0.0000314369   0.0000085158  -0.0001002680   0.0000067515  -0.0000041960  -0.0325318545
      79  -0.0000032606   0.0000486699   0.0000034521   0.0075598447  -0.0052151180  -0.0000081039
      80   0.0001786298   0.0000410139  -0.0000014528   0.0239709649  -0.0050757128   0.0000049685
      81  -0.0000030020   0.0000059091   0.0000280941  -0.0000031196   0.0000045363   0.0036797327
      82  -0.0000209754  -0.0001388228  -0.0000039501  -0.0000762690   0.0000215273   0.0000030264
      83  -0.0000255363  -0.0004950259   0.0000016065  -0.0000691637   0.0000673760  -0.0000013276
      84  -0.0000017076   0.0000024148  -0.0008483379   0.0000007364   0.0000083841  -0.0000192596
      85   0.0000132698   0.0001880290  -0.0000022020  -0.0000624049   0.0000011286  -0.0000030529
      86  -0.0001866176   0.0000543620  -0.0000004124   0.0000788867  -0.0000658119  -0.0000038666
      87   0.0000006625  -0.0000016743   0.0000324037  -0.0000001642  -0.0000068308   0.0000151512
      88  -0.0000878969  -0.0000974992  -0.0000044621  -0.0000687266   0.0000381848   0.0000020192
      89   0.0000019451   0.0000009756  -0.0000041626   0.0000817793  -0.0000954849   0.0000016760
      90   0.0000266610   0.0000148068  -0.0000059996  -0.0000003113   0.0000004695   0.0000246360
      91   0.0000184997   0.0000999648  -0.0000006162   0.0000967198   0.0000610538   0.0000003704
      92   0.0002233772   0.0000270940   0.0000013915   0.0000541627  -0.0000035879  -0.0000023483
      93   0.0000264662   0.0000123625  -0.0000304667  -0.0000002838  -0.0000004269  -0.0001188240
      94  -0.0057601748  -0.0007588521   0.0000016189  -0.0000452847   0.0000134956  -0.0000040772
      95  -0.0020701682  -0.0010613116  -0.0000031600  -0.0001104696   0.0000247994   0.0000068213
      96  -0.0000141178  -0.0000015121   0.0079525639  -0.0000015478   0.0000068390  -0.0000052165
      97   0.0093139521   0.0088437830  -0.0000014432   0.0000097925  -0.0000787681  -0.0000033253
      98  -0.0186375851  -0.0076983071  -0.0000018846  -0.0000579341   0.0000041273  -0.0000025910
      99  -0.0000205284   0.0000024312  -0.0007227181  -0.0000009820  -0.0000060114   0.0000508770
     100   0.0000922797  -0.0001362768  -0.0000078818   0.0005336628   0.0013375154   0.0000044320
     101  -0.0000717048  -0.0000442122  -0.0000079336  -0.0009373731   0.0006779767   0.0000049323
     102   0.0000041265   0.0000034895   0.0000200366   0.0000019556  -0.0000045926  -0.0040860609
     103  -0.0002800010   0.0001774716  -0.0000032492  -0.0000401111   0.0000195539   0.0000028375
     104   0.0001738264   0.0001017748   0.0000031256  -0.0000577291   0.0001093581  -0.0000029528
     105   0.0000063850  -0.0000008141   0.0001642347   0.0000004013  -0.0000032168   0.0000341405
     106  -0.0150769768  -0.0236972266  -0.0000026532  -0.0000129529  -0.0000352970  -0.0000082378
     107   0.0078598704   0.0091642317  -0.0000023590   0.0000642255  -0.0001211083  -0.0000081979
     108  -0.0000193891  -0.0000139618   0.0006497310   0.0000017286  -0.0000078638   0.0000016705
     109  -0.0004850069   0.0019220451   0.0000029922  -0.0000252065   0.0002858343  -0.0000103595
     110  -0.0001220372   0.0005437915  -0.0000033292  -0.0006169396   0.0002507711   0.0000099980
     111  -0.0000147319  -0.0000057129   0.0009948695  -0.0000002639  -0.0000078453   0.0006895562
                     43             44             45             46             47             48
       1   0.0065009524   0.0021198666   0.0000291468   0.0064936990   0.0021346239   0.0000558234
       2   0.0011306302  -0.0014734170   0.0000000594   0.0011295797  -0.0014727235  -0.0000003108
       3   0.0000017450   0.0000023275   0.0010062543   0.0000028354   0.0000023925   0.0010059412
       4  -0.0641695776   0.0110938473   0.0000258942  -0.0003567124   0.0002912228   0.0000964559
       5   0.0331064585  -0.0058624711   0.0000047678   0.0005037935   0.0003356117   0.0000095052
       6   0.0000011014  -0.0000059265   0.0145452902  -0.0000017173  -0.0000032891  -0.0000907319
       7  -0.0004110242   0.0002553265  -0.0000238927  -0.0641788800   0.0110711138  -0.0001167454
       8   0.0004830330   0.0003412708  -0.0000026291   0.0330884361  -0.0058553858  -0.0000137392
       9  -0.0000006132  -0.0000011710  -0.0000907567  -0.0000006493  -0.0000001816   0.0145453387
      10  -0.0086978597  -0.0098618914  -0.0000035086  -0.0061575265  -0.0090610882  -0.0000102430
      11  -0.0002448243  -0.0000762873  -0.0000194742   0.0012696153  -0.0007577985  -0.0001044638
      12  -0.0000004885  -0.0000037582  -0.0000657285  -0.0000011091  -0.0000061703  -0.0005741468
      13  -0.0062014067  -0.0090501604   0.0000007806  -0.0087075253  -0.0098569807   0.0000058717
      14   0.0013056708  -0.0007274775   0.0000269274  -0.0002268451  -0.0000223617   0.0000998540
      15  -0.0000019081  -0.0000031576  -0.0005749075  -0.0000002381  -0.0000026335  -0.0000650703
      16  -0.0017762362   0.0647264131   0.0000044493   0.0037166561   0.0046580735  -0.0000350430
      17   0.0155182524  -0.0534264532   0.0000057562  -0.0030891705  -0.0045183332  -0.0000613298
      18   0.0000036116  -0.0000034032   0.0091790602   0.0000005590   0.0000070297   0.0000815599
      19  -0.2625480803  -0.0282596316  -0.0000013139   0.0038781381   0.0046592760  -0.0000341670
      20  -0.0375638219  -0.0886004189  -0.0000080978   0.0018179126   0.0037964422   0.0000732612
      21   0.0000001918  -0.0000029845  -0.0699083655   0.0000004057  -0.0000008584  -0.0000897492
      22   0.0038616917   0.0047013799   0.0000074175  -0.2625756073  -0.0282904041   0.0000209375
      23   0.0018166667   0.0037871543  -0.0000053733  -0.0375640700  -0.0885501729  -0.0000268975
      24   0.0000012098  -0.0000000876  -0.0000900805  -0.0000028519  -0.0000028316  -0.0699078245
      25   0.0037039012   0.0047046093   0.0000075871  -0.0017919231   0.0647231048   0.0000233870
      26  -0.0031008891  -0.0044835665   0.0000081368   0.0155303349  -0.0534455671   0.0000116168
      27   0.0000028227   0.0000068422   0.0000817051   0.0000033485   0.0000042842   0.0091786651
      28   0.0074000322   0.0145217291  -0.0000108578   0.0084390792   0.0092524971  -0.0000128887
      29   0.0002291410  -0.0021330330  -0.0000061183   0.0034077555   0.0039187368  -0.0000107483
      30   0.0000003338  -0.0000036794  -0.0006265614   0.0000002110   0.0000049776  -0.0002048130
      31   0.0065198506   0.0081481883   0.0000056288   0.0139704660   0.0146984832   0.0000147061
      32  -0.0031206579  -0.0043432650  -0.0000046734   0.0022550571  -0.0033515251  -0.0000091347
      33   0.0000033164   0.0000034214   0.0000811076   0.0000001891   0.0000028019   0.0067857028
      34   0.0139598906   0.0147009091  -0.0000162998   0.0065324591   0.0081563456  -0.0000255645
      35   0.0022577545  -0.0033364972   0.0000012396  -0.0031054624  -0.0043325035   0.0000127594
      36   0.0000006611  -0.0000012718   0.0067852414   0.0000020434   0.0000013902   0.0000807471
      37   0.0084177747   0.0092613614   0.0000043723   0.0074088658   0.0145163375   0.0000026491
      38   0.0034104028   0.0039468356   0.0000021161   0.0002476262  -0.0021294249   0.0000141959
      39   0.0000007528   0.0000031045  -0.0002041632   0.0000002351  -0.0000006504  -0.0006263560
      40  -0.1157483742  -0.0153737533  -0.0000016893  -0.0027292457  -0.0029294028  -0.0000055606
      41   0.0153658957  -0.4590900966   0.0000099368   0.0029410504   0.0036915715   0.0000101583
      42  -0.0000028922  -0.0000016064  -0.0606643284   0.0000001474   0.0000015323   0.0001346783
      43   0.6922539249  -0.1436033095   0.0000021634  -0.0026047425  -0.0029981725  -0.0000018824
      44  -0.1436033095   0.8006101032   0.0000027651  -0.0030074649  -0.0035940133  -0.0000047000
      45   0.0000021634   0.0000027651   0.1259365921   0.0000025639   0.0000000861  -0.0001132251
      46  -0.0026047425  -0.0030074649   0.0000025639   0.6922701434  -0.1436014959   0.0000008942
      47  -0.0029981725  -0.0035940133   0.0000000861  -0.1436014959   0.8006071334  -0.0000033461
      48  -0.0000018824  -0.0000047000  -0.0001132251   0.0000008942  -0.0000033461   0.1259370381
      49  -0.0027299936  -0.0029409421   0.0000009911  -0.1157671348  -0.0153589197   0.0000037029
      50   0.0029267619   0.0036814214  -0.0000009465   0.0153720190  -0.4590939366  -0.0000026996
      51   0.0000047235   0.0000113927   0.0001350168  -0.0000107937  -0.0000124861  -0.0606643618
      52  -0.0019684869  -0.0020894071  -0.0000016547   0.0021771835   0.0020901375   0.0000008630
      53   0.0015191068   0.0022116633  -0.0000011326  -0.0015279160  -0.0020064057   0.0000004362
      54   0.0000042734   0.0000107899  -0.0001803889  -0.0000042921  -0.0000086105  -0.0001807379
      55   0.0017029469   0.0028331833  -0.0000001384  -0.0014775653  -0.0027453781   0.0000011922
      56   0.0019604813   0.0016832618  -0.0000017638  -0.0018797663  -0.0014603230  -0.0000004248
      57  -0.0000050903  -0.0000067241   0.0000369422   0.0000052935   0.0000083658  -0.0000151957
      58  -0.0014487450  -0.0027477375  -0.0000000909   0.0016762955   0.0028314633  -0.0000038791
      59  -0.0018777526  -0.0014573524   0.0000007565   0.0019697334   0.0016836307  -0.0000023563
      60  -0.0000017169  -0.0000002831  -0.0000150943   0.0000005875  -0.0000000478   0.0000374350
      61   0.0022018503   0.0020981340   0.0000000842  -0.0019934184  -0.0020904584  -0.0000023547
      62  -0.0015107810  -0.0019840361   0.0000016356   0.0015165100   0.0021919331   0.0000029712
      63   0.0000019455   0.0000061633  -0.0001806349  -0.0000012391  -0.0000065212  -0.0001809425
      64  -0.0147322716  -0.0116287455   0.0000100710  -0.0055570005  -0.0067371101   0.0000078403
      65   0.0086642287   0.0178909907   0.0000036887   0.0039235005   0.0044929113   0.0000120029
      66   0.0000007423   0.0000045625   0.0028015151  -0.0000049178  -0.0000097567  -0.0001984753
      67  -0.0188382306  -0.0485974256   0.0000120700  -0.0041479188  -0.0060397378   0.0000081877
      68  -0.0220758458  -0.0255758583  -0.0000056269  -0.0026081654  -0.0037729711  -0.0000029912
      69  -0.0000095270  -0.0000090804   0.0044501387   0.0000059258   0.0000130964   0.0001391118
      70  -0.0041514343  -0.0060414753  -0.0000101636  -0.0188346286  -0.0485902072  -0.0000062122
      71  -0.0026445297  -0.0038118868   0.0000041024  -0.0220667028  -0.0255779005   0.0000007197
      72   0.0000033797  -0.0000008305   0.0001392739  -0.0000003103   0.0000102605   0.0044494004
      73  -0.0055449751  -0.0067261267  -0.0000080027  -0.0147466456  -0.0116437270  -0.0000045851
      74   0.0039562239   0.0044952689  -0.0000041172   0.0086298831   0.0179157194  -0.0000013002
      75  -0.0000064619  -0.0000024382  -0.0001991251   0.0000014047  -0.0000044399   0.0028016211
      76   0.0075441958   0.0051993448   0.0000089133  -0.0000844115  -0.0000114547  -0.0000063105
      77  -0.0239739770  -0.0050740962  -0.0000006382   0.0000625396   0.0000533826  -0.0000011665
      78   0.0000024112   0.0000057888   0.0036820333  -0.0000020957   0.0000069871  -0.0000192535
      79  -0.2427439657   0.1473200864  -0.0000003016  -0.0000779972   0.0000104201  -0.0000006003
      80   0.1474884215  -0.1744754930  -0.0000012295  -0.0000763738  -0.0000642256  -0.0000040257
      81  -0.0000069275   0.0000001637  -0.0325295632   0.0000001839  -0.0000075251   0.0000151718
      82  -0.0000653344  -0.0000002076   0.0000025482  -0.2427464863   0.1473163681  -0.0000040926
      83  -0.0000782872  -0.0000638238  -0.0000011164   0.1474956301  -0.1744761368   0.0000015281
      84   0.0000025851  -0.0000091327   0.0000127001  -0.0000073676  -0.0000009203  -0.0325319320
      85  -0.0000794209  -0.0000278020   0.0000018929   0.0075537682   0.0052144416   0.0000045796
      86   0.0000638885   0.0000516783   0.0000007390  -0.0239772895  -0.0050756858   0.0000048117
      87  -0.0000035957   0.0000028600  -0.0000214420   0.0000023624   0.0000049708   0.0036797396
      88  -0.0000447638  -0.0000092453  -0.0000000243   0.0001030726  -0.0000616707  -0.0000009651
      89   0.0001151545   0.0000231898  -0.0000017414  -0.0000537930  -0.0000050450  -0.0000000647
      90   0.0000005764   0.0000022948  -0.0000073577  -0.0000007674  -0.0000008708  -0.0001188325
      91   0.0000094561   0.0000772137   0.0000025096  -0.0000650210  -0.0000432603  -0.0000018940
      92   0.0000596090   0.0000002775  -0.0000029468  -0.0000741250  -0.0000835041   0.0000046119
      93  -0.0000005901  -0.0000014147   0.0000530303   0.0000004785   0.0000022132   0.0000246162
      94  -0.0000688596  -0.0000483699   0.0000013969   0.0000136119   0.0000778314   0.0000030777
      95  -0.0000806958  -0.0000792110  -0.0000014091   0.0000589181  -0.0000000082  -0.0000055375
      96  -0.0000003777   0.0000055623   0.0000224004  -0.0000005706  -0.0000069285   0.0000508698
      97   0.0000981224  -0.0000594586   0.0000003463  -0.0000398958  -0.0000091804   0.0000043732
      98  -0.0000531542  -0.0000009024   0.0000020326   0.0001082382   0.0000239669   0.0000042478
      99  -0.0000016880  -0.0000041963  -0.0001166643   0.0000011035   0.0000083224  -0.0000052260
     100  -0.0000260993  -0.0002754676   0.0000000102  -0.0000387616  -0.0000301633  -0.0000030918
     101   0.0006147860   0.0002749145  -0.0000008020   0.0000446867   0.0001041876  -0.0000032323
     102  -0.0000001778  -0.0000074353   0.0006891332  -0.0000016080  -0.0000040225   0.0000341384
     103  -0.0000189842   0.0000336609   0.0000023355   0.0005275845  -0.0013533605  -0.0000043776
     104  -0.0000580961  -0.0001162446  -0.0000023966   0.0009588661   0.0006967297   0.0000047240
     105  -0.0000022951  -0.0000101093   0.0000020251   0.0000001824  -0.0000038085  -0.0040860807
     106  -0.0000398638  -0.0000292396   0.0000012283  -0.0000217676  -0.0002801137   0.0000102077
     107   0.0000533929   0.0001046290   0.0000013682   0.0006113207   0.0002692500   0.0000101000
     108  -0.0000027913  -0.0000094006   0.0000345334   0.0000018066  -0.0000073000   0.0006895336
     109   0.0005304891  -0.0013563782   0.0000051797  -0.0000145913   0.0000372097   0.0000080163
     110   0.0009485117   0.0006990089  -0.0000046316  -0.0000502598  -0.0001182278  -0.0000079621
     111  -0.0000004831  -0.0000012072  -0.0040864503  -0.0000036355  -0.0000098176   0.0000016652
                     49             50             51             52             53             54
       1   0.0064996620  -0.0020828114   0.0000255132  -0.0014600859  -0.0010999135   0.0000090677
       2  -0.0011295046  -0.0014694886   0.0000000809  -0.0020957186   0.0064926303   0.0000009411
       3  -0.0000014798   0.0000024716   0.0010062388  -0.0000070028  -0.0000005261   0.0010061893
       4  -0.0003527430  -0.0002486674   0.0000206778  -0.0000075175   0.0002368220   0.0001044310
       5  -0.0004864668   0.0003258368  -0.0000011759   0.0098558644  -0.0087042217   0.0000122067
       6  -0.0000003495  -0.0000006318  -0.0000907361   0.0000029151   0.0000012677  -0.0000651036
       7  -0.0641944546  -0.0110958165   0.0000211646  -0.0007849212  -0.0015827199  -0.0003013543
       8  -0.0331075364  -0.0058386162   0.0000005520   0.0090451812  -0.0061850315  -0.0000005715
       9  -0.0000013520  -0.0000070408   0.0145452753  -0.0000037493   0.0000011663  -0.0005744549
      10  -0.0086797305   0.0098691418   0.0000006659   0.0003493356  -0.0004928216  -0.0000060341
      11   0.0002125508  -0.0000971337   0.0000027959  -0.0002964479  -0.0006790049  -0.0002880532
      12   0.0000023811  -0.0000040956  -0.0000657833   0.0000053069  -0.0000020935  -0.0000903911
      13  -0.0061889566   0.0090539888   0.0000030307  -0.0058697836  -0.0331040769   0.0000075999
      14  -0.0012593641  -0.0007262518   0.0000050250  -0.0110457420  -0.0638788689   0.0003057247
      15   0.0000007976  -0.0000024100  -0.0005749669   0.0000089713  -0.0000002428   0.0145452604
      16   0.0038786808  -0.0047012954  -0.0000356370  -0.0033676246  -0.0022586154  -0.0000435411
      17  -0.0018066761   0.0037923648  -0.0001465469  -0.0147182879   0.0139513171  -0.0001004315
      18  -0.0000015320   0.0000002165  -0.0000900752   0.0000008189  -0.0000007584   0.0067857538
      19   0.0037159019  -0.0046997255  -0.0000349205   0.0039059096  -0.0034212279  -0.0000384153
      20   0.0030972696  -0.0045282348   0.0000797904  -0.0092251729   0.0084386782   0.0000541547
      21  -0.0000021873   0.0000087836   0.0000816990  -0.0000025790  -0.0000016112  -0.0002048662
      22  -0.0017875663  -0.0647412681   0.0000019195  -0.0021044422  -0.0002437476   0.0000240677
      23  -0.0155246846  -0.0534253061   0.0000009848  -0.0145617220   0.0073928157  -0.0000267737
      24  -0.0000018757  -0.0000031555   0.0091790488   0.0000052743  -0.0000002602  -0.0006267828
      25  -0.2625761616   0.0282472083  -0.0000081038  -0.0043087763   0.0031062583   0.0000217915
      26   0.0375623946  -0.0885870353   0.0000149389  -0.0081296466   0.0065490804   0.0000258296
      27  -0.0000003385  -0.0000040195  -0.0699083031   0.0000057710  -0.0000021860   0.0000813353
      28   0.0065330653  -0.0081649112  -0.0000060911  -0.0885819870   0.0375526056  -0.0000107038
      29   0.0031060038  -0.0043429346  -0.0000113118   0.0282553900  -0.2625649505  -0.0000074060
      30  -0.0000036505   0.0000042960   0.0000811002  -0.0000044716   0.0000004243  -0.0699085464
      31   0.0074100338  -0.0145325402   0.0000114114  -0.0534119609  -0.0155337510   0.0000159146
      32  -0.0002387603  -0.0021361739  -0.0000130198  -0.0647437878  -0.0017894269  -0.0000076085
      33  -0.0000006651  -0.0000022834  -0.0006265777   0.0000019047  -0.0000019243   0.0091793865
      34   0.0084386766  -0.0092412115  -0.0000067094  -0.0045105556   0.0031047862  -0.0000187120
      35  -0.0034123928   0.0039590351   0.0000095885  -0.0046884703   0.0037047330  -0.0000035419
      36   0.0000001028   0.0000034436  -0.0002042098  -0.0000021120  -0.0000029667   0.0000825426
      37   0.0139663158  -0.0146865947   0.0000152464   0.0038043820  -0.0018256405   0.0000167697
      38  -0.0022538697  -0.0033366788   0.0000085011  -0.0046804782   0.0038568743  -0.0000045514
      39  -0.0000006176   0.0000003393   0.0067852776   0.0000028305  -0.0000033872  -0.0000908774
      40  -0.0026122065   0.0030016473   0.0000041548  -0.0014518735   0.0018897726   0.0000030136
      41   0.0030101032  -0.0036102738  -0.0000100752   0.0027435430  -0.0014902517  -0.0000086301
      42  -0.0000017059   0.0000032238  -0.0001132221  -0.0000005583  -0.0000005652  -0.0000152668
      43  -0.0027299936   0.0029267619   0.0000047235  -0.0019684869   0.0015191068   0.0000042734
      44  -0.0029409421   0.0036814214   0.0000113927  -0.0020894071   0.0022116633   0.0000107899
      45   0.0000009911  -0.0000009465   0.0001350168  -0.0000016547  -0.0000011326  -0.0001803889
      46  -0.1157671348   0.0153720190  -0.0000107937   0.0021771835  -0.0015279160  -0.0000042921
      47  -0.0153589197  -0.4590939366  -0.0000124861   0.0020901375  -0.0020064057  -0.0000086105
      48   0.0000037029  -0.0000026996  -0.0606643618   0.0000008630   0.0000004362  -0.0001807379
      49   0.6922827479   0.1436140347  -0.0000028996   0.0016794254  -0.0019799912  -0.0000025968
      50   0.1436140347   0.8006161734   0.0000021295  -0.0028333026   0.0017198337   0.0000092718
      51  -0.0000028996   0.0000021295   0.1259368251   0.0000009322  -0.0000016141   0.0000369174
      52   0.0016794254  -0.0028333026   0.0000009322   0.8006154117   0.1436148144  -0.0000043232
      53  -0.0019799912   0.0017198337  -0.0000016141   0.1436148144   0.6922674801   0.0000039505
      54  -0.0000025968   0.0000092718   0.0000369174  -0.0000043232   0.0000039505   0.1259367557
      55  -0.0019957809   0.0020864968   0.0000018507  -0.4591222588  -0.0153485822   0.0000069639
      56  -0.0015111955   0.0021828123  -0.0000000586   0.0153642763  -0.1157589561   0.0000011608
      57   0.0000036243  -0.0000054178  -0.0001803614  -0.0000015446  -0.0000016114  -0.0606640007
      58   0.0021727970  -0.0020919421   0.0000012987   0.0037182491  -0.0029283224   0.0000026389
      59   0.0015134044  -0.0019766398   0.0000013738   0.0029389652  -0.0027472390   0.0000009198
      60   0.0000054138  -0.0000062311  -0.0001807006   0.0000067357  -0.0000035465   0.0001351372
      61  -0.0014764678   0.0027529462  -0.0000003127  -0.0036309118   0.0030296321  -0.0000054384
      62   0.0018818472  -0.0014640517   0.0000003474   0.0030152427  -0.0026327539   0.0000021015
      63  -0.0000046741   0.0000116396  -0.0000150175  -0.0000107054   0.0000043393  -0.0001134189
      64  -0.0041621089   0.0060377468  -0.0000168386  -0.0255165554   0.0220438457  -0.0000050481
      65   0.0026095157  -0.0038271759   0.0000078057   0.0486045615  -0.0188517842   0.0000018072
      66  -0.0000027302   0.0000044287   0.0001392758  -0.0000072217   0.0000043017   0.0044500211
      67  -0.0055429992   0.0067319349  -0.0000172036   0.0045148534  -0.0039633351  -0.0000023627
      68  -0.0039197538   0.0044599967   0.0000110912   0.0067048096  -0.0054985541   0.0000320616
      69   0.0000050316  -0.0000127664  -0.0001991220   0.0000000970   0.0000064624  -0.0001993802
      70  -0.0147498665   0.0116556097   0.0000175423   0.0178811531  -0.0086171875   0.0000117332
      71  -0.0086639464   0.0179263015  -0.0000084316   0.0116593998  -0.0148022723  -0.0000237581
      72   0.0000038914  -0.0000067836   0.0028015103  -0.0000040125   0.0000051350   0.0028011296
      73  -0.0188387787   0.0486000307   0.0000117768  -0.0038382264   0.0026573459   0.0000012960
      74   0.0220788421  -0.0255871536   0.0000119879   0.0060130041  -0.0041027782   0.0000294265
      75   0.0000000959   0.0000091628   0.0044501223   0.0000012614  -0.0000039904   0.0001397854
      76  -0.0000696386  -0.0000004789  -0.0000110758  -0.0000977998   0.0000682788  -0.0000006884
      77   0.0000764079  -0.0000600657  -0.0000010123   0.0000348624  -0.0000634887  -0.0000026079
      78  -0.0000006661  -0.0000083359   0.0000127221   0.0000063649  -0.0000018726   0.0000213663
      79  -0.0000839122   0.0000062389  -0.0000104839  -0.0000132053   0.0000391055   0.0000037400
      80  -0.0000620387   0.0000655111   0.0000005739   0.0000591291   0.0001017898  -0.0000008630
      81   0.0000020976   0.0000032940  -0.0000214426  -0.0000017580  -0.0000014327  -0.0001178242
      82   0.0075689513  -0.0052004212   0.0000113668   0.0000413428  -0.0001035262  -0.0000016832
      83   0.0239759732  -0.0050770238  -0.0000005173   0.0000224027  -0.0000446498  -0.0000005372
      84  -0.0000007647   0.0000044436   0.0036820212  -0.0000085242   0.0000029144  -0.0000041941
      85  -0.2427503173  -0.1473280097  -0.0000031705   0.0000063323  -0.0000528658  -0.0000034656
      86  -0.1474999861  -0.1744860128  -0.0000013494  -0.0000776247   0.0000139994  -0.0000008871
      87   0.0000072719   0.0000002168  -0.0325297063  -0.0000019002  -0.0000009514   0.0000523210
      88   0.0000154860  -0.0000743328  -0.0000024699  -0.1744861304  -0.1474862428  -0.0000044501
      89  -0.0000577664   0.0000073438  -0.0000004282  -0.1473288849  -0.2427491442  -0.0000069520
      90  -0.0000001353  -0.0000003633   0.0000530519   0.0000015812  -0.0000005065  -0.0325284980
      91  -0.0000393491   0.0000112376  -0.0000002861  -0.0050709791   0.0239732512   0.0000004669
      92  -0.0001064898   0.0000239468   0.0000011657  -0.0052125385   0.0075551970  -0.0000030204
      93   0.0000000326   0.0000014994  -0.0000073526   0.0000014650   0.0000004190   0.0036792420
      94   0.0001018248   0.0000540231  -0.0000000202   0.0000635811  -0.0000668118   0.0000032783
      95   0.0000547683   0.0000013256  -0.0000011342   0.0000239517  -0.0000707744  -0.0000031373
      96   0.0000029348  -0.0000037866  -0.0001166552   0.0000066927  -0.0000033125  -0.0000203696
      97  -0.0000646933   0.0000425362  -0.0000016774  -0.0000722109   0.0000727053  -0.0000017022
      98   0.0000762070  -0.0000867373  -0.0000038413   0.0000037569  -0.0000598006  -0.0000023601
      99   0.0000017789   0.0000040330   0.0000223896  -0.0000028909  -0.0000004666   0.0000137900
     100  -0.0000143954  -0.0000258730  -0.0000027254   0.0006889392  -0.0009464327  -0.0000063699
     101   0.0000550618  -0.0001112280  -0.0000026434   0.0013505900   0.0005377189  -0.0000059836
     102   0.0000037547  -0.0000099474   0.0000020455  -0.0000031845  -0.0000003388  -0.0040861005
     103  -0.0000226053   0.0002847648   0.0000000636   0.0002556069  -0.0006112276   0.0000004202
     104  -0.0006117117   0.0002532001  -0.0000011218   0.0002752371  -0.0000293488  -0.0000006135
     105  -0.0000023763  -0.0000076969   0.0006891291  -0.0000015565   0.0000023054   0.0006891513
     106   0.0005285865   0.0013450005  -0.0000052328  -0.0001296657   0.0000541828  -0.0000024435
     107  -0.0009474376   0.0006874204  -0.0000044760  -0.0000296178  -0.0000217996  -0.0000026296
     108   0.0000023664  -0.0000010120  -0.0040864614  -0.0000064100   0.0000018490   0.0000016664
     109  -0.0000423207   0.0000163989  -0.0000017211   0.0000984924  -0.0000564991   0.0000039245
     110  -0.0000481075   0.0001145765   0.0000016615   0.0000154846  -0.0000365205  -0.0000045088
     111   0.0000025283  -0.0000081109   0.0000345484   0.0000090027  -0.0000021185   0.0000345273
                     55             56             57             58             59             60
       1  -0.0014694759   0.0011395285  -0.0000072802  -0.0014652383   0.0011689465  -0.0000387144
       2   0.0020930513   0.0064908298   0.0000010405   0.0020927532   0.0064907857   0.0000007378
       3   0.0000068075   0.0000003604   0.0010064781   0.0000059882   0.0000015247   0.0010057085
       4  -0.0007194575   0.0013263976   0.0001036644  -0.0000128531  -0.0002341430   0.0000319210
       5  -0.0090568691  -0.0061879979   0.0000108611  -0.0098590132  -0.0086728187   0.0000111629
       6   0.0000034300   0.0000010119  -0.0005743913  -0.0000028048  -0.0000006012  -0.0000648070
       7  -0.0000804312  -0.0002840354  -0.0006028908  -0.0007601936   0.0009743051  -0.0003401571
       8  -0.0098625705  -0.0087027470  -0.0000000237  -0.0090686018  -0.0062011637  -0.0000108864
       9  -0.0000023187   0.0000014395  -0.0000650826   0.0000057256   0.0000004168  -0.0005742166
      10   0.0003526923   0.0004899556  -0.0000017985  -0.0058509029   0.0331077159  -0.0000029914
      11   0.0002308420  -0.0004379252  -0.0005821792   0.0110637086  -0.0644829845  -0.0003320791
      12  -0.0000050059  -0.0000006265  -0.0000897268  -0.0000066084   0.0000014580   0.0145451449
      13  -0.0058712902   0.0330921462   0.0000027626   0.0003331466   0.0004813105   0.0000058286
      14   0.0110947928  -0.0641507946   0.0005997211   0.0002809874  -0.0000773735   0.0003355000
      15  -0.0000099503   0.0000007668   0.0145458319  -0.0000068735  -0.0000006576  -0.0000908060
      16  -0.0021120501   0.0002195391  -0.0000404764   0.0039264860   0.0034108452  -0.0000145751
      17   0.0145469215   0.0073866504  -0.0000535859   0.0092357074   0.0084357722  -0.0000096181
      18  -0.0000055196   0.0000000775  -0.0006267502   0.0000003501  -0.0000026521  -0.0002051708
      19  -0.0043110699  -0.0031314209  -0.0000386311  -0.0033507543   0.0022551015  -0.0000109166
      20   0.0081414965   0.0065194540   0.0000468551   0.0147118013   0.0139531833   0.0000354078
      21  -0.0000056805  -0.0000027950   0.0000813399   0.0000005240  -0.0000004054   0.0067861119
      22  -0.0033614477   0.0022544955   0.0000290244  -0.0043161870  -0.0031133270  -0.0000004272
      23   0.0147037883   0.0139574481  -0.0000118349   0.0081436054   0.0065396564  -0.0000108712
      24  -0.0000001186   0.0000005180   0.0067857968  -0.0000034839  -0.0000035593   0.0000814838
      25   0.0039270242   0.0034133626   0.0000251593  -0.0021101932   0.0002386027   0.0000003831
      26   0.0092355287   0.0084188084   0.0000154711   0.0145427542   0.0073899662  -0.0000083827
      27   0.0000034001  -0.0000010814  -0.0002048318  -0.0000046332  -0.0000012557  -0.0006271798
      28  -0.0534201816   0.0155216168  -0.0000175147  -0.0045102252  -0.0030833241   0.0000113435
      29   0.0647436154  -0.0017811677  -0.0000108781   0.0046745593   0.0037063993  -0.0000005358
      30  -0.0000016629  -0.0000019921   0.0091793316   0.0000053976  -0.0000008416   0.0000820525
      31  -0.0885868005  -0.0375675013   0.0000053444   0.0038052490   0.0018115143   0.0000063208
      32  -0.0282574835  -0.2625558799  -0.0000145592   0.0046673437   0.0038640992   0.0000018027
      33   0.0000041114   0.0000005132  -0.0699086395   0.0000011706  -0.0000030764  -0.0000903133
      34   0.0038074089   0.0018218963  -0.0000174481  -0.0885831822  -0.0375562141  -0.0000125910
      35   0.0047008651   0.0038679793  -0.0000013918  -0.0282507949  -0.2625764272  -0.0000005216
      36  -0.0000019980  -0.0000021669  -0.0000908681  -0.0000021784  -0.0000032729  -0.0699088280
      37  -0.0045020534  -0.0030954629   0.0000199730  -0.0534122941   0.0155144342  -0.0000045715
      38   0.0047074912   0.0037111297  -0.0000001998   0.0647614988  -0.0017878047   0.0000043534
      39   0.0000026974  -0.0000014140   0.0000824820  -0.0000017338  -0.0000016997   0.0091796824
      40   0.0022048027   0.0015021750  -0.0000048376  -0.0019701433  -0.0015075029  -0.0000045409
      41  -0.0020861316  -0.0019787432   0.0000082454   0.0020904380   0.0021883576   0.0000057269
      42  -0.0000013912  -0.0000005910  -0.0001806653   0.0000029423   0.0000022736  -0.0001809906
      43   0.0017029469   0.0019604813  -0.0000050903  -0.0014487450  -0.0018777526  -0.0000017169
      44   0.0028331833   0.0016832618  -0.0000067241  -0.0027477375  -0.0014573524  -0.0000002831
      45  -0.0000001384  -0.0000017638   0.0000369422  -0.0000000909   0.0000007565  -0.0000150943
      46  -0.0014775653  -0.0018797663   0.0000052935   0.0016762955   0.0019697334   0.0000005875
      47  -0.0027453781  -0.0014603230   0.0000083658   0.0028314633   0.0016836307  -0.0000000478
      48   0.0000011922  -0.0000004248  -0.0000151957  -0.0000038791  -0.0000023563   0.0000374350
      49  -0.0019957809  -0.0015111955   0.0000036243   0.0021727970   0.0015134044   0.0000054138
      50   0.0020864968   0.0021828123  -0.0000054178  -0.0020919421  -0.0019766398  -0.0000062311
      51   0.0000018507  -0.0000000586  -0.0001803614   0.0000012987   0.0000013738  -0.0001807006
      52  -0.4591222588   0.0153642763  -0.0000015446   0.0037182491   0.0029389652   0.0000067357
      53  -0.0153485822  -0.1157589561  -0.0000016114  -0.0029283224  -0.0027472390  -0.0000035465
      54   0.0000069639   0.0000011608  -0.0606640007   0.0000026389   0.0000009198   0.0001351372
      55   0.8006098207  -0.1436169219   0.0000045500  -0.0036298753  -0.0030029111   0.0000001277
      56  -0.1436169219   0.6922577949   0.0000034755  -0.0029950128  -0.0026258363  -0.0000001776
      57   0.0000045500   0.0000034755   0.1259367239   0.0000051515   0.0000022600  -0.0001134388
      58  -0.0036298753  -0.0029950128   0.0000051515   0.8006149310  -0.1436114132  -0.0000008979
      59  -0.0030029111  -0.0026258363   0.0000022600  -0.1436114132   0.6922646120  -0.0000003511
      60   0.0000001277  -0.0000001776  -0.0001134388  -0.0000008979  -0.0000003511   0.1259370380
      61   0.0037153538   0.0029623674  -0.0000028474  -0.4591197967   0.0153391560  -0.0000022703
      62  -0.0029451761  -0.0027474792   0.0000005902  -0.0153585003  -0.1157593340   0.0000013974
      63   0.0000052121   0.0000036154   0.0001349999  -0.0000058617  -0.0000020692  -0.0606642885
      64   0.0178867232   0.0086759995   0.0000048500   0.0045168164   0.0039160510   0.0000038158
      65  -0.0116521172  -0.0147470094  -0.0000058764  -0.0067297162  -0.0055358891  -0.0000100818
      66   0.0000104675   0.0000055675   0.0028011356  -0.0000054181  -0.0000022172  -0.0001985918
      67  -0.0038402452  -0.0026231901   0.0000130004  -0.0255175769  -0.0220581505   0.0000053732
      68  -0.0060427991  -0.0041612658   0.0000116388  -0.0485843696  -0.0188126091  -0.0000016766
      69  -0.0000108045  -0.0000037436   0.0001398172   0.0000104615   0.0000075491   0.0044498780
      70  -0.0255346984  -0.0220680993  -0.0000115647  -0.0038318029  -0.0026279972  -0.0000051565
      71  -0.0485874618  -0.0188270830  -0.0000075233  -0.0060163540  -0.0041389766   0.0000056644
      72  -0.0000037055  -0.0000004141   0.0044500334   0.0000013271  -0.0000000351   0.0001389632
      73   0.0045197601   0.0039369536  -0.0000122777   0.0178809915   0.0086458406  -0.0000066792
      74  -0.0067093124  -0.0055224566   0.0000154574  -0.0116784988  -0.0147532775  -0.0000025208
      75   0.0000013778  -0.0000015325  -0.0001993583   0.0000005157   0.0000038351   0.0028015625
      76   0.0000083979   0.0001150840   0.0000064917  -0.0000097841  -0.0000546722  -0.0000100562
      77  -0.0000166938  -0.0000436689  -0.0000004293  -0.0000661469   0.0001012126  -0.0000038699
      78   0.0000091144   0.0000038589  -0.0000042474   0.0000044368  -0.0000001036  -0.0001155627
      79  -0.0000156230   0.0000519372   0.0000079324  -0.0001031806  -0.0000644386  -0.0000009965
      80   0.0000768730   0.0000156827  -0.0000007388  -0.0000334837  -0.0000685539  -0.0000028208
      81   0.0000017052  -0.0000015803   0.0000523509  -0.0000069388  -0.0000018831   0.0000237261
      82  -0.0000648095  -0.0000799256  -0.0000038868   0.0000110033   0.0000541828   0.0000001651
      83  -0.0000335564  -0.0000643805  -0.0000024958   0.0000744518   0.0000128997   0.0000032513
      84  -0.0000079019  -0.0000017721   0.0000213377  -0.0000004001  -0.0000018286   0.0000497891
      85   0.0000181796  -0.0000558085  -0.0000077649   0.0000472271   0.0001101002   0.0000081352
      86  -0.0000618839   0.0001032634  -0.0000009443  -0.0000204046  -0.0000426811   0.0000030387
      87   0.0000025658   0.0000001954  -0.0001177891   0.0000095458   0.0000025612  -0.0000062962
      88  -0.0050689694  -0.0239732391  -0.0000007097   0.0000621455   0.0000595013  -0.0000026354
      89   0.0051972972   0.0075581163   0.0000046855  -0.0000396912  -0.0000678878  -0.0000083044
      90  -0.0000019005   0.0000007221   0.0036792485  -0.0000004347  -0.0000007513  -0.0000224989
      91  -0.1744871330   0.1474834864   0.0000045156  -0.0000723795  -0.0000750898  -0.0000037907
      92   0.1473333290  -0.2427481997  -0.0000058914  -0.0000180304  -0.0000517936   0.0000001936
      93  -0.0000020207   0.0000001374  -0.0325284922   0.0000011762   0.0000007124   0.0000158488
      94  -0.0000739799  -0.0000827819   0.0000012703  -0.1744853412   0.1474922141   0.0000022205
      95  -0.0000024561  -0.0000528924  -0.0000024484   0.1473306679  -0.2427583280  -0.0000036410
      96   0.0000033839   0.0000002221   0.0000137982  -0.0000086788   0.0000047358  -0.0325308760
      97   0.0000631531   0.0000605305  -0.0000035161  -0.0050717300  -0.0239719788   0.0000025667
      98  -0.0000219756  -0.0000691209  -0.0000039685   0.0052138343   0.0075548938   0.0000037110
      99  -0.0000055487  -0.0000029302  -0.0000203571  -0.0000027411  -0.0000029802   0.0036808142
     100   0.0002568282   0.0006168808  -0.0000002272   0.0000988935   0.0000454679  -0.0000092983
     101  -0.0002741641  -0.0000167656  -0.0000006464  -0.0000175416  -0.0000452713  -0.0000086139
     102   0.0000007742  -0.0000003893   0.0006891633  -0.0000048259   0.0000001456   0.0000341384
     103   0.0006856909   0.0009433370   0.0000061310  -0.0001288732  -0.0000558869  -0.0000078521
     104  -0.0013495991   0.0005367990  -0.0000060525   0.0000336567  -0.0000203877   0.0000080304
     105   0.0000034383  -0.0000001968  -0.0040860843   0.0000072648   0.0000021078   0.0000020280
     106   0.0001058803   0.0000497289  -0.0000041667   0.0002524896   0.0006214221   0.0000077872
     107  -0.0000129789  -0.0000370013  -0.0000044249  -0.0002821148  -0.0000200935   0.0000071235
     108  -0.0000089232  -0.0000027506   0.0000345291   0.0000014299   0.0000004912   0.0006895100
     109  -0.0001297265  -0.0000670745   0.0000023765   0.0006894707   0.0009567653   0.0000072141
     110   0.0000337605  -0.0000134273  -0.0000027056  -0.0013501571   0.0005246142  -0.0000080791
     111   0.0000073634   0.0000029360   0.0000016686   0.0000001977   0.0000011107  -0.0040864810
                     61             62             63             64             65             66
       1  -0.0014688826  -0.0011135871  -0.0000205628  -0.0022823404   0.0018441361  -0.0000104924
       2  -0.0020937320   0.0064923639   0.0000006875   0.0018253479  -0.0022766280   0.0000019871
       3  -0.0000059221   0.0000007155   0.0010060017  -0.0000089987  -0.0000011971  -0.0012665014
       4  -0.0007278674  -0.0012407330  -0.0000408312   0.0223308249  -0.0031224000   0.0000624314
       5   0.0090545996  -0.0061918530  -0.0000095725  -0.0063473460  -0.0697398460   0.0000094256
       6  -0.0000049535   0.0000006621  -0.0005741538  -0.0000019386   0.0000027432   0.0024060929
       7  -0.0000612029   0.0001983391   0.0000109459   0.0021115126  -0.0006125022  -0.0000266396
       8   0.0098579301  -0.0086821388   0.0000097520   0.0059946022  -0.0086372939  -0.0000075212
       9   0.0000034538  -0.0000004254  -0.0000647816   0.0000004431  -0.0000102506   0.0003268092
      10  -0.0058552342  -0.0331156140   0.0000084034  -0.0086289571   0.0060252155  -0.0000115535
      11  -0.0110562265  -0.0642103862   0.0000231203  -0.0006109919   0.0021125522  -0.0000379627
      12   0.0000059995   0.0000010851   0.0145456908   0.0000032222  -0.0000064949   0.0003265049
      13   0.0003359544  -0.0004780702  -0.0000112990  -0.0697697168  -0.0063446564   0.0000060194
      14  -0.0002570877  -0.0003408256  -0.0000196782  -0.0031061575   0.0223160484   0.0000415785
      15   0.0000060680  -0.0000003645  -0.0000901024   0.0000081857  -0.0000112267   0.0024060865
      16  -0.0042941484   0.0031058296  -0.0000141037  -0.1260648272   0.0849857024  -0.0000203948
      17  -0.0081427847   0.0065355220  -0.0000889303   0.0464746587  -0.3414896303  -0.0000541107
      18   0.0000035233  -0.0000040761   0.0000815156   0.0000078077  -0.0000115697  -0.0582302203
      19  -0.0020914236  -0.0002457075  -0.0000180853   0.0102212859  -0.0263532446  -0.0000187463
      20  -0.0145392458   0.0074064306   0.0000337253  -0.0057675520   0.0141990248   0.0000321034
      21   0.0000050440  -0.0000021046  -0.0006271593  -0.0000009417   0.0000122162   0.0047337559
      22   0.0039250536  -0.0034178840   0.0000016113   0.0106486098  -0.0082221703   0.0000181053
      23  -0.0092159878   0.0084387446  -0.0000018237   0.0030755346   0.0048684542  -0.0000174887
      24  -0.0000003044  -0.0000024772  -0.0002051206  -0.0000026036  -0.0000062538  -0.0001644233
      25  -0.0033641125  -0.0022645940  -0.0000040070   0.0056369035  -0.0029444223   0.0000177086
      26  -0.0147068540   0.0139617649   0.0000156324  -0.0157702137   0.0159262970   0.0000002303
      27  -0.0000007519  -0.0000011676   0.0067861614   0.0000055385  -0.0000138587   0.0001369749
      28   0.0038058874  -0.0018184112  -0.0000119447  -0.3414999424   0.0465000405  -0.0000109151
      29  -0.0046792609   0.0038635653   0.0000041501   0.0849773674  -0.1260686016  -0.0000188380
      30  -0.0000015949  -0.0000032279  -0.0000903525  -0.0000051666  -0.0000342847  -0.0582311222
      31  -0.0045069934   0.0030932406  -0.0000035766   0.0142558464  -0.0058132431   0.0000263629
      32  -0.0046780664   0.0037051052   0.0000003149  -0.0263802623   0.0101924517  -0.0000192064
      33  -0.0000044941  -0.0000010014   0.0000819561   0.0000045333   0.0000745258   0.0047346049
      34  -0.0534157035  -0.0155183567   0.0000074991   0.0048228829   0.0031103046  -0.0000201011
      35  -0.0647604250  -0.0017922526  -0.0000018334  -0.0082094211   0.0106636974   0.0000075526
      36   0.0000028257  -0.0000012770   0.0091796696   0.0000056447  -0.0000100325  -0.0001642614
      37  -0.0885884953   0.0375551842   0.0000137430   0.0159363128  -0.0158050602   0.0000197331
      38   0.0282473637  -0.2625753002  -0.0000095672  -0.0029603500   0.0056356947   0.0000107178
      39   0.0000015381  -0.0000027729  -0.0699089065   0.0000149567  -0.0000275924   0.0001370226
      40   0.0017065428  -0.0019638987   0.0000043957  -0.0188304025   0.0220613821   0.0000034805
      41  -0.0028349655   0.0016962638  -0.0000115323   0.0486143635  -0.0255424481  -0.0000027742
      42   0.0000043332  -0.0000017417   0.0000374728  -0.0000256950  -0.0000345728   0.0044494162
      43   0.0022018503  -0.0015107810   0.0000019455  -0.0147322716   0.0086642287   0.0000007423
      44   0.0020981340  -0.0019840361   0.0000061633  -0.0116287455   0.0178909907   0.0000045625
      45   0.0000000842   0.0000016356  -0.0001806349   0.0000100710   0.0000036887   0.0028015151
      46  -0.0019934184   0.0015165100  -0.0000012391  -0.0055570005   0.0039235005  -0.0000049178
      47  -0.0020904584   0.0021919331  -0.0000065212  -0.0067371101   0.0044929113  -0.0000097567
      48  -0.0000023547   0.0000029712  -0.0001809425   0.0000078403   0.0000120029  -0.0001984753
      49  -0.0014764678   0.0018818472  -0.0000046741  -0.0041621089   0.0026095157  -0.0000027302
      50   0.0027529462  -0.0014640517   0.0000116396   0.0060377468  -0.0038271759   0.0000044287
      51  -0.0000003127   0.0000003474  -0.0000150175  -0.0000168386   0.0000078057   0.0001392758
      52  -0.0036309118   0.0030152427  -0.0000107054  -0.0255165554   0.0486045615  -0.0000072217
      53   0.0030296321  -0.0026327539   0.0000043393   0.0220438457  -0.0188517842   0.0000043017
      54  -0.0000054384   0.0000021015  -0.0001134189  -0.0000050481   0.0000018072   0.0044500211
      55   0.0037153538  -0.0029451761   0.0000052121   0.0178867232  -0.0116521172   0.0000104675
      56   0.0029623674  -0.0027474792   0.0000036154   0.0086759995  -0.0147470094   0.0000055675
      57  -0.0000028474   0.0000005902   0.0001349999   0.0000048500  -0.0000058764   0.0028011356
      58  -0.4591197967  -0.0153585003  -0.0000058617   0.0045168164  -0.0067297162  -0.0000054181
      59   0.0153391560  -0.1157593340  -0.0000020692   0.0039160510  -0.0055358891  -0.0000022172
      60  -0.0000022703   0.0000013974  -0.0606642885   0.0000038158  -0.0000100818  -0.0001985918
      61   0.8006055156   0.1436029349   0.0000006812  -0.0038435439   0.0060257896   0.0000051803
      62   0.1436029349   0.6922609366  -0.0000000745   0.0026117618  -0.0041308632   0.0000007378
      63   0.0000006812  -0.0000000745   0.1259367738  -0.0000072173   0.0000089358   0.0001389862
      64  -0.0038435439   0.0026117618  -0.0000072173   0.7426568631  -0.0134687182  -0.0000156059
      65   0.0060257896  -0.0041308632   0.0000089358  -0.0134687182   0.7426186076   0.0000096853
      66   0.0000051803   0.0000007378   0.0001389862  -0.0000156059   0.0000096853   0.1219715488
      67   0.0178857096  -0.0086514385  -0.0000045835  -0.0044516039  -0.0000259029  -0.0000073493
      68   0.0116425161  -0.0147295846   0.0000070318   0.0000600296  -0.0102824223   0.0000190628
      69  -0.0000094665   0.0000044393   0.0028015793   0.0000011306   0.0000741029   0.0011338429
      70   0.0045224869  -0.0039451119   0.0000095443  -0.0103068644   0.0000364667   0.0000047815
      71   0.0067272100  -0.0055616811  -0.0000057263  -0.0000317281  -0.0044720089  -0.0000153951
      72  -0.0000054604   0.0000041133  -0.0001985732   0.0000065193   0.0000296148   0.0011333034
      73  -0.0255251670   0.0220525052   0.0000050573  -0.0144716718   0.0139569342   0.0000038742
      74   0.0486015151  -0.0188213147   0.0000093997   0.0139813561  -0.0144727230   0.0000234859
      75   0.0000079567  -0.0000014275   0.0044499089   0.0000005673  -0.0000015138  -0.0002757083
      76  -0.0000190174  -0.0000629530  -0.0000020199   0.0008409555  -0.0010240478   0.0000050956
      77  -0.0000763685   0.0000131234   0.0000032762  -0.0001804730   0.0007261439  -0.0000011754
      78   0.0000019422  -0.0000032080   0.0000497553  -0.0000007003   0.0000076948  -0.0017461882
      79   0.0000069440  -0.0001095719  -0.0000087814   0.0003879590   0.0002177043   0.0000097066
      80   0.0000222548  -0.0000471050   0.0000030008   0.0014715743   0.0003718666  -0.0000024362
      81  -0.0000091050   0.0000035732  -0.0000062990  -0.0000013771   0.0000006025   0.0005724022
      82   0.0000188701   0.0000616974   0.0000100927   0.0001136277  -0.0001378498  -0.0000110035
      83   0.0000561631   0.0000994803  -0.0000038290  -0.0000520803   0.0000658556   0.0000032565
      84  -0.0000052094   0.0000013096  -0.0001155803  -0.0000061410  -0.0000023367  -0.0000121237
      85  -0.0000630382   0.0000833375   0.0000030787  -0.0000554947   0.0000583822  -0.0000049122
      86   0.0000349366  -0.0000646408  -0.0000027252   0.0000207779  -0.0000072780   0.0000017945
      87   0.0000067548  -0.0000017074   0.0000237406  -0.0000018892  -0.0000142329   0.0000051035
      88  -0.0000745224   0.0000779321   0.0000039674   0.0007265416  -0.0001758416  -0.0000018353
      89  -0.0000128274  -0.0000623382  -0.0000010332  -0.0010764441   0.0008950867   0.0000037090
      90  -0.0000016172   0.0000006054   0.0000158323   0.0000023591  -0.0000064106  -0.0017519364
      91   0.0000610576  -0.0000565424   0.0000024854   0.0003656377   0.0014696327  -0.0000003149
      92   0.0000049856  -0.0000780371  -0.0000100703   0.0001705433   0.0004400889   0.0000094249
      93   0.0000015609  -0.0000009202  -0.0000225178   0.0000007492  -0.0000094853   0.0005742170
      94  -0.0050676969   0.0239774459  -0.0000023359   0.0000719659  -0.0000582006  -0.0000006541
      95  -0.0051942983   0.0075554931   0.0000107115  -0.0000966269   0.0000706655  -0.0000083843
      96   0.0000026810  -0.0000021001   0.0036808728   0.0000011964  -0.0000015661  -0.0000101153
      97  -0.1744811957  -0.1474838167  -0.0000028407  -0.0000120246   0.0000208942   0.0000021293
      98  -0.1473269948  -0.2427475933  -0.0000033603   0.0001062348  -0.0000987821  -0.0000043947
      99   0.0000085909   0.0000053218  -0.0325307640   0.0000009865  -0.0000099872   0.0000072293
     100  -0.0001308663   0.0000601642   0.0000081762  -0.2030951380  -0.1467084322  -0.0000043588
     101  -0.0000293862  -0.0000203055   0.0000084263  -0.1467088123  -0.2030985110  -0.0000047989
     102  -0.0000071546   0.0000022921   0.0000020405  -0.0000020543   0.0000054502  -0.0318204162
     103   0.0001032370  -0.0000443246   0.0000084806  -0.0001819884  -0.0007259856  -0.0000050396
     104   0.0000139111  -0.0000442380  -0.0000083459  -0.0003825831   0.0000697643   0.0000045989
     105   0.0000041563  -0.0000005178   0.0000341607  -0.0000187482   0.0000060945  -0.0006530447
     106   0.0006864258  -0.0009498355  -0.0000078039  -0.0000693298   0.0001282412   0.0000045818
     107   0.0013485046   0.0005331767  -0.0000081940   0.0001326545  -0.0000695295   0.0000050580
     108  -0.0000001120   0.0000029983  -0.0040864319  -0.0000023214  -0.0000092209  -0.0000085402
     109   0.0002593118  -0.0006113590  -0.0000077519   0.0000874991  -0.0003983132   0.0000045637
     110   0.0002727233  -0.0000285622   0.0000074120  -0.0007303312  -0.0001773680  -0.0000042267
     111  -0.0000015943  -0.0000000427   0.0006895407  -0.0000055052  -0.0000000775  -0.0006537217
                     67             68             69             70             71             72
       1  -0.0022899781  -0.0018240441  -0.0000240878  -0.0022747208  -0.0018036807  -0.0000645671
       2  -0.0018258185  -0.0022758537  -0.0000013889  -0.0018203930  -0.0022894727   0.0000019373
       3   0.0000051695   0.0000134681  -0.0012667867   0.0000089327  -0.0000033643  -0.0012665029
       4   0.0223146252   0.0031228998   0.0000023421   0.0021215395   0.0006394051   0.0000538629
       5   0.0063344059  -0.0697848862  -0.0000134111  -0.0060188107  -0.0086201805   0.0000214708
       6   0.0000014454   0.0000080762   0.0024058921  -0.0000001672  -0.0000099891   0.0003268218
       7   0.0021255734   0.0006415476  -0.0000686170   0.0222425172   0.0030990974  -0.0000865662
       8  -0.0059945319  -0.0086096051   0.0000039613   0.0063742451  -0.0697852593  -0.0000211018
       9   0.0000005774   0.0000061367   0.0003265970   0.0000044996   0.0000008454   0.0024061092
      10  -0.0697679955   0.0063352758   0.0000104618  -0.0086152163  -0.0060052621   0.0000265184
      11   0.0031171324   0.0223005365  -0.0000872075   0.0006153872   0.0021037169  -0.0000940457
      12  -0.0000061034  -0.0000020416   0.0024062799  -0.0000024531  -0.0000040424   0.0003264833
      13  -0.0086298184  -0.0059918820   0.0000007487  -0.0698136885   0.0063504222  -0.0000194884
      14   0.0006216927   0.0021362778   0.0000570209   0.0031761016   0.0223136822   0.0000980704
      15  -0.0000064476   0.0000051103   0.0003267950  -0.0000076059  -0.0000179834   0.0024060735
      16   0.0102365347   0.0263038942  -0.0000194689   0.0106636586   0.0082117725  -0.0000408933
      17   0.0057367366   0.0142488020  -0.0000364858  -0.0030807405   0.0048015602  -0.0000659622
      18   0.0000021500   0.0000091937   0.0047335363   0.0000004174  -0.0000129550  -0.0001644316
      19  -0.1260534454  -0.0849976768  -0.0000141071   0.0056535542   0.0029470155  -0.0000395006
      20  -0.0465014889  -0.3414933980  -0.0000217028   0.0157654187   0.0159697399   0.0000413217
      21  -0.0000099632  -0.0000057963  -0.0582303248  -0.0000096788  -0.0000127856   0.0001369732
      22   0.0056316772   0.0029234065  -0.0000046521  -0.1260507594  -0.0849667106   0.0000106335
      23   0.0157798628   0.0159874556   0.0000084911  -0.0464649531  -0.3415038794  -0.0000218228
      24  -0.0000064754   0.0000237341   0.0001373315  -0.0000062236  -0.0000138417  -0.0582301399
      25   0.0106462572   0.0081996555  -0.0000058461   0.0102422119   0.0263491129   0.0000065285
      26  -0.0030853599   0.0048110534  -0.0000130233   0.0057893187   0.0142324978   0.0000218011
      27  -0.0000020537   0.0000203883  -0.0001644873   0.0000033068  -0.0000243465   0.0047337676
      28   0.0048224650  -0.0030506427   0.0000094412   0.0142229305   0.0057523242  -0.0000191985
      29   0.0081976213   0.0103369157  -0.0000016801   0.0263177652   0.0105347218  -0.0000201533
      30  -0.0000017600  -0.0002398755  -0.0001637357   0.0000011047   0.0002365921   0.0047346258
      31   0.0159346764   0.0157737487  -0.0000231584  -0.3415260806  -0.0464962169   0.0000118425
      32   0.0029276936   0.0056685231   0.0000091881  -0.0850184420  -0.1260955036  -0.0000158746
      33   0.0000010856   0.0000065505   0.0001362864   0.0000048711  -0.0000034137  -0.0582311270
      34  -0.3414995791  -0.0464771126   0.0000127678   0.0159620242   0.0157416915  -0.0000135564
      35  -0.0849691547  -0.1260561553   0.0000083043   0.0029321417   0.0055985884   0.0000124879
      36  -0.0000003729  -0.0000047869  -0.0582304682  -0.0000044800  -0.0000007007   0.0001369974
      37   0.0142533069   0.0057863275  -0.0000065993   0.0048238641  -0.0030966495   0.0000222263
      38   0.0263355360   0.0102548660   0.0000014699   0.0082217253   0.0106325343   0.0000036486
      39   0.0000077183  -0.0000183963   0.0047337101  -0.0000128067   0.0000105545  -0.0001642341
      40  -0.0147437926  -0.0086472188   0.0000103787  -0.0055432606  -0.0039525194   0.0000056572
      41   0.0116509859   0.0179063680  -0.0000060634   0.0067224487   0.0045054719  -0.0000042530
      42  -0.0000295870   0.0000417520   0.0028016222   0.0000261970  -0.0000422665  -0.0001984758
      43  -0.0188382306  -0.0220758458  -0.0000095270  -0.0041514343  -0.0026445297   0.0000033797
      44  -0.0485974256  -0.0255758583  -0.0000090804  -0.0060414753  -0.0038118868  -0.0000008305
      45   0.0000120700  -0.0000056269   0.0044501387  -0.0000101636   0.0000041024   0.0001392739
      46  -0.0041479188  -0.0026081654   0.0000059258  -0.0188346286  -0.0220667028  -0.0000003103
      47  -0.0060397378  -0.0037729711   0.0000130964  -0.0485902072  -0.0255779005   0.0000102605
      48   0.0000081877  -0.0000029912   0.0001391118  -0.0000062122   0.0000007197   0.0044494004
      49  -0.0055429992  -0.0039197538   0.0000050316  -0.0147498665  -0.0086639464   0.0000038914
      50   0.0067319349   0.0044599967  -0.0000127664   0.0116556097   0.0179263015  -0.0000067836
      51  -0.0000172036   0.0000110912  -0.0001991220   0.0000175423  -0.0000084316   0.0028015103
      52   0.0045148534   0.0067048096   0.0000000970   0.0178811531   0.0116593998  -0.0000040125
      53  -0.0039633351  -0.0054985541   0.0000064624  -0.0086171875  -0.0148022723   0.0000051350
      54  -0.0000023627   0.0000320616  -0.0001993802   0.0000117332  -0.0000237581   0.0028011296
      55  -0.0038402452  -0.0060427991  -0.0000108045  -0.0255346984  -0.0485874618  -0.0000037055
      56  -0.0026231901  -0.0041612658  -0.0000037436  -0.0220680993  -0.0188270830  -0.0000004141
      57   0.0000130004   0.0000116388   0.0001398172  -0.0000115647  -0.0000075233   0.0044500334
      58  -0.0255175769  -0.0485843696   0.0000104615  -0.0038318029  -0.0060163540   0.0000013271
      59  -0.0220581505  -0.0188126091   0.0000075491  -0.0026279972  -0.0041389766  -0.0000000351
      60   0.0000053732  -0.0000016766   0.0044498780  -0.0000051565   0.0000056644   0.0001389632
      61   0.0178857096   0.0116425161  -0.0000094665   0.0045224869   0.0067272100  -0.0000054604
      62  -0.0086514385  -0.0147295846   0.0000044393  -0.0039451119  -0.0055616811   0.0000041133
      63  -0.0000045835   0.0000070318   0.0028015793   0.0000095443  -0.0000057263  -0.0001985732
      64  -0.0044516039   0.0000600296   0.0000011306  -0.0103068644  -0.0000317281   0.0000065193
      65  -0.0000259029  -0.0102824223   0.0000741029   0.0000364667  -0.0044720089   0.0000296148
      66  -0.0000073493   0.0000190628   0.0011338429   0.0000047815  -0.0000153951   0.0011333034
      67   0.7426485185   0.0134802658   0.0000168193  -0.0144622322  -0.0139510487   0.0000116886
      68   0.0134802658   0.7425780477   0.0000032223  -0.0139853742  -0.0144219853   0.0000008711
      69   0.0000168193   0.0000032223   0.1219711656  -0.0000040090   0.0000092967  -0.0002756970
      70  -0.0144622322  -0.0139853742  -0.0000040090   0.7426248480   0.0134801124   0.0000073556
      71  -0.0139510487  -0.0144219853   0.0000092967   0.0134801124   0.7425533596   0.0000097945
      72   0.0000116886   0.0000008711  -0.0002756970   0.0000073556   0.0000097945   0.1219713278
      73  -0.0103093449  -0.0000525503  -0.0000114136  -0.0044718701   0.0000521289  -0.0000039930
      74   0.0000515266  -0.0045173544  -0.0000069865  -0.0000456170  -0.0102539007   0.0000037975
      75   0.0000036390  -0.0000082929   0.0011343491  -0.0000106902   0.0000054454   0.0011338452
      76   0.0004081031  -0.0001979336   0.0000115652   0.0001054601   0.0001272446  -0.0000023605
      77  -0.0014744195   0.0003797372   0.0000017687   0.0000651019   0.0000458865   0.0000033088
      78   0.0000063509   0.0000174008   0.0005680910   0.0000014484  -0.0000061810  -0.0000121161
      79   0.0008561390   0.0010384398   0.0000052458  -0.0000716165  -0.0000709348  -0.0000081899
      80   0.0001692732   0.0007336349   0.0000047785  -0.0000161058  -0.0000210762   0.0000018085
      81   0.0000069805   0.0000168535  -0.0017503834  -0.0000014721  -0.0000119228   0.0000050853
      82  -0.0000665891  -0.0000739007  -0.0000110319   0.0008683624   0.0010131120   0.0000084145
      83  -0.0000216975  -0.0000059990   0.0000002171   0.0001487679   0.0007278195  -0.0000010629
      84  -0.0000038778  -0.0000023774   0.0000091589   0.0000047869   0.0000014497  -0.0017461794
      85   0.0001011380   0.0001256177  -0.0000122921   0.0004037148  -0.0002085096   0.0000042325
      86   0.0000542003   0.0000627923  -0.0000014044  -0.0014778239   0.0003608963  -0.0000025225
      87   0.0000025515   0.0000020464  -0.0000076958   0.0000030201   0.0000029730   0.0005723880
      88   0.0000733520   0.0000527793   0.0000030814   0.0003759103  -0.0014681787   0.0000003766
      89   0.0001065060   0.0000844567   0.0000156982  -0.0001757701   0.0004065260  -0.0000052415
      90  -0.0000001635   0.0000204937  -0.0000061595  -0.0000016304  -0.0000214308   0.0005742346
      91  -0.0000073778  -0.0000222364  -0.0000019994   0.0007330114   0.0001831565   0.0000013125
      92  -0.0000962206  -0.0000834824   0.0000119095   0.0010461924   0.0008655812  -0.0000098775
      93   0.0000001314   0.0000152809   0.0000031103  -0.0000017992  -0.0000185985  -0.0017519127
      94   0.0007248169   0.0001765432  -0.0000030147  -0.0000156486  -0.0000215038  -0.0000016883
      95   0.0010563196   0.0008850805  -0.0000052969  -0.0000827979  -0.0001013017   0.0000096631
      96  -0.0000105212  -0.0000147669  -0.0017482564  -0.0000002423   0.0000004844   0.0000072352
      97   0.0003643266  -0.0014671120  -0.0000002986   0.0000603809   0.0000554708  -0.0000000197
      98  -0.0001852770   0.0004240466  -0.0000105365   0.0001031439   0.0000703632   0.0000056988
      99  -0.0000018819  -0.0000071011   0.0005700304   0.0000016589   0.0000077259  -0.0000101114
     100   0.0000876341   0.0003975143   0.0000053928  -0.0001637993   0.0007203505   0.0000049754
     101   0.0007228378  -0.0001634634   0.0000062142   0.0004089327   0.0000519837   0.0000046616
     102   0.0000137296   0.0000207611  -0.0006530307   0.0000110830  -0.0000029035  -0.0006530173
     103  -0.0000640394  -0.0001311690  -0.0000010493  -0.2030704547   0.1466999752   0.0000042719
     104  -0.0001286855  -0.0000573746   0.0000011967   0.1466810000  -0.2030886301  -0.0000048797
     105  -0.0000002695   0.0000060899  -0.0000092453   0.0000055455  -0.0000029686  -0.0318202817
     106  -0.0001818534   0.0007250443  -0.0000029512   0.0000710158   0.0004016961  -0.0000043777
     107   0.0003850855   0.0000711566  -0.0000028695   0.0007068976  -0.0001782174  -0.0000042376
     108   0.0000082363   0.0000051534  -0.0006537101   0.0000076192   0.0000058680  -0.0006537035
     109  -0.2030986081   0.1467065899  -0.0000125623  -0.0000752103  -0.0001274347  -0.0000048916
     110   0.1467104608  -0.2030827005   0.0000125096  -0.0001153611  -0.0000749053   0.0000050018
     111   0.0000042423   0.0000116074  -0.0318197822   0.0000022991  -0.0000051587  -0.0000085219
                     73             74             75             76             77             78
       1  -0.0022908088   0.0018024140  -0.0000235730   0.0007947966  -0.0002526676   0.0000114983
       2   0.0018196514  -0.0022756974  -0.0000014929  -0.0002864616   0.0001975291   0.0000010824
       3  -0.0000046408   0.0000141009  -0.0012667876  -0.0000045430  -0.0000038977   0.0006002598
       4   0.0021302396  -0.0006663802  -0.0000223318  -0.0049138068   0.0037703565   0.0000833138
       5   0.0059933259  -0.0086089147   0.0000173792  -0.0000183382  -0.0001198840   0.0000074803
       6  -0.0000029866   0.0000101382   0.0003266121   0.0000039873   0.0000034643   0.0036134811
       7   0.0222578127  -0.0031184978  -0.0000222340  -0.0000853026   0.0000823822   0.0000470357
       8  -0.0063431422  -0.0697941346  -0.0000287328   0.0001226997  -0.0000088423  -0.0000124825
       9  -0.0000014562   0.0000041886   0.0024059168   0.0000026392   0.0000013931  -0.0000410212
      10  -0.0697958161  -0.0063492718   0.0000025976  -0.0001783746   0.0001098784   0.0000149961
      11  -0.0031491428   0.0222927821  -0.0000257746  -0.0002019429   0.0000919702   0.0000064333
      12   0.0000041852  -0.0000018311   0.0024062705   0.0000058485   0.0000040713   0.0000930631
      13  -0.0086206542   0.0060056514  -0.0000128838   0.0002774993   0.0000153582   0.0000178659
      14  -0.0006104725   0.0020996375  -0.0000032564   0.0001491553  -0.0000515614  -0.0000005828
      15   0.0000043432   0.0000078459   0.0003267757   0.0000030970   0.0000032983   0.0000298841
      16   0.0056627272  -0.0029786460  -0.0000057329  -0.0076772173   0.0088724143  -0.0000356865
      17  -0.0157799782   0.0160016291  -0.0000315985  -0.0186164112   0.0093211649  -0.0000407492
      18   0.0000041461   0.0000065902   0.0001373255   0.0000038453   0.0000047196  -0.0007242085
      19   0.0106701357  -0.0082430465  -0.0000048618  -0.0010405862   0.0007929726  -0.0000395111
      20   0.0030791114   0.0047962588   0.0000511693   0.0020707820  -0.0057869067   0.0000266426
      21   0.0000002839   0.0000056579  -0.0001644952   0.0000027114   0.0000029449   0.0079538379
      22   0.0102374847  -0.0263105541  -0.0000106943   0.0000281180  -0.0000778912  -0.0000048727
      23  -0.0057761628   0.0142654522  -0.0000096903  -0.0002131945   0.0000306718  -0.0000200399
      24  -0.0000020180   0.0000049702   0.0047335286  -0.0000010536  -0.0000030620  -0.0000284601
      25  -0.1260605366   0.0849932509   0.0000042383   0.0000049382  -0.0000903076  -0.0000039791
      26   0.0464796746  -0.3415003506  -0.0000146848   0.0000064948  -0.0000906307   0.0000158865
      27   0.0000081446  -0.0000092761  -0.0582302690  -0.0000035557  -0.0000052945  -0.0000083832
      28   0.0159646889  -0.0157474297   0.0000073793   0.0000296092  -0.0001809059  -0.0000124499
      29  -0.0029341420   0.0053330903   0.0000219554   0.0001836425   0.0000665405  -0.0000124427
      30  -0.0000040381  -0.0002352163   0.0001362557   0.0000010151   0.0000020611   0.0000316772
      31   0.0048138253   0.0030473592   0.0000014627   0.0000034623  -0.0001769889   0.0000366203
      32  -0.0081938634   0.0106576635   0.0000200656  -0.0000446525   0.0000611565  -0.0000110912
      33  -0.0000006342   0.0000038091  -0.0001637127  -0.0000062085  -0.0000057507   0.0000294821
      34   0.0142367806  -0.0057486551  -0.0000098348  -0.0000124086   0.0000299418  -0.0000127558
      35  -0.0263433680   0.0102821519  -0.0000123446   0.0001485441  -0.0005041335   0.0000123554
      36   0.0000039912  -0.0000068829   0.0047337289   0.0000021940   0.0000015928  -0.0008483416
      37  -0.3415184434   0.0464844539   0.0000066065   0.0002287588  -0.0001116712   0.0000314369
      38   0.0849771640  -0.1260196487   0.0000047964  -0.0000027860  -0.0000666345   0.0000085158
      39  -0.0000004891  -0.0000154016  -0.0582304889  -0.0000027187  -0.0000041375  -0.0001002680
      40  -0.0041508494   0.0026455415  -0.0000061580  -0.2427471442  -0.1474889917   0.0000067515
      41   0.0060258349  -0.0038206674   0.0000037630  -0.1473337303  -0.1744856810  -0.0000041960
      42   0.0000257020   0.0000410544   0.0001391114  -0.0000017638   0.0000013202  -0.0325318545
      43  -0.0055449751   0.0039562239  -0.0000064619   0.0075441958  -0.0239739770   0.0000024112
      44  -0.0067261267   0.0044952689  -0.0000024382   0.0051993448  -0.0050740962   0.0000057888
      45  -0.0000080027  -0.0000041172  -0.0001991251   0.0000089133  -0.0000006382   0.0036820333
      46  -0.0147466456   0.0086298831   0.0000014047  -0.0000844115   0.0000625396  -0.0000020957
      47  -0.0116437270   0.0179157194  -0.0000044399  -0.0000114547   0.0000533826   0.0000069871
      48  -0.0000045851  -0.0000013002   0.0028016211  -0.0000063105  -0.0000011665  -0.0000192535
      49  -0.0188387787   0.0220788421   0.0000000959  -0.0000696386   0.0000764079  -0.0000006661
      50   0.0486000307  -0.0255871536   0.0000091628  -0.0000004789  -0.0000600657  -0.0000083359
      51   0.0000117768   0.0000119879   0.0044501223  -0.0000110758  -0.0000010123   0.0000127221
      52  -0.0038382264   0.0060130041   0.0000012614  -0.0000977998   0.0000348624   0.0000063649
      53   0.0026573459  -0.0041027782  -0.0000039904   0.0000682788  -0.0000634887  -0.0000018726
      54   0.0000012960   0.0000294265   0.0001397854  -0.0000006884  -0.0000026079   0.0000213663
      55   0.0045197601  -0.0067093124   0.0000013778   0.0000083979  -0.0000166938   0.0000091144
      56   0.0039369536  -0.0055224566  -0.0000015325   0.0001150840  -0.0000436689   0.0000038589
      57  -0.0000122777   0.0000154574  -0.0001993583   0.0000064917  -0.0000004293  -0.0000042474
      58   0.0178809915  -0.0116784988   0.0000005157  -0.0000097841  -0.0000661469   0.0000044368
      59   0.0086458406  -0.0147532775   0.0000038351  -0.0000546722   0.0001012126  -0.0000001036
      60  -0.0000066792  -0.0000025208   0.0028015625  -0.0000100562  -0.0000038699  -0.0001155627
      61  -0.0255251670   0.0486015151   0.0000079567  -0.0000190174  -0.0000763685   0.0000019422
      62   0.0220525052  -0.0188213147  -0.0000014275  -0.0000629530   0.0000131234  -0.0000032080
      63   0.0000050573   0.0000093997   0.0044499089  -0.0000020199   0.0000032762   0.0000497553
      64  -0.0144716718   0.0139813561   0.0000005673   0.0008409555  -0.0001804730  -0.0000007003
      65   0.0139569342  -0.0144727230  -0.0000015138  -0.0010240478   0.0007261439   0.0000076948
      66   0.0000038742   0.0000234859  -0.0002757083   0.0000050956  -0.0000011754  -0.0017461882
      67  -0.0103093449   0.0000515266   0.0000036390   0.0004081031  -0.0014744195   0.0000063509
      68  -0.0000525503  -0.0045173544  -0.0000082929  -0.0001979336   0.0003797372   0.0000174008
      69  -0.0000114136  -0.0000069865   0.0011343491   0.0000115652   0.0000017687   0.0005680910
      70  -0.0044718701  -0.0000456170  -0.0000106902   0.0001054601   0.0000651019   0.0000014484
      71   0.0000521289  -0.0102539007   0.0000054454   0.0001272446   0.0000458865  -0.0000061810
      72  -0.0000039930   0.0000037975   0.0011338452  -0.0000023605   0.0000033088  -0.0000121161
      73   0.7426340216  -0.0134445124   0.0000029745  -0.0000750696   0.0000193197   0.0000005196
      74  -0.0134445124   0.7425692189   0.0000178761   0.0000700088   0.0000037246   0.0000062483
      75   0.0000029745   0.0000178761   0.1219710395  -0.0000055425  -0.0000000130   0.0000091540
      76  -0.0000750696   0.0000700088  -0.0000055425   0.2467315156   0.1596161261  -0.0000128364
      77   0.0000193197   0.0000037246  -0.0000000130   0.1596161261   0.1743105471  -0.0000065771
      78   0.0000005196   0.0000062483   0.0000091540  -0.0000128364  -0.0000065771   0.0231028860
      79   0.0000961154  -0.0001181045  -0.0000038848   0.0000096255   0.0006872302  -0.0000083832
      80  -0.0000541026   0.0000692769  -0.0000015028  -0.0006836418   0.0010948972   0.0000042001
      81  -0.0000054697   0.0000138068  -0.0000076771  -0.0000039927   0.0000007552  -0.0042019842
      82   0.0004073882   0.0001952662   0.0000039744  -0.0000152389  -0.0000004001  -0.0000071991
      83   0.0014738380   0.0003725219   0.0000016452  -0.0000058280   0.0000021126   0.0000084480
      84  -0.0000046432   0.0000081906   0.0005680960   0.0000139988   0.0000091685   0.0000096428
      85   0.0008626443  -0.0010310643   0.0000120534   0.0000036114   0.0000142965  -0.0000065232
      86  -0.0001647592   0.0007259087   0.0000048561   0.0000078472  -0.0000006689  -0.0000066490
      87  -0.0000059077   0.0000062292  -0.0017503511  -0.0000005438  -0.0000038761  -0.0000021395
      88  -0.0000136131   0.0000147532   0.0000014897  -0.0000180178  -0.0000003336  -0.0000082051
      89   0.0000855329  -0.0000803582  -0.0000056602   0.0000331037  -0.0000074437  -0.0000115220
      90   0.0000002852   0.0000204763   0.0000030931  -0.0000035619  -0.0000007083   0.0000255228
      91   0.0000618572  -0.0000643616  -0.0000024257   0.0000109944  -0.0000131568  -0.0000058286
      92  -0.0001074577   0.0000856309  -0.0000021783   0.0000034533   0.0000035077   0.0000049922
      93   0.0000004054   0.0000190800  -0.0000061837   0.0000009956   0.0000004955  -0.0000042878
      94   0.0003714406   0.0014737237  -0.0000002511   0.0000160454   0.0000193596  -0.0000027951
      95   0.0001869465   0.0004292241   0.0000065625  -0.0000122495   0.0000021409   0.0000047610
      96  -0.0000000308  -0.0000037885   0.0005700245  -0.0000035019  -0.0000037639  -0.0000045489
      97   0.0007331602  -0.0001618016   0.0000033653   0.0000103203  -0.0000148600  -0.0000043525
      98  -0.0010487842   0.0008980680   0.0000129365  -0.0000048754   0.0000137151  -0.0000033623
      99   0.0000113338  -0.0000179107  -0.0017482707   0.0000090174   0.0000045701   0.0000284635
     100  -0.0000731539   0.0001279141   0.0000009719  -0.0000598288  -0.0001273467  -0.0000125613
     101   0.0001317999  -0.0000556450   0.0000013051   0.0009005768  -0.0002022084  -0.0000121274
     102  -0.0000026678   0.0000117555  -0.0000092631   0.0000024965   0.0000040044   0.0002051248
     103   0.0000728226  -0.0004082661  -0.0000058728  -0.0000005622  -0.0000063326  -0.0000141128
     104  -0.0007148329  -0.0001729460   0.0000063244   0.0000030756  -0.0000006321   0.0000135413
     105  -0.0000101722   0.0000186060  -0.0006530554   0.0000067001   0.0000056676  -0.0000021707
     106  -0.2030838718  -0.1466955331   0.0000124285   0.0000048182   0.0000144714  -0.0000102235
     107  -0.1466924369  -0.2030878382   0.0000127210  -0.0000058145   0.0000069225  -0.0000093723
     108  -0.0000043669   0.0000055896  -0.0318197410   0.0000157189   0.0000092750   0.0000087476
     109  -0.0001736065  -0.0007194289   0.0000028816   0.0000135812   0.0000345619  -0.0000088456
     110  -0.0003898770   0.0000735210  -0.0000024665  -0.0000446259   0.0000340149   0.0000077523
     111  -0.0000112606   0.0000122872  -0.0006537281  -0.0000026126  -0.0000000361   0.0003216353
                     79             80             81             82             83             84
       1   0.0007929788   0.0003066174  -0.0000083931   0.0007922966   0.0003052324  -0.0000015815
       2   0.0002919714   0.0001911341   0.0000015501   0.0002867536   0.0001914258   0.0000010380
       3   0.0000052097  -0.0000038530   0.0006002399   0.0000036459  -0.0000039220   0.0006002465
       4  -0.0049280692  -0.0037763285   0.0000083165  -0.0000583468  -0.0000463370  -0.0000129311
       5   0.0000177713  -0.0001254242   0.0000061939  -0.0000984813   0.0000005632  -0.0000023258
       6  -0.0000004513  -0.0000009224   0.0036125917  -0.0000006316   0.0000016382  -0.0000410076
       7  -0.0000896225  -0.0000535478  -0.0000465515  -0.0049672426  -0.0038004176  -0.0000248263
       8  -0.0000909220  -0.0000049121  -0.0000109165   0.0000363382  -0.0001285755  -0.0000054678
       9  -0.0000030059   0.0000050292  -0.0000427622  -0.0000063242   0.0000037518   0.0036134850
      10   0.0002657887  -0.0000136068  -0.0000163694  -0.0001916779  -0.0001244854  -0.0000152564
      11  -0.0001425713  -0.0000063348  -0.0000080393   0.0001615723   0.0000740394   0.0000153109
      12  -0.0000048277   0.0000051134   0.0000311199  -0.0000053321   0.0000040280   0.0000930132
      13  -0.0001752335  -0.0001190966  -0.0000056599   0.0002709526  -0.0000097181  -0.0000163031
      14   0.0002170702   0.0000611636   0.0000186896  -0.0001085395  -0.0000131474  -0.0000085686
      15  -0.0000047189   0.0000037407   0.0000945609  -0.0000033896   0.0000033234   0.0000298295
      16  -0.0010327235  -0.0007824072   0.0000116653   0.0000387007   0.0000425001  -0.0000143464
      17  -0.0020745786  -0.0057794092   0.0000003156   0.0002343498   0.0000260184  -0.0000623258
      18  -0.0000034185   0.0000021023   0.0079517517   0.0000044705  -0.0000030880  -0.0000284704
      19  -0.0076633372  -0.0088620758   0.0000092197   0.0000277958   0.0000490676  -0.0000167728
      20   0.0186454821   0.0093022043  -0.0000024719  -0.0000032371  -0.0000701003   0.0000686285
      21   0.0000012738  -0.0000012857  -0.0007215563   0.0000064544  -0.0000053779  -0.0000083843
      22   0.0000106906   0.0000798322   0.0000309166  -0.0076985390  -0.0088516101   0.0000272460
      23  -0.0000260076  -0.0000487392  -0.0000191982   0.0186393449   0.0093210958  -0.0000196469
      24   0.0000068114  -0.0000040370  -0.0000057779  -0.0000077588   0.0000048186  -0.0007242145
      25   0.0000315437   0.0000661490   0.0000317474  -0.0010673298  -0.0007797975   0.0000291996
      26   0.0002228973   0.0000187533   0.0000105808  -0.0020835558  -0.0057676117   0.0000188586
      27   0.0000052233  -0.0000026278  -0.0000304804  -0.0000064530   0.0000030364   0.0079538609
      28  -0.0000190274  -0.0000157318  -0.0000142381   0.0000097734   0.0001857922  -0.0000231118
      29  -0.0001553363  -0.0004863779  -0.0000082684   0.0000319897   0.0000487351   0.0000002889
      30   0.0000019569  -0.0000020892  -0.0008497117   0.0000076293  -0.0000058122   0.0000295086
      31   0.0002268898   0.0000888302   0.0000073504   0.0000120615   0.0001759154  -0.0000002490
      32  -0.0000234133  -0.0000385401  -0.0000115926  -0.0002017743   0.0000546223  -0.0000015585
      33   0.0000057561  -0.0000049683  -0.0000997418  -0.0000026026   0.0000020680   0.0000316501
      34   0.0000291461   0.0001831328  -0.0000192674   0.0002211621   0.0000902815  -0.0000186978
      35  -0.0001822274   0.0000452680   0.0000056442   0.0000107813  -0.0000605453  -0.0000037630
      36   0.0000019609  -0.0000004852   0.0000323971   0.0000035309  -0.0000041878  -0.0001002599
      37  -0.0000032606   0.0001786298  -0.0000030020  -0.0000209754  -0.0000255363  -0.0000017076
      38   0.0000486699   0.0000410139   0.0000059091  -0.0001388228  -0.0004950259   0.0000024148
      39   0.0000034521  -0.0000014528   0.0000280941  -0.0000039501   0.0000016065  -0.0008483379
      40   0.0075598447   0.0239709649  -0.0000031196  -0.0000762690  -0.0000691637   0.0000007364
      41  -0.0052151180  -0.0050757128   0.0000045363   0.0000215273   0.0000673760   0.0000083841
      42  -0.0000081039   0.0000049685   0.0036797327   0.0000030264  -0.0000013276  -0.0000192596
      43  -0.2427439657   0.1474884215  -0.0000069275  -0.0000653344  -0.0000782872   0.0000025851
      44   0.1473200864  -0.1744754930   0.0000001637  -0.0000002076  -0.0000638238  -0.0000091327
      45  -0.0000003016  -0.0000012295  -0.0325295632   0.0000025482  -0.0000011164   0.0000127001
      46  -0.0000779972  -0.0000763738   0.0000001839  -0.2427464863   0.1474956301  -0.0000073676
      47   0.0000104201  -0.0000642256  -0.0000075251   0.1473163681  -0.1744761368  -0.0000009203
      48  -0.0000006003  -0.0000040257   0.0000151718  -0.0000040926   0.0000015281  -0.0325319320
      49  -0.0000839122  -0.0000620387   0.0000020976   0.0075689513   0.0239759732  -0.0000007647
      50   0.0000062389   0.0000655111   0.0000032940  -0.0052004212  -0.0050770238   0.0000044436
      51  -0.0000104839   0.0000005739  -0.0000214426   0.0000113668  -0.0000005173   0.0036820212
      52  -0.0000132053   0.0000591291  -0.0000017580   0.0000413428   0.0000224027  -0.0000085242
      53   0.0000391055   0.0001017898  -0.0000014327  -0.0001035262  -0.0000446498   0.0000029144
      54   0.0000037400  -0.0000008630  -0.0001178242  -0.0000016832  -0.0000005372  -0.0000041941
      55  -0.0000156230   0.0000768730   0.0000017052  -0.0000648095  -0.0000335564  -0.0000079019
      56   0.0000519372   0.0000156827  -0.0000015803  -0.0000799256  -0.0000643805  -0.0000017721
      57   0.0000079324  -0.0000007388   0.0000523509  -0.0000038868  -0.0000024958   0.0000213377
      58  -0.0001031806  -0.0000334837  -0.0000069388   0.0000110033   0.0000744518  -0.0000004001
      59  -0.0000644386  -0.0000685539  -0.0000018831   0.0000541828   0.0000128997  -0.0000018286
      60  -0.0000009965  -0.0000028208   0.0000237261   0.0000001651   0.0000032513   0.0000497891
      61   0.0000069440   0.0000222548  -0.0000091050   0.0000188701   0.0000561631  -0.0000052094
      62  -0.0001095719  -0.0000471050   0.0000035732   0.0000616974   0.0000994803   0.0000013096
      63  -0.0000087814   0.0000030008  -0.0000062990   0.0000100927  -0.0000038290  -0.0001155803
      64   0.0003879590   0.0014715743  -0.0000013771   0.0001136277  -0.0000520803  -0.0000061410
      65   0.0002177043   0.0003718666   0.0000006025  -0.0001378498   0.0000658556  -0.0000023367
      66   0.0000097066  -0.0000024362   0.0005724022  -0.0000110035   0.0000032565  -0.0000121237
      67   0.0008561390   0.0001692732   0.0000069805  -0.0000665891  -0.0000216975  -0.0000038778
      68   0.0010384398   0.0007336349   0.0000168535  -0.0000739007  -0.0000059990  -0.0000023774
      69   0.0000052458   0.0000047785  -0.0017503834  -0.0000110319   0.0000002171   0.0000091589
      70  -0.0000716165  -0.0000161058  -0.0000014721   0.0008683624   0.0001487679   0.0000047869
      71  -0.0000709348  -0.0000210762  -0.0000119228   0.0010131120   0.0007278195   0.0000014497
      72  -0.0000081899   0.0000018085   0.0000050853   0.0000084145  -0.0000010629  -0.0017461794
      73   0.0000961154  -0.0000541026  -0.0000054697   0.0004073882   0.0014738380  -0.0000046432
      74  -0.0001181045   0.0000692769   0.0000138068   0.0001952662   0.0003725219   0.0000081906
      75  -0.0000038848  -0.0000015028  -0.0000076771   0.0000039744   0.0000016452   0.0005680960
      76   0.0000096255  -0.0006836418  -0.0000039927  -0.0000152389  -0.0000058280   0.0000139988
      77   0.0006872302   0.0010948972   0.0000007552  -0.0000004001   0.0000021126   0.0000091685
      78  -0.0000083832   0.0000042001  -0.0042019842  -0.0000071991   0.0000084480   0.0000096428
      79   0.2467383930  -0.1596157926   0.0000052056   0.0000057250  -0.0000027371   0.0000123813
      80  -0.1596157926   0.1743056172  -0.0000052983  -0.0000062419  -0.0000124274  -0.0000074117
      81   0.0000052056  -0.0000052983   0.0231018777   0.0000069280  -0.0000035842  -0.0000021468
      82   0.0000057250  -0.0000062419   0.0000069280   0.2467243166  -0.1596166931   0.0000076122
      83  -0.0000027371  -0.0000124274  -0.0000035842  -0.1596166931   0.1743059592  -0.0000063263
      84   0.0000123813  -0.0000074117  -0.0000021468   0.0000076122  -0.0000063263   0.0231028892
      85  -0.0000129777  -0.0000029817   0.0000098280   0.0000089659  -0.0006893253   0.0000064368
      86   0.0000040138   0.0000023911   0.0000074273   0.0006909427   0.0010944988   0.0000041591
      87  -0.0000055147   0.0000076093   0.0000102399  -0.0000038303   0.0000002942  -0.0042019543
      88   0.0000130078  -0.0000183436  -0.0000003919  -0.0000020775   0.0000085740   0.0000063639
      89   0.0000086300   0.0000041782  -0.0000010888  -0.0000087816  -0.0000014789   0.0000064094
      90   0.0000002047  -0.0000016108  -0.0000040670   0.0000014126   0.0000005233  -0.0000042876
      91   0.0000133919   0.0000197882   0.0000021050  -0.0000273903  -0.0000005884   0.0000080969
      92  -0.0000000968   0.0000097409  -0.0000034531  -0.0000267910  -0.0000098062  -0.0000093243
      93  -0.0000020455   0.0000013091   0.0000275727   0.0000016508  -0.0000007354   0.0000255364
      94  -0.0000114062  -0.0000004054   0.0000085291   0.0000044601   0.0000214592   0.0000045048
      95  -0.0000383710  -0.0000093522  -0.0000087309  -0.0000036298   0.0000100126  -0.0000054242
      96   0.0000056245  -0.0000038331   0.0000254528  -0.0000068992   0.0000045018   0.0000284663
      97   0.0000082681   0.0000094001   0.0000056214   0.0000096450  -0.0000180668   0.0000026472
      98  -0.0000079981  -0.0000011367   0.0000075224   0.0000101053   0.0000045774   0.0000028806
      99  -0.0000022831   0.0000049321  -0.0000043170   0.0000011607  -0.0000037144  -0.0000045424
     100   0.0000106866  -0.0000349847   0.0000025865  -0.0000169857  -0.0000003823   0.0000147542
     101   0.0000381562   0.0000340395   0.0000016486  -0.0000134612  -0.0000041865   0.0000125647
     102  -0.0000035283   0.0000017302   0.0003216541  -0.0000037255   0.0000056798  -0.0000021724
     103   0.0000153512  -0.0000027505   0.0000040247  -0.0000605041   0.0001316499   0.0000126005
     104  -0.0000102011  -0.0000022850  -0.0000032998  -0.0009154761  -0.0001985650  -0.0000124862
     105  -0.0000052572   0.0000050806   0.0000085496  -0.0000051340   0.0000040706   0.0002051330
     106  -0.0000017352   0.0000003644   0.0000125132   0.0000082651  -0.0000348629   0.0000091360
     107  -0.0000079274  -0.0000039955   0.0000117664   0.0000444938   0.0000348144   0.0000081035
     108  -0.0000029300   0.0000066686  -0.0000023078  -0.0000008913  -0.0000010020   0.0003216464
     109  -0.0000523740   0.0001319248   0.0000120773   0.0000157631  -0.0000031686   0.0000107270
     110  -0.0009174720  -0.0001991222  -0.0000120974  -0.0000141788  -0.0000037159  -0.0000085987
     111  -0.0000073239   0.0000043904   0.0002051757  -0.0000100358   0.0000101209   0.0000087425
                     85             86             87             88             89             90
       1   0.0007899839  -0.0002486871   0.0000053063   0.0002041729  -0.0002568966   0.0000117353
       2  -0.0002826446   0.0001983448   0.0000015313  -0.0002719747   0.0007880957  -0.0000000068
       3  -0.0000050506  -0.0000038326   0.0006002270  -0.0000076016  -0.0000091109   0.0006008477
       4  -0.0000593440   0.0000745685   0.0000484558  -0.0000239320   0.0001264110   0.0001013993
       5   0.0000943606  -0.0000011267  -0.0000101353   0.0000186304   0.0002635918   0.0000147455
       6   0.0000064539   0.0000052392  -0.0000427534   0.0000012466  -0.0000006068   0.0000301524
       7  -0.0049622024   0.0037689430   0.0000176956   0.0000737027  -0.0001817327  -0.0000130361
       8  -0.0000072232  -0.0001221775   0.0000026674   0.0001317913  -0.0001922136  -0.0000142462
       9  -0.0000011367  -0.0000007203   0.0036126062   0.0000023862   0.0000050365   0.0000937148
      10   0.0002627341   0.0000108811   0.0000139836  -0.0000114115   0.0001045387  -0.0000032228
      11   0.0001073277  -0.0000424615   0.0000006888   0.0000921696  -0.0000722876  -0.0000101640
      12   0.0000052763   0.0000051403   0.0000310717   0.0000054125   0.0000073259  -0.0000425755
      13  -0.0001824836   0.0001164515   0.0000088641  -0.0001197406  -0.0000060446   0.0000022116
      14  -0.0001750308   0.0000830067   0.0000103793   0.0038093269  -0.0049621702   0.0000101499
      15   0.0000057366   0.0000038101   0.0000945104   0.0000069423   0.0000088239   0.0036122983
      16   0.0000319516  -0.0000920705  -0.0000542884   0.0000647376   0.0001938525  -0.0000359496
      17   0.0000006907  -0.0000796344  -0.0000526907  -0.0001695972   0.0000154209  -0.0000628262
      18  -0.0000037043  -0.0000039793  -0.0000057977   0.0000031605   0.0000037790   0.0000339147
      19   0.0000462280  -0.0000829207  -0.0000553098   0.0000562811  -0.0000412289  -0.0000352906
      20  -0.0002214036   0.0000231818   0.0000615544  -0.0001656414  -0.0000147580   0.0000536279
      21  -0.0000021243  -0.0000025091  -0.0000304798   0.0000033507   0.0000028545   0.0000270344
      22  -0.0010644692   0.0007841293  -0.0000155535  -0.0005002025   0.0001391115   0.0000266982
      23   0.0020724862  -0.0057836983   0.0000204957   0.0000373868  -0.0000107546  -0.0000311559
      24   0.0000010739   0.0000020436   0.0079517797  -0.0000022534  -0.0000021113  -0.0008509803
      25  -0.0076978912   0.0088585342  -0.0000168117  -0.0000641637  -0.0000029883   0.0000281893
      26  -0.0186414490   0.0093187892  -0.0000131663  -0.0000973712   0.0002176306   0.0000281820
      27  -0.0000034464  -0.0000013484  -0.0007215329  -0.0000055747  -0.0000044518  -0.0000980191
      28   0.0002234025  -0.0000957904   0.0000101294   0.0093201938  -0.0186182939  -0.0000307212
      29   0.0000077228  -0.0000488597  -0.0000034982   0.0088455076  -0.0076737232  -0.0000154257
      30  -0.0000045596  -0.0000049843  -0.0000997741  -0.0000007805  -0.0000014719  -0.0007217058
      31  -0.0000212604   0.0000266478  -0.0000020645  -0.0057588929   0.0020758683   0.0000308617
      32   0.0001430558  -0.0004962948  -0.0000016373   0.0007649145  -0.0010424432  -0.0000154623
      33  -0.0000025804  -0.0000022580  -0.0008496877  -0.0000065970  -0.0000087700   0.0079519574
      34   0.0000120214  -0.0001684848   0.0000200197   0.0000162250  -0.0002166824  -0.0000326780
      35  -0.0000497034   0.0000457049  -0.0000010507  -0.0000835528   0.0000272807   0.0000141415
      36  -0.0000020081  -0.0000013779   0.0000281086   0.0000003342   0.0000009296  -0.0000304564
      37   0.0000132698  -0.0001866176   0.0000006625  -0.0000878969   0.0000019451   0.0000266610
      38   0.0001880290   0.0000543620  -0.0000016743  -0.0000974992   0.0000009756   0.0000148068
      39  -0.0000022020  -0.0000004124   0.0000324037  -0.0000044621  -0.0000041626  -0.0000059996
      40  -0.0000624049   0.0000788867  -0.0000001642  -0.0000687266   0.0000817793  -0.0000003113
      41   0.0000011286  -0.0000658119  -0.0000068308   0.0000381848  -0.0000954849   0.0000004695
      42  -0.0000030529  -0.0000038666   0.0000151512   0.0000020192   0.0000016760   0.0000246360
      43  -0.0000794209   0.0000638885  -0.0000035957  -0.0000447638   0.0001151545   0.0000005764
      44  -0.0000278020   0.0000516783   0.0000028600  -0.0000092453   0.0000231898   0.0000022948
      45   0.0000018929   0.0000007390  -0.0000214420  -0.0000000243  -0.0000017414  -0.0000073577
      46   0.0075537682  -0.0239772895   0.0000023624   0.0001030726  -0.0000537930  -0.0000007674
      47   0.0052144416  -0.0050756858   0.0000049708  -0.0000616707  -0.0000050450  -0.0000008708
      48   0.0000045796   0.0000048117   0.0036797396  -0.0000009651  -0.0000000647  -0.0001188325
      49  -0.2427503173  -0.1474999861   0.0000072719   0.0000154860  -0.0000577664  -0.0000001353
      50  -0.1473280097  -0.1744860128   0.0000002168  -0.0000743328   0.0000073438  -0.0000003633
      51  -0.0000031705  -0.0000013494  -0.0325297063  -0.0000024699  -0.0000004282   0.0000530519
      52   0.0000063323  -0.0000776247  -0.0000019002  -0.1744861304  -0.1473288849   0.0000015812
      53  -0.0000528658   0.0000139994  -0.0000009514  -0.1474862428  -0.2427491442  -0.0000005065
      54  -0.0000034656  -0.0000008871   0.0000523210  -0.0000044501  -0.0000069520  -0.0325284980
      55   0.0000181796  -0.0000618839   0.0000025658  -0.0050689694   0.0051972972  -0.0000019005
      56  -0.0000558085   0.0001032634   0.0000001954  -0.0239732391   0.0075581163   0.0000007221
      57  -0.0000077649  -0.0000009443  -0.0001177891  -0.0000007097   0.0000046855   0.0036792485
      58   0.0000472271  -0.0000204046   0.0000095458   0.0000621455  -0.0000396912  -0.0000004347
      59   0.0001101002  -0.0000426811   0.0000025612   0.0000595013  -0.0000678878  -0.0000007513
      60   0.0000081352   0.0000030387  -0.0000062962  -0.0000026354  -0.0000083044  -0.0000224989
      61  -0.0000630382   0.0000349366   0.0000067548  -0.0000745224  -0.0000128274  -0.0000016172
      62   0.0000833375  -0.0000646408  -0.0000017074   0.0000779321  -0.0000623382   0.0000006054
      63   0.0000030787  -0.0000027252   0.0000237406   0.0000039674  -0.0000010332   0.0000158323
      64  -0.0000554947   0.0000207779  -0.0000018892   0.0007265416  -0.0010764441   0.0000023591
      65   0.0000583822  -0.0000072780  -0.0000142329  -0.0001758416   0.0008950867  -0.0000064106
      66  -0.0000049122   0.0000017945   0.0000051035  -0.0000018353   0.0000037090  -0.0017519364
      67   0.0001011380   0.0000542003   0.0000025515   0.0000733520   0.0001065060  -0.0000001635
      68   0.0001256177   0.0000627923   0.0000020464   0.0000527793   0.0000844567   0.0000204937
      69  -0.0000122921  -0.0000014044  -0.0000076958   0.0000030814   0.0000156982  -0.0000061595
      70   0.0004037148  -0.0014778239   0.0000030201   0.0003759103  -0.0001757701  -0.0000016304
      71  -0.0002085096   0.0003608963   0.0000029730  -0.0014681787   0.0004065260  -0.0000214308
      72   0.0000042325  -0.0000025225   0.0005723880   0.0000003766  -0.0000052415   0.0005742346
      73   0.0008626443  -0.0001647592  -0.0000059077  -0.0000136131   0.0000855329   0.0000002852
      74  -0.0010310643   0.0007259087   0.0000062292   0.0000147532  -0.0000803582   0.0000204763
      75   0.0000120534   0.0000048561  -0.0017503511   0.0000014897  -0.0000056602   0.0000030931
      76   0.0000036114   0.0000078472  -0.0000005438  -0.0000180178   0.0000331037  -0.0000035619
      77   0.0000142965  -0.0000006689  -0.0000038761  -0.0000003336  -0.0000074437  -0.0000007083
      78  -0.0000065232  -0.0000066490  -0.0000021395  -0.0000082051  -0.0000115220   0.0000255228
      79  -0.0000129777   0.0000040138  -0.0000055147   0.0000130078   0.0000086300   0.0000002047
      80  -0.0000029817   0.0000023911   0.0000076093  -0.0000183436   0.0000041782  -0.0000016108
      81   0.0000098280   0.0000074273   0.0000102399  -0.0000003919  -0.0000010888  -0.0000040670
      82   0.0000089659   0.0006909427  -0.0000038303  -0.0000020775  -0.0000087816   0.0000014126
      83  -0.0006893253   0.0010944988   0.0000002942   0.0000085740  -0.0000014789   0.0000005233
      84   0.0000064368   0.0000041591  -0.0042019543   0.0000063639   0.0000064094  -0.0000042876
      85   0.2467259917   0.1596196958  -0.0000085544   0.0000079357   0.0000045133   0.0000033048
      86   0.1596196958   0.1743117785  -0.0000053779  -0.0000145949   0.0000126705   0.0000012005
      87  -0.0000085544  -0.0000053779   0.0231018778  -0.0000012344  -0.0000005444   0.0000275755
      88   0.0000079357  -0.0000145949  -0.0000012344   0.1742974101   0.1596128409   0.0000011363
      89   0.0000045133   0.0000126705  -0.0000005444   0.1596128409   0.2467304059   0.0000001986
      90   0.0000033048   0.0000012005   0.0000275755   0.0000011363   0.0000001986   0.0231004547
      91   0.0000089898   0.0000185177   0.0000002591   0.0011000136  -0.0006817859  -0.0000006914
      92  -0.0000115170   0.0000013375   0.0000019086   0.0006837439   0.0000029502   0.0000012954
      93  -0.0000007214  -0.0000016752  -0.0000040666   0.0000014221   0.0000010358  -0.0042021397
      94  -0.0000028888  -0.0000113758  -0.0000055162   0.0000211885   0.0000121055   0.0000018115
      95   0.0000121123   0.0000029370   0.0000040070  -0.0000087028  -0.0000138649  -0.0000012783
      96   0.0000045299   0.0000049654  -0.0000043127  -0.0000028215  -0.0000016064   0.0000103253
      97  -0.0000264096  -0.0000004018  -0.0000085791  -0.0000111226   0.0000064650   0.0000013381
      98   0.0000282317  -0.0000076688  -0.0000114068   0.0000021070   0.0000020245   0.0000015035
      99  -0.0000063437  -0.0000037527   0.0000254551   0.0000061290   0.0000092385  -0.0000023567
     100   0.0000165849   0.0000158277  -0.0000054929  -0.0002077417   0.0009176263  -0.0000003661
     101   0.0000131471   0.0000060530  -0.0000032296  -0.0001409275  -0.0000599141  -0.0000007186
     102   0.0000078386   0.0000051574   0.0000085420  -0.0000027666  -0.0000047408   0.0002049530
     103   0.0000089144   0.0000345600  -0.0000009820   0.0000408204  -0.0000388441  -0.0000013769
     104  -0.0000487339   0.0000322486   0.0000019041   0.0000279699   0.0000053731   0.0000011517
     105   0.0000022479   0.0000018042   0.0003216600  -0.0000018796  -0.0000014343   0.0003216159
     106  -0.0000593332  -0.0001262119  -0.0000120339   0.0000053025   0.0000171243   0.0000027015
     107   0.0009057848  -0.0002016020  -0.0000120714  -0.0000019509   0.0000006420   0.0000031389
     108   0.0000041625   0.0000053893   0.0002051817   0.0000095488   0.0000129579   0.0000087079
     109  -0.0000175320  -0.0000072276  -0.0000138768   0.0000217915   0.0000158658   0.0000035781
     110   0.0000103689  -0.0000022564   0.0000115213  -0.0000196317  -0.0000055724  -0.0000029884
     111   0.0000065954   0.0000048512  -0.0000023179  -0.0000030604  -0.0000043656  -0.0000022075
                     91             92             93             94             95             96
       1   0.0001992886   0.0003211364   0.0000116990   0.0002007974   0.0003127838  -0.0000139130
       2   0.0002741151   0.0007854578   0.0000000144   0.0002728089   0.0007855463  -0.0000002154
       3   0.0000069784  -0.0000087753   0.0006008404   0.0000068230  -0.0000094262   0.0005996810
       4   0.0001181137   0.0002213135   0.0000992647  -0.0000314491  -0.0001173086  -0.0000335437
       5  -0.0001243020  -0.0001945457   0.0000072811  -0.0000290687   0.0002559566   0.0000002695
       6  -0.0000024239   0.0000040838   0.0000937237   0.0000011817  -0.0000021609   0.0000299752
       7  -0.0000736066  -0.0001222477  -0.0000074256   0.0000974070   0.0001999327  -0.0000011416
       8  -0.0000110869   0.0002533762  -0.0000080166  -0.0001168232  -0.0001926873  -0.0000104185
       9  -0.0000008783   0.0000010310   0.0000301327  -0.0000037959   0.0000048100   0.0000931403
      10  -0.0000049779  -0.0001013825   0.0000037667  -0.0001267253   0.0000097033   0.0000014498
      11  -0.0001398457  -0.0000815391  -0.0000074202  -0.0038089393  -0.0049296671  -0.0000115673
      12  -0.0000043000   0.0000073380  -0.0000425838  -0.0000056360   0.0000082033   0.0036127032
      13  -0.0001223578   0.0000203164  -0.0000004606  -0.0000030728  -0.0000958334   0.0000112417
      14  -0.0037545734  -0.0049503600   0.0000074071  -0.0001096469  -0.0000975946  -0.0000086452
      15  -0.0000077053   0.0000094353   0.0036122833  -0.0000068855   0.0000084909  -0.0000412592
      16  -0.0005002925  -0.0001552118  -0.0000452700   0.0000768767   0.0000316352   0.0000015951
      17  -0.0000257015  -0.0000222741  -0.0000712055   0.0001515721   0.0000010877   0.0000092436
      18   0.0000019846  -0.0000034992  -0.0008509758  -0.0000016334   0.0000032596   0.0000291541
      19  -0.0000516174  -0.0000250272  -0.0000453330   0.0000842751  -0.0002079158  -0.0000067651
      20   0.0000966693   0.0002168795   0.0000645862   0.0001766452   0.0000131738  -0.0000000462
      21   0.0000054677  -0.0000062128  -0.0000980379  -0.0000014622   0.0000013694   0.0000318839
      22   0.0000560374  -0.0001912416   0.0000227277  -0.0000673337  -0.0000019558  -0.0000054090
      23   0.0001717755   0.0000147010  -0.0000250788   0.0000803004   0.0002412297  -0.0000043678
      24  -0.0000030204   0.0000059101   0.0000339135   0.0000024423  -0.0000049717  -0.0001000977
      25   0.0000553827   0.0000388919   0.0000226955  -0.0005020398  -0.0001474052  -0.0000051435
      26   0.0001676775  -0.0000024393   0.0000274779  -0.0000378475  -0.0000137300  -0.0000101000
      27  -0.0000037789   0.0000048726   0.0000270592   0.0000030314  -0.0000044580  -0.0008486456
      28  -0.0057627565  -0.0020563197  -0.0000261157   0.0000182976   0.0002289403   0.0000182638
      29  -0.0007943669  -0.0010389188  -0.0000129772   0.0000817678   0.0000457150   0.0000066230
      30   0.0000063936  -0.0000087821   0.0079519712   0.0000029234  -0.0000035700  -0.0000296354
      31   0.0093187117   0.0186293484   0.0000251616  -0.0000898403  -0.0000011676   0.0000004429
      32  -0.0088721715  -0.0076665580  -0.0000145700   0.0000852295   0.0000306346   0.0000085154
      33   0.0000005243  -0.0000002316  -0.0007217154   0.0000064667  -0.0000092557  -0.0000070776
      34  -0.0000849783   0.0000049806  -0.0000219795   0.0093193774   0.0186238193   0.0000140074
      35   0.0001189527  -0.0000014121   0.0000134384  -0.0088364062  -0.0076910461   0.0000041230
      36   0.0000045030  -0.0000048537  -0.0000059870   0.0000011630  -0.0000018002  -0.0007227394
      37   0.0000184997   0.0002233772   0.0000264662  -0.0057601748  -0.0020701682  -0.0000141178
      38   0.0000999648   0.0000270940   0.0000123625  -0.0007588521  -0.0010613116  -0.0000015121
      39  -0.0000006162   0.0000013915  -0.0000304667   0.0000016189  -0.0000031600   0.0079525639
      40   0.0000967198   0.0000541627  -0.0000002838  -0.0000452847  -0.0001104696  -0.0000015478
      41   0.0000610538  -0.0000035879  -0.0000004269   0.0000134956   0.0000247994   0.0000068390
      42   0.0000003704  -0.0000023483  -0.0001188240  -0.0000040772   0.0000068213  -0.0000052165
      43   0.0000094561   0.0000596090  -0.0000005901  -0.0000688596  -0.0000806958  -0.0000003777
      44   0.0000772137   0.0000002775  -0.0000014147  -0.0000483699  -0.0000792110   0.0000055623
      45   0.0000025096  -0.0000029468   0.0000530303   0.0000013969  -0.0000014091   0.0000224004
      46  -0.0000650210  -0.0000741250   0.0000004785   0.0000136119   0.0000589181  -0.0000005706
      47  -0.0000432603  -0.0000835041   0.0000022132   0.0000778314  -0.0000000082  -0.0000069285
      48  -0.0000018940   0.0000046119   0.0000246162   0.0000030777  -0.0000055375   0.0000508698
      49  -0.0000393491  -0.0001064898   0.0000000326   0.0001018248   0.0000547683   0.0000029348
      50   0.0000112376   0.0000239468   0.0000014994   0.0000540231   0.0000013256  -0.0000037866
      51  -0.0000002861   0.0000011657  -0.0000073526  -0.0000000202  -0.0000011342  -0.0001166552
      52  -0.0050709791  -0.0052125385   0.0000014650   0.0000635811   0.0000239517   0.0000066927
      53   0.0239732512   0.0075551970   0.0000004190  -0.0000668118  -0.0000707744  -0.0000033125
      54   0.0000004669  -0.0000030204   0.0036792420   0.0000032783  -0.0000031373  -0.0000203696
      55  -0.1744871330   0.1473333290  -0.0000020207  -0.0000739799  -0.0000024561   0.0000033839
      56   0.1474834864  -0.2427481997   0.0000001374  -0.0000827819  -0.0000528924   0.0000002221
      57   0.0000045156  -0.0000058914  -0.0325284922   0.0000012703  -0.0000024484   0.0000137982
      58  -0.0000723795  -0.0000180304   0.0000011762  -0.1744853412   0.1473306679  -0.0000086788
      59  -0.0000750898  -0.0000517936   0.0000007124   0.1474922141  -0.2427583280   0.0000047358
      60  -0.0000037907   0.0000001936   0.0000158488   0.0000022205  -0.0000036410  -0.0325308760
      61   0.0000610576   0.0000049856   0.0000015609  -0.0050676969  -0.0051942983   0.0000026810
      62  -0.0000565424  -0.0000780371  -0.0000009202   0.0239774459   0.0075554931  -0.0000021001
      63   0.0000024854  -0.0000100703  -0.0000225178  -0.0000023359   0.0000107115   0.0036808728
      64   0.0003656377   0.0001705433   0.0000007492   0.0000719659  -0.0000966269   0.0000011964
      65   0.0014696327   0.0004400889  -0.0000094853  -0.0000582006   0.0000706655  -0.0000015661
      66  -0.0000003149   0.0000094249   0.0005742170  -0.0000006541  -0.0000083843  -0.0000101153
      67  -0.0000073778  -0.0000962206   0.0000001314   0.0007248169   0.0010563196  -0.0000105212
      68  -0.0000222364  -0.0000834824   0.0000152809   0.0001765432   0.0008850805  -0.0000147669
      69  -0.0000019994   0.0000119095   0.0000031103  -0.0000030147  -0.0000052969  -0.0017482564
      70   0.0007330114   0.0010461924  -0.0000017992  -0.0000156486  -0.0000827979  -0.0000002423
      71   0.0001831565   0.0008655812  -0.0000185985  -0.0000215038  -0.0001013017   0.0000004844
      72   0.0000013125  -0.0000098775  -0.0017519127  -0.0000016883   0.0000096631   0.0000072352
      73   0.0000618572  -0.0001074577   0.0000004054   0.0003714406   0.0001869465  -0.0000000308
      74  -0.0000643616   0.0000856309   0.0000190800   0.0014737237   0.0004292241  -0.0000037885
      75  -0.0000024257  -0.0000021783  -0.0000061837  -0.0000002511   0.0000065625   0.0005700245
      76   0.0000109944   0.0000034533   0.0000009956   0.0000160454  -0.0000122495  -0.0000035019
      77  -0.0000131568   0.0000035077   0.0000004955   0.0000193596   0.0000021409  -0.0000037639
      78  -0.0000058286   0.0000049922  -0.0000042878  -0.0000027951   0.0000047610  -0.0000045489
      79   0.0000133919  -0.0000000968  -0.0000020455  -0.0000114062  -0.0000383710   0.0000056245
      80   0.0000197882   0.0000097409   0.0000013091  -0.0000004054  -0.0000093522  -0.0000038331
      81   0.0000021050  -0.0000034531   0.0000275727   0.0000085291  -0.0000087309   0.0000254528
      82  -0.0000273903  -0.0000267910   0.0000016508   0.0000044601  -0.0000036298  -0.0000068992
      83  -0.0000005884  -0.0000098062  -0.0000007354   0.0000214592   0.0000100126   0.0000045018
      84   0.0000080969  -0.0000093243   0.0000255364   0.0000045048  -0.0000054242   0.0000284663
      85   0.0000089898  -0.0000115170  -0.0000007214  -0.0000028888   0.0000121123   0.0000045299
      86   0.0000185177   0.0000013375  -0.0000016752  -0.0000113758   0.0000029370   0.0000049654
      87   0.0000002591   0.0000019086  -0.0000040666  -0.0000055162   0.0000040070  -0.0000043127
      88   0.0011000136   0.0006837439   0.0000014221   0.0000211885  -0.0000087028  -0.0000028215
      89  -0.0006817859   0.0000029502   0.0000010358   0.0000121055  -0.0000138649  -0.0000016064
      90  -0.0000006914   0.0000012954  -0.0042021397   0.0000018115  -0.0000012783   0.0000103253
      91   0.1742990072  -0.1596116894  -0.0000009263  -0.0000116537  -0.0000096096  -0.0000062168
      92  -0.1596116894   0.2467338899   0.0000016446   0.0000009439   0.0000072922   0.0000078316
      93  -0.0000009263   0.0000016446   0.0231004586  -0.0000005703   0.0000011691  -0.0000023609
      94  -0.0000116537   0.0000009439  -0.0000005703   0.1742954618  -0.1596151999  -0.0000022669
      95  -0.0000096096   0.0000072922   0.0000011691  -0.1596151999   0.2467421742   0.0000031751
      96  -0.0000062168   0.0000078316  -0.0000023609  -0.0000022669   0.0000031751   0.0231027564
      97   0.0000182502  -0.0000040711  -0.0000014905   0.0011013071   0.0006806545   0.0000071466
      98   0.0000016633  -0.0000113083  -0.0000023912  -0.0006850892   0.0000068314   0.0000089470
      99   0.0000027254  -0.0000008588   0.0000103265  -0.0000064640   0.0000070240  -0.0042018010
     100   0.0000374960   0.0000394539   0.0000009398   0.0000224030  -0.0000182611  -0.0000057106
     101  -0.0000316597   0.0000040836   0.0000012131   0.0000186613  -0.0000064959  -0.0000062668
     102   0.0000020920  -0.0000027290   0.0003216205   0.0000036960  -0.0000028237  -0.0000021417
     103  -0.0002082969  -0.0009178044   0.0000011404   0.0000045670  -0.0000220314  -0.0000123567
     104   0.0001445916  -0.0000599323  -0.0000007734   0.0000039327   0.0000078809   0.0000125112
     105   0.0000028292  -0.0000030001   0.0002049607  -0.0000050094   0.0000058524   0.0000086988
     106   0.0000204762  -0.0000157500  -0.0000024350   0.0000420467   0.0000365325   0.0000066820
     107   0.0000153958  -0.0000088122  -0.0000029638  -0.0000274379   0.0000064898   0.0000065274
     108   0.0000040351  -0.0000023688  -0.0000021967  -0.0000017168   0.0000003202   0.0003216931
     109   0.0000074052  -0.0000173018  -0.0000035630  -0.0002089931  -0.0009204511  -0.0000022300
     110   0.0000020360   0.0000052558   0.0000030551   0.0001454247  -0.0000581142   0.0000031668
     111  -0.0000103692   0.0000105101   0.0000087191   0.0000019500   0.0000001920   0.0002052572
                     97             98             99            100            101            102
       1   0.0001980820  -0.0002638836  -0.0000043945  -0.0000176630   0.0005912935   0.0000131555
       2  -0.0002720964   0.0007891283  -0.0000001003   0.0005699669  -0.0000321421   0.0000095746
       3  -0.0000073572  -0.0000090752   0.0005996826  -0.0000101127  -0.0000104525  -0.0000401284
       4   0.0001054755  -0.0001961815  -0.0000316536  -0.0004913414   0.0037681161   0.0000919779
       5   0.0001162985  -0.0001814774  -0.0000189963   0.0027159958  -0.0037736481   0.0000118510
       6   0.0000044673   0.0000063876   0.0000931514   0.0000036491   0.0000029381   0.0061377262
       7  -0.0000452584   0.0001209223   0.0000078186  -0.0000911855  -0.0000439643   0.0000081409
       8   0.0000404190   0.0002664240   0.0000081803   0.0000660129   0.0000485255  -0.0000208927
       9  -0.0000017218  -0.0000032926   0.0000299611   0.0000043923   0.0000052241  -0.0001189432
      10  -0.0001312332  -0.0000163447  -0.0000043413   0.0000317809   0.0000634522  -0.0000062080
      11   0.0037882954  -0.0049395436  -0.0000083496  -0.0000818854  -0.0000475644   0.0000019337
      12   0.0000060842   0.0000087570   0.0036126821   0.0000090483   0.0000098635  -0.0001187811
      13   0.0000030942   0.0001092887  -0.0000087555  -0.0037628555   0.0027336724   0.0000024498
      14   0.0001101478  -0.0000894694  -0.0000110891   0.0037973436  -0.0005699627   0.0000351984
      15   0.0000072740   0.0000084666  -0.0000412735   0.0000097961   0.0000097148   0.0061376381
      16  -0.0000304634   0.0000014916  -0.0000107069   0.0091644881  -0.0236694167  -0.0000424582
      17  -0.0001025259   0.0002292591  -0.0000255973   0.0078731664  -0.0150724806  -0.0000446926
      18  -0.0000027091  -0.0000029553  -0.0001000970   0.0000074732   0.0000077049   0.0006496773
      19  -0.0004774306   0.0001310045  -0.0000142214   0.0005610225  -0.0019057027  -0.0000300613
      20   0.0000403021  -0.0000172773   0.0000259604   0.0001265568  -0.0005120967   0.0000401367
      21  -0.0000027430  -0.0000021757  -0.0008486658   0.0000063444   0.0000067530   0.0009948768
      22   0.0000532412  -0.0000439832  -0.0000136160   0.0001010437  -0.0001684530   0.0000120968
      23  -0.0001669521  -0.0000075312   0.0000259088  -0.0001604411  -0.0002707928  -0.0000169710
      24   0.0000018228   0.0000014882   0.0000291564  -0.0000075874  -0.0000073465   0.0001643937
      25   0.0000518345   0.0001842186  -0.0000094863  -0.0000390009  -0.0001372094   0.0000079750
      26  -0.0001709000   0.0000238185  -0.0000243946  -0.0000935542   0.0001138800   0.0000025046
      27   0.0000011769  -0.0000001761   0.0000318911  -0.0000105262  -0.0000105477   0.0000198790
      28  -0.0000849350   0.0000124077   0.0000044997  -0.0150685077   0.0078766181  -0.0000349417
      29  -0.0000888627   0.0000271184   0.0000112368  -0.0236867339   0.0091919882  -0.0000335667
      30  -0.0000066348  -0.0000086057  -0.0000070757   0.0000018106   0.0000013442   0.0006497970
      31   0.0000169520  -0.0002272993  -0.0000230319  -0.0004824072   0.0001157729   0.0000442832
      32  -0.0000803955   0.0000481259   0.0000083053  -0.0019043408   0.0005801014  -0.0000268908
      33  -0.0000029911  -0.0000043640  -0.0000296405  -0.0000139345  -0.0000145472   0.0009946515
      34  -0.0057605707   0.0020775483   0.0000179000  -0.0002831606  -0.0001801494  -0.0000173950
      35   0.0007653082  -0.0010633249  -0.0000034199  -0.0001576361   0.0001028960   0.0000053961
      36  -0.0000016395  -0.0000020361   0.0079525279   0.0000031030   0.0000032413   0.0001642286
      37   0.0093139521  -0.0186375851  -0.0000205284   0.0000922797  -0.0000717048   0.0000041265
      38   0.0088437830  -0.0076983071   0.0000024312  -0.0001362768  -0.0000442122   0.0000034895
      39  -0.0000014432  -0.0000018846  -0.0007227181  -0.0000078818  -0.0000079336   0.0000200366
      40   0.0000097925  -0.0000579341  -0.0000009820   0.0005336628  -0.0009373731   0.0000019556
      41  -0.0000787681   0.0000041273  -0.0000060114   0.0013375154   0.0006779767  -0.0000045926
      42  -0.0000033253  -0.0000025910   0.0000508770   0.0000044320   0.0000049323  -0.0040860609
      43   0.0000981224  -0.0000531542  -0.0000016880  -0.0000260993   0.0006147860  -0.0000001778
      44  -0.0000594586  -0.0000009024  -0.0000041963  -0.0002754676   0.0002749145  -0.0000074353
      45   0.0000003463   0.0000020326  -0.0001166643   0.0000000102  -0.0000008020   0.0006891332
      46  -0.0000398958   0.0001082382   0.0000011035  -0.0000387616   0.0000446867  -0.0000016080
      47  -0.0000091804   0.0000239669   0.0000083224  -0.0000301633   0.0001041876  -0.0000040225
      48   0.0000043732   0.0000042478  -0.0000052260  -0.0000030918  -0.0000032323   0.0000341384
      49  -0.0000646933   0.0000762070   0.0000017789  -0.0000143954   0.0000550618   0.0000037547
      50   0.0000425362  -0.0000867373   0.0000040330  -0.0000258730  -0.0001112280  -0.0000099474
      51  -0.0000016774  -0.0000038413   0.0000223896  -0.0000027254  -0.0000026434   0.0000020455
      52  -0.0000722109   0.0000037569  -0.0000028909   0.0006889392   0.0013505900  -0.0000031845
      53   0.0000727053  -0.0000598006  -0.0000004666  -0.0009464327   0.0005377189  -0.0000003388
      54  -0.0000017022  -0.0000023601   0.0000137900  -0.0000063699  -0.0000059836  -0.0040861005
      55   0.0000631531  -0.0000219756  -0.0000055487   0.0002568282  -0.0002741641   0.0000007742
      56   0.0000605305  -0.0000691209  -0.0000029302   0.0006168808  -0.0000167656  -0.0000003893
      57  -0.0000035161  -0.0000039685  -0.0000203571  -0.0000002272  -0.0000006464   0.0006891633
      58  -0.0050717300   0.0052138343  -0.0000027411   0.0000988935  -0.0000175416  -0.0000048259
      59  -0.0239719788   0.0075548938  -0.0000029802   0.0000454679  -0.0000452713   0.0000001456
      60   0.0000025667   0.0000037110   0.0036808142  -0.0000092983  -0.0000086139   0.0000341384
      61  -0.1744811957  -0.1473269948   0.0000085909  -0.0001308663  -0.0000293862  -0.0000071546
      62  -0.1474838167  -0.2427475933   0.0000053218   0.0000601642  -0.0000203055   0.0000022921
      63  -0.0000028407  -0.0000033603  -0.0325307640   0.0000081762   0.0000084263   0.0000020405
      64  -0.0000120246   0.0001062348   0.0000009865  -0.2030951380  -0.1467088123  -0.0000020543
      65   0.0000208942  -0.0000987821  -0.0000099872  -0.1467084322  -0.2030985110   0.0000054502
      66   0.0000021293  -0.0000043947   0.0000072293  -0.0000043588  -0.0000047989  -0.0318204162
      67   0.0003643266  -0.0001852770  -0.0000018819   0.0000876341   0.0007228378   0.0000137296
      68  -0.0014671120   0.0004240466  -0.0000071011   0.0003975143  -0.0001634634   0.0000207611
      69  -0.0000002986  -0.0000105365   0.0005700304   0.0000053928   0.0000062142  -0.0006530307
      70   0.0000603809   0.0001031439   0.0000016589  -0.0001637993   0.0004089327   0.0000110830
      71   0.0000554708   0.0000703632   0.0000077259   0.0007203505   0.0000519837  -0.0000029035
      72  -0.0000000197   0.0000056988  -0.0000101114   0.0000049754   0.0000046616  -0.0006530173
      73   0.0007331602  -0.0010487842   0.0000113338  -0.0000731539   0.0001317999  -0.0000026678
      74  -0.0001618016   0.0008980680  -0.0000179107   0.0001279141  -0.0000556450   0.0000117555
      75   0.0000033653   0.0000129365  -0.0017482707   0.0000009719   0.0000013051  -0.0000092631
      76   0.0000103203  -0.0000048754   0.0000090174  -0.0000598288   0.0009005768   0.0000024965
      77  -0.0000148600   0.0000137151   0.0000045701  -0.0001273467  -0.0002022084   0.0000040044
      78  -0.0000043525  -0.0000033623   0.0000284635  -0.0000125613  -0.0000121274   0.0002051248
      79   0.0000082681  -0.0000079981  -0.0000022831   0.0000106866   0.0000381562  -0.0000035283
      80   0.0000094001  -0.0000011367   0.0000049321  -0.0000349847   0.0000340395   0.0000017302
      81   0.0000056214   0.0000075224  -0.0000043170   0.0000025865   0.0000016486   0.0003216541
      82   0.0000096450   0.0000101053   0.0000011607  -0.0000169857  -0.0000134612  -0.0000037255
      83  -0.0000180668   0.0000045774  -0.0000037144  -0.0000003823  -0.0000041865   0.0000056798
      84   0.0000026472   0.0000028806  -0.0000045424   0.0000147542   0.0000125647  -0.0000021724
      85  -0.0000264096   0.0000282317  -0.0000063437   0.0000165849   0.0000131471   0.0000078386
      86  -0.0000004018  -0.0000076688  -0.0000037527   0.0000158277   0.0000060530   0.0000051574
      87  -0.0000085791  -0.0000114068   0.0000254551  -0.0000054929  -0.0000032296   0.0000085420
      88  -0.0000111226   0.0000021070   0.0000061290  -0.0002077417  -0.0001409275  -0.0000027666
      89   0.0000064650   0.0000020245   0.0000092385   0.0009176263  -0.0000599141  -0.0000047408
      90   0.0000013381   0.0000015035  -0.0000023567  -0.0000003661  -0.0000007186   0.0002049530
      91   0.0000182502   0.0000016633   0.0000027254   0.0000374960  -0.0000316597   0.0000020920
      92  -0.0000040711  -0.0000113083  -0.0000008588   0.0000394539   0.0000040836  -0.0000027290
      93  -0.0000014905  -0.0000023912   0.0000103265   0.0000009398   0.0000012131   0.0003216205
      94   0.0011013071  -0.0006850892  -0.0000064640   0.0000224030   0.0000186613   0.0000036960
      95   0.0006806545   0.0000068314   0.0000070240  -0.0000182611  -0.0000064959  -0.0000028237
      96   0.0000071466   0.0000089470  -0.0042018010  -0.0000057106  -0.0000062668  -0.0000021417
      97   0.1742969824   0.1596091805   0.0000026555   0.0000074169  -0.0000017783   0.0000052057
      98   0.1596091805   0.2467302735   0.0000032985   0.0000155313   0.0000028117   0.0000070025
      99   0.0000026555   0.0000032985   0.0231027275   0.0000128151   0.0000122439   0.0000087007
     100   0.0000074169   0.0000155313   0.0000128151   0.2124493048   0.1548775827  -0.0000029250
     101  -0.0000017783   0.0000028117   0.0000122439   0.1548775827   0.2124506012  -0.0000032839
     102   0.0000052057   0.0000070025   0.0000087007  -0.0000029250  -0.0000032839   0.0236948815
     103   0.0000202809   0.0000112280   0.0000063553  -0.0001484207   0.0000349094  -0.0000055459
     104  -0.0000207283  -0.0000072293  -0.0000065150  -0.0000371128   0.0000115817   0.0000050106
     105  -0.0000036944  -0.0000041236  -0.0000021430   0.0000070377   0.0000057678  -0.0002766902
     106  -0.0002081480   0.0009142675   0.0000021652   0.0000325262   0.0000143724   0.0000100671
     107  -0.0001410539  -0.0000570793   0.0000029636   0.0000156294   0.0000012432   0.0000101716
     108  -0.0000009867  -0.0000024450   0.0002052465   0.0000180243   0.0000178477  -0.0000049029
     109   0.0000384522  -0.0000426692  -0.0000067114   0.0000268541  -0.0000300210   0.0000018584
     110   0.0000267451   0.0000051239   0.0000068842   0.0000295889  -0.0001420560  -0.0000026617
     111   0.0000000298   0.0000032189   0.0003216883  -0.0000073421  -0.0000075585  -0.0002766713
                    103            104            105            106            107            108
       1  -0.0000226874  -0.0005292627   0.0000014968  -0.0000211310   0.0005907467   0.0000009053
       2  -0.0005676474  -0.0000324924   0.0000096157   0.0005712725  -0.0000310979   0.0000074590
       3   0.0000093421  -0.0000105192  -0.0000401361  -0.0000129264  -0.0000133037  -0.0000405617
       4  -0.0000631309   0.0001067544   0.0000552932  -0.0000657189  -0.0000527012  -0.0000193222
       5  -0.0000554652   0.0000421215  -0.0000046216   0.0000546193   0.0000573549  -0.0000230633
       6  -0.0000044256   0.0000056827  -0.0001189315   0.0000097205   0.0000101242  -0.0001189183
       7  -0.0005206849  -0.0037890700  -0.0000182606  -0.0005051240   0.0037690493   0.0000099016
       8  -0.0027073647  -0.0037785511  -0.0000054415   0.0027359570  -0.0037740356   0.0000039348
       9  -0.0000038636   0.0000032487   0.0061377130  -0.0000016742  -0.0000018220   0.0061377542
      10   0.0000434147  -0.0000681597   0.0000060763  -0.0037788086   0.0027229436  -0.0000006134
      11   0.0000357853  -0.0000592053   0.0000045243   0.0037831708  -0.0005545459   0.0000255684
      12  -0.0000091985   0.0000098558  -0.0001188142   0.0000094915   0.0000096960   0.0061376451
      13  -0.0037706432  -0.0027246297  -0.0000005947   0.0000505995   0.0000755807  -0.0000119715
      14  -0.0037753007  -0.0005146604   0.0000334681  -0.0000624635  -0.0000612609  -0.0000148519
      15  -0.0000091477   0.0000097631   0.0061375955   0.0000092216   0.0000097637  -0.0001187665
      16   0.0001133715   0.0001337645  -0.0000280612   0.0000019497  -0.0001257637  -0.0000289994
      17   0.0001802208  -0.0002958524  -0.0000598329  -0.0000885976   0.0001299166  -0.0000561904
      18   0.0000072719  -0.0000072371   0.0001644045  -0.0000074852  -0.0000077070   0.0000195406
      19  -0.0000097848   0.0000811367  -0.0000269820   0.0001268269  -0.0001716564  -0.0000303547
      20   0.0000797562   0.0001289484   0.0000461770  -0.0001608991  -0.0002831026   0.0000424471
      21   0.0000102185  -0.0000104069   0.0000198685  -0.0000055897  -0.0000054420   0.0001647812
      22   0.0091378520   0.0236952200   0.0000317581   0.0005439286  -0.0019124983  -0.0000008107
      23  -0.0078579891  -0.0150734020  -0.0000153931   0.0001175546  -0.0005079722   0.0000151798
      24  -0.0000076671   0.0000074551   0.0006496444   0.0000067093   0.0000069709   0.0009952072
      25   0.0005454119   0.0019069831   0.0000203218   0.0091379104  -0.0236881100  -0.0000120659
      26  -0.0001377573  -0.0004896298   0.0000214716   0.0078559569  -0.0150824999  -0.0000115613
      27  -0.0000063254   0.0000064846   0.0009948970   0.0000002711   0.0000003403   0.0006493720
      28  -0.0004875759  -0.0001136188  -0.0000334452   0.0001043412  -0.0000539591  -0.0000144946
      29   0.0018869540   0.0005717158  -0.0000230931  -0.0001175033  -0.0000081621   0.0000005246
      30   0.0000138324  -0.0000144720   0.0009946523  -0.0000109818  -0.0000114467   0.0000198854
      31  -0.0150746854  -0.0078700783   0.0000246573  -0.0002822090  -0.0001895936  -0.0000086331
      32   0.0236677827   0.0091890503  -0.0000277882  -0.0001595774   0.0001210772  -0.0000003766
      33  -0.0000021354   0.0000012462   0.0006497788  -0.0000027726  -0.0000026679   0.0001644207
      34   0.0001005137   0.0000713519   0.0000045331  -0.0004835023   0.0001252709   0.0000258518
      35   0.0001583417  -0.0000512264  -0.0000024559  -0.0019202605   0.0005496206  -0.0000103776
      36   0.0000077634  -0.0000079669   0.0000200321  -0.0000032648  -0.0000035420   0.0009948568
      37  -0.0002800010   0.0001738264   0.0000063850  -0.0150769768   0.0078598704  -0.0000193891
      38   0.0001774716   0.0001017748  -0.0000008141  -0.0236972266   0.0091642317  -0.0000139618
      39  -0.0000032492   0.0000031256   0.0001642347  -0.0000026532  -0.0000023590   0.0006497310
      40  -0.0000401111  -0.0000577291   0.0000004013  -0.0000129529   0.0000642255   0.0000017286
      41   0.0000195539   0.0001093581  -0.0000032168  -0.0000352970  -0.0001211083  -0.0000078638
      42   0.0000028375  -0.0000029528   0.0000341405  -0.0000082378  -0.0000081979   0.0000016705
      43  -0.0000189842  -0.0000580961  -0.0000022951  -0.0000398638   0.0000533929  -0.0000027913
      44   0.0000336609  -0.0001162446  -0.0000101093  -0.0000292396   0.0001046290  -0.0000094006
      45   0.0000023355  -0.0000023966   0.0000020251   0.0000012283   0.0000013682   0.0000345334
      46   0.0005275845   0.0009588661   0.0000001824  -0.0000217676   0.0006113207   0.0000018066
      47  -0.0013533605   0.0006967297  -0.0000038085  -0.0002801137   0.0002692500  -0.0000073000
      48  -0.0000043776   0.0000047240  -0.0040860807   0.0000102077   0.0000101000   0.0006895336
      49  -0.0000226053  -0.0006117117  -0.0000023763   0.0005285865  -0.0009474376   0.0000023664
      50   0.0002847648   0.0002532001  -0.0000076969   0.0013450005   0.0006874204  -0.0000010120
      51   0.0000000636  -0.0000011218   0.0006891291  -0.0000052328  -0.0000044760  -0.0040864614
      52   0.0002556069   0.0002752371  -0.0000015565  -0.0001296657  -0.0000296178  -0.0000064100
      53  -0.0006112276  -0.0000293488   0.0000023054   0.0000541828  -0.0000217996   0.0000018490
      54   0.0000004202  -0.0000006135   0.0006891513  -0.0000024435  -0.0000026296   0.0000016664
      55   0.0006856909  -0.0013495991   0.0000034383   0.0001058803  -0.0000129789  -0.0000089232
      56   0.0009433370   0.0005367990  -0.0000001968   0.0000497289  -0.0000370013  -0.0000027506
      57   0.0000061310  -0.0000060525  -0.0040860843  -0.0000041667  -0.0000044249   0.0000345291
      58  -0.0001288732   0.0000336567   0.0000072648   0.0002524896  -0.0002821148   0.0000014299
      59  -0.0000558869  -0.0000203877   0.0000021078   0.0006214221  -0.0000200935   0.0000004912
      60  -0.0000078521   0.0000080304   0.0000020280   0.0000077872   0.0000071235   0.0006895100
      61   0.0001032370   0.0000139111   0.0000041563   0.0006864258   0.0013485046  -0.0000001120
      62  -0.0000443246  -0.0000442380  -0.0000005178  -0.0009498355   0.0005331767   0.0000029983
      63   0.0000084806  -0.0000083459   0.0000341607  -0.0000078039  -0.0000081940  -0.0040864319
      64  -0.0001819884  -0.0003825831  -0.0000187482  -0.0000693298   0.0001326545  -0.0000023214
      65  -0.0007259856   0.0000697643   0.0000060945   0.0001282412  -0.0000695295  -0.0000092209
      66  -0.0000050396   0.0000045989  -0.0006530447   0.0000045818   0.0000050580  -0.0000085402
      67  -0.0000640394  -0.0001286855  -0.0000002695  -0.0001818534   0.0003850855   0.0000082363
      68  -0.0001311690  -0.0000573746   0.0000060899   0.0007250443   0.0000711566   0.0000051534
      69  -0.0000010493   0.0000011967  -0.0000092453  -0.0000029512  -0.0000028695  -0.0006537101
      70  -0.2030704547   0.1466810000   0.0000055455   0.0000710158   0.0007068976   0.0000076192
      71   0.1466999752  -0.2030886301  -0.0000029686   0.0004016961  -0.0001782174   0.0000058680
      72   0.0000042719  -0.0000048797  -0.0318202817  -0.0000043777  -0.0000042376  -0.0006537035
      73   0.0000728226  -0.0007148329  -0.0000101722  -0.2030838718  -0.1466924369  -0.0000043669
      74  -0.0004082661  -0.0001729460   0.0000186060  -0.1466955331  -0.2030878382   0.0000055896
      75  -0.0000058728   0.0000063244  -0.0006530554   0.0000124285   0.0000127210  -0.0318197410
      76  -0.0000005622   0.0000030756   0.0000067001   0.0000048182  -0.0000058145   0.0000157189
      77  -0.0000063326  -0.0000006321   0.0000056676   0.0000144714   0.0000069225   0.0000092750
      78  -0.0000141128   0.0000135413  -0.0000021707  -0.0000102235  -0.0000093723   0.0000087476
      79   0.0000153512  -0.0000102011  -0.0000052572  -0.0000017352  -0.0000079274  -0.0000029300
      80  -0.0000027505  -0.0000022850   0.0000050806   0.0000003644  -0.0000039955   0.0000066686
      81   0.0000040247  -0.0000032998   0.0000085496   0.0000125132   0.0000117664  -0.0000023078
      82  -0.0000605041  -0.0009154761  -0.0000051340   0.0000082651   0.0000444938  -0.0000008913
      83   0.0001316499  -0.0001985650   0.0000040706  -0.0000348629   0.0000348144  -0.0000010020
      84   0.0000126005  -0.0000124862   0.0002051330   0.0000091360   0.0000081035   0.0003216464
      85   0.0000089144  -0.0000487339   0.0000022479  -0.0000593332   0.0009057848   0.0000041625
      86   0.0000345600   0.0000322486   0.0000018042  -0.0001262119  -0.0002016020   0.0000053893
      87  -0.0000009820   0.0000019041   0.0003216600  -0.0000120339  -0.0000120714   0.0002051817
      88   0.0000408204   0.0000279699  -0.0000018796   0.0000053025  -0.0000019509   0.0000095488
      89  -0.0000388441   0.0000053731  -0.0000014343   0.0000171243   0.0000006420   0.0000129579
      90  -0.0000013769   0.0000011517   0.0003216159   0.0000027015   0.0000031389   0.0000087079
      91  -0.0002082969   0.0001445916   0.0000028292   0.0000204762   0.0000153958   0.0000040351
      92  -0.0009178044  -0.0000599323  -0.0000030001  -0.0000157500  -0.0000088122  -0.0000023688
      93   0.0000011404  -0.0000007734   0.0002049607  -0.0000024350  -0.0000029638  -0.0000021967
      94   0.0000045670   0.0000039327  -0.0000050094   0.0000420467  -0.0000274379  -0.0000017168
      95  -0.0000220314   0.0000078809   0.0000058524   0.0000365325   0.0000064898   0.0000003202
      96  -0.0000123567   0.0000125112   0.0000086988   0.0000066820   0.0000065274   0.0003216931
      97   0.0000202809  -0.0000207283  -0.0000036944  -0.0002081480  -0.0001410539  -0.0000009867
      98   0.0000112280  -0.0000072293  -0.0000041236   0.0009142675  -0.0000570793  -0.0000024450
      99   0.0000063553  -0.0000065150  -0.0000021430   0.0000021652   0.0000029636   0.0002052465
     100  -0.0001484207  -0.0000371128   0.0000070377   0.0000325262   0.0000156294   0.0000180243
     101   0.0000349094   0.0000115817   0.0000057678   0.0000143724   0.0000012432   0.0000178477
     102  -0.0000055459   0.0000050106  -0.0002766902   0.0000100671   0.0000101716  -0.0000049029
     103   0.2124487638  -0.1548745833   0.0000021084   0.0000254378  -0.0000303459   0.0000062608
     104  -0.1548745833   0.2124458098  -0.0000026642   0.0000273544  -0.0001454128  -0.0000065917
     105   0.0000021084  -0.0000026642   0.0236948314  -0.0000019499  -0.0000033386  -0.0002766738
     106   0.0000254378   0.0000273544  -0.0000019499   0.2124503750   0.1548777708   0.0000011876
     107  -0.0000303459  -0.0001454128  -0.0000033386   0.1548777708   0.2124504246   0.0000008131
     108   0.0000062608  -0.0000065917  -0.0002766738   0.0000011876   0.0000008131   0.0236949016
     109   0.0000312856  -0.0000181525  -0.0000089232  -0.0001479687   0.0000350739  -0.0000086232
     110  -0.0000132244   0.0000030228   0.0000090994  -0.0000415796   0.0000075093   0.0000086468
     111  -0.0000163793   0.0000165688  -0.0000048991   0.0000112191   0.0000104543  -0.0002766618
                    109            110            111
       1  -0.0000220414  -0.0005313769  -0.0000104564
       2  -0.0005669777  -0.0000330676   0.0000074634
       3   0.0000122236  -0.0000132622  -0.0000405537
       4  -0.0004963593  -0.0037688893  -0.0000107779
       5  -0.0027181253  -0.0037853550   0.0000010233
       6   0.0000021246  -0.0000020897   0.0061377509
       7  -0.0000750844   0.0000870303   0.0000049527
       8  -0.0000378687   0.0000426813  -0.0000186645
       9  -0.0000094483   0.0000101124  -0.0001189229
      10  -0.0037700785  -0.0027313695  -0.0000024195
      11  -0.0038148543  -0.0004965749   0.0000212832
      12  -0.0000093911   0.0000097002   0.0061376798
      13   0.0000420986  -0.0000627817   0.0000149240
      14   0.0000831164  -0.0000790633  -0.0000106911
      15  -0.0000090159   0.0000096737  -0.0001187300
      16   0.0005719711   0.0019005921  -0.0000065568
      17  -0.0001407773  -0.0004993331  -0.0000026436
      18  -0.0000069204   0.0000069267   0.0009952094
      19   0.0091795196   0.0236732277   0.0000017357
      20  -0.0078422439  -0.0150961492   0.0000080984
      21  -0.0000003353   0.0000002355   0.0006493372
      22  -0.0000436050   0.0001208309   0.0000085325
      23   0.0000588091   0.0001642087  -0.0000265988
      24   0.0000073348  -0.0000075234   0.0000195344
      25   0.0000977582   0.0001515059   0.0000090219
      26   0.0001753814  -0.0002919486  -0.0000007941
      27   0.0000053014  -0.0000052739   0.0001647984
      28  -0.0002825396   0.0001776298  -0.0000011027
      29   0.0001502598   0.0001228484  -0.0000030985
      30   0.0000026829  -0.0000027546   0.0001644240
      31   0.0000900502   0.0000684895   0.0000239062
      32   0.0001051643  -0.0000070849  -0.0000029888
      33   0.0000107542  -0.0000114273   0.0000198911
      34  -0.0150670623  -0.0078693769   0.0000062495
      35   0.0237019725   0.0091585812  -0.0000106002
      36   0.0000024083  -0.0000022530   0.0006497412
      37  -0.0004850069  -0.0001220372  -0.0000147319
      38   0.0019220451   0.0005437915  -0.0000057129
      39   0.0000029922  -0.0000033292   0.0009948695
      40  -0.0000252065  -0.0006169396  -0.0000002639
      41   0.0002858343   0.0002507711  -0.0000078453
      42  -0.0000103595   0.0000099980   0.0006895562
      43   0.0005304891   0.0009485117  -0.0000004831
      44  -0.0013563782   0.0006990089  -0.0000012072
      45   0.0000051797  -0.0000046316  -0.0040864503
      46  -0.0000145913  -0.0000502598  -0.0000036355
      47   0.0000372097  -0.0001182278  -0.0000098176
      48   0.0000080163  -0.0000079621   0.0000016652
      49  -0.0000423207  -0.0000481075   0.0000025283
      50   0.0000163989   0.0001145765  -0.0000081109
      51  -0.0000017211   0.0000016615   0.0000345484
      52   0.0000984924   0.0000154846   0.0000090027
      53  -0.0000564991  -0.0000365205  -0.0000021185
      54   0.0000039245  -0.0000045088   0.0000345273
      55  -0.0001297265   0.0000337605   0.0000073634
      56  -0.0000670745  -0.0000134273   0.0000029360
      57   0.0000023765  -0.0000027056   0.0000016686
      58   0.0006894707  -0.0013501571   0.0000001977
      59   0.0009567653   0.0005246142   0.0000011107
      60   0.0000072141  -0.0000080791  -0.0040864810
      61   0.0002593118   0.0002727233  -0.0000015943
      62  -0.0006113590  -0.0000285622  -0.0000000427
      63  -0.0000077519   0.0000074120   0.0006895407
      64   0.0000874991  -0.0007303312  -0.0000055052
      65  -0.0003983132  -0.0001773680  -0.0000000775
      66   0.0000045637  -0.0000042267  -0.0006537217
      67  -0.2030986081   0.1467104608   0.0000042423
      68   0.1467065899  -0.2030827005   0.0000116074
      69  -0.0000125623   0.0000125096  -0.0318197822
      70  -0.0000752103  -0.0001153611   0.0000022991
      71  -0.0001274347  -0.0000749053  -0.0000051587
      72  -0.0000048916   0.0000050018  -0.0000085219
      73  -0.0001736065  -0.0003898770  -0.0000112606
      74  -0.0007194289   0.0000735210   0.0000122872
      75   0.0000028816  -0.0000024665  -0.0006537281
      76   0.0000135812  -0.0000446259  -0.0000026126
      77   0.0000345619   0.0000340149  -0.0000000361
      78  -0.0000088456   0.0000077523   0.0003216353
      79  -0.0000523740  -0.0009174720  -0.0000073239
      80   0.0001319248  -0.0001991222   0.0000043904
      81   0.0000120773  -0.0000120974   0.0002051757
      82   0.0000157631  -0.0000141788  -0.0000100358
      83  -0.0000031686  -0.0000037159   0.0000101209
      84   0.0000107270  -0.0000085987   0.0000087425
      85  -0.0000175320   0.0000103689   0.0000065954
      86  -0.0000072276  -0.0000022564   0.0000048512
      87  -0.0000138768   0.0000115213  -0.0000023179
      88   0.0000217915  -0.0000196317  -0.0000030604
      89   0.0000158658  -0.0000055724  -0.0000043656
      90   0.0000035781  -0.0000029884  -0.0000022075
      91   0.0000074052   0.0000020360  -0.0000103692
      92  -0.0000173018   0.0000052558   0.0000105101
      93  -0.0000035630   0.0000030551   0.0000087191
      94  -0.0002089931   0.0001454247   0.0000019500
      95  -0.0009204511  -0.0000581142   0.0000001920
      96  -0.0000022300   0.0000031668   0.0002052572
      97   0.0000384522   0.0000267451   0.0000000298
      98  -0.0000426692   0.0000051239   0.0000032189
      99  -0.0000067114   0.0000068842   0.0003216883
     100   0.0000268541   0.0000295889  -0.0000073421
     101  -0.0000300210  -0.0001420560  -0.0000075585
     102   0.0000018584  -0.0000026617  -0.0002766713
     103   0.0000312856  -0.0000132244  -0.0000163793
     104  -0.0000181525   0.0000030228   0.0000165688
     105  -0.0000089232   0.0000090994  -0.0000048991
     106  -0.0001479687  -0.0000415796   0.0000112191
     107   0.0000350739   0.0000075093   0.0000104543
     108  -0.0000086232   0.0000086468  -0.0002766618
     109   0.2124495076  -0.1548779980  -0.0000008932
     110  -0.1548779980   0.2124513968   0.0000005849
     111  -0.0000008932   0.0000005849   0.0236949152
   Atom    1 Element Cu Has Mass   62.92980
   Atom    2 Element N  Has Mass   14.00310
   Atom    3 Element N  Has Mass   14.00310
   Atom    4 Element N  Has Mass   14.00310
   Atom    5 Element N  Has Mass   14.00310
   Atom    6 Element C  Has Mass   11.99670
   Atom    7 Element C  Has Mass   11.99670
   Atom    8 Element C  Has Mass   11.99670
   Atom    9 Element C  Has Mass   11.99670
   Atom   10 Element C  Has Mass   11.99670
   Atom   11 Element C  Has Mass   11.99670
   Atom   12 Element C  Has Mass   11.99670
   Atom   13 Element C  Has Mass   11.99670
   Atom   14 Element C  Has Mass   11.99670
   Atom   15 Element C  Has Mass   11.99670
   Atom   16 Element C  Has Mass   11.99670
   Atom   17 Element C  Has Mass   11.99670
   Atom   18 Element C  Has Mass   11.99670
   Atom   19 Element C  Has Mass   11.99670
   Atom   20 Element C  Has Mass   11.99670
   Atom   21 Element C  Has Mass   11.99670
   Atom   22 Element C  Has Mass   11.99670
   Atom   23 Element C  Has Mass   11.99670
   Atom   24 Element C  Has Mass   11.99670
   Atom   25 Element C  Has Mass   11.99670
   Atom   26 Element H  Has Mass    1.00730
   Atom   27 Element H  Has Mass    1.00730
   Atom   28 Element H  Has Mass    1.00730
   Atom   29 Element H  Has Mass    1.00730
   Atom   30 Element H  Has Mass    1.00730
   Atom   31 Element H  Has Mass    1.00730
   Atom   32 Element H  Has Mass    1.00730
   Atom   33 Element H  Has Mass    1.00730
   Atom   34 Element H  Has Mass    1.00730
   Atom   35 Element H  Has Mass    1.00730
   Atom   36 Element H  Has Mass    1.00730
   Atom   37 Element H  Has Mass    1.00730
