Inc., Pleasanton
Standard Nuclear Orientation (Angstroms)


1   Cu  0.000000    0.000000    0.000000 
2   N   -2.041302   0.000000    0.000000 
3   N   2.041302    0.000000    0.000000 
4   N   0.000000    2.019820    0.000000 
5   N   0.000000    -2.019820   0.000000 
6   C   -2.863162   -1.092073   0.000000 
7   C   -2.863162   1.092073    0.000000 
8   C   2.863162    -1.092073   0.000000 
9   C   2.863162    1.092073    0.000000 
10  C   -1.089918   -2.846670   0.000000 
11  C   1.089918    -2.846670   0.000000 
12  C   -1.089918   2.846670    0.000000 
13  C   1.089918    2.846670    0.000000 
14  C   -4.247169   -0.679512   0.000000 
15  C   -4.247169   0.679512    0.000000 
16  C   4.247169    -0.679512   0.000000 
17  C   4.247169    0.679512    0.000000 
18  C   -0.694279   -4.205086   0.000000 
19  C   0.694279    -4.205086   0.000000 
20  C   -0.694279   4.205086    0.000000 
21  C   0.694279    4.205086    0.000000 
22  C   -2.436062   -2.409867   0.000000 
23  C   -2.436062   2.409867    0.000000 
24  C   2.436062    -2.409867   0.000000 
25  C   2.436062    2.409867    0.000000 
26  H   -5.098028   -1.358749   0.000000 
27  H   -5.098028   1.358749    0.000000 
28  H   5.098028    -1.358749   0.000000 
29  H   5.098028    1.358749    0.000000 
30  H   -1.370380   -5.058136   0.000000 
31  H   1.370380    -5.058136   0.000000 
32  H   -1.370380   5.058136    0.000000 
33  H   1.370380    5.058136    0.000000 
34  H   -3.205139   -3.184312   0.000000 
35  H   3.205139    -3.184312   0.000000 
36  H   3.205139    3.184312    0.000000 
37  H   -3.205139   3.184312    0.000000 
--
Final Hessian
                      1              2              3              4              5              6
       1   0.1530504703   0.0000002810  -0.0000006431  -0.0519519566   0.0000045799  -0.0000007400
       2   0.0000002810   0.1676893370  -0.0000021220  -0.0000027172  -0.0250915649   0.0000000260
       3  -0.0000006431  -0.0000021220   0.0685135357  -0.0000001166  -0.0000056207  -0.0157029756
       4  -0.0519519566  -0.0000027172  -0.0000001166   0.5611740165   0.0000132075   0.0000194846
       5   0.0000045799  -0.0250915649  -0.0000056207   0.0000132075   0.4871119321   0.0000010990
       6  -0.0000007400   0.0000000260  -0.0157029756   0.0000194846   0.0000010990   0.1178284739
       7  -0.0519374693  -0.0000047768  -0.0000012265   0.0002130388   0.0000024171   0.0000469614
       8   0.0000023900  -0.0250916314  -0.0000055507  -0.0000259641   0.0533497952  -0.0000034722
       9   0.0000014029   0.0000001389  -0.0157030100  -0.0000144538  -0.0000033543   0.0130581917
      10  -0.0214736521   0.0000000487   0.0000003712  -0.0060992388  -0.0120790303   0.0000078620
      11   0.0000020423  -0.0576996092  -0.0000147539  -0.0105001609  -0.0020175834  -0.0000045241
      12  -0.0000002460   0.0000018352  -0.0152483047   0.0000066962  -0.0000178032  -0.0068718347
      13  -0.0214722705  -0.0000020456   0.0000005951  -0.0061017776   0.0120835193   0.0000018376
      14  -0.0000065866  -0.0577038757  -0.0000129304   0.0104703501  -0.0020382431   0.0000015605
      15  -0.0000006018   0.0000002208  -0.0152478621   0.0000019889  -0.0000078710  -0.0068784627
      16  -0.0086390132  -0.0063489002  -0.0000012304  -0.1994491227  -0.0934340960   0.0000157234
      17  -0.0078723787   0.0050315686  -0.0000028417  -0.0798828116  -0.1109517047   0.0000046965
      18  -0.0000006653  -0.0000008382  -0.0011241902  -0.0000315286  -0.0000037303  -0.0731645558
      19  -0.0086382900   0.0063567317   0.0000003689  -0.1994540694   0.0934122231  -0.0000037137
      20   0.0078770663   0.0050325352  -0.0000032390   0.0797627734  -0.1109420568  -0.0000023543
      21   0.0000025222  -0.0000052927  -0.0011259805   0.0000025202  -0.0000136521  -0.0731518490
      22  -0.0086519859   0.0063517162  -0.0000002575   0.0008619396   0.0112522396  -0.0000088298
      23   0.0078756941   0.0050362747  -0.0000033285  -0.0010642445  -0.0576158529  -0.0000022036
      24  -0.0000001507  -0.0000007184  -0.0011243410   0.0000138343  -0.0000023891  -0.0013546592
      25  -0.0086542688  -0.0063538225   0.0000002719   0.0008833918  -0.0112659511  -0.0000099179
      26  -0.0078808112   0.0050326041  -0.0000034462   0.0011317052  -0.0576127258  -0.0000011009
      27  -0.0000033312  -0.0000053359  -0.0011260831   0.0000031701  -0.0000014727  -0.0013421661
      28  -0.0057295570  -0.0091271940   0.0000016004  -0.0009711038  -0.0270352879   0.0000062469
      29  -0.0040840175  -0.0114153356   0.0000060914  -0.0031058182   0.0199600237   0.0000010255
      30   0.0000000949   0.0000000552  -0.0019097237   0.0000031436   0.0000032023  -0.0026084792
      31  -0.0057360309   0.0091325931  -0.0000015861   0.0046335323  -0.0266768411  -0.0000016128
      32   0.0040840984  -0.0114132433   0.0000067047  -0.0007534423  -0.0226892070  -0.0000017740
      33  -0.0000002313   0.0000001055  -0.0019095069  -0.0000168033   0.0000120891   0.0011887595
      34  -0.0057230368   0.0091291662  -0.0000016008  -0.0009775838   0.0270322891  -0.0000150996
      35   0.0040839406  -0.0114145267   0.0000061880   0.0030753399   0.0199689660  -0.0000001915
      36   0.0000019142  -0.0000022619  -0.0019110140  -0.0000166609  -0.0000156552  -0.0026015398
      37  -0.0057273100  -0.0091314918   0.0000031298   0.0046369629   0.0266743979  -0.0000038878
      38  -0.0040797218  -0.0114172101   0.0000071240   0.0008357524  -0.0226703115   0.0000028721
      39  -0.0000024845  -0.0000019574  -0.0019107112   0.0000409098   0.0000012570   0.0011956747
      40   0.0069529350  -0.0011893988   0.0000005951  -0.0624776772  -0.0371552310   0.0000123100
      41  -0.0047479544  -0.0014703436  -0.0000024805  -0.0118416911  -0.0014181300  -0.0000030270
      42  -0.0000026156   0.0000025071   0.0010518801   0.0000195723  -0.0000126155   0.0132251485
      43   0.0069501695   0.0011885328  -0.0000022923  -0.0624839722   0.0371496239   0.0000099602
      44   0.0047469153  -0.0014794440  -0.0000023608   0.0118447987  -0.0014213593   0.0000051103
      45   0.0000034726  -0.0000012682   0.0010511945  -0.0000250106   0.0000025185   0.0132319268
      46   0.0069254159   0.0011878541  -0.0000005865  -0.0007681562  -0.0018106080   0.0000043441
      47   0.0047601881  -0.0014777395  -0.0000025211  -0.0005031068  -0.0023837663   0.0000035601
      48   0.0000032591   0.0000025459   0.0010518595  -0.0000164498  -0.0000008020  -0.0006149324
      49   0.0069237114  -0.0011877139   0.0000008307  -0.0007747603   0.0018089265   0.0000032988
      50  -0.0047623497  -0.0014761690  -0.0000015037   0.0004974755  -0.0023982686  -0.0000046185
      51  -0.0000026465  -0.0000013373   0.0010511971   0.0000129686   0.0000022280  -0.0006081184
      52  -0.0010502450  -0.0070721783   0.0000026719  -0.0009790573  -0.0015601407   0.0000098997
      53  -0.0022186158   0.0075252956   0.0000008844   0.0013376666  -0.0065946670  -0.0000022584
      54   0.0000004314  -0.0000025461   0.0009852980   0.0000088083   0.0000063691   0.0000225161
      55  -0.0010458661   0.0070695768  -0.0000021487   0.0009397716   0.0111383048  -0.0000042871
      56   0.0022214046   0.0075259659  -0.0000000839   0.0016882707   0.0087526953   0.0000020996
      57  -0.0000000781  -0.0000025859   0.0009855600   0.0000037888   0.0000069806   0.0004801824
      58  -0.0010474008   0.0070710859  -0.0000021382  -0.0009769323   0.0015608096  -0.0000028053
      59   0.0022209069   0.0075212066   0.0000009871  -0.0013499457  -0.0065732721   0.0000014012
      60  -0.0000019512  -0.0000001814   0.0009869159   0.0000190998   0.0000090165   0.0000131430
      61  -0.0010481266  -0.0070722465   0.0000033948   0.0009295269  -0.0111424999  -0.0000034589
      62  -0.0022185788   0.0075221767   0.0000005415  -0.0016904327   0.0087705220  -0.0000011501
      63   0.0000022020  -0.0000000676   0.0009871820  -0.0000022970  -0.0000023167   0.0004708610
      64   0.0059505157  -0.0027237404   0.0000016866   0.0161279370   0.0115140792   0.0000107228
      65  -0.0041328718  -0.0012796205  -0.0000010312  -0.0036445675  -0.1233247097  -0.0000056365
      66   0.0000005458   0.0000019146  -0.0009700274   0.0000076814   0.0000127914   0.0022563799
      67   0.0059548356   0.0027259701  -0.0000030829   0.0161043706  -0.0115092895   0.0000076013
      68   0.0041320457  -0.0012914380  -0.0000004896   0.0035890651  -0.1233263332   0.0000037092
      69  -0.0000009567   0.0000010832  -0.0009711416  -0.0000245322  -0.0000136632   0.0022620723
      70   0.0059525467   0.0027233680  -0.0000033291  -0.0011493770   0.0302598973   0.0000084702
      71   0.0041171998  -0.0012835661  -0.0000006425  -0.0003124811   0.0444237941   0.0000061785
      72  -0.0000005387   0.0000019203  -0.0009699902  -0.0000174702   0.0000105346  -0.0000592700
      73   0.0059583117  -0.0027302410   0.0000027277  -0.0011173784  -0.0302644035   0.0000100370
      74  -0.0041209329  -0.0012887097  -0.0000013595   0.0004012063   0.0444283851  -0.0000049549
      75   0.0000010130   0.0000010038  -0.0009711113   0.0000221154  -0.0000012071  -0.0000535236
      76   0.0004697275  -0.0002506728   0.0000010785  -0.0048492499   0.0002867839  -0.0000079682
      77  -0.0001256464   0.0002256918   0.0000019519   0.0037876723  -0.0001460430  -0.0000050945
      78  -0.0000053353   0.0000005022   0.0005080277   0.0000174953  -0.0000029483   0.0032122182
      79   0.0004727640   0.0002503766  -0.0000021978  -0.0048672924  -0.0002824150  -0.0000040367
      80   0.0001295800   0.0002248019   0.0000018607  -0.0038242313  -0.0001471901   0.0000028072
      81   0.0000034854   0.0000000824   0.0005103258  -0.0000016412  -0.0000006619   0.0032067293
      82   0.0004675552   0.0002513592  -0.0000025958  -0.0000523322   0.0002502019  -0.0000041530
      83   0.0001322848   0.0002237912   0.0000021017  -0.0000529154  -0.0001620609   0.0000037470
      84   0.0000054772   0.0000004703   0.0005080027  -0.0000451783  -0.0000023723  -0.0003235451
      85   0.0004719426  -0.0002482750   0.0000020057  -0.0000569588  -0.0002496937  -0.0000030341
      86  -0.0001271187   0.0002263714   0.0000018382   0.0000315810  -0.0001644231  -0.0000022362
      87  -0.0000033739   0.0000000467   0.0005102961   0.0000381435  -0.0000037468  -0.0003296637
      88   0.0001882340  -0.0000982533   0.0000025144  -0.0000007487  -0.0000452421  -0.0000072331
      89  -0.0002980875   0.0005161626   0.0000036821   0.0001874551   0.0005389330  -0.0000026499
      90   0.0000003754   0.0000010987   0.0006282008  -0.0000051073  -0.0000000980   0.0006165972
      91   0.0001907068   0.0000949132  -0.0000027783   0.0001274041  -0.0000005440  -0.0000047399
      92   0.0002899989   0.0005107995   0.0000037169   0.0002438698  -0.0002657774   0.0000032629
      93  -0.0000003183   0.0000010891   0.0006282092   0.0000022334  -0.0000044614   0.0002170170
      94   0.0001912596   0.0000951879  -0.0000028398   0.0000138784   0.0000679013  -0.0000048966
      95   0.0002904011   0.0005109606   0.0000038615  -0.0001790463   0.0005458306   0.0000025787
      96  -0.0000015330  -0.0000000651   0.0006257206   0.0000000232  -0.0000007234   0.0006415350
      97   0.0001913233  -0.0000944721   0.0000032363   0.0001262572   0.0000015822  -0.0000051385
      98  -0.0002951094   0.0005155036   0.0000038261  -0.0002326685  -0.0002744565  -0.0000023196
      99   0.0000017078  -0.0000001325   0.0006257379  -0.0000100064  -0.0000008311   0.0002420691
     100   0.0000109933   0.0004015828   0.0000041360  -0.0004187335   0.0036025795  -0.0000144258
     101   0.0002740380   0.0000430269   0.0000038427   0.0038197453  -0.0037365592  -0.0000068488
     102  -0.0000002476   0.0000018390  -0.0000219689   0.0000021619  -0.0000010102   0.0063078728
     103   0.0000110689  -0.0003985580  -0.0000028586  -0.0000353329   0.0008174831  -0.0000128640
     104  -0.0002810033   0.0000399222   0.0000036308   0.0000629829  -0.0000755167   0.0000076243
     105   0.0000003292   0.0000018956  -0.0000219917  -0.0000017407  -0.0000069233   0.0000380108
     106   0.0000121814   0.0003978188   0.0000040469  -0.0000358506  -0.0008173627  -0.0000104480
     107   0.0002734176   0.0000403180   0.0000038541  -0.0000058811  -0.0000753019  -0.0000042911
     108   0.0000008994  -0.0000009209  -0.0000215699  -0.0000011372   0.0000030950   0.0000333116
     109   0.0000091160  -0.0003964326  -0.0000029121  -0.0004204060  -0.0035992387  -0.0000104953
     110  -0.0002801007   0.0000369269   0.0000037321  -0.0037618585  -0.0037337314   0.0000059609
     111  -0.0000007044  -0.0000009716  -0.0000215667   0.0000078584   0.0000019592   0.0063033666
                      7              8              9             10             11             12
       1  -0.0519374693   0.0000023900   0.0000014029  -0.0214736521   0.0000020423  -0.0000002460
       2  -0.0000047768  -0.0250916314   0.0000001389   0.0000000487  -0.0576996092   0.0000018352
       3  -0.0000012265  -0.0000055507  -0.0157030100   0.0000003712  -0.0000147539  -0.0152483047
       4   0.0002130388  -0.0000259641  -0.0000144538  -0.0060992388  -0.0105001609   0.0000066962
       5   0.0000024171   0.0533497952  -0.0000033543  -0.0120790303  -0.0020175834  -0.0000178032
       6   0.0000469614  -0.0000034722   0.0130581917   0.0000078620  -0.0000045241  -0.0068718347
       7   0.5611582511  -0.0000088030   0.0000133897  -0.0061101691   0.0104973695  -0.0000322982
       8  -0.0000088030   0.4871170945   0.0000011326   0.0120472041  -0.0020412103  -0.0000178885
       9   0.0000133897   0.0000011326   0.1178284978  -0.0000151332  -0.0000042099  -0.0068717703
      10  -0.0061101691   0.0120472041  -0.0000151332   0.5574344830   0.0000131810   0.0000025944
      11   0.0104973695  -0.0020412103  -0.0000042099   0.0000131810   0.5722647146  -0.0000407554
      12  -0.0000322982  -0.0000178885  -0.0068717703   0.0000025944  -0.0000407554   0.1193487017
      13  -0.0061087776  -0.0120871765  -0.0000176305   0.0247801598  -0.0000160661   0.0000067589
      14  -0.0104849895  -0.0020064585   0.0000016176  -0.0000364530   0.0018753881  -0.0000276160
      15  -0.0000276514  -0.0000078599  -0.0068784496   0.0000027633  -0.0000256323   0.0098075291
      16   0.0008470364  -0.0112664928   0.0000352190   0.0010687831  -0.0006781545  -0.0000204067
      17   0.0010252332  -0.0576352606  -0.0000025769   0.0014639836   0.0016360162  -0.0000137262
      18  -0.0000178812  -0.0000021110  -0.0013544416  -0.0000115378   0.0000014565   0.0014345429
      19   0.0008445461   0.0112989340   0.0000179364   0.0061724642   0.0024161334  -0.0000087396
      20  -0.0011130418  -0.0575905003  -0.0000004108   0.0023369014  -0.0087069122  -0.0000112136
      21  -0.0000070482  -0.0000010205  -0.0013419622   0.0000040053  -0.0000389099   0.0002054965
      22  -0.1994577213   0.0934034347   0.0000105531   0.0010722898   0.0006337820  -0.0000063146
      23   0.0798046965  -0.1109289909   0.0000040514  -0.0014814831   0.0016667546  -0.0000130637
      24   0.0000285129  -0.0000038100  -0.0731645664   0.0000112971   0.0000028750   0.0014344878
      25  -0.1994302327  -0.0933959502   0.0000104716   0.0061984961  -0.0023770307   0.0000017599
      26  -0.0797725387  -0.1109680040  -0.0000008917  -0.0023627862  -0.0087312909  -0.0000114059
      27  -0.0000051070  -0.0000139188  -0.0731518519  -0.0000034367  -0.0000390844   0.0002054817
      28   0.0046155456   0.0266736285   0.0000134138  -0.0389246714  -0.0010963847  -0.0000086783
      29   0.0007783552  -0.0226946040  -0.0000016380   0.0057993120   0.0030873641   0.0000148491
      30   0.0000171428   0.0000121173   0.0011883639   0.0000049395   0.0000300356  -0.0000595542
      31  -0.0010121883   0.0270384411   0.0000049904  -0.0389222244   0.0010873175  -0.0000012906
      32   0.0030989651   0.0199631489   0.0000015765  -0.0057836613   0.0030844146   0.0000149748
      33  -0.0000027412   0.0000029190  -0.0026080566  -0.0000050248   0.0000299792  -0.0000592621
      34   0.0046090264  -0.0266593551  -0.0000057588  -0.1771158938   0.0841881893   0.0000148375
      35  -0.0008048867  -0.0226751585   0.0000040072   0.1239107616  -0.1968221720   0.0000118289
      36  -0.0000404877   0.0000010748   0.0011952663  -0.0000154816  -0.0000251794  -0.0740142110
      37  -0.0010156568  -0.0270314748   0.0000062356  -0.1771254961  -0.0842131337  -0.0000076733
      38  -0.0030619252   0.0199706599  -0.0000011860  -0.1238783984  -0.1968195222   0.0000113862
      39   0.0000171208  -0.0000152655  -0.0026011229   0.0000156985  -0.0000247916  -0.0740141699
      40  -0.0007438829   0.0018150003   0.0000097119  -0.0001435765  -0.0012342903  -0.0000076164
      41   0.0005337718  -0.0023762448   0.0000053237   0.0018303290  -0.0004055702  -0.0000058187
      42   0.0000143313  -0.0000009186  -0.0006149131   0.0000195042  -0.0000156704   0.0000435122
      43  -0.0007510719  -0.0018158097   0.0000075216  -0.0038978186  -0.0006362582  -0.0000076625
      44  -0.0005261534  -0.0023925613  -0.0000054992  -0.0012160475  -0.0000588706  -0.0000067149
      45  -0.0000153915   0.0000023024  -0.0006080682  -0.0000103998   0.0000052776   0.0001992287
      46  -0.0624980919   0.0371541430   0.0000012396  -0.0001541058   0.0012381625  -0.0000026789
      47   0.0118688761  -0.0014304457  -0.0000033522  -0.0018331225  -0.0004362104  -0.0000055435
      48  -0.0000219986  -0.0000125281   0.0132250831  -0.0000191540  -0.0000157937   0.0000434812
      49  -0.0624949650  -0.0371578158   0.0000011790  -0.0038960569   0.0006323051  -0.0000000962
      50  -0.0118631166  -0.0014079972   0.0000047513   0.0012174923  -0.0000471198  -0.0000057596
      51   0.0000221300   0.0000030912   0.0132318134   0.0000105726   0.0000054965   0.0001991729
      52   0.0009434561  -0.0111513889   0.0000027091   0.0010799371   0.0029822104   0.0000017358
      53  -0.0016810187   0.0087631927   0.0000023986  -0.0020371820  -0.0025582906   0.0000016531
      54  -0.0000019190   0.0000072877   0.0004791782  -0.0000011792   0.0000146366  -0.0005494989
      55  -0.0010181349   0.0015468258  -0.0000102652   0.0010661926  -0.0030034845  -0.0000006836
      56  -0.0013494132  -0.0065887686  -0.0000027758   0.0020448328  -0.0025628853   0.0000008039
      57  -0.0000068030   0.0000063935   0.0000234798   0.0000007626   0.0000146489  -0.0005490218
      58   0.0009417289   0.0111358156  -0.0000083431  -0.0114776336   0.0003994046  -0.0000028122
      59   0.0016882840   0.0087559547  -0.0000016006   0.0375561884  -0.0679357547   0.0000016992
      60   0.0000042519  -0.0000024348   0.0004698529  -0.0000013014   0.0000028850   0.0151807204
      61  -0.0010154769  -0.0015612148  -0.0000098336  -0.0114776203  -0.0003825278   0.0000122879
      62   0.0013394485  -0.0065746436   0.0000021797  -0.0375605137  -0.0679263745   0.0000024305
      63  -0.0000171594   0.0000093579   0.0000140909   0.0000007248   0.0000026360   0.0151808887
      64  -0.0011322964  -0.0302848928  -0.0000089064   0.0281597216   0.0021988771   0.0000035202
      65   0.0003347558   0.0444420021   0.0000054788  -0.0066515405  -0.0005526030  -0.0000017565
      66   0.0000175919   0.0000104196  -0.0000593858   0.0000048525   0.0000190245   0.0001763786
      67  -0.0011392215   0.0302460030  -0.0000086523  -0.0749877044   0.0001876600  -0.0000059812
      68  -0.0003861216   0.0444138607  -0.0000064887   0.0138624113   0.0219489796  -0.0000037649
      69  -0.0000219765  -0.0000016684  -0.0000536468  -0.0000058408  -0.0000087330  -0.0013103890
      70   0.0160369896  -0.0114897342  -0.0000104551   0.0281521173  -0.0021805795  -0.0000037664
      71   0.0036602914  -0.1233300403  -0.0000058502   0.0066594433  -0.0005655411  -0.0000018360
      72  -0.0000085456   0.0000129545   0.0022564870  -0.0000045005   0.0000188977   0.0001763457
      73   0.0160708346   0.0114900299  -0.0000054217  -0.0749906319  -0.0002375810   0.0000047618
      74  -0.0035841512  -0.1233412585   0.0000034341  -0.0138573710   0.0219545003  -0.0000042757
      75   0.0000241551  -0.0000133917   0.0022621732   0.0000059078  -0.0000085649  -0.0013103336
      76  -0.0000328085  -0.0002380985   0.0000029945  -0.0003823885  -0.0001942621   0.0000080412
      77   0.0000334978  -0.0001605426   0.0000044129   0.0000470751   0.0001035209   0.0000054303
      78   0.0000445169  -0.0000024121  -0.0003234596   0.0000140044   0.0000154592   0.0001857347
      79  -0.0000436992   0.0002590376   0.0000036149   0.0003743997  -0.0001084966  -0.0000082344
      80  -0.0000562958  -0.0001714302  -0.0000021064  -0.0001201627  -0.0000240340   0.0000065287
      81  -0.0000390342  -0.0000038267  -0.0003295611  -0.0000251962  -0.0000114189   0.0001706884
      82  -0.0048561608  -0.0002772525   0.0000058607  -0.0003966271   0.0002153599  -0.0000060434
      83  -0.0038287501  -0.0001541230  -0.0000045502  -0.0000624494   0.0000849197   0.0000053427
      84  -0.0000183150  -0.0000030782   0.0032121252  -0.0000135324   0.0000156828   0.0001857022
      85  -0.0048505855   0.0002923530   0.0000039843   0.0003759417   0.0001039768   0.0000079302
      86   0.0037933514  -0.0001399753   0.0000029710   0.0001095058  -0.0000006451   0.0000064843
      87   0.0000007772  -0.0000005795   0.0032066289   0.0000252484  -0.0000113090   0.0001706422
      88   0.0001449169   0.0000123592  -0.0000039748  -0.0003514975   0.0001276052   0.0000133118
      89  -0.0002306075  -0.0002715322   0.0000033879  -0.0002662560  -0.0000845302   0.0000104202
      90  -0.0000007562  -0.0000044847   0.0002170528  -0.0000053803  -0.0000105414  -0.0005069214
      91   0.0000108147   0.0000731741  -0.0000006733  -0.0003521869  -0.0000736634  -0.0000061386
      92  -0.0001766318   0.0005383354  -0.0000027900   0.0002848709  -0.0000704001   0.0000104420
      93   0.0000063406   0.0000000483   0.0006165632   0.0000051867  -0.0000106018  -0.0005069095
      94   0.0001300924   0.0000049112  -0.0000007433   0.0002149209  -0.0035667081  -0.0000078765
      95   0.0002350511  -0.0002756589  -0.0000023021  -0.0003616669  -0.0051282222   0.0000137767
      96   0.0000111213  -0.0000006650   0.0002421008   0.0000027193  -0.0000007079   0.0042189876
      97   0.0000104062  -0.0000606247  -0.0000013042   0.0002199501   0.0035609269   0.0000125741
      98   0.0001818800   0.0005455726   0.0000026410   0.0003808437  -0.0051397810   0.0000136805
      99   0.0000013727  -0.0000006084   0.0006414944  -0.0000030008  -0.0000007011   0.0042190447
     100  -0.0000305279  -0.0008114557  -0.0000010260  -0.0003029245  -0.0000175896   0.0000192079
     101  -0.0000016457  -0.0000699493   0.0000065908  -0.0004766675  -0.0000732245   0.0000145210
     102   0.0000016505  -0.0000072406   0.0000379600  -0.0000019217  -0.0000087083  -0.0001285822
     103  -0.0004140774  -0.0035914109   0.0000004680  -0.0003069600   0.0000347496  -0.0000087082
     104  -0.0037800352  -0.0037388923  -0.0000056515   0.0005093962  -0.0000908138   0.0000137213
     105  -0.0000022480  -0.0000009256   0.0063079020   0.0000018386  -0.0000086969  -0.0001286916
     106  -0.0004171215   0.0036095525  -0.0000007764  -0.0036466730   0.0037094887   0.0000174599
     107   0.0038196507  -0.0037273355   0.0000049754   0.0029462628  -0.0006541230   0.0000139622
     108  -0.0000075505   0.0000016175   0.0063032293  -0.0000034990   0.0000066376   0.0044453028
     109  -0.0000303669   0.0008327659  -0.0000008319  -0.0036537174  -0.0037130527  -0.0000093312
     110   0.0000622255  -0.0000852420  -0.0000032400  -0.0029073703  -0.0006336695   0.0000131108
     111   0.0000008410   0.0000030032   0.0000334251   0.0000037437   0.0000063671   0.0044452551
                     13             14             15             16             17             18
       1  -0.0214722705  -0.0000065866  -0.0000006018  -0.0086390132  -0.0078723787  -0.0000006653
       2  -0.0000020456  -0.0577038757   0.0000002208  -0.0063489002   0.0050315686  -0.0000008382
       3   0.0000005951  -0.0000129304  -0.0152478621  -0.0000012304  -0.0000028417  -0.0011241902
       4  -0.0061017776   0.0104703501   0.0000019889  -0.1994491227  -0.0798828116  -0.0000315286
       5   0.0120835193  -0.0020382431  -0.0000078710  -0.0934340960  -0.1109517047  -0.0000037303
       6   0.0000018376   0.0000015605  -0.0068784627   0.0000157234   0.0000046965  -0.0731645558
       7  -0.0061087776  -0.0104849895  -0.0000276514   0.0008470364   0.0010252332  -0.0000178812
       8  -0.0120871765  -0.0020064585  -0.0000078599  -0.0112664928  -0.0576352606  -0.0000021110
       9  -0.0000176305   0.0000016176  -0.0068784496   0.0000352190  -0.0000025769  -0.0013544416
      10   0.0247801598  -0.0000364530   0.0000027633   0.0010687831   0.0014639836  -0.0000115378
      11  -0.0000160661   0.0018753881  -0.0000256323  -0.0006781545   0.0016360162   0.0000014565
      12   0.0000067589  -0.0000276160   0.0098075291  -0.0000204067  -0.0000137262   0.0014345429
      13   0.5574340361   0.0000362314   0.0000049479   0.0061753601  -0.0024114896  -0.0000133511
      14   0.0000362314   0.5722833116  -0.0000148149  -0.0024161565  -0.0087436440  -0.0000174137
      15   0.0000049479  -0.0000148149   0.1193586802  -0.0000096553  -0.0000066942   0.0002160048
      16   0.0061753601  -0.0024161565  -0.0000096553   0.6094988656  -0.1025386212   0.0000124835
      17  -0.0024114896  -0.0087436440  -0.0000066942  -0.1025386212   0.7139407377  -0.0000043124
      18  -0.0000133511  -0.0000174137   0.0002160048   0.0000124835  -0.0000043124   0.1534098584
      19   0.0010667749   0.0007019826  -0.0000078846   0.0240554112   0.0400046503   0.0000131834
      20  -0.0015200973   0.0017134426  -0.0000065913  -0.0399362209  -0.2102921637  -0.0000084641
      21  -0.0000155378  -0.0000256598   0.0014254384   0.0000014956  -0.0000300400   0.0059145763
      22   0.0061840330   0.0023586099  -0.0000037615  -0.0042571729  -0.0140766454   0.0000118711
      23   0.0023740968  -0.0087122332  -0.0000069914   0.0140807361   0.0633108630   0.0000050915
      24   0.0000153836  -0.0000174981   0.0002160531  -0.0000147996   0.0000050436   0.0002692711
      25   0.0010816454  -0.0006368816   0.0000009118   0.0014514322   0.0118212850   0.0000132463
      26   0.0015473693   0.0016724263  -0.0000073747   0.0117535684   0.0675196532   0.0000085403
      27   0.0000172078  -0.0000256771   0.0014253979  -0.0000040168   0.0000184776   0.0003098151
      28  -0.1771079237  -0.0841940292  -0.0000100004  -0.0036677779   0.0466655081  -0.0000016863
      29  -0.1239253790  -0.1968611300   0.0000053781   0.0361488670  -0.0290694948   0.0000011833
      30   0.0000060492   0.0000158423  -0.0740089308  -0.0000077480   0.0000055590   0.0081760293
      31  -0.1771194285   0.0842211979   0.0000015888   0.0077118376   0.0139982514   0.0000033245
      32   0.1239236721  -0.1968429943   0.0000051151   0.0098877396   0.0192846272   0.0000101553
      33  -0.0000061081   0.0000158298  -0.0740090065   0.0000052428   0.0000133918  -0.0004855094
      34  -0.0389278848   0.0010946460   0.0000098822  -0.0087306664  -0.0163779447   0.0000088568
      35  -0.0058177524   0.0031124939   0.0000104066  -0.0057785230  -0.0128747487   0.0000043503
      36  -0.0000250948  -0.0000092830  -0.0000646685   0.0000152154  -0.0000204449  -0.0000190128
      37  -0.0389201441  -0.0010889970  -0.0000022260  -0.0071428931  -0.0325239520   0.0000088440
      38   0.0058145187   0.0031360840   0.0000096024   0.0023946313   0.0272444623   0.0000002531
      39   0.0000246187  -0.0000088212  -0.0000644210  -0.0000204525   0.0000111918   0.0000562885
      40  -0.0039058376   0.0006260605  -0.0000085539  -0.2599566731   0.0409692254  -0.0000032303
      41   0.0012289792  -0.0000273911  -0.0000013558   0.0329029648  -0.0930434851   0.0000044668
      42   0.0000017636  -0.0000169518   0.0002059858  -0.0000079695  -0.0000153631  -0.0679427606
      43  -0.0001529896   0.0012321131  -0.0000085797  -0.0100953382   0.0149712171   0.0000009847
      44  -0.0018388048  -0.0004323066  -0.0000025802   0.0547239639  -0.0562544224  -0.0000092947
      45  -0.0000074327   0.0000101802   0.0000376938   0.0000133879   0.0000097758   0.0095000708
      46  -0.0038948514  -0.0006430367  -0.0000025497   0.0009307663   0.0031172945  -0.0000028836
      47  -0.0012073216  -0.0000422124  -0.0000020052   0.0010347179   0.0040020854  -0.0000025051
      48  -0.0000009851  -0.0000167743   0.0002059382   0.0000080254   0.0000053951   0.0000347182
      49  -0.0001555525  -0.0012490886   0.0000003850   0.0003669955  -0.0014152367  -0.0000032065
      50   0.0018193532  -0.0004421318  -0.0000016642   0.0002225105   0.0012733428   0.0000042447
      51   0.0000088006   0.0000104449   0.0000376871  -0.0000086138   0.0000018535   0.0000943907
      52  -0.0114745201  -0.0003985845   0.0000007103  -0.0014985768  -0.0023569469  -0.0000046602
      53  -0.0375611406  -0.0679494967   0.0000015100  -0.0022427713   0.0126940907   0.0000050233
      54   0.0000006458   0.0000148141   0.0151730563  -0.0000071537   0.0000054332   0.0032703857
      55  -0.0114769629   0.0003987356   0.0000004437  -0.0060681489  -0.0091552245  -0.0000077371
      56   0.0375534442  -0.0679498272   0.0000017991  -0.0028955933  -0.0079959126  -0.0000034015
      57  -0.0000013208   0.0000147857   0.0151731321  -0.0000020275  -0.0000011811  -0.0008150479
      58   0.0010743988  -0.0029753934   0.0000002001   0.0014560271  -0.0051086718  -0.0000027675
      59   0.0020416594  -0.0025552258   0.0000001643   0.0029153328   0.0036591384  -0.0000036730
      60   0.0000138311   0.0000078202  -0.0005427850  -0.0000128490   0.0000113417   0.0000889625
      61   0.0010631639   0.0029851642   0.0000088359   0.0005739285   0.0147701657   0.0000003758
      62  -0.0020383461  -0.0025327864   0.0000006983  -0.0003747164  -0.0116854588   0.0000000660
      63  -0.0000152495   0.0000079805  -0.0005424173   0.0000056260  -0.0000152755  -0.0001295902
      64  -0.0749770363  -0.0002019412   0.0000042243  -0.1474834717   0.0490078420  -0.0000079643
      65  -0.0138825753   0.0219945790  -0.0000038285   0.1090651667  -0.2811214829   0.0000049100
      66   0.0000106009   0.0000377150  -0.0013060664  -0.0000079373   0.0000113443  -0.0516587327
      67   0.0281544956  -0.0021888645  -0.0000032742   0.0050768919   0.0375520688  -0.0000112195
      68   0.0066177031  -0.0005579384  -0.0000020719   0.0274829274   0.0714998219  -0.0000093639
      69  -0.0000170268  -0.0000210590   0.0001720968   0.0000150058  -0.0000061522   0.0038680819
      70  -0.0750215202   0.0002407322  -0.0000051955  -0.0102017079  -0.0240947220  -0.0000135558
      71   0.0138946402   0.0219817690  -0.0000028563  -0.0115029908  -0.0446667606  -0.0000103829
      72  -0.0000108275   0.0000379757  -0.0013060135   0.0000060697   0.0000027285   0.0001403420
      73   0.0281590002   0.0021617944   0.0000026541   0.0070021898   0.0359239898  -0.0000067803
      74  -0.0066035708  -0.0005523647  -0.0000018756  -0.0097282374  -0.0539348316   0.0000020066
      75   0.0000172765  -0.0000211933   0.0001720477  -0.0000144710  -0.0000089279   0.0000356591
      76   0.0003825285   0.0001101185   0.0000038061  -0.0076755057  -0.0187745871   0.0000097666
      77   0.0001053456  -0.0000060255   0.0000020314   0.0089832603   0.0092814436   0.0000079921
      78   0.0000290768  -0.0000105337   0.0001663367  -0.0000193141   0.0000067520  -0.0008103863
      79  -0.0003945380   0.0002231299  -0.0000037798  -0.0009502582  -0.0015789945   0.0000029853
      80  -0.0000657239   0.0000797546   0.0000028755  -0.0007928711  -0.0058360049  -0.0000013597
      81  -0.0000044493   0.0000206361   0.0001904702   0.0000090975   0.0000166252   0.0080085835
      82   0.0003767875  -0.0001076245  -0.0000025829  -0.0000522763  -0.0002776351   0.0000052779
      83  -0.0001231027  -0.0000196969   0.0000019629   0.0000494558   0.0001639789  -0.0000040704
      84  -0.0000286468  -0.0000103602   0.0001663100   0.0000257045  -0.0000093483   0.0000438030
      85  -0.0003955227  -0.0002095017   0.0000036326   0.0000630203   0.0003980219   0.0000036338
      86   0.0000444451   0.0000979384   0.0000028343  -0.0000296652   0.0001128235   0.0000024205
      87   0.0000045872   0.0000201809   0.0001904428  -0.0000193361  -0.0000094219   0.0000456786
      88   0.0002068657   0.0035637449   0.0000105131   0.0001698422  -0.0002308636   0.0000072264
      89   0.0003696755  -0.0051580622   0.0000076873   0.0002431170  -0.0006092414   0.0000084943
      90   0.0000028580  -0.0000029398   0.0042379277   0.0000055027   0.0000047181  -0.0001174718
      91   0.0002170207  -0.0035569386  -0.0000042519  -0.0004666616  -0.0003066232   0.0000025219
      92  -0.0003624808  -0.0051405260   0.0000077335  -0.0002172180   0.0001717835  -0.0000025615
      93  -0.0000031088  -0.0000025615   0.0042380004   0.0000020442  -0.0000061133  -0.0001546328
      94  -0.0003473633  -0.0000655458  -0.0000033475   0.0000223029  -0.0000365179  -0.0000006688
      95   0.0002776188  -0.0000819093   0.0000067645  -0.0001074717  -0.0002116021   0.0000011471
      96   0.0000056302   0.0000008988  -0.0005265049   0.0000024263   0.0000066979  -0.0000498924
      97  -0.0003531849   0.0000741042   0.0000079491  -0.0000411902  -0.0000320355   0.0000032176
      98  -0.0002729901  -0.0000954320   0.0000067985   0.0000380854   0.0002409933   0.0000038928
      99  -0.0000064003   0.0000011342  -0.0005264950   0.0000078598  -0.0000003084  -0.0000321452
     100  -0.0036566551   0.0036961089   0.0000131001   0.0090861146   0.0067460253   0.0000135496
     101   0.0029373007  -0.0006655013   0.0000077470  -0.0233039805  -0.0155665838   0.0000128334
     102   0.0000054787  -0.0000124341   0.0044416297  -0.0000002853  -0.0000065754   0.0026987750
     103  -0.0036471635  -0.0037127469  -0.0000021880  -0.0001008282  -0.0009469623   0.0000088082
     104  -0.0029205481  -0.0006392650   0.0000067128  -0.0000428944   0.0000573913  -0.0000079162
     105  -0.0000053981  -0.0000122008   0.0044415078   0.0000025228  -0.0000129669   0.0000112435
     106  -0.0003083092  -0.0000267727   0.0000113946   0.0001404100   0.0009487487   0.0000053257
     107  -0.0004846728  -0.0000831842   0.0000074184  -0.0000146873   0.0001171113   0.0000047998
     108  -0.0000025494   0.0000079354  -0.0001250291   0.0000002253  -0.0000030053  -0.0000231857
     109  -0.0003010856   0.0000419359  -0.0000027571   0.0006896118   0.0005716595   0.0000011652
     110   0.0005027360  -0.0000965263   0.0000066761   0.0017089359  -0.0007173035   0.0000000526
     111   0.0000026204   0.0000077831  -0.0001250693  -0.0000045779  -0.0000039815   0.0001104943
                     19             20             21             22             23             24
       1  -0.0086382900   0.0078770663   0.0000025222  -0.0086519859   0.0078756941  -0.0000001507
       2   0.0063567317   0.0050325352  -0.0000052927   0.0063517162   0.0050362747  -0.0000007184
       3   0.0000003689  -0.0000032390  -0.0011259805  -0.0000002575  -0.0000033285  -0.0011243410
       4  -0.1994540694   0.0797627734   0.0000025202   0.0008619396  -0.0010642445   0.0000138343
       5   0.0934122231  -0.1109420568  -0.0000136521   0.0112522396  -0.0576158529  -0.0000023891
       6  -0.0000037137  -0.0000023543  -0.0731518490  -0.0000088298  -0.0000022036  -0.0013546592
       7   0.0008445461  -0.0011130418  -0.0000070482  -0.1994577213   0.0798046965   0.0000285129
       8   0.0112989340  -0.0575905003  -0.0000010205   0.0934034347  -0.1109289909  -0.0000038100
       9   0.0000179364  -0.0000004108  -0.0013419622   0.0000105531   0.0000040514  -0.0731645664
      10   0.0061724642   0.0023369014   0.0000040053   0.0010722898  -0.0014814831   0.0000112971
      11   0.0024161334  -0.0087069122  -0.0000389099   0.0006337820   0.0016667546   0.0000028750
      12  -0.0000087396  -0.0000112136   0.0002054965  -0.0000063146  -0.0000130637   0.0014344878
      13   0.0010667749  -0.0015200973  -0.0000155378   0.0061840330   0.0023740968   0.0000153836
      14   0.0007019826   0.0017134426  -0.0000256598   0.0023586099  -0.0087122332  -0.0000174981
      15  -0.0000078846  -0.0000065913   0.0014254384  -0.0000037615  -0.0000069914   0.0002160531
      16   0.0240554112  -0.0399362209   0.0000014956  -0.0042571729   0.0140807361  -0.0000147996
      17   0.0400046503  -0.2102921637  -0.0000300400  -0.0140766454   0.0633108630   0.0000050436
      18   0.0000131834  -0.0000084641   0.0059145763   0.0000118711   0.0000050915   0.0002692711
      19   0.6095027880   0.1025983994  -0.0000079149   0.0014708592  -0.0117830455  -0.0000136437
      20   0.1025983994   0.7140015550  -0.0000105892  -0.0117617598   0.0674957426   0.0000090781
      21  -0.0000079149  -0.0000105892   0.1534061905   0.0000007217   0.0000184506   0.0003098054
      22   0.0014708592  -0.0117617598   0.0000007217   0.6095051187   0.1025493128  -0.0000155096
      23  -0.0117830455   0.0674957426   0.0000184506   0.1025493128   0.7139723911  -0.0000046688
      24  -0.0000136437   0.0000090781   0.0003098054  -0.0000155096  -0.0000046688   0.1534101901
      25  -0.0042682906   0.0141344544   0.0000038411   0.0240685602  -0.0399666235  -0.0000133237
      26  -0.0141139783   0.0633229928   0.0000055254   0.0399339803  -0.2102851351  -0.0000085690
      27  -0.0000037236   0.0000058650   0.0002670076  -0.0000041435  -0.0000294674   0.0059145879
      28  -0.0087257646   0.0164096677  -0.0000038855   0.0077100345  -0.0139988777  -0.0000039452
      29   0.0057970251  -0.0129121197   0.0000111980  -0.0098743307   0.0192588117   0.0000103835
      30  -0.0000019497   0.0000069735  -0.0000185467  -0.0000055077   0.0000122147  -0.0004856758
      31  -0.0071433780   0.0325391910  -0.0000077062  -0.0036428900  -0.0466590266  -0.0000001224
      32  -0.0024307912   0.0272223653   0.0000197754  -0.0361286197  -0.0290750285   0.0000011762
      33   0.0000105666   0.0000135827   0.0000573275   0.0000072796   0.0000058062   0.0081758486
      34  -0.0036565761  -0.0466496293   0.0000007068  -0.0071412442   0.0325515850  -0.0000071115
      35  -0.0361307236  -0.0290856535   0.0000229723  -0.0023761457   0.0272362734   0.0000004875
      36   0.0000052454  -0.0000070154   0.0081749545   0.0000206095   0.0000117618   0.0000565118
      37   0.0077041090  -0.0139653115   0.0000190630  -0.0087017159   0.0163671763  -0.0000076567
      38  -0.0099284584   0.0192765354   0.0000251104   0.0058116720  -0.0128823322   0.0000040448
      39  -0.0000222345   0.0000118726  -0.0004861407  -0.0000141369  -0.0000207722  -0.0000192272
      40  -0.0100935316  -0.0149733830  -0.0000029609   0.0009284711  -0.0031074726   0.0000015615
      41  -0.0547114425  -0.0561789445  -0.0000040321  -0.0010688435   0.0039828242  -0.0000030673
      42  -0.0000141889  -0.0000144261   0.0094991095  -0.0000099682   0.0000062481   0.0000346678
      43  -0.2599645708  -0.0410009845  -0.0000002199   0.0003497272   0.0013964098   0.0000009454
      44  -0.0329014372  -0.0930932919  -0.0000065490  -0.0002132594   0.0012851507   0.0000048691
      45   0.0000153300   0.0000044655  -0.0679443103   0.0000073521   0.0000018863   0.0000943724
      46   0.0003571959   0.0013988562  -0.0000009251  -0.2599448344  -0.0410029011   0.0000016075
      47  -0.0002165293   0.0012663631   0.0000020181  -0.0329217608  -0.0930607074   0.0000035340
      48   0.0000095194   0.0000062058   0.0000940545   0.0000064273  -0.0000158492  -0.0679428142
      49   0.0009273593  -0.0031308083  -0.0000018541  -0.0100878192  -0.0149620599  -0.0000016945
      50  -0.0010351272   0.0040197205   0.0000058836  -0.0547150333  -0.0562175487  -0.0000085767
      51  -0.0000066974  -0.0000017631   0.0000332723  -0.0000140041   0.0000090789   0.0095000340
      52   0.0014507765   0.0050874211  -0.0000048467  -0.0060621755   0.0091278677   0.0000071542
      53  -0.0029139233   0.0036555066   0.0000049895   0.0028981980  -0.0079728421  -0.0000025853
      54  -0.0000025020   0.0000095040   0.0000892074   0.0000029798  -0.0000001324  -0.0008144647
      55   0.0005721764  -0.0147827865  -0.0000132914  -0.0014901676   0.0023404306   0.0000052728
      56   0.0003661692  -0.0117023203  -0.0000053766   0.0022545154   0.0126776604   0.0000044144
      57   0.0000007943   0.0000036632  -0.0001298337   0.0000085653   0.0000053610   0.0032700201
      58  -0.0014941759   0.0023491102  -0.0000016034   0.0005654403  -0.0147736923   0.0000005386
      59   0.0022522180   0.0126843844   0.0000018873   0.0003727071  -0.0116879030   0.0000000623
      60  -0.0000051520   0.0000151828   0.0032723033  -0.0000042208  -0.0000150087  -0.0001289835
      61  -0.0060654640   0.0091362227   0.0000086379   0.0014845368   0.0051018303   0.0000040432
      62   0.0028928304  -0.0079695965  -0.0000026915  -0.0029112627   0.0036581782  -0.0000036748
      63   0.0000014560  -0.0000120658  -0.0008131090   0.0000144934   0.0000108449   0.0000884206
      64   0.0050562298  -0.0376112527   0.0000006531  -0.0102137769   0.0240365230   0.0000138770
      65  -0.0274299532   0.0715672239  -0.0000003854   0.0114796953  -0.0446372351  -0.0000109383
      66  -0.0000024416   0.0000084213   0.0038687094  -0.0000062164   0.0000021677   0.0001404550
      67  -0.1474967899  -0.0490749915  -0.0000103988   0.0070004618  -0.0359265529   0.0000067514
      68  -0.1090384587  -0.2811540313  -0.0000058047   0.0097162560  -0.0539582997   0.0000012392
      69   0.0000109629  -0.0000141684  -0.0516594135   0.0000144762  -0.0000083124   0.0000356114
      70   0.0070173279  -0.0359748366  -0.0000144512  -0.1474766632  -0.0490104363   0.0000064350
      71   0.0096830018  -0.0539771092  -0.0000107724  -0.1090758464  -0.2811251563   0.0000046698
      72   0.0000134752  -0.0000027398   0.0000366965   0.0000077303   0.0000106756  -0.0516588838
      73  -0.0102134106   0.0240189645   0.0000108675   0.0050836696  -0.0376093710   0.0000112164
      74   0.0114431181  -0.0446178901  -0.0000113857  -0.0274722281   0.0715004524  -0.0000091409
      75  -0.0000179531  -0.0000007394   0.0001396558  -0.0000135609  -0.0000049848   0.0038681166
      76  -0.0009607197   0.0016105812   0.0000097952  -0.0000539445   0.0002968587  -0.0000053053
      77   0.0008181905  -0.0058325185   0.0000089780  -0.0000332929   0.0001764182  -0.0000050157
      78  -0.0000184142   0.0000136758   0.0080066251  -0.0000256193  -0.0000086386   0.0000437712
      79  -0.0076634410   0.0188160072  -0.0000043308   0.0000524952  -0.0003651831  -0.0000036674
      80  -0.0089667453   0.0092306880   0.0000045059   0.0000504256   0.0001123820   0.0000022990
      81   0.0000104557   0.0000112894  -0.0008109420   0.0000181280  -0.0000103958   0.0000456512
      82   0.0000685712  -0.0003578367   0.0000049962  -0.0076771701   0.0188017407  -0.0000093699
      83   0.0000416837   0.0000898492  -0.0000039912  -0.0089559529   0.0092558186   0.0000070121
      84   0.0000229719  -0.0000069371   0.0000460394   0.0000180850   0.0000062869  -0.0008103572
      85  -0.0000454571   0.0002881487  -0.0000017227  -0.0009517863   0.0015975523  -0.0000029685
      86  -0.0000376373   0.0001804688  -0.0000025352   0.0008203960  -0.0058404004  -0.0000014909
      87  -0.0000212995  -0.0000096703   0.0000452041  -0.0000099599   0.0000163890   0.0080086265
      88   0.0000259426   0.0000409962   0.0000111081  -0.0004539814   0.0003171582  -0.0000019222
      89   0.0001090705  -0.0002316384   0.0000127137   0.0002135744   0.0001620880  -0.0000023817
      90   0.0000044603  -0.0000010397  -0.0000471476  -0.0000011177  -0.0000049944  -0.0001547018
      91  -0.0000340279   0.0000548316   0.0000020105   0.0001526798   0.0002575058  -0.0000060950
      92  -0.0000359282   0.0002034587  -0.0000018915  -0.0002431123  -0.0006223424   0.0000086135
      93  -0.0000011254  -0.0000081935  -0.0000288955  -0.0000037530   0.0000045851  -0.0001174329
      94   0.0001622417   0.0002655573  -0.0000071903  -0.0000493639   0.0000389390  -0.0000025260
      95  -0.0002583635  -0.0006340891   0.0000086785  -0.0000166143   0.0002215447   0.0000036772
      96  -0.0000003284  -0.0000048715  -0.0001205474  -0.0000067006   0.0000001711  -0.0000321951
      97  -0.0004629726   0.0003124547   0.0000023619   0.0000292831   0.0000265717   0.0000013690
      98   0.0002028620   0.0001610885   0.0000031858   0.0001221460  -0.0002346591   0.0000008946
      99   0.0000062981   0.0000000748  -0.0001564684  -0.0000009188   0.0000068048  -0.0000499105
     100   0.0006918408  -0.0005673359   0.0000203711  -0.0000857470   0.0009596392  -0.0000071543
     101  -0.0017351140  -0.0006921075   0.0000208878   0.0000244445   0.0000639143  -0.0000078918
     102  -0.0000030833   0.0000053061   0.0001100417  -0.0000027836  -0.0000123220   0.0000111904
     103   0.0001468797  -0.0008988385   0.0000085273   0.0090679351  -0.0067163699  -0.0000120346
     104  -0.0000166279   0.0000732533  -0.0000077516   0.0232951635  -0.0155946354   0.0000127085
     105  -0.0000018138  -0.0000014045  -0.0000240093  -0.0000001912  -0.0000065769   0.0026987703
     106  -0.0000966035   0.0009670549  -0.0000004745   0.0007016112  -0.0005787084   0.0000001037
     107   0.0000119569   0.0000665633  -0.0000003523  -0.0017238944  -0.0007039488   0.0000001008
     108   0.0000022963   0.0000095336   0.0000114466   0.0000046145  -0.0000049885   0.0001105031
     109   0.0090871788  -0.0066865892  -0.0000111574   0.0001257081  -0.0009372470  -0.0000041362
     110   0.0232723170  -0.0156179022   0.0000129033   0.0000037260   0.0001119741   0.0000045817
     111  -0.0000026671   0.0000043165   0.0026994089   0.0000000720  -0.0000025489  -0.0000232324
                     25             26             27             28             29             30
       1  -0.0086542688  -0.0078808112  -0.0000033312  -0.0057295570  -0.0040840175   0.0000000949
       2  -0.0063538225   0.0050326041  -0.0000053359  -0.0091271940  -0.0114153356   0.0000000552
       3   0.0000002719  -0.0000034462  -0.0011260831   0.0000016004   0.0000060914  -0.0019097237
       4   0.0008833918   0.0011317052   0.0000031701  -0.0009711038  -0.0031058182   0.0000031436
       5  -0.0112659511  -0.0576127258  -0.0000014727  -0.0270352879   0.0199600237   0.0000032023
       6  -0.0000099179  -0.0000011009  -0.0013421661   0.0000062469   0.0000010255  -0.0026084792
       7  -0.1994302327  -0.0797725387  -0.0000051070   0.0046155456   0.0007783552   0.0000171428
       8  -0.0933959502  -0.1109680040  -0.0000139188   0.0266736285  -0.0226946040   0.0000121173
       9   0.0000104716  -0.0000008917  -0.0731518519   0.0000134138  -0.0000016380   0.0011883639
      10   0.0061984961  -0.0023627862  -0.0000034367  -0.0389246714   0.0057993120   0.0000049395
      11  -0.0023770307  -0.0087312909  -0.0000390844  -0.0010963847   0.0030873641   0.0000300356
      12   0.0000017599  -0.0000114059   0.0002054817  -0.0000086783   0.0000148491  -0.0000595542
      13   0.0010816454   0.0015473693   0.0000172078  -0.1771079237  -0.1239253790   0.0000060492
      14  -0.0006368816   0.0016724263  -0.0000256771  -0.0841940292  -0.1968611300   0.0000158423
      15   0.0000009118  -0.0000073747   0.0014253979  -0.0000100004   0.0000053781  -0.0740089308
      16   0.0014514322   0.0117535684  -0.0000040168  -0.0036677779   0.0361488670  -0.0000077480
      17   0.0118212850   0.0675196532   0.0000184776   0.0466655081  -0.0290694948   0.0000055590
      18   0.0000132463   0.0000085403   0.0003098151  -0.0000016863   0.0000011833   0.0081760293
      19  -0.0042682906  -0.0141139783  -0.0000037236  -0.0087257646   0.0057970251  -0.0000019497
      20   0.0141344544   0.0633229928   0.0000058650   0.0164096677  -0.0129121197   0.0000069735
      21   0.0000038411   0.0000055254   0.0002670076  -0.0000038855   0.0000111980  -0.0000185467
      22   0.0240685602   0.0399339803  -0.0000041435   0.0077100345  -0.0098743307  -0.0000055077
      23  -0.0399666235  -0.2102851351  -0.0000294674  -0.0139988777   0.0192588117   0.0000122147
      24  -0.0000133237  -0.0000085690   0.0059145879  -0.0000039452   0.0000103835  -0.0004856758
      25   0.6094767709  -0.1025760609   0.0000064895  -0.0071483978   0.0024035363  -0.0000098701
      26  -0.1025760609   0.7139798486  -0.0000112216  -0.0325485884   0.0272285286   0.0000137264
      27   0.0000064895  -0.0000112216   0.1534064957   0.0000081080   0.0000197467   0.0000574716
      28  -0.0071483978  -0.0325485884   0.0000081080   0.7031263141  -0.0320589249  -0.0000062066
      29   0.0024035363   0.0272285286   0.0000197467  -0.0320589249   0.6238423981  -0.0000072867
      30  -0.0000098701   0.0000137264   0.0000574716  -0.0000062066  -0.0000072867   0.1489700986
      31  -0.0087040261  -0.0163745373   0.0000021942  -0.1885295269  -0.0076446019  -0.0000013249
      32  -0.0058283957  -0.0129052065   0.0000106619   0.0076272072   0.0072908344  -0.0000090890
      33   0.0000023932   0.0000069734  -0.0000186732   0.0000004250  -0.0000089897   0.0117515083
      34   0.0077032194   0.0139713052  -0.0000171749   0.0690807592  -0.0064710119   0.0000002501
      35   0.0098905275   0.0193072752   0.0000258579   0.0064665575  -0.0000576050  -0.0000106000
      36   0.0000214698   0.0000129641  -0.0004863557   0.0000035674   0.0000053252   0.0001554339
      37  -0.0036513704   0.0466417065   0.0000013490   0.0838950158  -0.0226107315   0.0000000537
      38   0.0360956321  -0.0290595051   0.0000227528  -0.0226200556   0.0102351908  -0.0000088772
      39  -0.0000060731  -0.0000075692   0.0081748217   0.0000036515   0.0000155527  -0.0000406441
      40   0.0003514413  -0.0013895188   0.0000001609   0.0075273804  -0.0035281950   0.0000008919
      41   0.0001910931   0.0012813215   0.0000024851  -0.0041615640  -0.0013759522   0.0000000992
      42  -0.0000099575   0.0000057431   0.0000940621  -0.0000064070   0.0000084253   0.0065904160
      43   0.0009303888   0.0031213453   0.0000004349  -0.0001862526  -0.0002807243   0.0000016203
      44   0.0010548135   0.0040404280   0.0000049910   0.0063068494  -0.0044511972   0.0000011075
      45   0.0000061513  -0.0000021500   0.0000332285   0.0000023483  -0.0000062296  -0.0008542953
      46  -0.0100831913   0.0149666427   0.0000008209   0.0036307553   0.0018359942   0.0000006028
      47   0.0547193518  -0.0562208757  -0.0000037201  -0.0019955595   0.0032256574   0.0000052812
      48   0.0000138340  -0.0000148284   0.0094991514   0.0000086378   0.0000092977  -0.0001682284
      49  -0.2599568161   0.0409994156  -0.0000002729   0.0012097760   0.0000096022  -0.0000011433
      50   0.0329051038  -0.0930801620  -0.0000068300  -0.0032103293  -0.0003908923   0.0000011189
      51  -0.0000168079   0.0000039235  -0.0679443870  -0.0000061232  -0.0000027070   0.0001858508
      52   0.0005678466   0.0147994302   0.0000133510  -0.0845192598   0.0272134101  -0.0000021512
      53  -0.0003745946  -0.0117020715  -0.0000053898   0.0359410972  -0.2890811060  -0.0000010725
      54  -0.0000009628   0.0000030733  -0.0001294244   0.0000020780  -0.0000032940  -0.0684568908
      55   0.0014862315  -0.0050801319   0.0000044268  -0.0461009491   0.0745009764   0.0000030162
      56   0.0029209221   0.0036689388   0.0000053691   0.0171876469  -0.0019851568  -0.0000007902
      57   0.0000037865   0.0000088467   0.0000888544   0.0000015033  -0.0000084590   0.0117934137
      58  -0.0060578386  -0.0091336605  -0.0000078915   0.0026618697  -0.0015720731   0.0000073596
      59  -0.0028972533  -0.0079797924  -0.0000037032   0.0002749340  -0.0014733466  -0.0000010517
      60   0.0000003817  -0.0000123897  -0.0008127013   0.0000031919  -0.0000009990   0.0000308288
      61  -0.0014866416  -0.0023329178   0.0000023911  -0.0086404519   0.0040319223  -0.0000016943
      62  -0.0022570317   0.0126946366   0.0000026474   0.0115306598  -0.0053528513  -0.0000041497
      63   0.0000057728   0.0000158288   0.0032721297  -0.0000044685  -0.0000080464  -0.0000088645
      64   0.0069963377   0.0359692342   0.0000126113  -0.2428761196   0.0421695941  -0.0000003073
      65  -0.0096966300  -0.0539783267  -0.0000110613   0.0238391433  -0.1012453532  -0.0000008299
      66  -0.0000113126  -0.0000031491   0.0000366437  -0.0000078258  -0.0000181899  -0.0500555463
      67  -0.0101840454  -0.0240404747  -0.0000106708  -0.0534313329   0.0087480125   0.0000096806
      68  -0.0114428905  -0.0446347314  -0.0000107642  -0.0186923054   0.0047201718   0.0000041723
      69   0.0000169915  -0.0000005759   0.0001398006   0.0000025406   0.0000021309   0.0000487211
      70   0.0050995709   0.0376541800   0.0000008815   0.0616719586  -0.0003397203   0.0000064399
      71   0.0274445552   0.0715424443  -0.0000005330   0.0281245583  -0.0162541548   0.0000023086
      72   0.0000012575   0.0000080687   0.0038687276  -0.0000085364  -0.0000259711   0.0038420029
      73  -0.1474801461   0.0490588971   0.0000086964  -0.0680078384   0.0203101895   0.0000022228
      74   0.1090425815  -0.2811429821  -0.0000052816   0.0376935589  -0.0252563396  -0.0000034010
      75  -0.0000112912  -0.0000139084  -0.0516595868  -0.0000046608   0.0000077974   0.0000273901
      76   0.0000412597   0.0003505167  -0.0000041738  -0.0002061472   0.0001562011  -0.0000055256
      77  -0.0000421109   0.0000815940  -0.0000048896  -0.0004540709   0.0000828159  -0.0000020122
      78  -0.0000238240  -0.0000065416   0.0000460157  -0.0000020700   0.0000124169  -0.0000400331
      79  -0.0000518830  -0.0003092167   0.0000016126   0.0003354522  -0.0003021963  -0.0000000675
      80   0.0000518332   0.0001723428  -0.0000026803  -0.0001371594  -0.0005157613   0.0000005020
      81   0.0000212806  -0.0000092163   0.0000452098   0.0000073703  -0.0000067293  -0.0007537451
      82  -0.0009573993  -0.0016154763  -0.0000103887  -0.0001356327  -0.0000950588   0.0000025066
      83  -0.0007936982  -0.0058186433   0.0000080852   0.0003169423   0.0000154914  -0.0000026183
      84   0.0000186479   0.0000130420   0.0080066515   0.0000078708  -0.0000030604   0.0000190806
      85  -0.0076856942  -0.0188125163   0.0000042912   0.0002800775   0.0001879123  -0.0000064632
      86   0.0089768908   0.0092534826   0.0000043473  -0.0001417764   0.0000048593  -0.0000056298
      87  -0.0000103337   0.0000111865  -0.0008108796  -0.0000098279  -0.0000068897  -0.0000951078
      88  -0.0000551301  -0.0000520979  -0.0000012862   0.0087157752   0.0087537551  -0.0000050111
      89   0.0000152627   0.0002026894  -0.0000018360  -0.0188712580  -0.0080694140  -0.0000058543
      90   0.0000011410  -0.0000083159  -0.0000289283   0.0000046046   0.0000023178  -0.0011539162
      91   0.0000259194  -0.0000384903  -0.0000101721  -0.0064346318  -0.0006005967   0.0000040233
      92  -0.0001238438  -0.0002086698   0.0000127863  -0.0019513385  -0.0005659843  -0.0000055332
      93  -0.0000042085  -0.0000014268  -0.0000471637   0.0000002089   0.0000025690   0.0053818510
      94  -0.0004573531  -0.0003120405  -0.0000017678   0.0005832422  -0.0000461964   0.0000034498
      95  -0.0002155363   0.0001826960   0.0000029448  -0.0004227913   0.0000465964  -0.0000047840
      96  -0.0000054493  -0.0000007025  -0.0001565456  -0.0000014233  -0.0000005396   0.0000058387
      97   0.0001529626  -0.0002585079   0.0000078280   0.0003955240  -0.0001152395  -0.0000074917
      98   0.0002423214  -0.0006216265   0.0000085754   0.0005462380  -0.0000180669  -0.0000097775
      99   0.0000000784  -0.0000043041  -0.0001205515  -0.0000002122  -0.0000018837   0.0000641350
     100   0.0001239884   0.0008950581  -0.0000069189  -0.0141023707  -0.0237904708  -0.0000075140
     101  -0.0000393752   0.0000566850  -0.0000074619   0.0068502676   0.0095067260  -0.0000080372
     102   0.0000016506  -0.0000014915  -0.0000240315  -0.0000026487   0.0000072186   0.0024595832
     103   0.0006950973   0.0005494490  -0.0000188267  -0.0004526681   0.0013192917   0.0000072633
     104   0.0017015849  -0.0006775271   0.0000207868   0.0003688365   0.0003350949  -0.0000065432
     105   0.0000022162   0.0000052096   0.0001100169  -0.0000031505   0.0000039346  -0.0002428744
     106   0.0090664863   0.0067073871   0.0000124787   0.0001347129   0.0002867980  -0.0000126481
     107  -0.0233222753  -0.0156061455   0.0000130123   0.0007018470   0.0000001247  -0.0000135101
     108   0.0000020134   0.0000042606   0.0026994205   0.0000007519  -0.0000048016   0.0000394948
     109  -0.0000939614  -0.0009631665   0.0000019114   0.0003002547  -0.0000296306   0.0000017169
     110  -0.0000509343   0.0000779847  -0.0000003772  -0.0008090550   0.0002211805  -0.0000021622
     111  -0.0000027412   0.0000095842   0.0000113943  -0.0000045345  -0.0000038685   0.0000791102
                     31             32             33             34             35             36
       1  -0.0057360309   0.0040840984  -0.0000002313  -0.0057230368   0.0040839406   0.0000019142
       2   0.0091325931  -0.0114132433   0.0000001055   0.0091291662  -0.0114145267  -0.0000022619
       3  -0.0000015861   0.0000067047  -0.0019095069  -0.0000016008   0.0000061880  -0.0019110140
       4   0.0046335323  -0.0007534423  -0.0000168033  -0.0009775838   0.0030753399  -0.0000166609
       5  -0.0266768411  -0.0226892070   0.0000120891   0.0270322891   0.0199689660  -0.0000156552
       6  -0.0000016128  -0.0000017740   0.0011887595  -0.0000150996  -0.0000001915  -0.0026015398
       7  -0.0010121883   0.0030989651  -0.0000027412   0.0046090264  -0.0008048867  -0.0000404877
       8   0.0270384411   0.0199631489   0.0000029190  -0.0266593551  -0.0226751585   0.0000010748
       9   0.0000049904   0.0000015765  -0.0026080566  -0.0000057588   0.0000040072   0.0011952663
      10  -0.0389222244  -0.0057836613  -0.0000050248  -0.1771158938   0.1239107616  -0.0000154816
      11   0.0010873175   0.0030844146   0.0000299792   0.0841881893  -0.1968221720  -0.0000251794
      12  -0.0000012906   0.0000149748  -0.0000592621   0.0000148375   0.0000118289  -0.0740142110
      13  -0.1771194285   0.1239236721  -0.0000061081  -0.0389278848  -0.0058177524  -0.0000250948
      14   0.0842211979  -0.1968429943   0.0000158298   0.0010946460   0.0031124939  -0.0000092830
      15   0.0000015888   0.0000051151  -0.0740090065   0.0000098822   0.0000104066  -0.0000646685
      16   0.0077118376   0.0098877396   0.0000052428  -0.0087306664  -0.0057785230   0.0000152154
      17   0.0139982514   0.0192846272   0.0000133918  -0.0163779447  -0.0128747487  -0.0000204449
      18   0.0000033245   0.0000101553  -0.0004855094   0.0000088568   0.0000043503  -0.0000190128
      19  -0.0071433780  -0.0024307912   0.0000105666  -0.0036565761  -0.0361307236   0.0000052454
      20   0.0325391910   0.0272223653   0.0000135827  -0.0466496293  -0.0290856535  -0.0000070154
      21  -0.0000077062   0.0000197754   0.0000573275   0.0000007068   0.0000229723   0.0081749545
      22  -0.0036428900  -0.0361286197   0.0000072796  -0.0071412442  -0.0023761457   0.0000206095
      23  -0.0466590266  -0.0290750285   0.0000058062   0.0325515850   0.0272362734   0.0000117618
      24  -0.0000001224   0.0000011762   0.0081758486  -0.0000071115   0.0000004875   0.0000565118
      25  -0.0087040261  -0.0058283957   0.0000023932   0.0077032194   0.0098905275   0.0000214698
      26  -0.0163745373  -0.0129052065   0.0000069734   0.0139713052   0.0193072752   0.0000129641
      27   0.0000021942   0.0000106619  -0.0000186732  -0.0000171749   0.0000258579  -0.0004863557
      28  -0.1885295269   0.0076272072   0.0000004250   0.0690807592   0.0064665575   0.0000035674
      29  -0.0076446019   0.0072908344  -0.0000089897  -0.0064710119  -0.0000576050   0.0000053252
      30  -0.0000013249  -0.0000090890   0.0117515083   0.0000002501  -0.0000106000   0.0001554339
      31   0.7031492921   0.0320543788   0.0000066557   0.0838989073   0.0226100104  -0.0000021763
      32   0.0320543788   0.6238159092  -0.0000066998   0.0226205663   0.0102464004   0.0000156269
      33   0.0000066557  -0.0000066998   0.1489696362  -0.0000002200  -0.0000096798  -0.0000405982
      34   0.0838989073   0.0226205663  -0.0000002200   0.7031289714   0.0320787173   0.0000112648
      35   0.0226100104   0.0102464004  -0.0000096798   0.0320787173   0.6238149818   0.0000136885
      36  -0.0000021763   0.0000156269  -0.0000405982   0.0000112648   0.0000136885   0.1489703138
      37   0.0690742090   0.0064678400  -0.0000000080  -0.1885269968   0.0076439923   0.0000151189
      38  -0.0064772442  -0.0000708657  -0.0000106737  -0.0076428413   0.0072588018   0.0000111894
      39  -0.0000034231   0.0000043239   0.0001557069  -0.0000143726   0.0000106993   0.0117513466
      40   0.0036200416  -0.0018292936  -0.0000002807  -0.0001807434   0.0002828870  -0.0000008224
      41   0.0020035026   0.0032113847   0.0000048880  -0.0063177830  -0.0044536466   0.0000026468
      42  -0.0000097823   0.0000088697  -0.0001680096   0.0000010873   0.0000024392  -0.0008545913
      43   0.0012075083  -0.0000056414   0.0000011634   0.0075307260   0.0035326198  -0.0000002464
      44   0.0031996110  -0.0003866361   0.0000015968   0.0041543781  -0.0013633167  -0.0000098526
      45   0.0000056208  -0.0000028697   0.0001860114   0.0000013819   0.0000004614   0.0065898655
      46   0.0075313865   0.0035363478  -0.0000000025   0.0012086735  -0.0000016937  -0.0000010139
      47   0.0041445182  -0.0013662921  -0.0000005762   0.0032008437  -0.0003857803  -0.0000059314
      48   0.0000059273   0.0000086273   0.0065905806  -0.0000001331   0.0000107299   0.0001856161
      49  -0.0001871430   0.0002888135  -0.0000027802   0.0036294711  -0.0018339186  -0.0000014519
      50  -0.0062981066  -0.0044469263   0.0000016951   0.0020032482   0.0032440300   0.0000102721
      51  -0.0000032759  -0.0000064880  -0.0008541707  -0.0000028645  -0.0000050827  -0.0001690586
      52  -0.0461126207  -0.0744931710  -0.0000014238   0.0026605247   0.0015620154  -0.0000076307
      53  -0.0171822216  -0.0019880560  -0.0000007406  -0.0002618930  -0.0014620747   0.0000059249
      54  -0.0000011756  -0.0000083806   0.0117929079  -0.0000008535  -0.0000073256   0.0000314901
      55  -0.0845222699  -0.0271949620   0.0000010092  -0.0086422382  -0.0040368433  -0.0000133048
      56  -0.0359497500  -0.2890734241  -0.0000015869  -0.0115381085  -0.0053498303  -0.0000076860
      57  -0.0000015814  -0.0000034448  -0.0684567633   0.0000006029  -0.0000098199  -0.0000086449
      58  -0.0086351273  -0.0040406783   0.0000016886  -0.0845118299  -0.0272147122  -0.0000032536
      59  -0.0115283748  -0.0053441136  -0.0000038597  -0.0359578444  -0.2890896903  -0.0000051155
      60   0.0000044035  -0.0000071715  -0.0000093559  -0.0000109701  -0.0000028748  -0.0684568536
      61   0.0026702261   0.0015669914  -0.0000069593  -0.0461074999  -0.0745012518   0.0000049602
      62  -0.0002702921  -0.0014809181  -0.0000012323  -0.0171795931  -0.0019895797   0.0000013753
      63  -0.0000034479  -0.0000011861   0.0000309168   0.0000061574  -0.0000031516   0.0117942605
      64   0.0616812936   0.0003136623  -0.0000069719  -0.0534411532  -0.0087673493  -0.0000110102
      65  -0.0281222432  -0.0162624144   0.0000018489   0.0187044868   0.0047329596   0.0000073412
      66   0.0000067249  -0.0000257898   0.0038417677  -0.0000112484  -0.0000111715   0.0000479873
      67  -0.0680201140  -0.0202847168  -0.0000024752  -0.2428643452  -0.0421662129  -0.0000149823
      68  -0.0376935419  -0.0252595493  -0.0000034909  -0.0238354444  -0.1012349704  -0.0000086607
      69   0.0000045356   0.0000080382   0.0000273359   0.0000016183   0.0000067560  -0.0500547301
      70  -0.2428732982  -0.0421833666  -0.0000002855  -0.0679997245  -0.0203176187  -0.0000225429
      71  -0.0238657258  -0.1012392518  -0.0000005639  -0.0377098675  -0.0252871998  -0.0000163781
      72   0.0000092756  -0.0000182756  -0.0500555103   0.0000002934  -0.0000079780   0.0000275962
      73  -0.0534454695  -0.0087279061  -0.0000104435   0.0616694624   0.0003291642  -0.0000077027
      74   0.0187024348   0.0047130757   0.0000041142  -0.0281520285  -0.0162533096   0.0000014047
      75  -0.0000022794   0.0000030992   0.0000486638  -0.0000079308   0.0000039523   0.0038415740
      76  -0.0001345310   0.0000853873  -0.0000025355   0.0003295556   0.0003002671   0.0000127066
      77  -0.0002955494   0.0000063759  -0.0000030569   0.0001541485  -0.0005168421   0.0000107323
      78  -0.0000073021  -0.0000025052   0.0000191285  -0.0000091746  -0.0000066425  -0.0007534164
      79   0.0002681431  -0.0001937770   0.0000065399  -0.0001996063  -0.0001537661   0.0000000934
      80   0.0001406270   0.0000184784  -0.0000057376   0.0004545247   0.0000942906  -0.0000011695
      81   0.0000091538  -0.0000073958  -0.0000951094  -0.0000013862   0.0000131454  -0.0000397897
      82  -0.0001934415  -0.0001592336   0.0000052145   0.0002793765  -0.0001746278   0.0000108080
      83   0.0004463502   0.0000922768  -0.0000024837   0.0001348368   0.0000054123  -0.0000089389
      84   0.0000001744   0.0000117511  -0.0000400095   0.0000113818  -0.0000025518  -0.0000954840
      85   0.0003295835   0.0002975711   0.0000000608  -0.0001297593   0.0000891725   0.0000059246
      86   0.0001549515  -0.0005243856   0.0000003205  -0.0003006165   0.0000039802   0.0000039098
      87  -0.0000062487  -0.0000062388  -0.0007537782  -0.0000045943  -0.0000019671   0.0000184141
      88  -0.0064117403   0.0005764807  -0.0000042021   0.0005770538   0.0000263537   0.0000100319
      89   0.0019628183  -0.0005699141  -0.0000055693   0.0004140920   0.0000523280   0.0000120715
      90   0.0000005062   0.0000022627   0.0053821308  -0.0000016972   0.0000058083   0.0000063101
      91   0.0087215427  -0.0087712196   0.0000049167   0.0003949615   0.0001265419   0.0000052027
      92   0.0188656495  -0.0080724192  -0.0000059753  -0.0005461078  -0.0000479235  -0.0000065784
      93  -0.0000035219   0.0000027931  -0.0011535436  -0.0000008225   0.0000037160   0.0000642257
      94   0.0003904799   0.0001141424   0.0000075041   0.0087277822  -0.0087646438  -0.0000037766
      95  -0.0005378449  -0.0000299386  -0.0000097328   0.0188623276  -0.0080793266   0.0000051837
      96  -0.0000000806  -0.0000019241   0.0000644561  -0.0000007891  -0.0000002283  -0.0011533581
      97   0.0005798116   0.0000449506  -0.0000034391  -0.0064380520   0.0005946781   0.0000027038
      98   0.0004144061   0.0000535015  -0.0000047084   0.0019521442  -0.0005721661   0.0000034081
      99   0.0000015182  -0.0000004641   0.0000061355   0.0000022529   0.0000006090   0.0053821563
     100  -0.0004404817  -0.0013254955  -0.0000063160   0.0002997906   0.0000363112   0.0000219435
     101  -0.0003640443   0.0003311154  -0.0000070965   0.0007914089   0.0002237479   0.0000225584
     102   0.0000019910   0.0000039360  -0.0002425733  -0.0000048974   0.0000055440   0.0000790906
     103  -0.0140938742   0.0237903254   0.0000073598   0.0001366691  -0.0002623863   0.0000147484
     104  -0.0068627822   0.0095052308  -0.0000080788  -0.0007138936  -0.0000257042  -0.0000143908
     105   0.0000015806   0.0000070452   0.0024599195  -0.0000012906   0.0000039248   0.0000396289
     106   0.0002967611   0.0000250041  -0.0000017729  -0.0004498420  -0.0013370428   0.0000051542
     107   0.0007863132   0.0002137476  -0.0000019471  -0.0003742722   0.0003250907   0.0000045190
     108   0.0000052591  -0.0000036466   0.0000793179  -0.0000005606  -0.0000020837  -0.0002427924
     109   0.0001237129  -0.0002882950   0.0000125755  -0.0141005496   0.0237954887  -0.0000015269
     110  -0.0007041570  -0.0000023441  -0.0000134218  -0.0068678860   0.0094908824   0.0000021977
     111  -0.0000002786  -0.0000039429   0.0000397059  -0.0000011583  -0.0000067105   0.0024596943
                     37             38             39             40             41             42
       1  -0.0057273100  -0.0040797218  -0.0000024845   0.0069529350  -0.0047479544  -0.0000026156
       2  -0.0091314918  -0.0114172101  -0.0000019574  -0.0011893988  -0.0014703436   0.0000025071
       3   0.0000031298   0.0000071240  -0.0019107112   0.0000005951  -0.0000024805   0.0010518801
       4   0.0046369629   0.0008357524   0.0000409098  -0.0624776772  -0.0118416911   0.0000195723
       5   0.0266743979  -0.0226703115   0.0000012570  -0.0371552310  -0.0014181300  -0.0000126155
       6  -0.0000038878   0.0000028721   0.0011956747   0.0000123100  -0.0000030270   0.0132251485
       7  -0.0010156568  -0.0030619252   0.0000171208  -0.0007438829   0.0005337718   0.0000143313
       8  -0.0270314748   0.0199706599  -0.0000152655   0.0018150003  -0.0023762448  -0.0000009186
       9   0.0000062356  -0.0000011860  -0.0026011229   0.0000097119   0.0000053237  -0.0006149131
      10  -0.1771254961  -0.1238783984   0.0000156985  -0.0001435765   0.0018303290   0.0000195042
      11  -0.0842131337  -0.1968195222  -0.0000247916  -0.0012342903  -0.0004055702  -0.0000156704
      12  -0.0000076733   0.0000113862  -0.0740141699  -0.0000076164  -0.0000058187   0.0000435122
      13  -0.0389201441   0.0058145187   0.0000246187  -0.0039058376   0.0012289792   0.0000017636
      14  -0.0010889970   0.0031360840  -0.0000088212   0.0006260605  -0.0000273911  -0.0000169518
      15  -0.0000022260   0.0000096024  -0.0000644210  -0.0000085539  -0.0000013558   0.0002059858
      16  -0.0071428931   0.0023946313  -0.0000204525  -0.2599566731   0.0329029648  -0.0000079695
      17  -0.0325239520   0.0272444623   0.0000111918   0.0409692254  -0.0930434851  -0.0000153631
      18   0.0000088440   0.0000002531   0.0000562885  -0.0000032303   0.0000044668  -0.0679427606
      19   0.0077041090  -0.0099284584  -0.0000222345  -0.0100935316  -0.0547114425  -0.0000141889
      20  -0.0139653115   0.0192765354   0.0000118726  -0.0149733830  -0.0561789445  -0.0000144261
      21   0.0000190630   0.0000251104  -0.0004861407  -0.0000029609  -0.0000040321   0.0094991095
      22  -0.0087017159   0.0058116720  -0.0000141369   0.0009284711  -0.0010688435  -0.0000099682
      23   0.0163671763  -0.0128823322  -0.0000207722  -0.0031074726   0.0039828242   0.0000062481
      24  -0.0000076567   0.0000040448  -0.0000192272   0.0000015615  -0.0000030673   0.0000346678
      25  -0.0036513704   0.0360956321  -0.0000060731   0.0003514413   0.0001910931  -0.0000099575
      26   0.0466417065  -0.0290595051  -0.0000075692  -0.0013895188   0.0012813215   0.0000057431
      27   0.0000013490   0.0000227528   0.0081748217   0.0000001609   0.0000024851   0.0000940621
      28   0.0838950158  -0.0226200556   0.0000036515   0.0075273804  -0.0041615640  -0.0000064070
      29  -0.0226107315   0.0102351908   0.0000155527  -0.0035281950  -0.0013759522   0.0000084253
      30   0.0000000537  -0.0000088772  -0.0000406441   0.0000008919   0.0000000992   0.0065904160
      31   0.0690742090  -0.0064772442  -0.0000034231   0.0036200416   0.0020035026  -0.0000097823
      32   0.0064678400  -0.0000708657   0.0000043239  -0.0018292936   0.0032113847   0.0000088697
      33  -0.0000000080  -0.0000106737   0.0001557069  -0.0000002807   0.0000048880  -0.0001680096
      34  -0.1885269968  -0.0076428413  -0.0000143726  -0.0001807434  -0.0063177830   0.0000010873
      35   0.0076439923   0.0072588018   0.0000106993   0.0002828870  -0.0044536466   0.0000024392
      36   0.0000151189   0.0000111894   0.0117513466  -0.0000008224   0.0000026468  -0.0008545913
      37   0.7031546351  -0.0320570877  -0.0000120201   0.0012118694  -0.0032001666   0.0000005394
      38  -0.0320570877   0.6238288994   0.0000132408   0.0000057604  -0.0003990097   0.0000103356
      39  -0.0000120201   0.0000132408   0.1489697475  -0.0000002996  -0.0000053721   0.0001857381
      40   0.0012118694   0.0000057604  -0.0000002996   0.6881899803   0.1430673893  -0.0000006112
      41  -0.0032001666  -0.0003990097  -0.0000053721   0.1430673893   0.8076442004  -0.0000083839
      42   0.0000005394   0.0000103356   0.0001857381  -0.0000006112  -0.0000083839   0.1247291032
      43   0.0036208316   0.0018334491   0.0000021664  -0.1121434068   0.0112492038  -0.0000019804
      44  -0.0019819305   0.0032558795   0.0000101441  -0.0112501332  -0.4679658854  -0.0000010038
      45   0.0000034215  -0.0000047275  -0.0001687908   0.0000009565   0.0000014781  -0.0603016065
      46  -0.0001893936  -0.0002767032  -0.0000000037  -0.0009970971   0.0006594454   0.0000012652
      47   0.0062923664  -0.0044451462   0.0000022522  -0.0006571037   0.0005156804   0.0000045680
      48  -0.0000007117   0.0000015887  -0.0008544749  -0.0000019637   0.0000057361   0.0000295678
      49   0.0075319218  -0.0035339859   0.0000022209  -0.0007182513   0.0006081474   0.0000009186
      50  -0.0041400141  -0.0013641354  -0.0000091206   0.0006102862  -0.0001943329  -0.0000019159
      51  -0.0000007206   0.0000007648   0.0065900220  -0.0000013709  -0.0000014304   0.0000375243
      52  -0.0086382514   0.0040416446   0.0000126549  -0.0014186556   0.0034350646   0.0000007198
      53   0.0115377385  -0.0053480176  -0.0000079722   0.0020075835  -0.0019878678   0.0000003670
      54  -0.0000017786  -0.0000098117  -0.0000091868   0.0000002512   0.0000007968   0.0004852602
      55   0.0026698907  -0.0015522264   0.0000080015   0.0015946032  -0.0022203791  -0.0000037734
      56   0.0002666691  -0.0014612010   0.0000067298   0.0013622286  -0.0025735962  -0.0000004628
      57  -0.0000000164  -0.0000080536   0.0000317391   0.0000008171   0.0000009071  -0.0003743469
      58  -0.0461119652   0.0745022956  -0.0000051328  -0.0011111452   0.0018570743   0.0000047920
      59   0.0171820270  -0.0019762452   0.0000010523  -0.0011950234   0.0027082856   0.0000055734
      60  -0.0000076547  -0.0000034842   0.0117936379  -0.0000011322  -0.0000012148  -0.0001406263
      61  -0.0845151503   0.0272088253   0.0000035221  -0.0000167304  -0.0010933058   0.0000099857
      62   0.0359538645  -0.2891056100  -0.0000051749  -0.0010200884   0.0008737387  -0.0000038968
      63   0.0000097036  -0.0000025763  -0.0684566752   0.0000007958  -0.0000015411   0.0000852497
      64  -0.0680150462   0.0203063106   0.0000222263  -0.0122093143   0.0381099158   0.0000084122
      65   0.0377023145  -0.0252894659  -0.0000168000   0.0172826045  -0.0194451406  -0.0000054080
      66  -0.0000007049  -0.0000077195   0.0000275289   0.0000026367   0.0000010881   0.0036960659
      67   0.0616813613  -0.0002906307   0.0000072260  -0.0087158223   0.0045226002   0.0000076914
      68   0.0281449983  -0.0162396358   0.0000029711  -0.0066373462   0.0168034695   0.0000074869
      69   0.0000093656   0.0000040532   0.0038413807   0.0000005461  -0.0000004826   0.0023988311
      70  -0.0534324525   0.0087658318   0.0000098427  -0.0005887916  -0.0033063517   0.0000022170
      71  -0.0187140762   0.0047456012   0.0000077977   0.0007222774  -0.0027292736  -0.0000003042
      72   0.0000104471  -0.0000104720   0.0000479092   0.0000001265   0.0000045279  -0.0000567320
      73  -0.2428749611   0.0421835450   0.0000152802  -0.0000260219   0.0015670633   0.0000129085
      74   0.0238504079  -0.1012368313  -0.0000090717   0.0018740049  -0.0020610984  -0.0000098897
      75  -0.0000011582   0.0000068527  -0.0500545377   0.0000011459  -0.0000047785  -0.0000416527
      76   0.0002665096   0.0001639255  -0.0000110250  -0.2430167390  -0.1477555647   0.0000020718
      77  -0.0001480452  -0.0000132151  -0.0000093725  -0.1477459665  -0.1745200617   0.0000014826
      78  -0.0000102861  -0.0000031876  -0.0000954438   0.0000085801  -0.0000034572  -0.0325963533
      79  -0.0001327067  -0.0000948007  -0.0000058724   0.0076581175  -0.0052340602  -0.0000097908
      80   0.0003113810   0.0000179224   0.0000037658   0.0239722140  -0.0052004262   0.0000082048
      81   0.0000051623  -0.0000023205   0.0000184162  -0.0000040391   0.0000064401   0.0040748808
      82   0.0003325105  -0.0003053605  -0.0000124608  -0.0000006949  -0.0000014879  -0.0000021402
      83  -0.0001385304  -0.0005139457   0.0000102392  -0.0000667821   0.0000701790   0.0000016086
      84   0.0000085145  -0.0000063806  -0.0007534071  -0.0000013486   0.0000088630   0.0000111330
      85  -0.0001945447   0.0001478524  -0.0000002096  -0.0000333565   0.0000083261  -0.0000052086
      86  -0.0004503937   0.0000753769  -0.0000013614   0.0000452901  -0.0000665993  -0.0000044504
      87   0.0000022583   0.0000130022  -0.0000398201   0.0000018494  -0.0000082698   0.0000035064
      88   0.0003867877  -0.0001493921  -0.0000053934  -0.0000374232   0.0000616308   0.0000054979
      89   0.0005409922  -0.0000405448  -0.0000065253  -0.0000040763   0.0000284071   0.0000057982
      90  -0.0000000918   0.0000032248   0.0000643940  -0.0000008076   0.0000007536   0.0000062032
      91   0.0005773404  -0.0000408474  -0.0000100931   0.0001311090   0.0000656409  -0.0000018028
      92  -0.0004151289   0.0000379880   0.0000122048   0.0000361405  -0.0000306508   0.0000028898
      93   0.0000015646   0.0000050845   0.0000064517   0.0000006904  -0.0000020884  -0.0001985656
      94  -0.0064319632  -0.0005940104  -0.0000027779  -0.0000281394   0.0000490452  -0.0000084782
      95  -0.0019567722  -0.0005752043   0.0000035530  -0.0000200242  -0.0000848413   0.0000104115
      96  -0.0000022151   0.0000000231   0.0053825809   0.0000004669   0.0000001758  -0.0000193915
      97   0.0087264576   0.0087543878   0.0000037707  -0.0000027442  -0.0000882397  -0.0000015932
      98  -0.0188737220  -0.0080913113   0.0000052625  -0.0000878067   0.0000385577  -0.0000017986
      99   0.0000001186  -0.0000011675  -0.0011528630   0.0000007866   0.0000029799  -0.0000063047
     100   0.0001252153   0.0002534162  -0.0000148171   0.0005874972   0.0013813484   0.0000070855
     101   0.0006873786  -0.0000337942  -0.0000143511  -0.0010067107   0.0007485956   0.0000070543
     102   0.0000009269   0.0000038986   0.0000398709  -0.0000003013   0.0000026354  -0.0039696226
     103   0.0002921038  -0.0000304630  -0.0000218787   0.0000331063  -0.0000241409  -0.0000020173
     104  -0.0008006043   0.0002228269   0.0000225572  -0.0000228706  -0.0000174947   0.0000027870
     105   0.0000039944   0.0000050399   0.0000793195  -0.0000006772   0.0000003878   0.0000198028
     106  -0.0140962432  -0.0238161681   0.0000012782  -0.0000565637   0.0000128163  -0.0000069536
     107   0.0068602471   0.0094818787   0.0000024556  -0.0000277760  -0.0000356689  -0.0000069446
     108   0.0000013011  -0.0000070255   0.0024599711  -0.0000005467   0.0000033040  -0.0000367730
     109  -0.0004393358   0.0013291028  -0.0000051747  -0.0000781259   0.0003779900  -0.0000167236
     110   0.0003547838   0.0003300113   0.0000048079  -0.0005296353   0.0001823296   0.0000172408
     111  -0.0000005272  -0.0000017089  -0.0002424795  -0.0000009080  -0.0000026409   0.0006950606
                     43             44             45             46             47             48
       1   0.0069501695   0.0047469153   0.0000034726   0.0069254159   0.0047601881   0.0000032591
       2   0.0011885328  -0.0014794440  -0.0000012682   0.0011878541  -0.0014777395   0.0000025459
       3  -0.0000022923  -0.0000023608   0.0010511945  -0.0000005865  -0.0000025211   0.0010518595
       4  -0.0624839722   0.0118447987  -0.0000250106  -0.0007681562  -0.0005031068  -0.0000164498
       5   0.0371496239  -0.0014213593   0.0000025185  -0.0018106080  -0.0023837663  -0.0000008020
       6   0.0000099602   0.0000051103   0.0132319268   0.0000043441   0.0000035601  -0.0006149324
       7  -0.0007510719  -0.0005261534  -0.0000153915  -0.0624980919   0.0118688761  -0.0000219986
       8  -0.0018158097  -0.0023925613   0.0000023024   0.0371541430  -0.0014304457  -0.0000125281
       9   0.0000075216  -0.0000054992  -0.0006080682   0.0000012396  -0.0000033522   0.0132250831
      10  -0.0038978186  -0.0012160475  -0.0000103998  -0.0001541058  -0.0018331225  -0.0000191540
      11  -0.0006362582  -0.0000588706   0.0000052776   0.0012381625  -0.0004362104  -0.0000157937
      12  -0.0000076625  -0.0000067149   0.0001992287  -0.0000026789  -0.0000055435   0.0000434812
      13  -0.0001529896  -0.0018388048  -0.0000074327  -0.0038948514  -0.0012073216  -0.0000009851
      14   0.0012321131  -0.0004323066   0.0000101802  -0.0006430367  -0.0000422124  -0.0000167743
      15  -0.0000085797  -0.0000025802   0.0000376938  -0.0000025497  -0.0000020052   0.0002059382
      16  -0.0100953382   0.0547239639   0.0000133879   0.0009307663   0.0010347179   0.0000080254
      17   0.0149712171  -0.0562544224   0.0000097758   0.0031172945   0.0040020854   0.0000053951
      18   0.0000009847  -0.0000092947   0.0095000708  -0.0000028836  -0.0000025051   0.0000347182
      19  -0.2599645708  -0.0329014372   0.0000153300   0.0003571959  -0.0002165293   0.0000095194
      20  -0.0410009845  -0.0930932919   0.0000044655   0.0013988562   0.0012663631   0.0000062058
      21  -0.0000002199  -0.0000065490  -0.0679443103  -0.0000009251   0.0000020181   0.0000940545
      22   0.0003497272  -0.0002132594   0.0000073521  -0.2599448344  -0.0329217608   0.0000064273
      23   0.0013964098   0.0012851507   0.0000018863  -0.0410029011  -0.0930607074  -0.0000158492
      24   0.0000009454   0.0000048691   0.0000943724   0.0000016075   0.0000035340  -0.0679428142
      25   0.0009303888   0.0010548135   0.0000061513  -0.0100831913   0.0547193518   0.0000138340
      26   0.0031213453   0.0040404280  -0.0000021500   0.0149666427  -0.0562208757  -0.0000148284
      27   0.0000004349   0.0000049910   0.0000332285   0.0000008209  -0.0000037201   0.0094991514
      28  -0.0001862526   0.0063068494   0.0000023483   0.0036307553  -0.0019955595   0.0000086378
      29  -0.0002807243  -0.0044511972  -0.0000062296   0.0018359942   0.0032256574   0.0000092977
      30   0.0000016203   0.0000011075  -0.0008542953   0.0000006028   0.0000052812  -0.0001682284
      31   0.0012075083   0.0031996110   0.0000056208   0.0075313865   0.0041445182   0.0000059273
      32  -0.0000056414  -0.0003866361  -0.0000028697   0.0035363478  -0.0013662921   0.0000086273
      33   0.0000011634   0.0000015968   0.0001860114  -0.0000000025  -0.0000005762   0.0065905806
      34   0.0075307260   0.0041543781   0.0000013819   0.0012086735   0.0032008437  -0.0000001331
      35   0.0035326198  -0.0013633167   0.0000004614  -0.0000016937  -0.0003857803   0.0000107299
      36  -0.0000002464  -0.0000098526   0.0065898655  -0.0000010139  -0.0000059314   0.0001856161
      37   0.0036208316  -0.0019819305   0.0000034215  -0.0001893936   0.0062923664  -0.0000007117
      38   0.0018334491   0.0032558795  -0.0000047275  -0.0002767032  -0.0044451462   0.0000015887
      39   0.0000021664   0.0000101441  -0.0001687908  -0.0000000037   0.0000022522  -0.0008544749
      40  -0.1121434068  -0.0112501332   0.0000009565  -0.0009970971  -0.0006571037  -0.0000019637
      41   0.0112492038  -0.4679658854   0.0000014781   0.0006594454   0.0005156804   0.0000057361
      42  -0.0000019804  -0.0000010038  -0.0603016065   0.0000012652   0.0000045680   0.0000295678
      43   0.6881834700  -0.1430623595   0.0000020191  -0.0007201475  -0.0006057730  -0.0000020956
      44  -0.1430623595   0.8076317787   0.0000006655  -0.0006049568  -0.0001878595  -0.0000022118
      45   0.0000020191   0.0000006655   0.1247271886   0.0000003874  -0.0000020383   0.0000375109
      46  -0.0007201475  -0.0006049568   0.0000003874   0.6882006854  -0.1430726744  -0.0000008579
      47  -0.0006057730  -0.0001878595  -0.0000020383  -0.1430726744   0.8076456582  -0.0000091907
      48  -0.0000020956  -0.0000022118   0.0000375109  -0.0000008579  -0.0000091907   0.1247289331
      49  -0.0009959866  -0.0006602759  -0.0000005930  -0.1121448670  -0.0112455602   0.0000018275
      50   0.0006542517   0.0005161071   0.0000024621   0.0112428105  -0.4679770174  -0.0000001561
      51  -0.0000001633   0.0000019441   0.0000277270  -0.0000024206   0.0000004758  -0.0603016436
      52  -0.0011143335  -0.0018619858  -0.0000035911   0.0016053676   0.0022397809   0.0000037594
      53   0.0011998977   0.0027073853  -0.0000005803  -0.0013653100  -0.0025793410  -0.0000006936
      54   0.0000014856   0.0000018469  -0.0001404076   0.0000013463   0.0000007780  -0.0003745667
      55  -0.0000168494   0.0010891905  -0.0000001376  -0.0014187486  -0.0034383901  -0.0000003651
      56   0.0010192265   0.0008671249  -0.0000025218  -0.0020080222  -0.0019834264  -0.0000000347
      57  -0.0000005019   0.0000013343   0.0000852926   0.0000004173   0.0000004623   0.0004855937
      58  -0.0014167146  -0.0034419609  -0.0000019869  -0.0000159765   0.0010960583  -0.0000098136
      59  -0.0020075700  -0.0019819813  -0.0000022282   0.0010158181   0.0008709925  -0.0000042802
      60  -0.0000002685   0.0000067274   0.0004867072   0.0000012844  -0.0000011792   0.0000850138
      61   0.0015979490   0.0022354540  -0.0000044794  -0.0011138317  -0.0018605465  -0.0000029500
      62  -0.0013697632  -0.0025798302   0.0000034100   0.0012022408   0.0027108152   0.0000065392
      63  -0.0000024178  -0.0000029017  -0.0003727204   0.0000020825  -0.0000003362  -0.0001402999
      64  -0.0087057930  -0.0045196596  -0.0000109776  -0.0005817158   0.0033183203  -0.0000017554
      65   0.0066345775   0.0167962919   0.0000080824  -0.0007294397  -0.0027282206  -0.0000002438
      66   0.0000004816   0.0000087880   0.0023989314   0.0000010032   0.0000044755  -0.0000566259
      67  -0.0122155699  -0.0381054850  -0.0000091736  -0.0000324889  -0.0015826639  -0.0000127405
      68  -0.0172832967  -0.0194540080  -0.0000076810  -0.0018787304  -0.0020674206  -0.0000106322
      69  -0.0000043662  -0.0000072011   0.0036961197  -0.0000018944  -0.0000064398  -0.0000416930
      70  -0.0000285088  -0.0015975470  -0.0000035166  -0.0122085181  -0.0380898654  -0.0000088428
      71  -0.0018729247  -0.0020569818  -0.0000017037  -0.0172772927  -0.0194264178  -0.0000046186
      72   0.0000000858  -0.0000026142  -0.0000406891  -0.0000035862   0.0000008114   0.0036960841
      73  -0.0005830532   0.0033154531  -0.0000071783  -0.0087187885  -0.0045145741  -0.0000078594
      74  -0.0007196276  -0.0027126717   0.0000059890   0.0066354598   0.0168010947   0.0000077346
      75   0.0000023366   0.0000040660  -0.0000571447  -0.0000018339  -0.0000014834   0.0023988771
      76   0.0076589873   0.0052420912  -0.0000003805  -0.0000047898   0.0000013183   0.0000023147
      77  -0.0239718516  -0.0051939674  -0.0000003477   0.0000603867   0.0000530551   0.0000017085
      78   0.0000035303   0.0000076168   0.0040745624   0.0000008684   0.0000068845   0.0000111412
      79  -0.2430260100   0.1477437834   0.0000031425  -0.0000314698  -0.0000104878   0.0000051854
      80   0.1477449406  -0.1745243470  -0.0000028408  -0.0000528478  -0.0000688200  -0.0000043708
      81  -0.0000079369  -0.0000006061  -0.0325961260  -0.0000015219  -0.0000081597   0.0000035243
      82  -0.0000321765  -0.0000033419   0.0000031423  -0.2430305157   0.1477388854  -0.0000018768
      83  -0.0000497542  -0.0000714711  -0.0000024991   0.1477493754  -0.1745205208   0.0000015941
      84  -0.0000029621  -0.0000109214   0.0000027722  -0.0000091340  -0.0000036531  -0.0325963731
      85  -0.0000021887   0.0000003747   0.0000020471   0.0076600762   0.0052269676   0.0000097828
      86   0.0000637065   0.0000555057   0.0000018569  -0.0239724374  -0.0051989571   0.0000081110
      87  -0.0000009701   0.0000035556   0.0000115238   0.0000054379   0.0000057703   0.0040748656
      88  -0.0000217459  -0.0000232999  -0.0000001576   0.0001276932  -0.0000734119   0.0000018893
      89   0.0000222594  -0.0000785932  -0.0000008804  -0.0000403915  -0.0000280529   0.0000028572
      90   0.0000012373  -0.0000002035  -0.0000180914  -0.0000003818  -0.0000026613  -0.0001986244
      91  -0.0000002825   0.0000837302   0.0000032903  -0.0000407196  -0.0000532090  -0.0000048640
      92   0.0000866029   0.0000386887  -0.0000038275   0.0000129064   0.0000496166   0.0000057472
      93   0.0000001868  -0.0000018118  -0.0000048208   0.0000000207   0.0000010798   0.0000061598
      94  -0.0000415666  -0.0000565347   0.0000045111   0.0000008561   0.0000804881   0.0000019470
      95   0.0000130196   0.0000569784  -0.0000054390   0.0000845056   0.0000422715  -0.0000018605
      96   0.0000011863   0.0000021587   0.0000042201   0.0000007734   0.0000011708  -0.0000063640
      97   0.0001312158  -0.0000769596   0.0000010956  -0.0000258237  -0.0000331970   0.0000088497
      98  -0.0000367064  -0.0000241778   0.0000009236   0.0000231942  -0.0000822838   0.0000104945
      99  -0.0000002718  -0.0000038836  -0.0002006959  -0.0000004424   0.0000006852  -0.0000194406
     100  -0.0000686789  -0.0003605740   0.0000006415   0.0000232155   0.0000137898   0.0000029482
     101   0.0005392368   0.0002148045  -0.0000006326   0.0000148902  -0.0000075170   0.0000028150
     102   0.0000001386  -0.0000007461   0.0006941854   0.0000006838   0.0000002090   0.0000197696
     103  -0.0000525619  -0.0000087383   0.0000058810   0.0005714446  -0.0014007176  -0.0000061755
     104   0.0000257477  -0.0000329194  -0.0000056629   0.0010311042   0.0007903699   0.0000069011
     105  -0.0000003724  -0.0000047550  -0.0000376524   0.0000003471   0.0000020625  -0.0039697014
     106   0.0000275977   0.0000172031   0.0000037806  -0.0000659551  -0.0003681283   0.0000174161
     107   0.0000197950  -0.0000050236   0.0000032207   0.0005412687   0.0001989658   0.0000173140
     108  -0.0000010689  -0.0000024901   0.0000196095   0.0000006748  -0.0000021673   0.0006950133
     109   0.0005812541  -0.0014001882   0.0000091892  -0.0000491773  -0.0000140646   0.0000075997
     110   0.0010231989   0.0007858385  -0.0000086391   0.0000245456  -0.0000231210  -0.0000070696
     111   0.0000017851   0.0000002114  -0.0039698119   0.0000003995   0.0000031885  -0.0000368106
                     49             50             51             52             53             54
       1   0.0069237114  -0.0047623497  -0.0000026465  -0.0010502450  -0.0022186158   0.0000004314
       2  -0.0011877139  -0.0014761690  -0.0000013373  -0.0070721783   0.0075252956  -0.0000025461
       3   0.0000008307  -0.0000015037   0.0010511971   0.0000026719   0.0000008844   0.0009852980
       4  -0.0007747603   0.0004974755   0.0000129686  -0.0009790573   0.0013376666   0.0000088083
       5   0.0018089265  -0.0023982686   0.0000022280  -0.0015601407  -0.0065946670   0.0000063691
       6   0.0000032988  -0.0000046185  -0.0006081184   0.0000098997  -0.0000022584   0.0000225161
       7  -0.0624949650  -0.0118631166   0.0000221300   0.0009434561  -0.0016810187  -0.0000019190
       8  -0.0371578158  -0.0014079972   0.0000030912  -0.0111513889   0.0087631927   0.0000072877
       9   0.0000011790   0.0000047513   0.0132318134   0.0000027091   0.0000023986   0.0004791782
      10  -0.0038960569   0.0012174923   0.0000105726   0.0010799371  -0.0020371820  -0.0000011792
      11   0.0006323051  -0.0000471198   0.0000054965   0.0029822104  -0.0025582906   0.0000146366
      12  -0.0000000962  -0.0000057596   0.0001991729   0.0000017358   0.0000016531  -0.0005494989
      13  -0.0001555525   0.0018193532   0.0000088006  -0.0114745201  -0.0375611406   0.0000006458
      14  -0.0012490886  -0.0004421318   0.0000104449  -0.0003985845  -0.0679494967   0.0000148141
      15   0.0000003850  -0.0000016642   0.0000376871   0.0000007103   0.0000015100   0.0151730563
      16   0.0003669955   0.0002225105  -0.0000086138  -0.0014985768  -0.0022427713  -0.0000071537
      17  -0.0014152367   0.0012733428   0.0000018535  -0.0023569469   0.0126940907   0.0000054332
      18  -0.0000032065   0.0000042447   0.0000943907  -0.0000046602   0.0000050233   0.0032703857
      19   0.0009273593  -0.0010351272  -0.0000066974   0.0014507765  -0.0029139233  -0.0000025020
      20  -0.0031308083   0.0040197205  -0.0000017631   0.0050874211   0.0036555066   0.0000095040
      21  -0.0000018541   0.0000058836   0.0000332723  -0.0000048467   0.0000049895   0.0000892074
      22  -0.0100878192  -0.0547150333  -0.0000140041  -0.0060621755   0.0028981980   0.0000029798
      23  -0.0149620599  -0.0562175487   0.0000090789   0.0091278677  -0.0079728421  -0.0000001324
      24  -0.0000016945  -0.0000085767   0.0095000340   0.0000071542  -0.0000025853  -0.0008144647
      25  -0.2599568161   0.0329051038  -0.0000168079   0.0005678466  -0.0003745946  -0.0000009628
      26   0.0409994156  -0.0930801620   0.0000039235   0.0147994302  -0.0117020715   0.0000030733
      27  -0.0000002729  -0.0000068300  -0.0679443870   0.0000133510  -0.0000053898  -0.0001294244
      28   0.0012097760  -0.0032103293  -0.0000061232  -0.0845192598   0.0359410972   0.0000020780
      29   0.0000096022  -0.0003908923  -0.0000027070   0.0272134101  -0.2890811060  -0.0000032940
      30  -0.0000011433   0.0000011189   0.0001858508  -0.0000021512  -0.0000010725  -0.0684568908
      31  -0.0001871430  -0.0062981066  -0.0000032759  -0.0461126207  -0.0171822216  -0.0000011756
      32   0.0002888135  -0.0044469263  -0.0000064880  -0.0744931710  -0.0019880560  -0.0000083806
      33  -0.0000027802   0.0000016951  -0.0008541707  -0.0000014238  -0.0000007406   0.0117929079
      34   0.0036294711   0.0020032482  -0.0000028645   0.0026605247  -0.0002618930  -0.0000008535
      35  -0.0018339186   0.0032440300  -0.0000050827   0.0015620154  -0.0014620747  -0.0000073256
      36  -0.0000014519   0.0000102721  -0.0001690586  -0.0000076307   0.0000059249   0.0000314901
      37   0.0075319218  -0.0041400141  -0.0000007206  -0.0086382514   0.0115377385  -0.0000017786
      38  -0.0035339859  -0.0013641354   0.0000007648   0.0040416446  -0.0053480176  -0.0000098117
      39   0.0000022209  -0.0000091206   0.0065900220   0.0000126549  -0.0000079722  -0.0000091868
      40  -0.0007182513   0.0006102862  -0.0000013709  -0.0014186556   0.0020075835   0.0000002512
      41   0.0006081474  -0.0001943329  -0.0000014304   0.0034350646  -0.0019878678   0.0000007968
      42   0.0000009186  -0.0000019159   0.0000375243   0.0000007198   0.0000003670   0.0004852602
      43  -0.0009959866   0.0006542517  -0.0000001633  -0.0011143335   0.0011998977   0.0000014856
      44  -0.0006602759   0.0005161071   0.0000019441  -0.0018619858   0.0027073853   0.0000018469
      45  -0.0000005930   0.0000024621   0.0000277270  -0.0000035911  -0.0000005803  -0.0001404076
      46  -0.1121448670   0.0112428105  -0.0000024206   0.0016053676  -0.0013653100   0.0000013463
      47  -0.0112455602  -0.4679770174   0.0000004758   0.0022397809  -0.0025793410   0.0000007780
      48   0.0000018275  -0.0000001561  -0.0603016436   0.0000037594  -0.0000006936  -0.0003745667
      49   0.6881872267   0.1430619046  -0.0000020164  -0.0000127278  -0.0010169879   0.0000009650
      50   0.1430619046   0.8076484370   0.0000016746  -0.0011038287   0.0008749817   0.0000017449
      51  -0.0000020164   0.0000016746   0.1247270440  -0.0000009053  -0.0000027877   0.0000849258
      52  -0.0000127278  -0.0011038287  -0.0000009053   0.6982202933   0.1442760287  -0.0000024626
      53  -0.0010169879   0.0008749817  -0.0000027877   0.1442760287   0.7251840940   0.0000017674
      54   0.0000009650   0.0000017449   0.0000849258  -0.0000024626   0.0000017674   0.1171148151
      55  -0.0011138087   0.0018534803   0.0000041617  -0.3517027064  -0.0227876518   0.0000074666
      56  -0.0011995014   0.0027050020   0.0000000724   0.0227871579  -0.1149814143   0.0000009260
      57  -0.0000000811   0.0000025110  -0.0001399834  -0.0000081338   0.0000013139  -0.0583071083
      58   0.0016010135  -0.0022335975   0.0000051242   0.0006955569   0.0013251575   0.0000032297
      59   0.0013709994  -0.0025808048   0.0000039063  -0.0013247436   0.0012072854   0.0000001581
      60   0.0000025416  -0.0000030731  -0.0003730599   0.0000070424  -0.0000043961   0.0000753854
      61  -0.0014158729   0.0034449827   0.0000031214  -0.0000613234  -0.0023137813  -0.0000053446
      62   0.0020059789  -0.0019845363  -0.0000024377  -0.0023204566   0.0026595145   0.0000015877
      63  -0.0000002613   0.0000056568   0.0004871859  -0.0000053156   0.0000029646  -0.0000254864
      64  -0.0000277781   0.0015728423   0.0000033797  -0.0293167440   0.0333555247   0.0000022745
      65   0.0018742922  -0.0020464503  -0.0000021553   0.0422436470  -0.0238934167  -0.0000021049
      66  -0.0000002068  -0.0000028362  -0.0000407198  -0.0000023946  -0.0000026387   0.0037326610
      67  -0.0005832210  -0.0033131263   0.0000066974  -0.0008523143  -0.0021160603   0.0000040819
      68   0.0007240130  -0.0027189703   0.0000057830  -0.0068278033   0.0007012555   0.0000034371
      69  -0.0000021893   0.0000058830  -0.0000570424  -0.0000029484   0.0000063507  -0.0000710088
      70  -0.0087162489   0.0045291866   0.0000108886   0.0078400577  -0.0032041537   0.0000052216
      71  -0.0066495379   0.0167718379   0.0000085881  -0.0061902515  -0.0046127728   0.0000016054
      72  -0.0000016401   0.0000084985   0.0023989911  -0.0000104163   0.0000026641   0.0032704732
      73  -0.0122138793   0.0380939034   0.0000092016   0.0072081490  -0.0093265953  -0.0000050602
      74   0.0172878492  -0.0194554695  -0.0000080355  -0.0139967855   0.0124947092   0.0000050967
      75   0.0000061559  -0.0000071719   0.0036961907   0.0000050006  -0.0000017671   0.0000424318
      76  -0.0000280038   0.0000138558  -0.0000030540  -0.0000365600   0.0000671788  -0.0000029574
      77   0.0000515650  -0.0000577390  -0.0000024124   0.0000412598  -0.0000517929  -0.0000023342
      78   0.0000029960  -0.0000099823   0.0000027969   0.0000106460  -0.0000068829  -0.0000040428
      79  -0.0000082602   0.0000038492  -0.0000022223  -0.0001578957   0.0001312656   0.0000018367
      80  -0.0000612728   0.0000659259   0.0000018831   0.0000737046   0.0001263894  -0.0000013902
      81   0.0000001215   0.0000033869   0.0000115470  -0.0000004895  -0.0000019476  -0.0001411357
      82   0.0076569975  -0.0052257570   0.0000006444  -0.0000639326  -0.0000479990   0.0000014173
      83   0.0239714506  -0.0051981157  -0.0000002187   0.0000338884  -0.0000219099  -0.0000011603
      84  -0.0000037095   0.0000078951   0.0040745478  -0.0000132000   0.0000072701  -0.0000165426
      85  -0.2430293189  -0.1477405003  -0.0000030376   0.0001721292  -0.0001644987  -0.0000016193
      86  -0.1477472186  -0.1745199519  -0.0000027617  -0.0000620788   0.0000061939  -0.0000012990
      87   0.0000075751   0.0000000370  -0.0325962108  -0.0000023564  -0.0000011975   0.0000048442
      88   0.0000021468  -0.0000759906  -0.0000027878  -0.1736846011  -0.1475553763  -0.0000063931
      89  -0.0000797697   0.0000446172  -0.0000039168  -0.1463250574  -0.2434211625  -0.0000078230
      90   0.0000004706  -0.0000012645  -0.0000048496   0.0000027096  -0.0000027133  -0.0276047848
      91  -0.0000270598   0.0000373872   0.0000008524  -0.0044102793   0.0233854199   0.0000026785
      92  -0.0000171115  -0.0000840124  -0.0000009253  -0.0045794477   0.0073103685  -0.0000036057
      93   0.0000004627  -0.0000001291  -0.0000181196   0.0000011111   0.0000005099   0.0014884258
      94   0.0001268095   0.0000726664  -0.0000006292   0.0000377163  -0.0000077807   0.0000040932
      95   0.0000422156  -0.0000249634   0.0000008635   0.0000671012  -0.0000602034  -0.0000050497
      96   0.0000000313  -0.0000020754  -0.0002007920   0.0000012767  -0.0000004102  -0.0000046081
      97  -0.0000392631   0.0000534964  -0.0000040121  -0.0000843841   0.0000711682  -0.0000033520
      98  -0.0000071709   0.0000442572  -0.0000054035   0.0000327861   0.0000006070  -0.0000041360
      99  -0.0000002042   0.0000011233   0.0000041500  -0.0000031706   0.0000012081   0.0000460546
     100  -0.0000467836   0.0000274462  -0.0000048004   0.0008073881  -0.0006609215  -0.0000078253
     101  -0.0000173788  -0.0000287410  -0.0000056444   0.0011917660   0.0004463723  -0.0000072876
     102   0.0000002330  -0.0000051066  -0.0000376778   0.0000042922  -0.0000013612  -0.0021509608
     103  -0.0000712366   0.0003768239   0.0000004233  -0.0000131672  -0.0004488707   0.0000013095
     104  -0.0005346252   0.0001755800  -0.0000008521   0.0002136270   0.0000209702  -0.0000035975
     105   0.0000004616  -0.0000005199   0.0006941046  -0.0000002250   0.0000018386   0.0005562807
     106   0.0005792661   0.0013943649  -0.0000083275   0.0001744719  -0.0001575365  -0.0000041745
     107  -0.0010090479   0.0007666808  -0.0000086640   0.0000476296  -0.0000068137  -0.0000042748
     108  -0.0000005374   0.0000001532  -0.0039698925  -0.0000019188   0.0000005536   0.0000045723
     109   0.0000216275  -0.0000239965  -0.0000028854  -0.0001431150   0.0000786384   0.0000049317
     110  -0.0000097917  -0.0000098800   0.0000030980   0.0001275617  -0.0000747156  -0.0000059596
     111   0.0000005271  -0.0000018042   0.0000195769  -0.0000010348   0.0000001549  -0.0000110966
                     55             56             57             58             59             60
       1  -0.0010458661   0.0022214046  -0.0000000781  -0.0010474008   0.0022209069  -0.0000019512
       2   0.0070695768   0.0075259659  -0.0000025859   0.0070710859   0.0075212066  -0.0000001814
       3  -0.0000021487  -0.0000000839   0.0009855600  -0.0000021382   0.0000009871   0.0009869159
       4   0.0009397716   0.0016882707   0.0000037888  -0.0009769323  -0.0013499457   0.0000190998
       5   0.0111383048   0.0087526953   0.0000069806   0.0015608096  -0.0065732721   0.0000090165
       6  -0.0000042871   0.0000020996   0.0004801824  -0.0000028053   0.0000014012   0.0000131430
       7  -0.0010181349  -0.0013494132  -0.0000068030   0.0009417289   0.0016882840   0.0000042519
       8   0.0015468258  -0.0065887686   0.0000063935   0.0111358156   0.0087559547  -0.0000024348
       9  -0.0000102652  -0.0000027758   0.0000234798  -0.0000083431  -0.0000016006   0.0004698529
      10   0.0010661926   0.0020448328   0.0000007626  -0.0114776336   0.0375561884  -0.0000013014
      11  -0.0030034845  -0.0025628853   0.0000146489   0.0003994046  -0.0679357547   0.0000028850
      12  -0.0000006836   0.0000008039  -0.0005490218  -0.0000028122   0.0000016992   0.0151807204
      13  -0.0114769629   0.0375534442  -0.0000013208   0.0010743988   0.0020416594   0.0000138311
      14   0.0003987356  -0.0679498272   0.0000147857  -0.0029753934  -0.0025552258   0.0000078202
      15   0.0000004437   0.0000017991   0.0151731321   0.0000002001   0.0000001643  -0.0005427850
      16  -0.0060681489  -0.0028955933  -0.0000020275   0.0014560271   0.0029153328  -0.0000128490
      17  -0.0091552245  -0.0079959126  -0.0000011811  -0.0051086718   0.0036591384   0.0000113417
      18  -0.0000077371  -0.0000034015  -0.0008150479  -0.0000027675  -0.0000036730   0.0000889625
      19   0.0005721764   0.0003661692   0.0000007943  -0.0014941759   0.0022522180  -0.0000051520
      20  -0.0147827865  -0.0117023203   0.0000036632   0.0023491102   0.0126843844   0.0000151828
      21  -0.0000132914  -0.0000053766  -0.0001298337  -0.0000016034   0.0000018873   0.0032723033
      22  -0.0014901676   0.0022545154   0.0000085653   0.0005654403   0.0003727071  -0.0000042208
      23   0.0023404306   0.0126776604   0.0000053610  -0.0147736923  -0.0116879030  -0.0000150087
      24   0.0000052728   0.0000044144   0.0032700201   0.0000005386   0.0000000623  -0.0001289835
      25   0.0014862315   0.0029209221   0.0000037865  -0.0060578386  -0.0028972533   0.0000003817
      26  -0.0050801319   0.0036689388   0.0000088467  -0.0091336605  -0.0079797924  -0.0000123897
      27   0.0000044268   0.0000053691   0.0000888544  -0.0000078915  -0.0000037032  -0.0008127013
      28  -0.0461009491   0.0171876469   0.0000015033   0.0026618697   0.0002749340   0.0000031919
      29   0.0745009764  -0.0019851568  -0.0000084590  -0.0015720731  -0.0014733466  -0.0000009990
      30   0.0000030162  -0.0000007902   0.0117934137   0.0000073596  -0.0000010517   0.0000308288
      31  -0.0845222699  -0.0359497500  -0.0000015814  -0.0086351273  -0.0115283748   0.0000044035
      32  -0.0271949620  -0.2890734241  -0.0000034448  -0.0040406783  -0.0053441136  -0.0000071715
      33   0.0000010092  -0.0000015869  -0.0684567633   0.0000016886  -0.0000038597  -0.0000093559
      34  -0.0086422382  -0.0115381085   0.0000006029  -0.0845118299  -0.0359578444  -0.0000109701
      35  -0.0040368433  -0.0053498303  -0.0000098199  -0.0272147122  -0.2890896903  -0.0000028748
      36  -0.0000133048  -0.0000076860  -0.0000086449  -0.0000032536  -0.0000051155  -0.0684568536
      37   0.0026698907   0.0002666691  -0.0000000164  -0.0461119652   0.0171820270  -0.0000076547
      38  -0.0015522264  -0.0014612010  -0.0000080536   0.0745022956  -0.0019762452  -0.0000034842
      39   0.0000080015   0.0000067298   0.0000317391  -0.0000051328   0.0000010523   0.0117936379
      40   0.0015946032   0.0013622286   0.0000008171  -0.0011111452  -0.0011950234  -0.0000011322
      41  -0.0022203791  -0.0025735962   0.0000009071   0.0018570743   0.0027082856  -0.0000012148
      42  -0.0000037734  -0.0000004628  -0.0003743469   0.0000047920   0.0000055734  -0.0001406263
      43  -0.0000168494   0.0010192265  -0.0000005019  -0.0014167146  -0.0020075700  -0.0000002685
      44   0.0010891905   0.0008671249   0.0000013343  -0.0034419609  -0.0019819813   0.0000067274
      45  -0.0000001376  -0.0000025218   0.0000852926  -0.0000019869  -0.0000022282   0.0004867072
      46  -0.0014187486  -0.0020080222   0.0000004173  -0.0000159765   0.0010158181   0.0000012844
      47  -0.0034383901  -0.0019834264   0.0000004623   0.0010960583   0.0008709925  -0.0000011792
      48  -0.0000003651  -0.0000000347   0.0004855937  -0.0000098136  -0.0000042802   0.0000850138
      49  -0.0011138087  -0.0011995014  -0.0000000811   0.0016010135   0.0013709994   0.0000025416
      50   0.0018534803   0.0027050020   0.0000025110  -0.0022335975  -0.0025808048  -0.0000030731
      51   0.0000041617   0.0000000724  -0.0001399834   0.0000051242   0.0000039063  -0.0003730599
      52  -0.3517027064   0.0227871579  -0.0000081338   0.0006955569  -0.0013247436   0.0000070424
      53  -0.0227876518  -0.1149814143   0.0000013139   0.0013251575   0.0012072854  -0.0000043961
      54   0.0000074666   0.0000009260  -0.0583071083   0.0000032297   0.0000001581   0.0000753854
      55   0.6982032239  -0.1442837514   0.0000029144  -0.0000612955   0.0023202759   0.0000053581
      56  -0.1442837514   0.7251790625   0.0000018384   0.0023181993   0.0026660711   0.0000027135
      57   0.0000029144   0.0000018384   0.1171152776   0.0000043962   0.0000017837  -0.0000256473
      58  -0.0000612955   0.0023181993   0.0000043962   0.6982223885  -0.1442864797  -0.0000008737
      59   0.0023202759   0.0026660711   0.0000017837  -0.1442864797   0.7252180968  -0.0000005655
      60   0.0000053581   0.0000027135  -0.0000256473  -0.0000008737  -0.0000005655   0.1171136981
      61   0.0006858291  -0.0013238068  -0.0000033939  -0.3517089277   0.0227765414  -0.0000029727
      62   0.0013293692   0.0012060153   0.0000001150  -0.0227814180  -0.1149924651   0.0000013727
      63  -0.0000065108  -0.0000046562   0.0000748349   0.0000023300   0.0000014544  -0.0583083328
      64   0.0078539861   0.0032210089  -0.0000052017  -0.0008529728   0.0021119970   0.0000072743
      65   0.0061993493  -0.0046121664   0.0000020782   0.0068191123   0.0006995262  -0.0000085767
      66   0.0000115880   0.0000028590   0.0032704394   0.0000042909   0.0000015355  -0.0000708819
      67   0.0071949684   0.0093284694   0.0000055931  -0.0293163039  -0.0333558122   0.0000051404
      68   0.0139974041   0.0125050266   0.0000039402  -0.0422627173  -0.0238974117   0.0000060246
      69  -0.0000059912  -0.0000018533   0.0000422879  -0.0000032004  -0.0000011001   0.0037325287
      70  -0.0293406672  -0.0333754609  -0.0000028228   0.0072074024   0.0093274986   0.0000072041
      71  -0.0422538586  -0.0238934774  -0.0000015987   0.0140126840   0.0125148662   0.0000051133
      72   0.0000013804  -0.0000024052   0.0037319494   0.0000010540  -0.0000005497   0.0000418894
      73  -0.0008610883   0.0021186322  -0.0000043124   0.0078353650   0.0032077228   0.0000001623
      74   0.0068412374   0.0007071682   0.0000045771   0.0061841777  -0.0045931968   0.0000065335
      75   0.0000031520   0.0000054277  -0.0000711589  -0.0000018846   0.0000019791   0.0032711630
      76  -0.0000506565   0.0000523884  -0.0000020194  -0.0001527100  -0.0001357077  -0.0000073961
      77  -0.0000271438  -0.0000234093  -0.0000013261  -0.0000761041   0.0001168800  -0.0000056765
      78   0.0000129007   0.0000068266  -0.0000166444   0.0000036883   0.0000008690  -0.0001416397
      79   0.0001740786   0.0001619181   0.0000016065  -0.0000393790  -0.0000631726   0.0000018392
      80   0.0000512660   0.0000067487  -0.0000014260  -0.0000490662  -0.0000611277  -0.0000015840
      81   0.0000018833  -0.0000003145   0.0000046870  -0.0000103768  -0.0000066394  -0.0000049167
      82  -0.0000294540  -0.0000644798   0.0000032684   0.0001739480   0.0001616145  -0.0000055676
      83  -0.0000441827  -0.0000541021  -0.0000023912   0.0000532935   0.0000038190   0.0000045546
      84  -0.0000098039  -0.0000067534  -0.0000040966  -0.0000012189  -0.0000033027   0.0000061276
      85  -0.0001534265  -0.0001341059  -0.0000017771  -0.0000605417   0.0000486432   0.0000002748
      86  -0.0000725199   0.0001215947  -0.0000013999  -0.0000327864  -0.0000254772   0.0000005613
      87   0.0000010778  -0.0000017091  -0.0001412487   0.0000133585   0.0000068960  -0.0000158954
      88  -0.0044021257  -0.0233812130  -0.0000029548   0.0000415431  -0.0000034983  -0.0000053217
      89   0.0045818124   0.0073136283  -0.0000035955  -0.0000649510  -0.0000674717  -0.0000056991
      90  -0.0000011109   0.0000007906   0.0014888533  -0.0000044950  -0.0000019904  -0.0000066019
      91  -0.1736798940   0.1475661087   0.0000061296  -0.0000835230  -0.0000705021  -0.0000049016
      92   0.1463306777  -0.2434213651  -0.0000076731  -0.0000264803   0.0000004046   0.0000055494
      93  -0.0000033411  -0.0000030946  -0.0276044009  -0.0000009912   0.0000009904   0.0000444220
      94  -0.0000821112  -0.0000732175   0.0000030095  -0.1736851990   0.1475778866   0.0000022950
      95  -0.0000300940   0.0000048452  -0.0000041432   0.1463296077  -0.2434302626  -0.0000031078
      96   0.0000032278   0.0000010622   0.0000470577   0.0000002555   0.0000005247  -0.0276041348
      97   0.0000393334   0.0000039286  -0.0000044786  -0.0044100810  -0.0233861345   0.0000009103
      98  -0.0000619135  -0.0000606505  -0.0000049790   0.0045754694   0.0073074931   0.0000012136
      99  -0.0000006562  -0.0000006588  -0.0000036364  -0.0000005978  -0.0000006843   0.0014897115
     100  -0.0000062364   0.0004504457  -0.0000032373  -0.0001427843  -0.0000922544  -0.0000134725
     101  -0.0002019067   0.0000339257  -0.0000031641  -0.0001207186  -0.0000860050  -0.0000131354
     102   0.0000008409   0.0000012788   0.0005568203  -0.0000028946  -0.0000005759  -0.0000107271
     103   0.0008109934   0.0006632432   0.0000070115   0.0001763971   0.0001567065  -0.0000099205
     104  -0.0011866651   0.0004427597  -0.0000072295  -0.0000429791  -0.0000034355   0.0000098146
     105  -0.0000043139  -0.0000014829  -0.0021504442  -0.0000006804   0.0000008121   0.0000047199
     106  -0.0001366008  -0.0000857011  -0.0000057124  -0.0000120890   0.0004480717   0.0000032617
     107  -0.0001143074  -0.0000784947  -0.0000059827  -0.0002084599   0.0000282005   0.0000035143
     108   0.0000002415  -0.0000002958  -0.0000104953  -0.0000021656  -0.0000008213   0.0005558738
     109   0.0001773024   0.0001526262   0.0000034377   0.0008109571   0.0006732016   0.0000065937
     110  -0.0000471560   0.0000007037  -0.0000042213  -0.0011847918   0.0004379521  -0.0000075293
     111   0.0000018530  -0.0000002083   0.0000051518   0.0000032895  -0.0000011632  -0.0021512550
                     61             62             63             64             65             66
       1  -0.0010481266  -0.0022185788   0.0000022020   0.0059505157  -0.0041328718   0.0000005458
       2  -0.0070722465   0.0075221767  -0.0000000676  -0.0027237404  -0.0012796205   0.0000019146
       3   0.0000033948   0.0000005415   0.0009871820   0.0000016866  -0.0000010312  -0.0009700274
       4   0.0009295269  -0.0016904327  -0.0000022970   0.0161279370  -0.0036445675   0.0000076814
       5  -0.0111424999   0.0087705220  -0.0000023167   0.0115140792  -0.1233247097   0.0000127914
       6  -0.0000034589  -0.0000011501   0.0004708610   0.0000107228  -0.0000056365   0.0022563799
       7  -0.0010154769   0.0013394485  -0.0000171594  -0.0011322964   0.0003347558   0.0000175919
       8  -0.0015612148  -0.0065746436   0.0000093579  -0.0302848928   0.0444420021   0.0000104196
       9  -0.0000098336   0.0000021797   0.0000140909  -0.0000089064   0.0000054788  -0.0000593858
      10  -0.0114776203  -0.0375605137   0.0000007248   0.0281597216  -0.0066515405   0.0000048525
      11  -0.0003825278  -0.0679263745   0.0000026360   0.0021988771  -0.0005526030   0.0000190245
      12   0.0000122879   0.0000024305   0.0151808887   0.0000035202  -0.0000017565   0.0001763786
      13   0.0010631639  -0.0020383461  -0.0000152495  -0.0749770363  -0.0138825753   0.0000106009
      14   0.0029851642  -0.0025327864   0.0000079805  -0.0002019412   0.0219945790   0.0000377150
      15   0.0000088359   0.0000006983  -0.0005424173   0.0000042243  -0.0000038285  -0.0013060664
      16   0.0005739285  -0.0003747164   0.0000056260  -0.1474834717   0.1090651667  -0.0000079373
      17   0.0147701657  -0.0116854588  -0.0000152755   0.0490078420  -0.2811214829   0.0000113443
      18   0.0000003758   0.0000000660  -0.0001295902  -0.0000079643   0.0000049100  -0.0516587327
      19  -0.0060654640   0.0028928304   0.0000014560   0.0050562298  -0.0274299532  -0.0000024416
      20   0.0091362227  -0.0079695965  -0.0000120658  -0.0376112527   0.0715672239   0.0000084213
      21   0.0000086379  -0.0000026915  -0.0008131090   0.0000006531  -0.0000003854   0.0038687094
      22   0.0014845368  -0.0029112627   0.0000144934  -0.0102137769   0.0114796953  -0.0000062164
      23   0.0051018303   0.0036581782   0.0000108449   0.0240365230  -0.0446372351   0.0000021677
      24   0.0000040432  -0.0000036748   0.0000884206   0.0000138770  -0.0000109383   0.0001404550
      25  -0.0014866416  -0.0022570317   0.0000057728   0.0069963377  -0.0096966300  -0.0000113126
      26  -0.0023329178   0.0126946366   0.0000158288   0.0359692342  -0.0539783267  -0.0000031491
      27   0.0000023911   0.0000026474   0.0032721297   0.0000126113  -0.0000110613   0.0000366437
      28  -0.0086404519   0.0115306598  -0.0000044685  -0.2428761196   0.0238391433  -0.0000078258
      29   0.0040319223  -0.0053528513  -0.0000080464   0.0421695941  -0.1012453532  -0.0000181899
      30  -0.0000016943  -0.0000041497  -0.0000088645  -0.0000003073  -0.0000008299  -0.0500555463
      31   0.0026702261  -0.0002702921  -0.0000034479   0.0616812936  -0.0281222432   0.0000067249
      32   0.0015669914  -0.0014809181  -0.0000011861   0.0003136623  -0.0162624144  -0.0000257898
      33  -0.0000069593  -0.0000012323   0.0000309168  -0.0000069719   0.0000018489   0.0038417677
      34  -0.0461074999  -0.0171795931   0.0000061574  -0.0534411532   0.0187044868  -0.0000112484
      35  -0.0745012518  -0.0019895797  -0.0000031516  -0.0087673493   0.0047329596  -0.0000111715
      36   0.0000049602   0.0000013753   0.0117942605  -0.0000110102   0.0000073412   0.0000479873
      37  -0.0845151503   0.0359538645   0.0000097036  -0.0680150462   0.0377023145  -0.0000007049
      38   0.0272088253  -0.2891056100  -0.0000025763   0.0203063106  -0.0252894659  -0.0000077195
      39   0.0000035221  -0.0000051749  -0.0684566752   0.0000222263  -0.0000168000   0.0000275289
      40  -0.0000167304  -0.0010200884   0.0000007958  -0.0122093143   0.0172826045   0.0000026367
      41  -0.0010933058   0.0008737387  -0.0000015411   0.0381099158  -0.0194451406   0.0000010881
      42   0.0000099857  -0.0000038968   0.0000852497   0.0000084122  -0.0000054080   0.0036960659
      43   0.0015979490  -0.0013697632  -0.0000024178  -0.0087057930   0.0066345775   0.0000004816
      44   0.0022354540  -0.0025798302  -0.0000029017  -0.0045196596   0.0167962919   0.0000087880
      45  -0.0000044794   0.0000034100  -0.0003727204  -0.0000109776   0.0000080824   0.0023989314
      46  -0.0011138317   0.0012022408   0.0000020825  -0.0005817158  -0.0007294397   0.0000010032
      47  -0.0018605465   0.0027108152  -0.0000003362   0.0033183203  -0.0027282206   0.0000044755
      48  -0.0000029500   0.0000065392  -0.0001402999  -0.0000017554  -0.0000002438  -0.0000566259
      49  -0.0014158729   0.0020059789  -0.0000002613  -0.0000277781   0.0018742922  -0.0000002068
      50   0.0034449827  -0.0019845363   0.0000056568   0.0015728423  -0.0020464503  -0.0000028362
      51   0.0000031214  -0.0000024377   0.0004871859   0.0000033797  -0.0000021553  -0.0000407198
      52  -0.0000613234  -0.0023204566  -0.0000053156  -0.0293167440   0.0422436470  -0.0000023946
      53  -0.0023137813   0.0026595145   0.0000029646   0.0333555247  -0.0238934167  -0.0000026387
      54  -0.0000053446   0.0000015877  -0.0000254864   0.0000022745  -0.0000021049   0.0037326610
      55   0.0006858291   0.0013293692  -0.0000065108   0.0078539861   0.0061993493   0.0000115880
      56  -0.0013238068   0.0012060153  -0.0000046562   0.0032210089  -0.0046121664   0.0000028590
      57  -0.0000033939   0.0000001150   0.0000748349  -0.0000052017   0.0000020782   0.0032704394
      58  -0.3517089277  -0.0227814180   0.0000023300  -0.0008529728   0.0068191123   0.0000042909
      59   0.0227765414  -0.1149924651   0.0000014544   0.0021119970   0.0006995262   0.0000015355
      60  -0.0000029727   0.0000013727  -0.0583083328   0.0000072743  -0.0000085767  -0.0000708819
      61   0.6982200360   0.1442851608   0.0000006052   0.0071971477  -0.0140061278  -0.0000015948
      62   0.1442851608   0.7252172582  -0.0000004021  -0.0093228684   0.0125130721  -0.0000010022
      63   0.0000006052  -0.0000004021   0.1171138049  -0.0000063390   0.0000058101   0.0000416943
      64   0.0071971477  -0.0093228684  -0.0000063390   0.6546110591   0.0111481545  -0.0000035348
      65  -0.0140061278   0.0125130721   0.0000058101   0.0111481545   0.6939257783   0.0000036217
      66  -0.0000015948  -0.0000010022   0.0000416943  -0.0000035348   0.0000036217   0.1131695158
      67   0.0078420690  -0.0032062601   0.0000001741   0.0479853925  -0.0257575976   0.0000099728
      68  -0.0061912874  -0.0045953499   0.0000056813   0.0257359633  -0.0445950021   0.0000059920
      69   0.0000017665   0.0000017242   0.0032712040  -0.0000053655   0.0000053325   0.0008309794
      70  -0.0008593221  -0.0021107382  -0.0000067425  -0.0459891788   0.0255248714   0.0000157198
      71  -0.0068234207   0.0006985707  -0.0000076520  -0.0255066865   0.0334869086   0.0000131519
      72  -0.0000041769   0.0000006981  -0.0000710849  -0.0000157072   0.0000128890   0.0014267760
      73  -0.0293246671   0.0333538677  -0.0000045724   0.0555863853  -0.0382139746   0.0000035126
      74   0.0422655079  -0.0238980336   0.0000055726  -0.0381700204   0.0457927626   0.0000005827
      75   0.0000025020  -0.0000013753   0.0037318776   0.0000146256  -0.0000085041  -0.0000522079
      76   0.0001748404  -0.0001701974   0.0000055634   0.0009366277  -0.0007828863  -0.0000095584
      77  -0.0000610038   0.0000039015   0.0000044821  -0.0000841326   0.0007962020  -0.0000073817
      78   0.0000008936  -0.0000029967   0.0000060979   0.0000103213  -0.0000026678  -0.0014287798
      79  -0.0000566611  -0.0000454179  -0.0000002872   0.0002107871  -0.0000243397   0.0000025777
      80   0.0000320541  -0.0000270855   0.0000005256   0.0014986929   0.0004226003  -0.0000029391
      81  -0.0000126839   0.0000069290  -0.0000161616  -0.0000084607  -0.0000011196   0.0005683249
      82  -0.0001510916   0.0001362245   0.0000069550   0.0000962645   0.0001809045  -0.0000041002
      83   0.0000662583   0.0001222437  -0.0000057545  -0.0001449268  -0.0000181897   0.0000024664
      84  -0.0000035558   0.0000007039  -0.0001416007  -0.0000186464   0.0000142283  -0.0000248453
      85  -0.0000421837   0.0000655731  -0.0000018042  -0.0000094805  -0.0002154205  -0.0000068193
      86   0.0000444634  -0.0000585744  -0.0000016428   0.0000227465  -0.0001116727  -0.0000046647
      87   0.0000099391  -0.0000067500  -0.0000051095   0.0000066769  -0.0000042697   0.0000275566
      88  -0.0000901126   0.0000679768   0.0000041928   0.0009047136  -0.0001571439  -0.0000094631
      89   0.0000364397  -0.0000045891   0.0000054683  -0.0015245885   0.0013134254  -0.0000115360
      90  -0.0000000234   0.0000017254   0.0000450080  -0.0000024685   0.0000015419  -0.0021533706
      91   0.0000403263   0.0000003986   0.0000047407   0.0006615563   0.0014974613   0.0000026509
      92   0.0000620541  -0.0000702011  -0.0000057657   0.0000446851   0.0002271071  -0.0000030367
      93   0.0000048840  -0.0000006798  -0.0000060284  -0.0000007548   0.0000022877   0.0009205856
      94  -0.0044068399   0.0233904159  -0.0000011695  -0.0003379622   0.0001779135   0.0000044460
      95  -0.0045803366   0.0073006028   0.0000012136   0.0003348432   0.0001650744  -0.0000057401
      96   0.0000005062   0.0000001432   0.0014905627   0.0000020882  -0.0000003176  -0.0000032262
      97  -0.1736852419  -0.1475783180  -0.0000027421  -0.0003835317   0.0000075873  -0.0000051523
      98  -0.1463228112  -0.2434349115  -0.0000031120  -0.0003003179   0.0000728168  -0.0000070739
      99  -0.0000011984   0.0000012772  -0.0276033482  -0.0000047213   0.0000026134  -0.0000456632
     100   0.0001768268  -0.0001625259   0.0000090171  -0.2027798229  -0.1461928199  -0.0000144960
     101   0.0000504009  -0.0000136763   0.0000098080  -0.1456972816  -0.2035327354  -0.0000155116
     102   0.0000004842   0.0000011920   0.0000053479   0.0000041722  -0.0000008799  -0.0315588365
     103  -0.0001354318   0.0000905116   0.0000125781  -0.0004604279   0.0001329953  -0.0000007252
     104   0.0001176115  -0.0000882017  -0.0000129701  -0.0006672561  -0.0000237211  -0.0000004993
     105   0.0000032018  -0.0000001865  -0.0000100302   0.0000020693   0.0000030939  -0.0005661955
     106   0.0008077783  -0.0006712163  -0.0000073324   0.0001138639  -0.0005940185  -0.0000089714
     107   0.0011924907   0.0004336289  -0.0000075663  -0.0004722051   0.0000694375  -0.0000092187
     108  -0.0000038385  -0.0000001732  -0.0021508048  -0.0000035007   0.0000035095   0.0000081012
     109  -0.0000078757  -0.0004409440  -0.0000039764  -0.0001902593  -0.0006899680   0.0000074491
     110   0.0002077777   0.0000145617   0.0000035190   0.0000260016  -0.0002626752  -0.0000078742
     111   0.0000032182  -0.0000002989   0.0005563266   0.0000015072   0.0000005997  -0.0005257314
                     67             68             69             70             71             72
       1   0.0059548356   0.0041320457  -0.0000009567   0.0059525467   0.0041171998  -0.0000005387
       2   0.0027259701  -0.0012914380   0.0000010832   0.0027233680  -0.0012835661   0.0000019203
       3  -0.0000030829  -0.0000004896  -0.0009711416  -0.0000033291  -0.0000006425  -0.0009699902
       4   0.0161043706   0.0035890651  -0.0000245322  -0.0011493770  -0.0003124811  -0.0000174702
       5  -0.0115092895  -0.1233263332  -0.0000136632   0.0302598973   0.0444237941   0.0000105346
       6   0.0000076013   0.0000037092   0.0022620723   0.0000084702   0.0000061785  -0.0000592700
       7  -0.0011392215  -0.0003861216  -0.0000219765   0.0160369896   0.0036602914  -0.0000085456
       8   0.0302460030   0.0444138607  -0.0000016684  -0.0114897342  -0.1233300403   0.0000129545
       9  -0.0000086523  -0.0000064887  -0.0000536468  -0.0000104551  -0.0000058502   0.0022564870
      10  -0.0749877044   0.0138624113  -0.0000058408   0.0281521173   0.0066594433  -0.0000045005
      11   0.0001876600   0.0219489796  -0.0000087330  -0.0021805795  -0.0005655411   0.0000188977
      12  -0.0000059812  -0.0000037649  -0.0013103890  -0.0000037664  -0.0000018360   0.0001763457
      13   0.0281544956   0.0066177031  -0.0000170268  -0.0750215202   0.0138946402  -0.0000108275
      14  -0.0021888645  -0.0005579384  -0.0000210590   0.0002407322   0.0219817690   0.0000379757
      15  -0.0000032742  -0.0000020719   0.0001720968  -0.0000051955  -0.0000028563  -0.0013060135
      16   0.0050768919   0.0274829274   0.0000150058  -0.0102017079  -0.0115029908   0.0000060697
      17   0.0375520688   0.0714998219  -0.0000061522  -0.0240947220  -0.0446667606   0.0000027285
      18  -0.0000112195  -0.0000093639   0.0038680819  -0.0000135558  -0.0000103829   0.0001403420
      19  -0.1474967899  -0.1090384587   0.0000109629   0.0070173279   0.0096830018   0.0000134752
      20  -0.0490749915  -0.2811540313  -0.0000141684  -0.0359748366  -0.0539771092  -0.0000027398
      21  -0.0000103988  -0.0000058047  -0.0516594135  -0.0000144512  -0.0000107724   0.0000366965
      22   0.0070004618   0.0097162560   0.0000144762  -0.1474766632  -0.1090758464   0.0000077303
      23  -0.0359265529  -0.0539582997  -0.0000083124  -0.0490104363  -0.2811251563   0.0000106756
      24   0.0000067514   0.0000012392   0.0000356114   0.0000064350   0.0000046698  -0.0516588838
      25  -0.0101840454  -0.0114428905   0.0000169915   0.0050995709   0.0274445552   0.0000012575
      26  -0.0240404747  -0.0446347314  -0.0000005759   0.0376541800   0.0715424443   0.0000080687
      27  -0.0000106708  -0.0000107642   0.0001398006   0.0000008815  -0.0000005330   0.0038687276
      28  -0.0534313329  -0.0186923054   0.0000025406   0.0616719586   0.0281245583  -0.0000085364
      29   0.0087480125   0.0047201718   0.0000021309  -0.0003397203  -0.0162541548  -0.0000259711
      30   0.0000096806   0.0000041723   0.0000487211   0.0000064399   0.0000023086   0.0038420029
      31  -0.0680201140  -0.0376935419   0.0000045356  -0.2428732982  -0.0238657258   0.0000092756
      32  -0.0202847168  -0.0252595493   0.0000080382  -0.0421833666  -0.1012392518  -0.0000182756
      33  -0.0000024752  -0.0000034909   0.0000273359  -0.0000002855  -0.0000005639  -0.0500555103
      34  -0.2428643452  -0.0238354444   0.0000016183  -0.0679997245  -0.0377098675   0.0000002934
      35  -0.0421662129  -0.1012349704   0.0000067560  -0.0203176187  -0.0252871998  -0.0000079780
      36  -0.0000149823  -0.0000086607  -0.0500547301  -0.0000225429  -0.0000163781   0.0000275962
      37   0.0616813613   0.0281449983   0.0000093656  -0.0534324525  -0.0187140762   0.0000104471
      38  -0.0002906307  -0.0162396358   0.0000040532   0.0087658318   0.0047456012  -0.0000104720
      39   0.0000072260   0.0000029711   0.0038413807   0.0000098427   0.0000077977   0.0000479092
      40  -0.0087158223  -0.0066373462   0.0000005461  -0.0005887916   0.0007222774   0.0000001265
      41   0.0045226002   0.0168034695  -0.0000004826  -0.0033063517  -0.0027292736   0.0000045279
      42   0.0000076914   0.0000074869   0.0023988311   0.0000022170  -0.0000003042  -0.0000567320
      43  -0.0122155699  -0.0172832967  -0.0000043662  -0.0000285088  -0.0018729247   0.0000000858
      44  -0.0381054850  -0.0194540080  -0.0000072011  -0.0015975470  -0.0020569818  -0.0000026142
      45  -0.0000091736  -0.0000076810   0.0036961197  -0.0000035166  -0.0000017037  -0.0000406891
      46  -0.0000324889  -0.0018787304  -0.0000018944  -0.0122085181  -0.0172772927  -0.0000035862
      47  -0.0015826639  -0.0020674206  -0.0000064398  -0.0380898654  -0.0194264178   0.0000008114
      48  -0.0000127405  -0.0000106322  -0.0000416930  -0.0000088428  -0.0000046186   0.0036960841
      49  -0.0005832210   0.0007240130  -0.0000021893  -0.0087162489  -0.0066495379  -0.0000016401
      50  -0.0033131263  -0.0027189703   0.0000058830   0.0045291866   0.0167718379   0.0000084985
      51   0.0000066974   0.0000057830  -0.0000570424   0.0000108886   0.0000085881   0.0023989911
      52  -0.0008523143  -0.0068278033  -0.0000029484   0.0078400577  -0.0061902515  -0.0000104163
      53  -0.0021160603   0.0007012555   0.0000063507  -0.0032041537  -0.0046127728   0.0000026641
      54   0.0000040819   0.0000034371  -0.0000710088   0.0000052216   0.0000016054   0.0032704732
      55   0.0071949684   0.0139974041  -0.0000059912  -0.0293406672  -0.0422538586   0.0000013804
      56   0.0093284694   0.0125050266  -0.0000018533  -0.0333754609  -0.0238934774  -0.0000024052
      57   0.0000055931   0.0000039402   0.0000422879  -0.0000028228  -0.0000015987   0.0037319494
      58  -0.0293163039  -0.0422627173  -0.0000032004   0.0072074024   0.0140126840   0.0000010540
      59  -0.0333558122  -0.0238974117  -0.0000011001   0.0093274986   0.0125148662  -0.0000005497
      60   0.0000051404   0.0000060246   0.0037325287   0.0000072041   0.0000051133   0.0000418894
      61   0.0078420690  -0.0061912874   0.0000017665  -0.0008593221  -0.0068234207  -0.0000041769
      62  -0.0032062601  -0.0045953499   0.0000017242  -0.0021107382   0.0006985707   0.0000006981
      63   0.0000001741   0.0000056813   0.0032712040  -0.0000067425  -0.0000076520  -0.0000710849
      64   0.0479853925   0.0257359633  -0.0000053655  -0.0459891788  -0.0255066865  -0.0000157072
      65  -0.0257575976  -0.0445950021   0.0000053325   0.0255248714   0.0334869086   0.0000128890
      66   0.0000099728   0.0000059920   0.0008309794   0.0000157198   0.0000131519   0.0014267760
      67   0.6545981002  -0.0111872614  -0.0000070290   0.0555719923   0.0382187760  -0.0000035744
      68  -0.0111872614   0.6938912775   0.0000030457   0.0381861654   0.0458150041   0.0000001590
      69  -0.0000070290   0.0000030457   0.1131692862  -0.0000114877  -0.0000090727  -0.0000522173
      70   0.0555719923   0.0381861654  -0.0000114877   0.6545474933  -0.0111659066   0.0000048537
      71   0.0382187760   0.0458150041  -0.0000090727  -0.0111659066   0.6939508100   0.0000038790
      72  -0.0000035744   0.0000001590  -0.0000522173   0.0000048537   0.0000038790   0.1131695381
      73  -0.0459899004  -0.0255320086  -0.0000127805   0.0479553201   0.0257645958  -0.0000087766
      74   0.0255335945   0.0335098881   0.0000094916  -0.0257138007  -0.0445986363   0.0000065356
      75   0.0000109337   0.0000105840   0.0014262137   0.0000052997   0.0000045230   0.0008309969
      76   0.0002290284   0.0000452548   0.0000104261   0.0001175772  -0.0001729213   0.0000046100
      77  -0.0015063847   0.0004300332   0.0000074951   0.0001454677  -0.0000239383   0.0000029869
      78   0.0000134773   0.0000046772   0.0005705557   0.0000179046   0.0000141725  -0.0000248069
      79   0.0009303963   0.0007900294   0.0000000599  -0.0000016604   0.0001993764   0.0000068620
      80   0.0000540624   0.0007741515  -0.0000002181  -0.0000349617  -0.0001148313  -0.0000047573
      81  -0.0000045815   0.0000018137  -0.0014265314  -0.0000061599  -0.0000033518   0.0000275264
      82  -0.0000008380   0.0002223856   0.0000031435   0.0009594840   0.0007593320   0.0000092339
      83  -0.0000375739  -0.0001292508  -0.0000031408   0.0000331146   0.0007952906  -0.0000068688
      84  -0.0000133666  -0.0000075718   0.0000250816  -0.0000087736  -0.0000019156  -0.0014287161
      85   0.0000981212  -0.0001628115   0.0000052380   0.0002213520   0.0000096890  -0.0000025991
      86   0.0001380708  -0.0000127338   0.0000051484  -0.0015061121   0.0004111241  -0.0000030099
      87   0.0000152060   0.0000118486  -0.0000270459   0.0000068022  -0.0000005014   0.0005683732
      88  -0.0003421646  -0.0001617698   0.0000082109   0.0006910575  -0.0014962833  -0.0000024872
      89  -0.0003309633   0.0001839966   0.0000100412  -0.0000258637   0.0002265147  -0.0000033377
      90  -0.0000058577  -0.0000038494  -0.0000021552   0.0000004466   0.0000020576   0.0009206493
      91  -0.0003696716  -0.0000026046  -0.0000003484   0.0008989402   0.0001504645   0.0000092817
      92   0.0003100396   0.0000748610   0.0000012517   0.0015246970   0.0013098209  -0.0000117120
      93   0.0000007641   0.0000002722  -0.0000461146   0.0000017782   0.0000014299  -0.0021532416
      94   0.0008908768   0.0001477445  -0.0000018018  -0.0003733342  -0.0000116956   0.0000051840
      95   0.0015342422   0.0013065556   0.0000020703   0.0003105381   0.0000851816  -0.0000069231
      96   0.0000018396  -0.0000016889  -0.0021521710   0.0000050138   0.0000027889  -0.0000457196
      97   0.0006802439  -0.0014912417   0.0000023914  -0.0003579687  -0.0001733994  -0.0000044621
      98  -0.0000361738   0.0002369458   0.0000026770  -0.0003448011   0.0001692942  -0.0000056139
      99  -0.0000056964  -0.0000049920   0.0009197247  -0.0000020677  -0.0000006647  -0.0000032879
     100  -0.0001918550   0.0007177993   0.0000140852  -0.0004335638  -0.0001328000   0.0000006135
     101   0.0000035572  -0.0002191845   0.0000141498   0.0007085686  -0.0000061203  -0.0000005630
     102   0.0000000011  -0.0000047113  -0.0005259263  -0.0000007102   0.0000030603  -0.0005661343
     103   0.0001268462   0.0006084295   0.0000039035  -0.2027593838   0.1461778282   0.0000146459
     104   0.0004883002   0.0000669282  -0.0000030645   0.1456848604  -0.2035006765  -0.0000157001
     105  -0.0000005474  -0.0000026357   0.0000083771  -0.0000034228  -0.0000008485  -0.0315587734
     106  -0.0004478399  -0.0001131025   0.0000072914  -0.0002067183   0.0006904881  -0.0000074777
     107   0.0006937960   0.0000162168   0.0000075795  -0.0000152585  -0.0002451535  -0.0000079826
     108  -0.0000006293  -0.0000020760  -0.0005659394  -0.0000023197   0.0000013422  -0.0005257591
     109  -0.2027891326   0.1462009630  -0.0000022283   0.0001226035   0.0005861050   0.0000091841
     110   0.1457287214  -0.2035229294   0.0000025719   0.0004934318   0.0000989896  -0.0000090962
     111   0.0000044101   0.0000020276  -0.0315589232   0.0000037529   0.0000029838   0.0000080662
                     73             74             75             76             77             78
       1   0.0059583117  -0.0041209329   0.0000010130   0.0004697275  -0.0001256464  -0.0000053353
       2  -0.0027302410  -0.0012887097   0.0000010038  -0.0002506728   0.0002256918   0.0000005022
       3   0.0000027277  -0.0000013595  -0.0009711113   0.0000010785   0.0000019519   0.0005080277
       4  -0.0011173784   0.0004012063   0.0000221154  -0.0048492499   0.0037876723   0.0000174953
       5  -0.0302644035   0.0444283851  -0.0000012071   0.0002867839  -0.0001460430  -0.0000029483
       6   0.0000100370  -0.0000049549  -0.0000535236  -0.0000079682  -0.0000050945   0.0032122182
       7   0.0160708346  -0.0035841512   0.0000241551  -0.0000328085   0.0000334978   0.0000445169
       8   0.0114900299  -0.1233412585  -0.0000133917  -0.0002380985  -0.0001605426  -0.0000024121
       9  -0.0000054217   0.0000034341   0.0022621732   0.0000029945   0.0000044129  -0.0003234596
      10  -0.0749906319  -0.0138573710   0.0000059078  -0.0003823885   0.0000470751   0.0000140044
      11  -0.0002375810   0.0219545003  -0.0000085649  -0.0001942621   0.0001035209   0.0000154592
      12   0.0000047618  -0.0000042757  -0.0013103336   0.0000080412   0.0000054303   0.0001857347
      13   0.0281590002  -0.0066035708   0.0000172765   0.0003825285   0.0001053456   0.0000290768
      14   0.0021617944  -0.0005523647  -0.0000211933   0.0001101185  -0.0000060255  -0.0000105337
      15   0.0000026541  -0.0000018756   0.0001720477   0.0000038061   0.0000020314   0.0001663367
      16   0.0070021898  -0.0097282374  -0.0000144710  -0.0076755057   0.0089832603  -0.0000193141
      17   0.0359239898  -0.0539348316  -0.0000089279  -0.0187745871   0.0092814436   0.0000067520
      18  -0.0000067803   0.0000020066   0.0000356591   0.0000097666   0.0000079921  -0.0008103863
      19  -0.0102134106   0.0114431181  -0.0000179531  -0.0009607197   0.0008181905  -0.0000184142
      20   0.0240189645  -0.0446178901  -0.0000007394   0.0016105812  -0.0058325185   0.0000136758
      21   0.0000108675  -0.0000113857   0.0001396558   0.0000097952   0.0000089780   0.0080066251
      22   0.0050836696  -0.0274722281  -0.0000135609  -0.0000539445  -0.0000332929  -0.0000256193
      23  -0.0376093710   0.0715004524  -0.0000049848   0.0002968587   0.0001764182  -0.0000086386
      24   0.0000112164  -0.0000091409   0.0038681166  -0.0000053053  -0.0000050157   0.0000437712
      25  -0.1474801461   0.1090425815  -0.0000112912   0.0000412597  -0.0000421109  -0.0000238240
      26   0.0490588971  -0.2811429821  -0.0000139084   0.0003505167   0.0000815940  -0.0000065416
      27   0.0000086964  -0.0000052816  -0.0516595868  -0.0000041738  -0.0000048896   0.0000460157
      28  -0.0680078384   0.0376935589  -0.0000046608  -0.0002061472  -0.0004540709  -0.0000020700
      29   0.0203101895  -0.0252563396   0.0000077974   0.0001562011   0.0000828159   0.0000124169
      30   0.0000022228  -0.0000034010   0.0000273901  -0.0000055256  -0.0000020122  -0.0000400331
      31  -0.0534454695   0.0187024348  -0.0000022794  -0.0001345310  -0.0002955494  -0.0000073021
      32  -0.0087279061   0.0047130757   0.0000030992   0.0000853873   0.0000063759  -0.0000025052
      33  -0.0000104435   0.0000041142   0.0000486638  -0.0000025355  -0.0000030569   0.0000191285
      34   0.0616694624  -0.0281520285  -0.0000079308   0.0003295556   0.0001541485  -0.0000091746
      35   0.0003291642  -0.0162533096   0.0000039523   0.0003002671  -0.0005168421  -0.0000066425
      36  -0.0000077027   0.0000014047   0.0038415740   0.0000127066   0.0000107323  -0.0007534164
      37  -0.2428749611   0.0238504079  -0.0000011582   0.0002665096  -0.0001480452  -0.0000102861
      38   0.0421835450  -0.1012368313   0.0000068527   0.0001639255  -0.0000132151  -0.0000031876
      39   0.0000152802  -0.0000090717  -0.0500545377  -0.0000110250  -0.0000093725  -0.0000954438
      40  -0.0000260219   0.0018740049   0.0000011459  -0.2430167390  -0.1477459665   0.0000085801
      41   0.0015670633  -0.0020610984  -0.0000047785  -0.1477555647  -0.1745200617  -0.0000034572
      42   0.0000129085  -0.0000098897  -0.0000416527   0.0000020718   0.0000014826  -0.0325963533
      43  -0.0005830532  -0.0007196276   0.0000023366   0.0076589873  -0.0239718516   0.0000035303
      44   0.0033154531  -0.0027126717   0.0000040660   0.0052420912  -0.0051939674   0.0000076168
      45  -0.0000071783   0.0000059890  -0.0000571447  -0.0000003805  -0.0000003477   0.0040745624
      46  -0.0087187885   0.0066354598  -0.0000018339  -0.0000047898   0.0000603867   0.0000008684
      47  -0.0045145741   0.0168010947  -0.0000014834   0.0000013183   0.0000530551   0.0000068845
      48  -0.0000078594   0.0000077346   0.0023988771   0.0000023147   0.0000017085   0.0000111412
      49  -0.0122138793   0.0172878492   0.0000061559  -0.0000280038   0.0000515650   0.0000029960
      50   0.0380939034  -0.0194554695  -0.0000071719   0.0000138558  -0.0000577390  -0.0000099823
      51   0.0000092016  -0.0000080355   0.0036961907  -0.0000030540  -0.0000024124   0.0000027969
      52   0.0072081490  -0.0139967855   0.0000050006  -0.0000365600   0.0000412598   0.0000106460
      53  -0.0093265953   0.0124947092  -0.0000017671   0.0000671788  -0.0000517929  -0.0000068829
      54  -0.0000050602   0.0000050967   0.0000424318  -0.0000029574  -0.0000023342  -0.0000040428
      55  -0.0008610883   0.0068412374   0.0000031520  -0.0000506565  -0.0000271438   0.0000129007
      56   0.0021186322   0.0007071682   0.0000054277   0.0000523884  -0.0000234093   0.0000068266
      57  -0.0000043124   0.0000045771  -0.0000711589  -0.0000020194  -0.0000013261  -0.0000166444
      58   0.0078353650   0.0061841777  -0.0000018846  -0.0001527100  -0.0000761041   0.0000036883
      59   0.0032077228  -0.0045931968   0.0000019791  -0.0001357077   0.0001168800   0.0000008690
      60   0.0000001623   0.0000065335   0.0032711630  -0.0000073961  -0.0000056765  -0.0001416397
      61  -0.0293246671   0.0422655079   0.0000025020   0.0001748404  -0.0000610038   0.0000008936
      62   0.0333538677  -0.0238980336  -0.0000013753  -0.0001701974   0.0000039015  -0.0000029967
      63  -0.0000045724   0.0000055726   0.0037318776   0.0000055634   0.0000044821   0.0000060979
      64   0.0555863853  -0.0381700204   0.0000146256   0.0009366277  -0.0000841326   0.0000103213
      65  -0.0382139746   0.0457927626  -0.0000085041  -0.0007828863   0.0007962020  -0.0000026678
      66   0.0000035126   0.0000005827  -0.0000522079  -0.0000095584  -0.0000073817  -0.0014287798
      67  -0.0459899004   0.0255335945   0.0000109337   0.0002290284  -0.0015063847   0.0000134773
      68  -0.0255320086   0.0335098881   0.0000105840   0.0000452548   0.0004300332   0.0000046772
      69  -0.0000127805   0.0000094916   0.0014262137   0.0000104261   0.0000074951   0.0005705557
      70   0.0479553201  -0.0257138007   0.0000052997   0.0001175772   0.0001454677   0.0000179046
      71   0.0257645958  -0.0445986363   0.0000045230  -0.0001729213  -0.0000239383   0.0000141725
      72  -0.0000087766   0.0000065356   0.0008309969   0.0000046100   0.0000029869  -0.0000248069
      73   0.6545785089   0.0112074243   0.0000079501   0.0000023832   0.0000203392   0.0000134223
      74   0.0112074243   0.6938841373   0.0000022031  -0.0002326236  -0.0001251283  -0.0000075959
      75   0.0000079501   0.0000022031   0.1131693220  -0.0000044999  -0.0000026342   0.0000250970
      76   0.0000023832  -0.0002326236  -0.0000044999   0.2469126781   0.1597360435  -0.0000083130
      77   0.0000203392  -0.0001251283  -0.0000026342   0.1597360435   0.1743553024  -0.0000069352
      78   0.0000134223  -0.0000075959   0.0000250970  -0.0000083130  -0.0000069352   0.0230095226
      79   0.0001008337   0.0001704683  -0.0000052430   0.0000223882   0.0006738632  -0.0000024474
      80  -0.0001386837  -0.0000069313   0.0000050758  -0.0006636167   0.0011131990   0.0000022638
      81  -0.0000153100   0.0000118911  -0.0000270173  -0.0000013666  -0.0000010908  -0.0043259087
      82   0.0002131268  -0.0000457103  -0.0000090168   0.0000049837  -0.0000011524  -0.0000093734
      83   0.0015009550   0.0004447584   0.0000079666   0.0000071674   0.0000075897   0.0000075393
      84  -0.0000134967   0.0000050774   0.0005705594   0.0000094039   0.0000076373   0.0000142558
      85   0.0009499136  -0.0007932091  -0.0000001240   0.0000183015   0.0000071741  -0.0000056684
      86  -0.0000645653   0.0007785168  -0.0000002993   0.0000025854   0.0000006017  -0.0000043609
      87   0.0000038572   0.0000015330  -0.0014264765  -0.0000019985  -0.0000014198   0.0000113243
      88  -0.0003736124  -0.0000012522   0.0000002445  -0.0000119043  -0.0000100602  -0.0000096251
      89  -0.0002983978   0.0000661413   0.0000012733   0.0000246488  -0.0000018544  -0.0000116594
      90  -0.0000002220   0.0000003080  -0.0000461599   0.0000001213  -0.0000000054   0.0000161842
      91  -0.0003568843   0.0001616106  -0.0000082099   0.0000106424  -0.0000146895  -0.0000057217
      92   0.0003445768   0.0001868919   0.0000101624  -0.0000005402   0.0000051545   0.0000067647
      93   0.0000046380  -0.0000033162  -0.0000022123   0.0000017380   0.0000015969  -0.0000013298
      94   0.0006799067   0.0014917330  -0.0000024832   0.0000094962   0.0000141418  -0.0000006209
      95   0.0000436078   0.0002337032   0.0000029910  -0.0000217207   0.0000037728   0.0000009925
      96   0.0000049820  -0.0000050241   0.0009197773  -0.0000019268  -0.0000015385  -0.0000241872
      97   0.0008970638  -0.0001442558   0.0000017872   0.0000195477  -0.0000199611  -0.0000019168
      98  -0.0015197516   0.0013121603   0.0000020830  -0.0000059563   0.0000242779  -0.0000030650
      99  -0.0000011757  -0.0000013691  -0.0021520493   0.0000022838   0.0000020646   0.0000540486
     100   0.0001248893  -0.0006214892  -0.0000038182  -0.0000601826  -0.0001311108  -0.0000154518
     101  -0.0004645514   0.0000470388  -0.0000032043   0.0008792779  -0.0002076724  -0.0000160031
     102   0.0000007389  -0.0000023660   0.0000083465  -0.0000007098  -0.0000009981   0.0001865365
     103  -0.0002054246  -0.0007233610  -0.0000140332   0.0000002250  -0.0000135807  -0.0000142852
     104   0.0000382416  -0.0002314679   0.0000141621   0.0000036815   0.0000028357   0.0000142038
     105   0.0000011595  -0.0000044528  -0.0005259540   0.0000035438   0.0000029276   0.0000062433
     106  -0.2027759670  -0.1462029930   0.0000022763   0.0000123006   0.0000134376  -0.0000058956
     107  -0.1456830076  -0.2035428999   0.0000024779   0.0000066596   0.0000106243  -0.0000059748
     108  -0.0000045257   0.0000020144  -0.0315588890   0.0000003921   0.0000002391   0.0000001714
     109  -0.0004497347   0.0001151238  -0.0000073671   0.0000253666   0.0000267922  -0.0000037641
     110  -0.0006659472  -0.0000089564   0.0000072673  -0.0000498175   0.0000354115   0.0000033601
     111   0.0000013846  -0.0000029209  -0.0005658862  -0.0000011336  -0.0000010277   0.0003125946
                     79             80             81             82             83             84
       1   0.0004727640   0.0001295800   0.0000034854   0.0004675552   0.0001322848   0.0000054772
       2   0.0002503766   0.0002248019   0.0000000824   0.0002513592   0.0002237912   0.0000004703
       3  -0.0000021978   0.0000018607   0.0005103258  -0.0000025958   0.0000021017   0.0005080027
       4  -0.0048672924  -0.0038242313  -0.0000016412  -0.0000523322  -0.0000529154  -0.0000451783
       5  -0.0002824150  -0.0001471901  -0.0000006619   0.0002502019  -0.0001620609  -0.0000023723
       6  -0.0000040367   0.0000028072   0.0032067293  -0.0000041530   0.0000037470  -0.0003235451
       7  -0.0000436992  -0.0000562958  -0.0000390342  -0.0048561608  -0.0038287501  -0.0000183150
       8   0.0002590376  -0.0001714302  -0.0000038267  -0.0002772525  -0.0001541230  -0.0000030782
       9   0.0000036149  -0.0000021064  -0.0003295611   0.0000058607  -0.0000045502   0.0032121252
      10   0.0003743997  -0.0001201627  -0.0000251962  -0.0003966271  -0.0000624494  -0.0000135324
      11  -0.0001084966  -0.0000240340  -0.0000114189   0.0002153599   0.0000849197   0.0000156828
      12  -0.0000082344   0.0000065287   0.0001706884  -0.0000060434   0.0000053427   0.0001857022
      13  -0.0003945380  -0.0000657239  -0.0000044493   0.0003767875  -0.0001231027  -0.0000286468
      14   0.0002231299   0.0000797546   0.0000206361  -0.0001076245  -0.0000196969  -0.0000103602
      15  -0.0000037798   0.0000028755   0.0001904702  -0.0000025829   0.0000019629   0.0001663100
      16  -0.0009502582  -0.0007928711   0.0000090975  -0.0000522763   0.0000494558   0.0000257045
      17  -0.0015789945  -0.0058360049   0.0000166252  -0.0002776351   0.0001639789  -0.0000093483
      18   0.0000029853  -0.0000013597   0.0080085835   0.0000052779  -0.0000040704   0.0000438030
      19  -0.0076634410  -0.0089667453   0.0000104557   0.0000685712   0.0000416837   0.0000229719
      20   0.0188160072   0.0092306880   0.0000112894  -0.0003578367   0.0000898492  -0.0000069371
      21  -0.0000043308   0.0000045059  -0.0008109420   0.0000049962  -0.0000039912   0.0000460394
      22   0.0000524952   0.0000504256   0.0000181280  -0.0076771701  -0.0089559529   0.0000180850
      23  -0.0003651831   0.0001123820  -0.0000103958   0.0188017407   0.0092558186   0.0000062869
      24  -0.0000036674   0.0000022990   0.0000456512  -0.0000093699   0.0000070121  -0.0008103572
      25  -0.0000518830   0.0000518332   0.0000212806  -0.0009573993  -0.0007936982   0.0000186479
      26  -0.0003092167   0.0001723428  -0.0000092163  -0.0016154763  -0.0058186433   0.0000130420
      27   0.0000016126  -0.0000026803   0.0000452098  -0.0000103887   0.0000080852   0.0080066515
      28   0.0003354522  -0.0001371594   0.0000073703  -0.0001356327   0.0003169423   0.0000078708
      29  -0.0003021963  -0.0005157613  -0.0000067293  -0.0000950588   0.0000154914  -0.0000030604
      30  -0.0000000675   0.0000005020  -0.0007537451   0.0000025066  -0.0000026183   0.0000190806
      31   0.0002681431   0.0001406270   0.0000091538  -0.0001934415   0.0004463502   0.0000001744
      32  -0.0001937770   0.0000184784  -0.0000073958  -0.0001592336   0.0000922768   0.0000117511
      33   0.0000065399  -0.0000057376  -0.0000951094   0.0000052145  -0.0000024837  -0.0000400095
      34  -0.0001996063   0.0004545247  -0.0000013862   0.0002793765   0.0001348368   0.0000113818
      35  -0.0001537661   0.0000942906   0.0000131454  -0.0001746278   0.0000054123  -0.0000025518
      36   0.0000000934  -0.0000011695  -0.0000397897   0.0000108080  -0.0000089389  -0.0000954840
      37  -0.0001327067   0.0003113810   0.0000051623   0.0003325105  -0.0001385304   0.0000085145
      38  -0.0000948007   0.0000179224  -0.0000023205  -0.0003053605  -0.0005139457  -0.0000063806
      39  -0.0000058724   0.0000037658   0.0000184162  -0.0000124608   0.0000102392  -0.0007534071
      40   0.0076581175   0.0239722140  -0.0000040391  -0.0000006949  -0.0000667821  -0.0000013486
      41  -0.0052340602  -0.0052004262   0.0000064401  -0.0000014879   0.0000701790   0.0000088630
      42  -0.0000097908   0.0000082048   0.0040748808  -0.0000021402   0.0000016086   0.0000111330
      43  -0.2430260100   0.1477449406  -0.0000079369  -0.0000321765  -0.0000497542  -0.0000029621
      44   0.1477437834  -0.1745243470  -0.0000006061  -0.0000033419  -0.0000714711  -0.0000109214
      45   0.0000031425  -0.0000028408  -0.0325961260   0.0000031423  -0.0000024991   0.0000027722
      46  -0.0000314698  -0.0000528478  -0.0000015219  -0.2430305157   0.1477493754  -0.0000091340
      47  -0.0000104878  -0.0000688200  -0.0000081597   0.1477388854  -0.1745205208  -0.0000036531
      48   0.0000051854  -0.0000043708   0.0000035243  -0.0000018768   0.0000015941  -0.0325963731
      49  -0.0000082602  -0.0000612728   0.0000001215   0.0076569975   0.0239714506  -0.0000037095
      50   0.0000038492   0.0000659259   0.0000033869  -0.0052257570  -0.0051981157   0.0000078951
      51  -0.0000022223   0.0000018831   0.0000115470   0.0000006444  -0.0000002187   0.0040745478
      52  -0.0001578957   0.0000737046  -0.0000004895  -0.0000639326   0.0000338884  -0.0000132000
      53   0.0001312656   0.0001263894  -0.0000019476  -0.0000479990  -0.0000219099   0.0000072701
      54   0.0000018367  -0.0000013902  -0.0001411357   0.0000014173  -0.0000011603  -0.0000165426
      55   0.0001740786   0.0000512660   0.0000018833  -0.0000294540  -0.0000441827  -0.0000098039
      56   0.0001619181   0.0000067487  -0.0000003145  -0.0000644798  -0.0000541021  -0.0000067534
      57   0.0000016065  -0.0000014260   0.0000046870   0.0000032684  -0.0000023912  -0.0000040966
      58  -0.0000393790  -0.0000490662  -0.0000103768   0.0001739480   0.0000532935  -0.0000012189
      59  -0.0000631726  -0.0000611277  -0.0000066394   0.0001616145   0.0000038190  -0.0000033027
      60   0.0000018392  -0.0000015840  -0.0000049167  -0.0000055676   0.0000045546   0.0000061276
      61  -0.0000566611   0.0000320541  -0.0000126839  -0.0001510916   0.0000662583  -0.0000035558
      62  -0.0000454179  -0.0000270855   0.0000069290   0.0001362245   0.0001222437   0.0000007039
      63  -0.0000002872   0.0000005256  -0.0000161616   0.0000069550  -0.0000057545  -0.0001416007
      64   0.0002107871   0.0014986929  -0.0000084607   0.0000962645  -0.0001449268  -0.0000186464
      65  -0.0000243397   0.0004226003  -0.0000011196   0.0001809045  -0.0000181897   0.0000142283
      66   0.0000025777  -0.0000029391   0.0005683249  -0.0000041002   0.0000024664  -0.0000248453
      67   0.0009303963   0.0000540624  -0.0000045815  -0.0000008380  -0.0000375739  -0.0000133666
      68   0.0007900294   0.0007741515   0.0000018137   0.0002223856  -0.0001292508  -0.0000075718
      69   0.0000000599  -0.0000002181  -0.0014265314   0.0000031435  -0.0000031408   0.0000250816
      70  -0.0000016604  -0.0000349617  -0.0000061599   0.0009594840   0.0000331146  -0.0000087736
      71   0.0001993764  -0.0001148313  -0.0000033518   0.0007593320   0.0007952906  -0.0000019156
      72   0.0000068620  -0.0000047573   0.0000275264   0.0000092339  -0.0000068688  -0.0014287161
      73   0.0001008337  -0.0001386837  -0.0000153100   0.0002131268   0.0015009550  -0.0000134967
      74   0.0001704683  -0.0000069313   0.0000118911  -0.0000457103   0.0004447584   0.0000050774
      75  -0.0000052430   0.0000050758  -0.0000270173  -0.0000090168   0.0000079666   0.0005705594
      76   0.0000223882  -0.0006636167  -0.0000013666   0.0000049837   0.0000071674   0.0000094039
      77   0.0006738632   0.0011131990  -0.0000010908  -0.0000011524   0.0000075897   0.0000076373
      78  -0.0000024474   0.0000022638  -0.0043259087  -0.0000093734   0.0000075393   0.0000142558
      79   0.2469300404  -0.1597345587   0.0000066571   0.0000237130   0.0000011608   0.0000055746
      80  -0.1597345587   0.1743533556  -0.0000054873   0.0000010672  -0.0000128716  -0.0000042736
      81   0.0000066571  -0.0000054873   0.0230087307   0.0000022026  -0.0000015143   0.0000113345
      82   0.0000237130   0.0000010672   0.0000022026   0.2469228393  -0.1597366673   0.0000085961
      83   0.0000011608  -0.0000128716  -0.0000015143  -0.1597366673   0.1743430819  -0.0000068914
      84   0.0000055746  -0.0000042736   0.0000113345   0.0000085961  -0.0000068914   0.0230095016
      85   0.0000072444   0.0000066721   0.0000076208   0.0000253363  -0.0006681483   0.0000025629
      86  -0.0000021242   0.0000076904   0.0000062156   0.0006723605   0.0011151005   0.0000022017
      87  -0.0000075957   0.0000062188   0.0000144251   0.0000012433  -0.0000009510  -0.0043259052
      88   0.0000165406  -0.0000152367  -0.0000015062   0.0000094708   0.0000170994   0.0000063933
      89   0.0000144241   0.0000149484  -0.0000018573  -0.0000075408   0.0000151980   0.0000067771
      90   0.0000011075  -0.0000011620  -0.0000243259  -0.0000015507   0.0000015209  -0.0000013920
      91   0.0000243446   0.0000229090   0.0000001792  -0.0000011376   0.0000008266   0.0000098675
      92  -0.0000029067   0.0000214669  -0.0000007821  -0.0000311416  -0.0000012459  -0.0000116810
      93  -0.0000032338   0.0000026078   0.0000543482  -0.0000000971   0.0000002276   0.0000161601
      94  -0.0000002486   0.0000015260   0.0000106970   0.0000237615   0.0000236006   0.0000020876
      95  -0.0000313091  -0.0000004494  -0.0000126593  -0.0000022953   0.0000216367  -0.0000030524
      96  -0.0000009363   0.0000005182   0.0000154711  -0.0000023654   0.0000019025   0.0000539696
      97   0.0000092024   0.0000196631   0.0000050949   0.0000092631  -0.0000089665   0.0000007919
      98  -0.0000072521   0.0000163954   0.0000054571   0.0000138874   0.0000153738   0.0000009732
      99   0.0000015576  -0.0000011813  -0.0000021744   0.0000019672  -0.0000014672  -0.0000242612
     100   0.0000262024  -0.0000135045  -0.0000020199   0.0000015103   0.0000188972   0.0000145589
     101   0.0000382154   0.0000485197  -0.0000023918  -0.0000151731   0.0000190352   0.0000143009
     102  -0.0000001080   0.0000000352   0.0003123426  -0.0000032316   0.0000027575   0.0000061931
     103   0.0000214008  -0.0000026945   0.0000012413  -0.0000499720   0.0001386905   0.0000157585
     104  -0.0000257771   0.0000083438  -0.0000009042  -0.0009035985  -0.0001987025  -0.0000160143
     105  -0.0000024211   0.0000021380   0.0000000217   0.0000006629  -0.0000009889   0.0001864899
     106   0.0000023059   0.0000208041   0.0000129068   0.0000268831  -0.0000176084   0.0000039625
     107  -0.0000159983   0.0000196975   0.0000125525   0.0000378146   0.0000547605   0.0000034054
     108   0.0000023629  -0.0000018566   0.0000060248   0.0000011503  -0.0000009619   0.0003125412
     109  -0.0000518159   0.0001399487   0.0000151453   0.0000211941  -0.0000025557   0.0000061812
     110  -0.0009055667  -0.0001969714  -0.0000158997  -0.0000246135   0.0000070513  -0.0000059673
     111  -0.0000024859   0.0000021394   0.0001868142  -0.0000002463   0.0000001926   0.0000001217
                     85             86             87             88             89             90
       1   0.0004719426  -0.0001271187  -0.0000033739   0.0001882340  -0.0002980875   0.0000003754
       2  -0.0002482750   0.0002263714   0.0000000467  -0.0000982533   0.0005161626   0.0000010987
       3   0.0000020057   0.0000018382   0.0005102961   0.0000025144   0.0000036821   0.0006282008
       4  -0.0000569588   0.0000315810   0.0000381435  -0.0000007487   0.0001874551  -0.0000051073
       5  -0.0002496937  -0.0001644231  -0.0000037468  -0.0000452421   0.0005389330  -0.0000000980
       6  -0.0000030341  -0.0000022362  -0.0003296637  -0.0000072331  -0.0000026499   0.0006165972
       7  -0.0048505855   0.0037933514   0.0000007772   0.0001449169  -0.0002306075  -0.0000007562
       8   0.0002923530  -0.0001399753  -0.0000005795   0.0000123592  -0.0002715322  -0.0000044847
       9   0.0000039843   0.0000029710   0.0032066289  -0.0000039748   0.0000033879   0.0002170528
      10   0.0003759417   0.0001095058   0.0000252484  -0.0003514975  -0.0002662560  -0.0000053803
      11   0.0001039768  -0.0000006451  -0.0000113090   0.0001276052  -0.0000845302  -0.0000105414
      12   0.0000079302   0.0000064843   0.0001706422   0.0000133118   0.0000104202  -0.0005069214
      13  -0.0003955227   0.0000444451   0.0000045872   0.0002068657   0.0003696755   0.0000028580
      14  -0.0002095017   0.0000979384   0.0000201809   0.0035637449  -0.0051580622  -0.0000029398
      15   0.0000036326   0.0000028343   0.0001904428   0.0000105131   0.0000076873   0.0042379277
      16   0.0000630203  -0.0000296652  -0.0000193361   0.0001698422   0.0002431170   0.0000055027
      17   0.0003980219   0.0001128235  -0.0000094219  -0.0002308636  -0.0006092414   0.0000047181
      18   0.0000036338   0.0000024205   0.0000456786   0.0000072264   0.0000084943  -0.0001174718
      19  -0.0000454571  -0.0000376373  -0.0000212995   0.0000259426   0.0001090705   0.0000044603
      20   0.0002881487   0.0001804688  -0.0000096703   0.0000409962  -0.0002316384  -0.0000010397
      21  -0.0000017227  -0.0000025352   0.0000452041   0.0000111081   0.0000127137  -0.0000471476
      22  -0.0009517863   0.0008203960  -0.0000099599  -0.0004539814   0.0002135744  -0.0000011177
      23   0.0015975523  -0.0058404004   0.0000163890   0.0003171582   0.0001620880  -0.0000049944
      24  -0.0000029685  -0.0000014909   0.0080086265  -0.0000019222  -0.0000023817  -0.0001547018
      25  -0.0076856942   0.0089768908  -0.0000103337  -0.0000551301   0.0000152627   0.0000011410
      26  -0.0188125163   0.0092534826   0.0000111865  -0.0000520979   0.0002026894  -0.0000083159
      27   0.0000042912   0.0000043473  -0.0008108796  -0.0000012862  -0.0000018360  -0.0000289283
      28   0.0002800775  -0.0001417764  -0.0000098279   0.0087157752  -0.0188712580   0.0000046046
      29   0.0001879123   0.0000048593  -0.0000068897   0.0087537551  -0.0080694140   0.0000023178
      30  -0.0000064632  -0.0000056298  -0.0000951078  -0.0000050111  -0.0000058543  -0.0011539162
      31   0.0003295835   0.0001549515  -0.0000062487  -0.0064117403   0.0019628183   0.0000005062
      32   0.0002975711  -0.0005243856  -0.0000062388   0.0005764807  -0.0005699141   0.0000022627
      33   0.0000000608   0.0000003205  -0.0007537782  -0.0000042021  -0.0000055693   0.0053821308
      34  -0.0001297593  -0.0003006165  -0.0000045943   0.0005770538   0.0004140920  -0.0000016972
      35   0.0000891725   0.0000039802  -0.0000019671   0.0000263537   0.0000523280   0.0000058083
      36   0.0000059246   0.0000039098   0.0000184141   0.0000100319   0.0000120715   0.0000063101
      37  -0.0001945447  -0.0004503937   0.0000022583   0.0003867877   0.0005409922  -0.0000000918
      38   0.0001478524   0.0000753769   0.0000130022  -0.0001493921  -0.0000405448   0.0000032248
      39  -0.0000002096  -0.0000013614  -0.0000398201  -0.0000053934  -0.0000065253   0.0000643940
      40  -0.0000333565   0.0000452901   0.0000018494  -0.0000374232  -0.0000040763  -0.0000008076
      41   0.0000083261  -0.0000665993  -0.0000082698   0.0000616308   0.0000284071   0.0000007536
      42  -0.0000052086  -0.0000044504   0.0000035064   0.0000054979   0.0000057982   0.0000062032
      43  -0.0000021887   0.0000637065  -0.0000009701  -0.0000217459   0.0000222594   0.0000012373
      44   0.0000003747   0.0000555057   0.0000035556  -0.0000232999  -0.0000785932  -0.0000002035
      45   0.0000020471   0.0000018569   0.0000115238  -0.0000001576  -0.0000008804  -0.0000180914
      46   0.0076600762  -0.0239724374   0.0000054379   0.0001276932  -0.0000403915  -0.0000003818
      47   0.0052269676  -0.0051989571   0.0000057703  -0.0000734119  -0.0000280529  -0.0000026613
      48   0.0000097828   0.0000081110   0.0040748656   0.0000018893   0.0000028572  -0.0001986244
      49  -0.2430293189  -0.1477472186   0.0000075751   0.0000021468  -0.0000797697   0.0000004706
      50  -0.1477405003  -0.1745199519   0.0000000370  -0.0000759906   0.0000446172  -0.0000012645
      51  -0.0000030376  -0.0000027617  -0.0325962108  -0.0000027878  -0.0000039168  -0.0000048496
      52   0.0001721292  -0.0000620788  -0.0000023564  -0.1736846011  -0.1463250574   0.0000027096
      53  -0.0001644987   0.0000061939  -0.0000011975  -0.1475553763  -0.2434211625  -0.0000027133
      54  -0.0000016193  -0.0000012990   0.0000048442  -0.0000063931  -0.0000078230  -0.0276047848
      55  -0.0001534265  -0.0000725199   0.0000010778  -0.0044021257   0.0045818124  -0.0000011109
      56  -0.0001341059   0.0001215947  -0.0000017091  -0.0233812130   0.0073136283   0.0000007906
      57  -0.0000017771  -0.0000013999  -0.0001412487  -0.0000029548  -0.0000035955   0.0014888533
      58  -0.0000605417  -0.0000327864   0.0000133585   0.0000415431  -0.0000649510  -0.0000044950
      59   0.0000486432  -0.0000254772   0.0000068960  -0.0000034983  -0.0000674717  -0.0000019904
      60   0.0000002748   0.0000005613  -0.0000158954  -0.0000053217  -0.0000056991  -0.0000066019
      61  -0.0000421837   0.0000444634   0.0000099391  -0.0000901126   0.0000364397  -0.0000000234
      62   0.0000655731  -0.0000585744  -0.0000067500   0.0000679768  -0.0000045891   0.0000017254
      63  -0.0000018042  -0.0000016428  -0.0000051095   0.0000041928   0.0000054683   0.0000450080
      64  -0.0000094805   0.0000227465   0.0000066769   0.0009047136  -0.0015245885  -0.0000024685
      65  -0.0002154205  -0.0001116727  -0.0000042697  -0.0001571439   0.0013134254   0.0000015419
      66  -0.0000068193  -0.0000046647   0.0000275566  -0.0000094631  -0.0000115360  -0.0021533706
      67   0.0000981212   0.0001380708   0.0000152060  -0.0003421646  -0.0003309633  -0.0000058577
      68  -0.0001628115  -0.0000127338   0.0000118486  -0.0001617698   0.0001839966  -0.0000038494
      69   0.0000052380   0.0000051484  -0.0000270459   0.0000082109   0.0000100412  -0.0000021552
      70   0.0002213520  -0.0015061121   0.0000068022   0.0006910575  -0.0000258637   0.0000004466
      71   0.0000096890   0.0004111241  -0.0000005014  -0.0014962833   0.0002265147   0.0000020576
      72  -0.0000025991  -0.0000030099   0.0005683732  -0.0000024872  -0.0000033377   0.0009206493
      73   0.0009499136  -0.0000645653   0.0000038572  -0.0003736124  -0.0002983978  -0.0000002220
      74  -0.0007932091   0.0007785168   0.0000015330  -0.0000012522   0.0000661413   0.0000003080
      75  -0.0000001240  -0.0000002993  -0.0014264765   0.0000002445   0.0000012733  -0.0000461599
      76   0.0000183015   0.0000025854  -0.0000019985  -0.0000119043   0.0000246488   0.0000001213
      77   0.0000071741   0.0000006017  -0.0000014198  -0.0000100602  -0.0000018544  -0.0000000054
      78  -0.0000056684  -0.0000043609   0.0000113243  -0.0000096251  -0.0000116594   0.0000161842
      79   0.0000072444  -0.0000021242  -0.0000075957   0.0000165406   0.0000144241   0.0000011075
      80   0.0000066721   0.0000076904   0.0000062188  -0.0000152367   0.0000149484  -0.0000011620
      81   0.0000076208   0.0000062156   0.0000144251  -0.0000015062  -0.0000018573  -0.0000243259
      82   0.0000253363   0.0006723605   0.0000012433   0.0000094708  -0.0000075408  -0.0000015507
      83  -0.0006681483   0.0011151005  -0.0000009510   0.0000170994   0.0000151980   0.0000015209
      84   0.0000025629   0.0000022017  -0.0043259052   0.0000063933   0.0000067771  -0.0000013920
      85   0.2469317884   0.1597405467  -0.0000067028   0.0000202461  -0.0000010874   0.0000032259
      86   0.1597405467   0.1743619390  -0.0000054229  -0.0000224229   0.0000239511   0.0000025873
      87  -0.0000067028  -0.0000054229   0.0230087713   0.0000007525  -0.0000007478   0.0000543040
      88   0.0000202461  -0.0000224229   0.0000007525   0.1730689509   0.1594165718  -0.0000001709
      89  -0.0000010874   0.0000239511  -0.0000007478   0.1594165718   0.2480477646   0.0000002575
      90   0.0000032259   0.0000025873   0.0000543040  -0.0000001709   0.0000002575   0.0211319947
      91   0.0000095151   0.0000148093   0.0000017188   0.0010620472  -0.0006991261  -0.0000020698
      92  -0.0000216185   0.0000035015  -0.0000017834   0.0006907402  -0.0000699819   0.0000022008
      93  -0.0000010808  -0.0000010663  -0.0000243625   0.0000016956   0.0000021871  -0.0030200998
      94   0.0000085383  -0.0000155191  -0.0000049533   0.0000140975   0.0000019329  -0.0000002351
      95   0.0000021194   0.0000068398   0.0000054489  -0.0000183501  -0.0000049047   0.0000004952
      96  -0.0000016023  -0.0000012056  -0.0000022659  -0.0000019688  -0.0000020641   0.0000367926
      97  -0.0000000407  -0.0000033812  -0.0000105503  -0.0000029251   0.0000111754   0.0000033179
      98   0.0000321611  -0.0000012888  -0.0000125953   0.0000051639   0.0000243353   0.0000042599
      99   0.0000009912   0.0000005744   0.0000154153   0.0000010642   0.0000016834   0.0000215875
     100   0.0000207589   0.0000130363  -0.0000009487  -0.0001631692   0.0008917265  -0.0000008411
     101   0.0000162906   0.0000110268  -0.0000007892  -0.0001253334  -0.0000871297  -0.0000001343
     102   0.0000023432   0.0000020308  -0.0000000476   0.0000007069   0.0000011873   0.0001196850
     103   0.0000266173   0.0000232046   0.0000022755   0.0000451162  -0.0000422713  -0.0000037210
     104  -0.0000496505   0.0000293315  -0.0000024836   0.0000255048   0.0000231526   0.0000038093
     105   0.0000000742   0.0000000155   0.0003122826   0.0000039529   0.0000049302   0.0000213348
     106  -0.0000501932  -0.0001330945  -0.0000149842   0.0000067055   0.0000135069   0.0000053677
     107   0.0008864582  -0.0002068856  -0.0000158435   0.0000120997   0.0000259903   0.0000058592
     108   0.0000025488   0.0000021928   0.0001867671  -0.0000004250  -0.0000005832   0.0000001194
     109   0.0000018850  -0.0000148268  -0.0000126634   0.0000162328   0.0000114788   0.0000016304
     110   0.0000001335   0.0000004729   0.0000125316  -0.0000296578  -0.0000039621  -0.0000016207
     111  -0.0000022741  -0.0000018188   0.0000059726  -0.0000011806  -0.0000013750   0.0000026086
                     91             92             93             94             95             96
       1   0.0001907068   0.0002899989  -0.0000003183   0.0001912596   0.0002904011  -0.0000015330
       2   0.0000949132   0.0005107995   0.0000010891   0.0000951879   0.0005109606  -0.0000000651
       3  -0.0000027783   0.0000037169   0.0006282092  -0.0000028398   0.0000038615   0.0006257206
       4   0.0001274041   0.0002438698   0.0000022334   0.0000138784  -0.0001790463   0.0000000232
       5  -0.0000005440  -0.0002657774  -0.0000044614   0.0000679013   0.0005458306  -0.0000007234
       6  -0.0000047399   0.0000032629   0.0002170170  -0.0000048966   0.0000025787   0.0006415350
       7   0.0000108147  -0.0001766318   0.0000063406   0.0001300924   0.0002350511   0.0000111213
       8   0.0000731741   0.0005383354   0.0000000483   0.0000049112  -0.0002756589  -0.0000006650
       9  -0.0000006733  -0.0000027900   0.0006165632  -0.0000007433  -0.0000023021   0.0002421008
      10  -0.0003521869   0.0002848709   0.0000051867   0.0002149209  -0.0003616669   0.0000027193
      11  -0.0000736634  -0.0000704001  -0.0000106018  -0.0035667081  -0.0051282222  -0.0000007079
      12  -0.0000061386   0.0000104420  -0.0005069095  -0.0000078765   0.0000137767   0.0042189876
      13   0.0002170207  -0.0003624808  -0.0000031088  -0.0003473633   0.0002776188   0.0000056302
      14  -0.0035569386  -0.0051405260  -0.0000025615  -0.0000655458  -0.0000819093   0.0000008988
      15  -0.0000042519   0.0000077335   0.0042380004  -0.0000033475   0.0000067645  -0.0005265049
      16  -0.0004666616  -0.0002172180   0.0000020442   0.0000223029  -0.0001074717   0.0000024263
      17  -0.0003066232   0.0001717835  -0.0000061133  -0.0000365179  -0.0002116021   0.0000066979
      18   0.0000025219  -0.0000025615  -0.0001546328  -0.0000006688   0.0000011471  -0.0000498924
      19  -0.0000340279  -0.0000359282  -0.0000011254   0.0001622417  -0.0002583635  -0.0000003284
      20   0.0000548316   0.0002034587  -0.0000081935   0.0002655573  -0.0006340891  -0.0000048715
      21   0.0000020105  -0.0000018915  -0.0000288955  -0.0000071903   0.0000086785  -0.0001205474
      22   0.0001526798  -0.0002431123  -0.0000037530  -0.0000493639  -0.0000166143  -0.0000067006
      23   0.0002575058  -0.0006223424   0.0000045851   0.0000389390   0.0002215447   0.0000001711
      24  -0.0000060950   0.0000086135  -0.0001174329  -0.0000025260   0.0000036772  -0.0000321951
      25   0.0000259194  -0.0001238438  -0.0000042085  -0.0004573531  -0.0002155363  -0.0000054493
      26  -0.0000384903  -0.0002086698  -0.0000014268  -0.0003120405   0.0001826960  -0.0000007025
      27  -0.0000101721   0.0000127863  -0.0000471637  -0.0000017678   0.0000029448  -0.0001565456
      28  -0.0064346318  -0.0019513385   0.0000002089   0.0005832422  -0.0004227913  -0.0000014233
      29  -0.0006005967  -0.0005659843   0.0000025690  -0.0000461964   0.0000465964  -0.0000005396
      30   0.0000040233  -0.0000055332   0.0053818510   0.0000034498  -0.0000047840   0.0000058387
      31   0.0087215427   0.0188656495  -0.0000035219   0.0003904799  -0.0005378449  -0.0000000806
      32  -0.0087712196  -0.0080724192   0.0000027931   0.0001141424  -0.0000299386  -0.0000019241
      33   0.0000049167  -0.0000059753  -0.0011535436   0.0000075041  -0.0000097328   0.0000644561
      34   0.0003949615  -0.0005461078  -0.0000008225   0.0087277822   0.0188623276  -0.0000007891
      35   0.0001265419  -0.0000479235   0.0000037160  -0.0087646438  -0.0080793266  -0.0000002283
      36   0.0000052027  -0.0000065784   0.0000642257  -0.0000037766   0.0000051837  -0.0011533581
      37   0.0005773404  -0.0004151289   0.0000015646  -0.0064319632  -0.0019567722  -0.0000022151
      38  -0.0000408474   0.0000379880   0.0000050845  -0.0005940104  -0.0005752043   0.0000000231
      39  -0.0000100931   0.0000122048   0.0000064517  -0.0000027779   0.0000035530   0.0053825809
      40   0.0001311090   0.0000361405   0.0000006904  -0.0000281394  -0.0000200242   0.0000004669
      41   0.0000656409  -0.0000306508  -0.0000020884   0.0000490452  -0.0000848413   0.0000001758
      42  -0.0000018028   0.0000028898  -0.0001985656  -0.0000084782   0.0000104115  -0.0000193915
      43  -0.0000002825   0.0000866029   0.0000001868  -0.0000415666   0.0000130196   0.0000011863
      44   0.0000837302   0.0000386887  -0.0000018118  -0.0000565347   0.0000569784   0.0000021587
      45   0.0000032903  -0.0000038275  -0.0000048208   0.0000045111  -0.0000054390   0.0000042201
      46  -0.0000407196   0.0000129064   0.0000000207   0.0000008561   0.0000845056   0.0000007734
      47  -0.0000532090   0.0000496166   0.0000010798   0.0000804881   0.0000422715   0.0000011708
      48  -0.0000048640   0.0000057472   0.0000061598   0.0000019470  -0.0000018605  -0.0000063640
      49  -0.0000270598  -0.0000171115   0.0000004627   0.0001268095   0.0000422156   0.0000000313
      50   0.0000373872  -0.0000840124  -0.0000001291   0.0000726664  -0.0000249634  -0.0000020754
      51   0.0000008524  -0.0000009253  -0.0000181196  -0.0000006292   0.0000008635  -0.0002007920
      52  -0.0044102793  -0.0045794477   0.0000011111   0.0000377163   0.0000671012   0.0000012767
      53   0.0233854199   0.0073103685   0.0000005099  -0.0000077807  -0.0000602034  -0.0000004102
      54   0.0000026785  -0.0000036057   0.0014884258   0.0000040932  -0.0000050497  -0.0000046081
      55  -0.1736798940   0.1463306777  -0.0000033411  -0.0000821112  -0.0000300940   0.0000032278
      56   0.1475661087  -0.2434213651  -0.0000030946  -0.0000732175   0.0000048452   0.0000010622
      57   0.0000061296  -0.0000076731  -0.0276044009   0.0000030095  -0.0000041432   0.0000470577
      58  -0.0000835230  -0.0000264803  -0.0000009912  -0.1736851990   0.1463296077   0.0000002555
      59  -0.0000705021   0.0000004046   0.0000009904   0.1475778866  -0.2434302626   0.0000005247
      60  -0.0000049016   0.0000055494   0.0000444220   0.0000022950  -0.0000031078  -0.0276041348
      61   0.0000403263   0.0000620541   0.0000048840  -0.0044068399  -0.0045803366   0.0000005062
      62   0.0000003986  -0.0000702011  -0.0000006798   0.0233904159   0.0073006028   0.0000001432
      63   0.0000047407  -0.0000057657  -0.0000060284  -0.0000011695   0.0000012136   0.0014905627
      64   0.0006615563   0.0000446851  -0.0000007548  -0.0003379622   0.0003348432   0.0000020882
      65   0.0014974613   0.0002271071   0.0000022877   0.0001779135   0.0001650744  -0.0000003176
      66   0.0000026509  -0.0000030367   0.0009205856   0.0000044460  -0.0000057401  -0.0000032262
      67  -0.0003696716   0.0003100396   0.0000007641   0.0008908768   0.0015342422   0.0000018396
      68  -0.0000026046   0.0000748610   0.0000002722   0.0001477445   0.0013065556  -0.0000016889
      69  -0.0000003484   0.0000012517  -0.0000461146  -0.0000018018   0.0000020703  -0.0021521710
      70   0.0008989402   0.0015246970   0.0000017782  -0.0003733342   0.0003105381   0.0000050138
      71   0.0001504645   0.0013098209   0.0000014299  -0.0000116956   0.0000851816   0.0000027889
      72   0.0000092817  -0.0000117120  -0.0021532416   0.0000051840  -0.0000069231  -0.0000457196
      73  -0.0003568843   0.0003445768   0.0000046380   0.0006799067   0.0000436078   0.0000049820
      74   0.0001616106   0.0001868919  -0.0000033162   0.0014917330   0.0002337032  -0.0000050241
      75  -0.0000082099   0.0000101624  -0.0000022123  -0.0000024832   0.0000029910   0.0009197773
      76   0.0000106424  -0.0000005402   0.0000017380   0.0000094962  -0.0000217207  -0.0000019268
      77  -0.0000146895   0.0000051545   0.0000015969   0.0000141418   0.0000037728  -0.0000015385
      78  -0.0000057217   0.0000067647  -0.0000013298  -0.0000006209   0.0000009925  -0.0000241872
      79   0.0000243446  -0.0000029067  -0.0000032338  -0.0000002486  -0.0000313091  -0.0000009363
      80   0.0000229090   0.0000214669   0.0000026078   0.0000015260  -0.0000004494   0.0000005182
      81   0.0000001792  -0.0000007821   0.0000543482   0.0000106970  -0.0000126593   0.0000154711
      82  -0.0000011376  -0.0000311416  -0.0000000971   0.0000237615  -0.0000022953  -0.0000023654
      83   0.0000008266  -0.0000012459   0.0000002276   0.0000236006   0.0000216367   0.0000019025
      84   0.0000098675  -0.0000116810   0.0000161601   0.0000020876  -0.0000030524   0.0000539696
      85   0.0000095151  -0.0000216185  -0.0000010808   0.0000085383   0.0000021194  -0.0000016023
      86   0.0000148093   0.0000035015  -0.0000010663  -0.0000155191   0.0000068398  -0.0000012056
      87   0.0000017188  -0.0000017834  -0.0000243625  -0.0000049533   0.0000054489  -0.0000022659
      88   0.0010620472   0.0006907402   0.0000016956   0.0000140975  -0.0000183501  -0.0000019688
      89  -0.0006991261  -0.0000699819   0.0000021871   0.0000019329  -0.0000049047  -0.0000020641
      90  -0.0000020698   0.0000022008  -0.0030200998  -0.0000002351   0.0000004952   0.0000367926
      91   0.1730799535  -0.1594222139  -0.0000000577   0.0000012519  -0.0000109831  -0.0000014609
      92  -0.1594222139   0.2480465498   0.0000003314  -0.0000111024   0.0000233133   0.0000016599
      93  -0.0000000577   0.0000003314   0.0211316612  -0.0000036368   0.0000042575   0.0000215788
      94   0.0000012519  -0.0000111024  -0.0000036368   0.1730808471  -0.1594293677  -0.0000018012
      95  -0.0000109831   0.0000233133   0.0000042575  -0.1594293677   0.2480498261   0.0000022792
      96  -0.0000014609   0.0000016599   0.0000215788  -0.0000018012   0.0000022792   0.0211343479
      97   0.0000062543  -0.0000090199  -0.0000000897   0.0010607072   0.0006924597   0.0000002340
      98   0.0000021699  -0.0000049943   0.0000004744  -0.0006979077  -0.0000685695   0.0000003703
      99   0.0000015927  -0.0000020331   0.0000367103  -0.0000005401   0.0000004294  -0.0030182088
     100   0.0000386384   0.0000281293   0.0000032583   0.0000032747  -0.0000230501  -0.0000033180
     101  -0.0000360829   0.0000174045   0.0000037298   0.0000109483  -0.0000106022  -0.0000032200
     102  -0.0000039527   0.0000048655   0.0000213795  -0.0000012957   0.0000016022   0.0000028318
     103  -0.0001520413  -0.0008952446  -0.0000005685   0.0000126405  -0.0000151929  -0.0000039804
     104   0.0001097222  -0.0000814581  -0.0000006270  -0.0000215204   0.0000321760   0.0000036205
     105  -0.0000008086   0.0000010528   0.0001197263  -0.0000031363   0.0000037081   0.0000004584
     106   0.0000029136  -0.0000242011  -0.0000021116   0.0000414343   0.0000284308  -0.0000016433
     107   0.0000115972  -0.0000113142  -0.0000015288  -0.0000377385   0.0000178187  -0.0000012062
     108   0.0000011192  -0.0000013372   0.0000025558   0.0000025790  -0.0000030294   0.0000212523
     109   0.0000122659  -0.0000156157  -0.0000057761  -0.0001522838  -0.0008917073  -0.0000027016
     110  -0.0000200223   0.0000303819   0.0000059131   0.0001092052  -0.0000821246   0.0000028306
     111   0.0000005404  -0.0000005837   0.0000001230  -0.0000015249   0.0000018208   0.0001197025
                     97             98             99            100            101            102
       1   0.0001913233  -0.0002951094   0.0000017078   0.0000109933   0.0002740380  -0.0000002476
       2  -0.0000944721   0.0005155036  -0.0000001325   0.0004015828   0.0000430269   0.0000018390
       3   0.0000032363   0.0000038261   0.0006257379   0.0000041360   0.0000038427  -0.0000219689
       4   0.0001262572  -0.0002326685  -0.0000100064  -0.0004187335   0.0038197453   0.0000021619
       5   0.0000015822  -0.0002744565  -0.0000008311   0.0036025795  -0.0037365592  -0.0000010102
       6  -0.0000051385  -0.0000023196   0.0002420691  -0.0000144258  -0.0000068488   0.0063078728
       7   0.0000104062   0.0001818800   0.0000013727  -0.0000305279  -0.0000016457   0.0000016505
       8  -0.0000606247   0.0005455726  -0.0000006084  -0.0008114557  -0.0000699493  -0.0000072406
       9  -0.0000013042   0.0000026410   0.0006414944  -0.0000010260   0.0000065908   0.0000379600
      10   0.0002199501   0.0003808437  -0.0000030008  -0.0003029245  -0.0004766675  -0.0000019217
      11   0.0035609269  -0.0051397810  -0.0000007011  -0.0000175896  -0.0000732245  -0.0000087083
      12   0.0000125741   0.0000136805   0.0042190447   0.0000192079   0.0000145210  -0.0001285822
      13  -0.0003531849  -0.0002729901  -0.0000064003  -0.0036566551   0.0029373007   0.0000054787
      14   0.0000741042  -0.0000954320   0.0000011342   0.0036961089  -0.0006655013  -0.0000124341
      15   0.0000079491   0.0000067985  -0.0005264950   0.0000131001   0.0000077470   0.0044416297
      16  -0.0000411902   0.0000380854   0.0000078598   0.0090861146  -0.0233039805  -0.0000002853
      17  -0.0000320355   0.0002409933  -0.0000003084   0.0067460253  -0.0155665838  -0.0000065754
      18   0.0000032176   0.0000038928  -0.0000321452   0.0000135496   0.0000128334   0.0026987750
      19  -0.0004629726   0.0002028620   0.0000062981   0.0006918408  -0.0017351140  -0.0000030833
      20   0.0003124547   0.0001610885   0.0000000748  -0.0005673359  -0.0006921075   0.0000053061
      21   0.0000023619   0.0000031858  -0.0001564684   0.0000203711   0.0000208878   0.0001100417
      22   0.0000292831   0.0001221460  -0.0000009188  -0.0000857470   0.0000244445  -0.0000027836
      23   0.0000265717  -0.0002346591   0.0000068048   0.0009596392   0.0000639143  -0.0000123220
      24   0.0000013690   0.0000008946  -0.0000499105  -0.0000071543  -0.0000078918   0.0000111904
      25   0.0001529626   0.0002423214   0.0000000784   0.0001239884  -0.0000393752   0.0000016506
      26  -0.0002585079  -0.0006216265  -0.0000043041   0.0008950581   0.0000566850  -0.0000014915
      27   0.0000078280   0.0000085754  -0.0001205515  -0.0000069189  -0.0000074619  -0.0000240315
      28   0.0003955240   0.0005462380  -0.0000002122  -0.0141023707   0.0068502676  -0.0000026487
      29  -0.0001152395  -0.0000180669  -0.0000018837  -0.0237904708   0.0095067260   0.0000072186
      30  -0.0000074917  -0.0000097775   0.0000641350  -0.0000075140  -0.0000080372   0.0024595832
      31   0.0005798116   0.0004144061   0.0000015182  -0.0004404817  -0.0003640443   0.0000019910
      32   0.0000449506   0.0000535015  -0.0000004641  -0.0013254955   0.0003311154   0.0000039360
      33  -0.0000034391  -0.0000047084   0.0000061355  -0.0000063160  -0.0000070965  -0.0002425733
      34  -0.0064380520   0.0019521442   0.0000022529   0.0002997906   0.0007914089  -0.0000048974
      35   0.0005946781  -0.0005721661   0.0000006090   0.0000363112   0.0002237479   0.0000055440
      36   0.0000027038   0.0000034081   0.0053821563   0.0000219435   0.0000225584   0.0000790906
      37   0.0087264576  -0.0188737220   0.0000001186   0.0001252153   0.0006873786   0.0000009269
      38   0.0087543878  -0.0080913113  -0.0000011675   0.0002534162  -0.0000337942   0.0000038986
      39   0.0000037707   0.0000052625  -0.0011528630  -0.0000148171  -0.0000143511   0.0000398709
      40  -0.0000027442  -0.0000878067   0.0000007866   0.0005874972  -0.0010067107  -0.0000003013
      41  -0.0000882397   0.0000385577   0.0000029799   0.0013813484   0.0007485956   0.0000026354
      42  -0.0000015932  -0.0000017986  -0.0000063047   0.0000070855   0.0000070543  -0.0039696226
      43   0.0001312158  -0.0000367064  -0.0000002718  -0.0000686789   0.0005392368   0.0000001386
      44  -0.0000769596  -0.0000241778  -0.0000038836  -0.0003605740   0.0002148045  -0.0000007461
      45   0.0000010956   0.0000009236  -0.0002006959   0.0000006415  -0.0000006326   0.0006941854
      46  -0.0000258237   0.0000231942  -0.0000004424   0.0000232155   0.0000148902   0.0000006838
      47  -0.0000331970  -0.0000822838   0.0000006852   0.0000137898  -0.0000075170   0.0000002090
      48   0.0000088497   0.0000104945  -0.0000194406   0.0000029482   0.0000028150   0.0000197696
      49  -0.0000392631  -0.0000071709  -0.0000002042  -0.0000467836  -0.0000173788   0.0000002330
      50   0.0000534964   0.0000442572   0.0000011233   0.0000274462  -0.0000287410  -0.0000051066
      51  -0.0000040121  -0.0000054035   0.0000041500  -0.0000048004  -0.0000056444  -0.0000376778
      52  -0.0000843841   0.0000327861  -0.0000031706   0.0008073881   0.0011917660   0.0000042922
      53   0.0000711682   0.0000006070   0.0000012081  -0.0006609215   0.0004463723  -0.0000013612
      54  -0.0000033520  -0.0000041360   0.0000460546  -0.0000078253  -0.0000072876  -0.0021509608
      55   0.0000393334  -0.0000619135  -0.0000006562  -0.0000062364  -0.0002019067   0.0000008409
      56   0.0000039286  -0.0000606505  -0.0000006588   0.0004504457   0.0000339257   0.0000012788
      57  -0.0000044786  -0.0000049790  -0.0000036364  -0.0000032373  -0.0000031641   0.0005568203
      58  -0.0044100810   0.0045754694  -0.0000005978  -0.0001427843  -0.0001207186  -0.0000028946
      59  -0.0233861345   0.0073074931  -0.0000006843  -0.0000922544  -0.0000860050  -0.0000005759
      60   0.0000009103   0.0000012136   0.0014897115  -0.0000134725  -0.0000131354  -0.0000107271
      61  -0.1736852419  -0.1463228112  -0.0000011984   0.0001768268   0.0000504009   0.0000004842
      62  -0.1475783180  -0.2434349115   0.0000012772  -0.0001625259  -0.0000136763   0.0000011920
      63  -0.0000027421  -0.0000031120  -0.0276033482   0.0000090171   0.0000098080   0.0000053479
      64  -0.0003835317  -0.0003003179  -0.0000047213  -0.2027798229  -0.1456972816   0.0000041722
      65   0.0000075873   0.0000728168   0.0000026134  -0.1461928199  -0.2035327354  -0.0000008799
      66  -0.0000051523  -0.0000070739  -0.0000456632  -0.0000144960  -0.0000155116  -0.0315588365
      67   0.0006802439  -0.0000361738  -0.0000056964  -0.0001918550   0.0000035572   0.0000000011
      68  -0.0014912417   0.0002369458  -0.0000049920   0.0007177993  -0.0002191845  -0.0000047113
      69   0.0000023914   0.0000026770   0.0009197247   0.0000140852   0.0000141498  -0.0005259263
      70  -0.0003579687  -0.0003448011  -0.0000020677  -0.0004335638   0.0007085686  -0.0000007102
      71  -0.0001733994   0.0001692942  -0.0000006647  -0.0001328000  -0.0000061203   0.0000030603
      72  -0.0000044621  -0.0000056139  -0.0000032879   0.0000006135  -0.0000005630  -0.0005661343
      73   0.0008970638  -0.0015197516  -0.0000011757   0.0001248893  -0.0004645514   0.0000007389
      74  -0.0001442558   0.0013121603  -0.0000013691  -0.0006214892   0.0000470388  -0.0000023660
      75   0.0000017872   0.0000020830  -0.0021520493  -0.0000038182  -0.0000032043   0.0000083465
      76   0.0000195477  -0.0000059563   0.0000022838  -0.0000601826   0.0008792779  -0.0000007098
      77  -0.0000199611   0.0000242779   0.0000020646  -0.0001311108  -0.0002076724  -0.0000009981
      78  -0.0000019168  -0.0000030650   0.0000540486  -0.0000154518  -0.0000160031   0.0001865365
      79   0.0000092024  -0.0000072521   0.0000015576   0.0000262024   0.0000382154  -0.0000001080
      80   0.0000196631   0.0000163954  -0.0000011813  -0.0000135045   0.0000485197   0.0000000352
      81   0.0000050949   0.0000054571  -0.0000021744  -0.0000020199  -0.0000023918   0.0003123426
      82   0.0000092631   0.0000138874   0.0000019672   0.0000015103  -0.0000151731  -0.0000032316
      83  -0.0000089665   0.0000153738  -0.0000014672   0.0000188972   0.0000190352   0.0000027575
      84   0.0000007919   0.0000009732  -0.0000242612   0.0000145589   0.0000143009   0.0000061931
      85  -0.0000000407   0.0000321611   0.0000009912   0.0000207589   0.0000162906   0.0000023432
      86  -0.0000033812  -0.0000012888   0.0000005744   0.0000130363   0.0000110268   0.0000020308
      87  -0.0000105503  -0.0000125953   0.0000154153  -0.0000009487  -0.0000007892  -0.0000000476
      88  -0.0000029251   0.0000051639   0.0000010642  -0.0001631692  -0.0001253334   0.0000007069
      89   0.0000111754   0.0000243353   0.0000016834   0.0008917265  -0.0000871297   0.0000011873
      90   0.0000033179   0.0000042599   0.0000215875  -0.0000008411  -0.0000001343   0.0001196850
      91   0.0000062543   0.0000021699   0.0000015927   0.0000386384  -0.0000360829  -0.0000039527
      92  -0.0000090199  -0.0000049943  -0.0000020331   0.0000281293   0.0000174045   0.0000048655
      93  -0.0000000897   0.0000004744   0.0000367103   0.0000032583   0.0000037298   0.0000213795
      94   0.0010607072  -0.0006979077  -0.0000005401   0.0000032747   0.0000109483  -0.0000012957
      95   0.0006924597  -0.0000685695   0.0000004294  -0.0000230501  -0.0000106022   0.0000016022
      96   0.0000002340   0.0000003703  -0.0030182088  -0.0000033180  -0.0000032200   0.0000028318
      97   0.1730809973   0.1594288599   0.0000015191   0.0000125547   0.0000181375   0.0000031473
      98   0.1594288599   0.2480533715   0.0000022512   0.0000138340   0.0000263414   0.0000037624
      99   0.0000015191   0.0000022512   0.0211340222   0.0000033694   0.0000036481   0.0000004813
     100   0.0000125547   0.0000138340   0.0000033694   0.2108677573   0.1547121591   0.0000007356
     101   0.0000181375   0.0000263414   0.0000036481   0.1547121591   0.2133024186   0.0000008890
     102   0.0000031473   0.0000037624   0.0000004813   0.0000007356   0.0000008890   0.0208777160
     103   0.0000031855   0.0000117551   0.0000027851  -0.0001539808   0.0000163523  -0.0000065987
     104  -0.0000154846  -0.0000037768  -0.0000032355  -0.0000331619   0.0000389462   0.0000068205
     105   0.0000012963   0.0000015488   0.0000027590   0.0000064412   0.0000068120   0.0002162045
     106  -0.0001515081   0.0008902477   0.0000023186   0.0000234257   0.0000285741   0.0000049569
     107  -0.0001129177  -0.0000877279   0.0000027811   0.0000281902   0.0000304442   0.0000052287
     108   0.0000015181   0.0000018593   0.0001197163  -0.0000002869  -0.0000004253  -0.0000010564
     109   0.0000412188  -0.0000408119   0.0000011981   0.0000255991  -0.0000371817  -0.0000009211
     110   0.0000302544   0.0000202788  -0.0000011217   0.0000261037  -0.0001527680   0.0000012326
     111  -0.0000026153  -0.0000030364   0.0000213204  -0.0000014382  -0.0000014335  -0.0000647353
                    103            104            105            106            107            108
       1   0.0000110689  -0.0002810033   0.0000003292   0.0000121814   0.0002734176   0.0000008994
       2  -0.0003985580   0.0000399222   0.0000018956   0.0003978188   0.0000403180  -0.0000009209
       3  -0.0000028586   0.0000036308  -0.0000219917   0.0000040469   0.0000038541  -0.0000215699
       4  -0.0000353329   0.0000629829  -0.0000017407  -0.0000358506  -0.0000058811  -0.0000011372
       5   0.0008174831  -0.0000755167  -0.0000069233  -0.0008173627  -0.0000753019   0.0000030950
       6  -0.0000128640   0.0000076243   0.0000380108  -0.0000104480  -0.0000042911   0.0000333116
       7  -0.0004140774  -0.0037800352  -0.0000022480  -0.0004171215   0.0038196507  -0.0000075505
       8  -0.0035914109  -0.0037388923  -0.0000009256   0.0036095525  -0.0037273355   0.0000016175
       9   0.0000004680  -0.0000056515   0.0063079020  -0.0000007764   0.0000049754   0.0063032293
      10  -0.0003069600   0.0005093962   0.0000018386  -0.0036466730   0.0029462628  -0.0000034990
      11   0.0000347496  -0.0000908138  -0.0000086969   0.0037094887  -0.0006541230   0.0000066376
      12  -0.0000087082   0.0000137213  -0.0001286916   0.0000174599   0.0000139622   0.0044453028
      13  -0.0036471635  -0.0029205481  -0.0000053981  -0.0003083092  -0.0004846728  -0.0000025494
      14  -0.0037127469  -0.0006392650  -0.0000122008  -0.0000267727  -0.0000831842   0.0000079354
      15  -0.0000021880   0.0000067128   0.0044415078   0.0000113946   0.0000074184  -0.0001250291
      16  -0.0001008282  -0.0000428944   0.0000025228   0.0001404100  -0.0000146873   0.0000002253
      17  -0.0009469623   0.0000573913  -0.0000129669   0.0009487487   0.0001171113  -0.0000030053
      18   0.0000088082  -0.0000079162   0.0000112435   0.0000053257   0.0000047998  -0.0000231857
      19   0.0001468797  -0.0000166279  -0.0000018138  -0.0000966035   0.0000119569   0.0000022963
      20  -0.0008988385   0.0000732533  -0.0000014045   0.0009670549   0.0000665633   0.0000095336
      21   0.0000085273  -0.0000077516  -0.0000240093  -0.0000004745  -0.0000003523   0.0000114466
      22   0.0090679351   0.0232951635  -0.0000001912   0.0007016112  -0.0017238944   0.0000046145
      23  -0.0067163699  -0.0155946354  -0.0000065769  -0.0005787084  -0.0007039488  -0.0000049885
      24  -0.0000120346   0.0000127085   0.0026987703   0.0000001037   0.0000001008   0.0001105031
      25   0.0006950973   0.0017015849   0.0000022162   0.0090664863  -0.0233222753   0.0000020134
      26   0.0005494490  -0.0006775271   0.0000052096   0.0067073871  -0.0156061455   0.0000042606
      27  -0.0000188267   0.0000207868   0.0001100169   0.0000124787   0.0000130123   0.0026994205
      28  -0.0004526681   0.0003688365  -0.0000031505   0.0001347129   0.0007018470   0.0000007519
      29   0.0013192917   0.0003350949   0.0000039346   0.0002867980   0.0000001247  -0.0000048016
      30   0.0000072633  -0.0000065432  -0.0002428744  -0.0000126481  -0.0000135101   0.0000394948
      31  -0.0140938742  -0.0068627822   0.0000015806   0.0002967611   0.0007863132   0.0000052591
      32   0.0237903254   0.0095052308   0.0000070452   0.0000250041   0.0002137476  -0.0000036466
      33   0.0000073598  -0.0000080788   0.0024599195  -0.0000017729  -0.0000019471   0.0000793179
      34   0.0001366691  -0.0007138936  -0.0000012906  -0.0004498420  -0.0003742722  -0.0000005606
      35  -0.0002623863  -0.0000257042   0.0000039248  -0.0013370428   0.0003250907  -0.0000020837
      36   0.0000147484  -0.0000143908   0.0000396289   0.0000051542   0.0000045190  -0.0002427924
      37   0.0002921038  -0.0008006043   0.0000039944  -0.0140962432   0.0068602471   0.0000013011
      38  -0.0000304630   0.0002228269   0.0000050399  -0.0238161681   0.0094818787  -0.0000070255
      39  -0.0000218787   0.0000225572   0.0000793195   0.0000012782   0.0000024556   0.0024599711
      40   0.0000331063  -0.0000228706  -0.0000006772  -0.0000565637  -0.0000277760  -0.0000005467
      41  -0.0000241409  -0.0000174947   0.0000003878   0.0000128163  -0.0000356689   0.0000033040
      42  -0.0000020173   0.0000027870   0.0000198028  -0.0000069536  -0.0000069446  -0.0000367730
      43  -0.0000525619   0.0000257477  -0.0000003724   0.0000275977   0.0000197950  -0.0000010689
      44  -0.0000087383  -0.0000329194  -0.0000047550   0.0000172031  -0.0000050236  -0.0000024901
      45   0.0000058810  -0.0000056629  -0.0000376524   0.0000037806   0.0000032207   0.0000196095
      46   0.0005714446   0.0010311042   0.0000003471  -0.0000659551   0.0005412687   0.0000006748
      47  -0.0014007176   0.0007903699   0.0000020625  -0.0003681283   0.0001989658  -0.0000021673
      48  -0.0000061755   0.0000069011  -0.0039697014   0.0000174161   0.0000173140   0.0006950133
      49  -0.0000712366  -0.0005346252   0.0000004616   0.0005792661  -0.0010090479  -0.0000005374
      50   0.0003768239   0.0001755800  -0.0000005199   0.0013943649   0.0007666808   0.0000001532
      51   0.0000004233  -0.0000008521   0.0006941046  -0.0000083275  -0.0000086640  -0.0039698925
      52  -0.0000131672   0.0002136270  -0.0000002250   0.0001744719   0.0000476296  -0.0000019188
      53  -0.0004488707   0.0000209702   0.0000018386  -0.0001575365  -0.0000068137   0.0000005536
      54   0.0000013095  -0.0000035975   0.0005562807  -0.0000041745  -0.0000042748   0.0000045723
      55   0.0008109934  -0.0011866651  -0.0000043139  -0.0001366008  -0.0001143074   0.0000002415
      56   0.0006632432   0.0004427597  -0.0000014829  -0.0000857011  -0.0000784947  -0.0000002958
      57   0.0000070115  -0.0000072295  -0.0021504442  -0.0000057124  -0.0000059827  -0.0000104953
      58   0.0001763971  -0.0000429791  -0.0000006804  -0.0000120890  -0.0002084599  -0.0000021656
      59   0.0001567065  -0.0000034355   0.0000008121   0.0004480717   0.0000282005  -0.0000008213
      60  -0.0000099205   0.0000098146   0.0000047199   0.0000032617   0.0000035143   0.0005558738
      61  -0.0001354318   0.0001176115   0.0000032018   0.0008077783   0.0011924907  -0.0000038385
      62   0.0000905116  -0.0000882017  -0.0000001865  -0.0006712163   0.0004336289  -0.0000001732
      63   0.0000125781  -0.0000129701  -0.0000100302  -0.0000073324  -0.0000075663  -0.0021508048
      64  -0.0004604279  -0.0006672561   0.0000020693   0.0001138639  -0.0004722051  -0.0000035007
      65   0.0001329953  -0.0000237211   0.0000030939  -0.0005940185   0.0000694375   0.0000035095
      66  -0.0000007252  -0.0000004993  -0.0005661955  -0.0000089714  -0.0000092187   0.0000081012
      67   0.0001268462   0.0004883002  -0.0000005474  -0.0004478399   0.0006937960  -0.0000006293
      68   0.0006084295   0.0000669282  -0.0000026357  -0.0001131025   0.0000162168  -0.0000020760
      69   0.0000039035  -0.0000030645   0.0000083771   0.0000072914   0.0000075795  -0.0005659394
      70  -0.2027593838   0.1456848604  -0.0000034228  -0.0002067183  -0.0000152585  -0.0000023197
      71   0.1461778282  -0.2035006765  -0.0000008485   0.0006904881  -0.0002451535   0.0000013422
      72   0.0000146459  -0.0000157001  -0.0315587734  -0.0000074777  -0.0000079826  -0.0005257591
      73  -0.0002054246   0.0000382416   0.0000011595  -0.2027759670  -0.1456830076  -0.0000045257
      74  -0.0007233610  -0.0002314679  -0.0000044528  -0.1462029930  -0.2035428999   0.0000020144
      75  -0.0000140332   0.0000141621  -0.0005259540   0.0000022763   0.0000024779  -0.0315588890
      76   0.0000002250   0.0000036815   0.0000035438   0.0000123006   0.0000066596   0.0000003921
      77  -0.0000135807   0.0000028357   0.0000029276   0.0000134376   0.0000106243   0.0000002391
      78  -0.0000142852   0.0000142038   0.0000062433  -0.0000058956  -0.0000059748   0.0000001714
      79   0.0000214008  -0.0000257771  -0.0000024211   0.0000023059  -0.0000159983   0.0000023629
      80  -0.0000026945   0.0000083438   0.0000021380   0.0000208041   0.0000196975  -0.0000018566
      81   0.0000012413  -0.0000009042   0.0000000217   0.0000129068   0.0000125525   0.0000060248
      82  -0.0000499720  -0.0009035985   0.0000006629   0.0000268831   0.0000378146   0.0000011503
      83   0.0001386905  -0.0001987025  -0.0000009889  -0.0000176084   0.0000547605  -0.0000009619
      84   0.0000157585  -0.0000160143   0.0001864899   0.0000039625   0.0000034054   0.0003125412
      85   0.0000266173  -0.0000496505   0.0000000742  -0.0000501932   0.0008864582   0.0000025488
      86   0.0000232046   0.0000293315   0.0000000155  -0.0001330945  -0.0002068856   0.0000021928
      87   0.0000022755  -0.0000024836   0.0003122826  -0.0000149842  -0.0000158435   0.0001867671
      88   0.0000451162   0.0000255048   0.0000039529   0.0000067055   0.0000120997  -0.0000004250
      89  -0.0000422713   0.0000231526   0.0000049302   0.0000135069   0.0000259903  -0.0000005832
      90  -0.0000037210   0.0000038093   0.0000213348   0.0000053677   0.0000058592   0.0000001194
      91  -0.0001520413   0.0001097222  -0.0000008086   0.0000029136   0.0000115972   0.0000011192
      92  -0.0008952446  -0.0000814581   0.0000010528  -0.0000242011  -0.0000113142  -0.0000013372
      93  -0.0000005685  -0.0000006270   0.0001197263  -0.0000021116  -0.0000015288   0.0000025558
      94   0.0000126405  -0.0000215204  -0.0000031363   0.0000414343  -0.0000377385   0.0000025790
      95  -0.0000151929   0.0000321760   0.0000037081   0.0000284308   0.0000178187  -0.0000030294
      96  -0.0000039804   0.0000036205   0.0000004584  -0.0000016433  -0.0000012062   0.0000212523
      97   0.0000031855  -0.0000154846   0.0000012963  -0.0001515081  -0.0001129177   0.0000015181
      98   0.0000117551  -0.0000037768   0.0000015488   0.0008902477  -0.0000877279   0.0000018593
      99   0.0000027851  -0.0000032355   0.0000027590   0.0000023186   0.0000027811   0.0001197163
     100  -0.0001539808  -0.0000331619   0.0000064412   0.0000234257   0.0000281902  -0.0000002869
     101   0.0000163523   0.0000389462   0.0000068120   0.0000285741   0.0000304442  -0.0000004253
     102  -0.0000065987   0.0000068205   0.0002162045   0.0000049569   0.0000052287  -0.0000010564
     103   0.2108635611  -0.1547224319   0.0000000575   0.0000255349  -0.0000375696   0.0000013932
     104  -0.1547224319   0.2133301670   0.0000014490   0.0000265221  -0.0001528093  -0.0000014029
     105   0.0000000575   0.0000014490   0.0208776345   0.0000009142   0.0000011530  -0.0000648048
     106   0.0000255349   0.0000265221   0.0000009142   0.2108587690   0.1547108370   0.0000005960
     107  -0.0000375696  -0.0001528093   0.0000011530   0.1547108370   0.2132974443   0.0000007153
     108   0.0000013932  -0.0000014029  -0.0000648048   0.0000005960   0.0000007153   0.0208776390
     109   0.0000232732  -0.0000387748  -0.0000049137  -0.0001522551   0.0000162999   0.0000050162
     110  -0.0000364981   0.0000485829   0.0000052047  -0.0000374830   0.0000321658  -0.0000051449
     111   0.0000003463  -0.0000003942  -0.0000010467  -0.0000050096  -0.0000051668   0.0002162735
                    109            110            111
       1   0.0000091160  -0.0002801007  -0.0000007044
       2  -0.0003964326   0.0000369269  -0.0000009716
       3  -0.0000029121   0.0000037321  -0.0000215667
       4  -0.0004204060  -0.0037618585   0.0000078584
       5  -0.0035992387  -0.0037337314   0.0000019592
       6  -0.0000104953   0.0000059609   0.0063033666
       7  -0.0000303669   0.0000622255   0.0000008410
       8   0.0008327659  -0.0000852420   0.0000030032
       9  -0.0000008319  -0.0000032400   0.0000334251
      10  -0.0036537174  -0.0029073703   0.0000037437
      11  -0.0037130527  -0.0006336695   0.0000063671
      12  -0.0000093312   0.0000131108   0.0044452551
      13  -0.0003010856   0.0005027360   0.0000026204
      14   0.0000419359  -0.0000965263   0.0000077831
      15  -0.0000027571   0.0000066761  -0.0001250693
      16   0.0006896118   0.0017089359  -0.0000045779
      17   0.0005716595  -0.0007173035  -0.0000039815
      18   0.0000011652   0.0000000526   0.0001104943
      19   0.0090871788   0.0232723170  -0.0000026671
      20  -0.0066865892  -0.0156179022   0.0000043165
      21  -0.0000111574   0.0000129033   0.0026994089
      22   0.0001257081   0.0000037260   0.0000000720
      23  -0.0009372470   0.0001119741  -0.0000025489
      24  -0.0000041362   0.0000045817  -0.0000232324
      25  -0.0000939614  -0.0000509343  -0.0000027412
      26  -0.0009631665   0.0000779847   0.0000095842
      27   0.0000019114  -0.0000003772   0.0000113943
      28   0.0003002547  -0.0008090550  -0.0000045345
      29  -0.0000296306   0.0002211805  -0.0000038685
      30   0.0000017169  -0.0000021622   0.0000791102
      31   0.0001237129  -0.0007041570  -0.0000002786
      32  -0.0002882950  -0.0000023441  -0.0000039429
      33   0.0000125755  -0.0000134218   0.0000397059
      34  -0.0141005496  -0.0068678860  -0.0000011583
      35   0.0237954887   0.0094908824  -0.0000067105
      36  -0.0000015269   0.0000021977   0.0024596943
      37  -0.0004393358   0.0003547838  -0.0000005272
      38   0.0013291028   0.0003300113  -0.0000017089
      39  -0.0000051747   0.0000048079  -0.0002424795
      40  -0.0000781259  -0.0005296353  -0.0000009080
      41   0.0003779900   0.0001823296  -0.0000026409
      42  -0.0000167236   0.0000172408   0.0006950606
      43   0.0005812541   0.0010231989   0.0000017851
      44  -0.0014001882   0.0007858385   0.0000002114
      45   0.0000091892  -0.0000086391  -0.0039698119
      46  -0.0000491773   0.0000245456   0.0000003995
      47  -0.0000140646  -0.0000231210   0.0000031885
      48   0.0000075997  -0.0000070696  -0.0000368106
      49   0.0000216275  -0.0000097917   0.0000005271
      50  -0.0000239965  -0.0000098800  -0.0000018042
      51  -0.0000028854   0.0000030980   0.0000195769
      52  -0.0001431150   0.0001275617  -0.0000010348
      53   0.0000786384  -0.0000747156   0.0000001549
      54   0.0000049317  -0.0000059596  -0.0000110966
      55   0.0001773024  -0.0000471560   0.0000018530
      56   0.0001526262   0.0000007037  -0.0000002083
      57   0.0000034377  -0.0000042213   0.0000051518
      58   0.0008109571  -0.0011847918   0.0000032895
      59   0.0006732016   0.0004379521  -0.0000011632
      60   0.0000065937  -0.0000075293  -0.0021512550
      61  -0.0000078757   0.0002077777   0.0000032182
      62  -0.0004409440   0.0000145617  -0.0000002989
      63  -0.0000039764   0.0000035190   0.0005563266
      64  -0.0001902593   0.0000260016   0.0000015072
      65  -0.0006899680  -0.0002626752   0.0000005997
      66   0.0000074491  -0.0000078742  -0.0005257314
      67  -0.2027891326   0.1457287214   0.0000044101
      68   0.1462009630  -0.2035229294   0.0000020276
      69  -0.0000022283   0.0000025719  -0.0315589232
      70   0.0001226035   0.0004934318   0.0000037529
      71   0.0005861050   0.0000989896   0.0000029838
      72   0.0000091841  -0.0000090962   0.0000080662
      73  -0.0004497347  -0.0006659472   0.0000013846
      74   0.0001151238  -0.0000089564  -0.0000029209
      75  -0.0000073671   0.0000072673  -0.0005658862
      76   0.0000253666  -0.0000498175  -0.0000011336
      77   0.0000267922   0.0000354115  -0.0000010277
      78  -0.0000037641   0.0000033601   0.0003125946
      79  -0.0000518159  -0.0009055667  -0.0000024859
      80   0.0001399487  -0.0001969714   0.0000021394
      81   0.0000151453  -0.0000158997   0.0001868142
      82   0.0000211941  -0.0000246135  -0.0000002463
      83  -0.0000025557   0.0000070513   0.0000001926
      84   0.0000061812  -0.0000059673   0.0000001217
      85   0.0000018850   0.0000001335  -0.0000022741
      86  -0.0000148268   0.0000004729  -0.0000018188
      87  -0.0000126634   0.0000125316   0.0000059726
      88   0.0000162328  -0.0000296578  -0.0000011806
      89   0.0000114788  -0.0000039621  -0.0000013750
      90   0.0000016304  -0.0000016207   0.0000026086
      91   0.0000122659  -0.0000200223   0.0000005404
      92  -0.0000156157   0.0000303819  -0.0000005837
      93  -0.0000057761   0.0000059131   0.0000001230
      94  -0.0001522838   0.0001092052  -0.0000015249
      95  -0.0008917073  -0.0000821246   0.0000018208
      96  -0.0000027016   0.0000028306   0.0001197025
      97   0.0000412188   0.0000302544  -0.0000026153
      98  -0.0000408119   0.0000202788  -0.0000030364
      99   0.0000011981  -0.0000011217   0.0000213204
     100   0.0000255991   0.0000261037  -0.0000014382
     101  -0.0000371817  -0.0001527680  -0.0000014335
     102  -0.0000009211   0.0000012326  -0.0000647353
     103   0.0000232732  -0.0000364981   0.0000003463
     104  -0.0000387748   0.0000485829  -0.0000003942
     105  -0.0000049137   0.0000052047  -0.0000010467
     106  -0.0001522551  -0.0000374830  -0.0000050096
     107   0.0000162999   0.0000321658  -0.0000051668
     108   0.0000050162  -0.0000051449   0.0002162735
     109   0.2108608507  -0.1547273389  -0.0000006196
     110  -0.1547273389   0.2133224654   0.0000006628
     111  -0.0000006196   0.0000006628   0.0208776827
   Atom    1 Element Cu Has Mass   62.92980 
   Atom    2 Element N  Has Mass   14.00310 
   Atom    3 Element N  Has Mass   14.00310 
   Atom    4 Element N  Has Mass   14.00310 
   Atom    5 Element N  Has Mass   14.00310 
   Atom    6 Element C  Has Mass   11.99670 
   Atom    7 Element C  Has Mass   11.99670 
   Atom    8 Element C  Has Mass   11.99670 
   Atom    9 Element C  Has Mass   11.99670 
   Atom   10 Element C  Has Mass   11.99670 
   Atom   11 Element C  Has Mass   11.99670 
   Atom   12 Element C  Has Mass   11.99670 
   Atom   13 Element C  Has Mass   11.99670 
   Atom   14 Element C  Has Mass   11.99670 
   Atom   15 Element C  Has Mass   11.99670 
   Atom   16 Element C  Has Mass   11.99670 
   Atom   17 Element C  Has Mass   11.99670 
   Atom   18 Element C  Has Mass   11.99670 
   Atom   19 Element C  Has Mass   11.99670 
   Atom   20 Element C  Has Mass   11.99670 
   Atom   21 Element C  Has Mass   11.99670 
   Atom   22 Element C  Has Mass   11.99670 
   Atom   23 Element C  Has Mass   11.99670 
   Atom   24 Element C  Has Mass   11.99670 
   Atom   25 Element C  Has Mass   11.99670 
   Atom   26 Element H  Has Mass    1.00730 
   Atom   27 Element H  Has Mass    1.00730 
   Atom   28 Element H  Has Mass    1.00730 
   Atom   29 Element H  Has Mass    1.00730 
   Atom   30 Element H  Has Mass    1.00730 
   Atom   31 Element H  Has Mass    1.00730 
   Atom   32 Element H  Has Mass    1.00730 
   Atom   33 Element H  Has Mass    1.00730 
   Atom   34 Element H  Has Mass    1.00730 
   Atom   35 Element H  Has Mass    1.00730 
   Atom   36 Element H  Has Mass    1.00730 
   Atom   37 Element H  Has Mass    1.00730 
