Inc., Pleasanton
Standard Nuclear Orientation (Angstroms)


1   Cu  0.000002    0.000003    -0.000365 
2   N   -1.457780   1.457782    -0.000312 
3   N   1.457782    -1.457782   -0.000296 
4   N   1.457787    1.457783    -0.000183 
5   N   -1.457781   -1.457783   -0.000173 
6   C   -2.804157   1.249394    -0.000147 
7   C   -1.249395   2.804159    -0.000205 
8   C   1.249394    -2.804159   -0.000189 
9   C   2.804159    -1.249395   -0.000132 
10  C   -2.804158   -1.249396   0.000056 
11  C   -1.249397   -2.804161   -0.000037 
12  C   1.249397    2.804160    -0.000022 
13  C   2.804164    1.249399    0.000048 
14  C   -3.486952   2.522583    -0.000079 
15  C   -2.522588   3.486951    -0.000258 
16  C   2.522584    -3.486954   -0.000171 
17  C   3.486951    -2.522589   -0.000136 
18  C   -3.486953   -2.522586   0.000353 
19  C   -2.522589   -3.486953   0.000112 
20  C   2.522587    3.486957    0.000161 
21  C   3.486955    2.522592    0.000380 
22  C   -3.428103   -0.000001   0.000046 
23  C   0.000001    3.428104    -0.000039 
24  C   -0.000001   -3.428105   -0.000040 
25  C   3.428107    0.000000    0.000051 
26  H   -4.568171   2.652661    0.000064 
27  H   -2.652674   4.568169    -0.000296 
28  H   2.652662    -4.568173   -0.000157 
29  H   4.568169    -2.652676   -0.000091 
30  H   -4.568172   -2.652664   0.000656 
31  H   -2.652674   -4.568171   0.000167 
32  H   2.652664    4.568176    0.000212 
33  H   4.568172    2.652680    0.000634 
34  H   -4.519929   0.000000    0.000173 
35  H   0.000001    -4.519931   0.000014 
36  H   4.519933    -0.000005   0.000173 
37  H   0.000002    4.519930    0.000028 
--
Final Hessian
                      1              2              3              4              5              6
       1   0.1219256949   0.0000005667  -0.0000015664  -0.0238666774   0.0352489384   0.0000120601
       2   0.0000005667   0.1219489203  -0.0000011427   0.0352271827  -0.0238790765  -0.0000160081
       3  -0.0000015664  -0.0000011427   0.0337724627  -0.0000049702   0.0000074725  -0.0088468672
       4  -0.0238666774   0.0352271827  -0.0000049702   0.5728365371  -0.0040025936  -0.0000131284
       5   0.0352489384  -0.0238790765   0.0000074725  -0.0040025936   0.5728660737   0.0000328311
       6   0.0000120601  -0.0000160081  -0.0088468672  -0.0000131284   0.0000328311   0.1054449110
       7  -0.0238721725   0.0352276927   0.0000043634  -0.0073730925  -0.0102039834  -0.0000058039
       8   0.0352401589  -0.0238749561  -0.0000036377  -0.0101840169  -0.0073746798   0.0000010170
       9   0.0000162436  -0.0000195557  -0.0088471562  -0.0000047350   0.0000149662   0.0056941224
      10  -0.0238702613  -0.0352305134   0.0000056854  -0.0193694796  -0.0010488175   0.0000010716
      11  -0.0352424575  -0.0238789345   0.0000094391   0.0010568890   0.0100682290   0.0000188564
      12  -0.0000099235   0.0000222170  -0.0088400001   0.0000119265  -0.0000136995  -0.0029442331
      13  -0.0238753996  -0.0352262808  -0.0000054500   0.0100716032   0.0010433860   0.0000030796
      14  -0.0352431679  -0.0238745870  -0.0000061894  -0.0010417977  -0.0193709996   0.0000144822
      15  -0.0000171326   0.0000153722  -0.0088405018   0.0000063109  -0.0000187347  -0.0029494021
      16  -0.0149143589   0.0142909775   0.0000000829  -0.3064886941  -0.0220526493  -0.0000148012
      17  -0.0005388829   0.0037143080   0.0000001802   0.0135330672  -0.0993756126   0.0000023415
      18  -0.0000002272   0.0000042369  -0.0002702559  -0.0000099976  -0.0000029291  -0.0742011551
      19   0.0037178839  -0.0005355542  -0.0000009287  -0.0993425271   0.0135201310   0.0000136882
      20   0.0142934101  -0.0149157712  -0.0000000767  -0.0220697161  -0.3065046809   0.0000261393
      21  -0.0000033902   0.0000007693  -0.0002615932   0.0000021912  -0.0000026209  -0.0742311177
      22   0.0037201636  -0.0005343035   0.0000005195   0.0033364616   0.0061540664   0.0000107212
      23   0.0142993150  -0.0149210454  -0.0000014550   0.0047144133   0.0064209007   0.0000038406
      24  -0.0000026465   0.0000066390  -0.0002621946   0.0000010432  -0.0000000966  -0.0008964118
      25  -0.0149139701   0.0142931370   0.0000008623   0.0064288570   0.0047172538  -0.0000356295
      26  -0.0005418118   0.0037172285  -0.0000008294   0.0061423736   0.0033436440   0.0000058534
      27  -0.0000059899   0.0000015647  -0.0002705218  -0.0000021169  -0.0000021085  -0.0008577077
      28  -0.0149076685  -0.0142938279  -0.0000014371  -0.0082992728   0.0033660375  -0.0000577059
      29   0.0005384729   0.0037177375   0.0000009250   0.0248660821   0.0183412759   0.0000137330
      30   0.0000047807  -0.0000057950  -0.0002697306   0.0000003096   0.0000022570  -0.0013532655
      31   0.0037170156   0.0005345477   0.0000015021   0.0087775542   0.0040404082  -0.0000278932
      32  -0.0142974423  -0.0149255620  -0.0000000746   0.0026241876   0.0031553744  -0.0000593419
      33   0.0000023761  -0.0000017707  -0.0002625746  -0.0000013470  -0.0000002484   0.0015675494
      34   0.0037155852   0.0005331920  -0.0000008395   0.0183310938   0.0248693768  -0.0000115684
      35  -0.0142944999  -0.0149189779   0.0000000464   0.0033670107  -0.0082999495   0.0000052386
      36   0.0000038441  -0.0000039228  -0.0002634369   0.0000021712   0.0000025669  -0.0013152961
      37  -0.0149104065  -0.0142915635   0.0000013736   0.0031457541   0.0026358405   0.0000300008
      38   0.0005440133   0.0037170854  -0.0000029765   0.0040408648   0.0087769120  -0.0000084496
      39   0.0000014041  -0.0000016911  -0.0002697052  -0.0000013421  -0.0000005773   0.0015445350
      40   0.0017644084  -0.0025251069   0.0000004329  -0.0604202110   0.0182440471   0.0000203039
      41  -0.0040345246   0.0048387022  -0.0000002315   0.0418748813  -0.0144608139   0.0000054228
      42  -0.0000004139   0.0000030813   0.0006335142   0.0000058320  -0.0000096756   0.0145654771
      43   0.0048411062  -0.0040353687   0.0000004660  -0.0144405301   0.0418530950   0.0000317096
      44  -0.0025358325   0.0017618529  -0.0000004469   0.0182469216  -0.0604236414  -0.0000288518
      45  -0.0000007380  -0.0000014969   0.0006453034   0.0000012327  -0.0000066377   0.0146080866
      46   0.0048400145  -0.0040386370  -0.0000011722   0.0004263524  -0.0001314459   0.0000244528
      47  -0.0025314258   0.0017643684   0.0000009435  -0.0002046494  -0.0005317974  -0.0000260559
      48   0.0000028216  -0.0000000297   0.0006459589   0.0000012493   0.0000002476  -0.0012265306
      49   0.0017638212  -0.0025286043   0.0000012512  -0.0005308068  -0.0001997726  -0.0000042936
      50  -0.0040384708   0.0048395498   0.0000011330  -0.0001297307   0.0004308562  -0.0000082054
      51  -0.0000012421  -0.0000008257   0.0006334886   0.0000005261  -0.0000014565  -0.0012170532
      52   0.0017638965   0.0025260944   0.0000000209   0.0006112305  -0.0001186769   0.0000103205
      53   0.0040379696   0.0048384248   0.0000004554  -0.0092167739  -0.0106938107   0.0000184220
      54  -0.0000037773   0.0000012778   0.0006342417  -0.0000013137   0.0000002015   0.0014863209
      55   0.0048425020   0.0040400644   0.0000002485  -0.0074110794  -0.0090746238  -0.0000061963
      56   0.0025308389   0.0017643020   0.0000008280   0.0023718937  -0.0005447667  -0.0000148609
      57  -0.0000006952  -0.0000026997   0.0006447050  -0.0000009915  -0.0000005200   0.0001605154
      58   0.0048430946   0.0040374701  -0.0000009954  -0.0106965986  -0.0092160882  -0.0000455890
      59   0.0025312921   0.0017634284  -0.0000006248  -0.0001185544   0.0006118647   0.0000190528
      60  -0.0000000440   0.0000010245   0.0006440080   0.0000017167   0.0000012074   0.0015025184
      61   0.0017610761   0.0025259449  -0.0000015508  -0.0005630207   0.0023738916   0.0000177724
      62   0.0040366927   0.0048399839   0.0000003058  -0.0090732937  -0.0074205213   0.0000054428
      63   0.0000003446   0.0000006233   0.0006345249   0.0000009231  -0.0000018302   0.0001599995
      64  -0.0015891959   0.0000029131   0.0000006109  -0.0282463955  -0.0474523724  -0.0000069330
      65  -0.0000028630  -0.0033903305   0.0000008197  -0.0445769631  -0.0204907391   0.0000059679
      66   0.0000023658  -0.0000026659  -0.0001245263  -0.0000032175  -0.0000014628   0.0013533984
      67  -0.0033960676   0.0000009644   0.0000005284  -0.0204970356  -0.0445771903   0.0000240035
      68  -0.0000004103  -0.0015943908  -0.0000003938  -0.0474479649  -0.0282517282  -0.0000391707
      69  -0.0000005656   0.0000011686  -0.0001419361   0.0000020566   0.0000022041   0.0013632635
      70  -0.0033980822  -0.0000004596   0.0000000839  -0.0061471532  -0.0091444309  -0.0000075971
      71  -0.0000004273  -0.0015856874  -0.0000007688  -0.0020887074  -0.0005752854  -0.0000053490
      72  -0.0000029094   0.0000012045  -0.0001426916   0.0000012902  -0.0000081810   0.0004534118
      73  -0.0015925593  -0.0000003400  -0.0000009104  -0.0005749573  -0.0020887190  -0.0000051185
      74   0.0000016645  -0.0033954595   0.0000002550  -0.0091432850  -0.0061409162  -0.0000137456
      75   0.0000031512   0.0000011416  -0.0001243621   0.0000000170   0.0000013991   0.0003806939
      76   0.0001535932  -0.0002693496   0.0000001445  -0.0008512578   0.0004683363  -0.0000059118
      77  -0.0005970812   0.0003448995  -0.0000001612   0.0049298798  -0.0042821067   0.0000252086
      78  -0.0000011509   0.0000003902   0.0005795036   0.0000013393  -0.0000019024   0.0043579468
      79   0.0003440021  -0.0005963097  -0.0000000097  -0.0042877401   0.0049325977  -0.0000057230
      80  -0.0002729232   0.0001514408  -0.0000010311   0.0004703252  -0.0008483658  -0.0000044719
      81  -0.0000011217   0.0000010671   0.0005774046   0.0000035523  -0.0000025240   0.0043663367
      82   0.0003430523  -0.0005964192  -0.0000000924   0.0000360002   0.0000045521   0.0000393524
      83  -0.0002699668   0.0001509932  -0.0000004910  -0.0000178319   0.0000445172  -0.0000242614
      84  -0.0000010292  -0.0000009149   0.0005775089  -0.0000030456   0.0000042618   0.0003372712
      85   0.0001541835  -0.0002720391  -0.0000004754   0.0000427432  -0.0000112633   0.0000107665
      86  -0.0005973731   0.0003432453   0.0000000274   0.0000073248   0.0000324246   0.0000156244
      87   0.0000009195  -0.0000002384   0.0005792387  -0.0000021148   0.0000006181   0.0003497698
      88   0.0001537120   0.0002714717   0.0000004032   0.0001481794  -0.0000437798  -0.0000190875
      89   0.0005963904   0.0003426587   0.0000001196   0.0001508330  -0.0000958010  -0.0000257983
      90   0.0000015937  -0.0000006392   0.0005789486   0.0000002104  -0.0000018003  -0.0004555458
      91   0.0003441342   0.0005990736  -0.0000000768   0.0000180725  -0.0006228896   0.0000036334
      92   0.0002699379   0.0001514379  -0.0000004182  -0.0000187141  -0.0001867640  -0.0000041148
      93  -0.0000001664   0.0000002851   0.0005769549  -0.0000001304  -0.0000006002  -0.0003461141
      94   0.0003432132   0.0005978601  -0.0000001170  -0.0000874495   0.0001446321   0.0000134418
      95   0.0002718341   0.0001512272  -0.0000009312  -0.0000376978   0.0001448095   0.0000050058
      96   0.0000008081   0.0000005692   0.0005773465   0.0000000935   0.0000003641  -0.0004366743
      97   0.0001543790   0.0002697714  -0.0000000061  -0.0001934102  -0.0000123607  -0.0000224181
      98   0.0005965796   0.0003433981  -0.0000002647  -0.0006212609   0.0000188491  -0.0000069790
      99   0.0000005361  -0.0000006204   0.0005786997   0.0000021480   0.0000025075  -0.0003571586
     100   0.0005442739   0.0000005977   0.0000005376   0.0009440309  -0.0022899563   0.0000059970
     101   0.0000008880  -0.0008335333  -0.0000000574  -0.0013990354  -0.0053996002   0.0000242804
     102  -0.0000014018  -0.0000005302   0.0000810608   0.0000018096  -0.0000009514   0.0060679110
     103  -0.0008378720  -0.0000000222  -0.0000001106   0.0000062883   0.0000184078   0.0000343861
     104   0.0000024857   0.0005528114  -0.0000000254   0.0000344520  -0.0000387101  -0.0000254645
     105   0.0000007657   0.0000000174   0.0000814437  -0.0000008990   0.0000003057  -0.0001425661
     106   0.0005484651  -0.0000005101  -0.0000001935  -0.0000456264   0.0000448523  -0.0000270397
     107   0.0000015108  -0.0008332880   0.0000000027   0.0000194237   0.0000060077   0.0000260030
     108   0.0000008056   0.0000000698   0.0000810315   0.0000016754  -0.0000006097  -0.0001482875
     109  -0.0008333677  -0.0000005029   0.0000000605  -0.0053999575  -0.0013985543   0.0000047433
     110  -0.0000026895   0.0005506676   0.0000001126  -0.0023006487   0.0009460705  -0.0000080942
     111   0.0000007210   0.0000002814   0.0000810578   0.0000000600  -0.0000018995   0.0060805742
                      7              8              9             10             11             12
       1  -0.0238721725   0.0352401589   0.0000162436  -0.0238702613  -0.0352424575  -0.0000099235
       2   0.0352276927  -0.0238749561  -0.0000195557  -0.0352305134  -0.0238789345   0.0000222170
       3   0.0000043634  -0.0000036377  -0.0088471562   0.0000056854   0.0000094391  -0.0088400001
       4  -0.0073730925  -0.0101840169  -0.0000047350  -0.0193694796   0.0010568890   0.0000119265
       5  -0.0102039834  -0.0073746798   0.0000149662  -0.0010488175   0.0100682290  -0.0000136995
       6  -0.0000058039   0.0000010170   0.0056941224   0.0000010716   0.0000188564  -0.0029442331
       7   0.5728639991  -0.0040135426   0.0000004665   0.0100652063  -0.0010468157   0.0000031663
       8  -0.0040135426   0.5728754645  -0.0000123814   0.0010434148  -0.0193781361   0.0000034984
       9   0.0000004665  -0.0000123814   0.1054501699  -0.0000001590   0.0000192128  -0.0029462961
      10   0.0100652063   0.0010434148  -0.0000001590   0.5728734537   0.0040071712  -0.0000022023
      11  -0.0010468157  -0.0193781361   0.0000192128   0.0040071712   0.5728782833  -0.0000090307
      12   0.0000031663   0.0000034984  -0.0029462961  -0.0000022023  -0.0000090307   0.1054413127
      13  -0.0193641910  -0.0010461286  -0.0000084938  -0.0073820179   0.0102120379   0.0000004665
      14   0.0010426080   0.0100683724   0.0000238963   0.0102032984  -0.0073811388  -0.0000130230
      15   0.0000105560   0.0000078298  -0.0029514651  -0.0000031692  -0.0000192426   0.0056929228
      16   0.0064276414   0.0047194354  -0.0000005090   0.0031545160  -0.0026303219  -0.0000012623
      17   0.0061501778   0.0033423143  -0.0000122371  -0.0040442701   0.0087767826   0.0000063276
      18   0.0000050102  -0.0000093054  -0.0008715172   0.0000063088   0.0000046735   0.0015437189
      19   0.0033382539   0.0061335985   0.0000298081   0.0183388728  -0.0248781863  -0.0000309907
      20   0.0047199783   0.0064302275   0.0000251716  -0.0033651681  -0.0083104519  -0.0000239423
      21   0.0000015439   0.0000045488  -0.0008969401  -0.0000088707  -0.0000106181  -0.0013173601
      22  -0.0993580577   0.0135301268   0.0000284019   0.0087811489  -0.0040339962  -0.0000142444
      23  -0.0220491609  -0.3064989417  -0.0000095315  -0.0026369019   0.0031573459  -0.0000030778
      24  -0.0000007199  -0.0000024342  -0.0742274837  -0.0000007589  -0.0000163189   0.0015653469
      25  -0.3065008966  -0.0220704528  -0.0000248922  -0.0083086360  -0.0033767382   0.0000381592
      26   0.0135275412  -0.0993698689  -0.0000079479  -0.0248609913   0.0183314061  -0.0000042285
      27   0.0000111869  -0.0000024832  -0.0741921780   0.0000037778   0.0000031864  -0.0013525850
      28   0.0031637464   0.0026312487  -0.0000510996   0.0064333092  -0.0047163767   0.0000520379
      29   0.0040377295   0.0087787446   0.0000109158  -0.0061460402   0.0033413079  -0.0000113511
      30  -0.0000027265  -0.0000062386   0.0015320084   0.0000034431   0.0000116280  -0.0008553357
      31   0.0183372287   0.0248736724  -0.0000215286   0.0033406515  -0.0061437256   0.0000251717
      32   0.0033780098  -0.0083069244  -0.0000639531  -0.0047199994   0.0064302762   0.0000616397
      33  -0.0000020785   0.0000064285  -0.0013168971   0.0000002271  -0.0000026975  -0.0008946738
      34   0.0087787658   0.0040358602  -0.0000098070  -0.0993632264  -0.0135211195   0.0000183821
      35   0.0026380819   0.0031582485   0.0000003032   0.0220652156  -0.3065048339  -0.0000124584
      36  -0.0000023683   0.0000009415   0.0015715781   0.0000056082  -0.0000148140  -0.0742311420
      37  -0.0083074019   0.0033670037   0.0000349904  -0.3065148158   0.0220492613  -0.0000291714
      38   0.0248590853   0.0183385769  -0.0000089439  -0.0135313550  -0.0993649881   0.0000130229
      39   0.0000006856  -0.0000034127  -0.0013416920   0.0000028156   0.0000192941  -0.0742014495
      40  -0.0005304684  -0.0002096435   0.0000104182  -0.0005476699  -0.0023784530  -0.0000105814
      41  -0.0001247853   0.0004313856   0.0000201564   0.0090732210  -0.0074146124  -0.0000194005
      42   0.0000006989  -0.0000104405  -0.0012456451   0.0000062913   0.0000111517   0.0001915995
      43   0.0004356409  -0.0001392230   0.0000138491  -0.0106905682   0.0092112011  -0.0000143970
      44  -0.0002109612  -0.0005243824  -0.0000125653   0.0001225956   0.0006171760   0.0000123930
      45   0.0000010511   0.0000094402  -0.0011993729  -0.0000065527  -0.0000118931   0.0014626395
      46  -0.0144515561   0.0418683606   0.0000075287  -0.0074139824   0.0090777189  -0.0000209165
      47   0.0182379666  -0.0604203723  -0.0000155105  -0.0023609056  -0.0005594175   0.0000279886
      48  -0.0000024889   0.0000121472   0.0145856490  -0.0000030742  -0.0000088510   0.0001641578
      49  -0.0604372887   0.0182543997  -0.0000153827   0.0006090842   0.0001190965   0.0000034180
      50   0.0418705732  -0.0144592250   0.0000089675   0.0092159324  -0.0106904338   0.0000064804
      51  -0.0000016273  -0.0000071958   0.0145899393   0.0000084780   0.0000158405   0.0014889157
      52  -0.0005496205   0.0023707563   0.0000101176  -0.0005256535   0.0002057231  -0.0000105149
      53  -0.0090682767  -0.0074174375   0.0000177560   0.0001337158   0.0004322345  -0.0000183660
      54   0.0000002865  -0.0000106100   0.0001601901   0.0000040294   0.0000073277  -0.0012162054
      55  -0.0106975042  -0.0092191987  -0.0000070658   0.0004309209   0.0001329746   0.0000055441
      56  -0.0001233953   0.0006148710  -0.0000149214   0.0002046677  -0.0005291956   0.0000149839
      57  -0.0000005141   0.0000090054   0.0014863763  -0.0000101130  -0.0000129954  -0.0012231207
      58  -0.0074137937  -0.0090753172  -0.0000442299  -0.0144594917  -0.0418667882   0.0000352134
      59   0.0023645025  -0.0005581994   0.0000196693  -0.0182497855  -0.0604224596  -0.0000278647
      60  -0.0000026426   0.0000092526   0.0001817683  -0.0000042657  -0.0000180332   0.0145686026
      61   0.0006127317  -0.0001212742   0.0000172974  -0.0604249496  -0.0182449688  -0.0000180774
      62  -0.0092170318  -0.0106910145   0.0000045599  -0.0418716056  -0.0144563233  -0.0000092071
      63   0.0000041957  -0.0000144886   0.0014806252   0.0000013161   0.0000052172   0.0145965719
      64  -0.0005806159  -0.0020902973  -0.0000050638  -0.0005747845   0.0020922314   0.0000048505
      65  -0.0091432347  -0.0061391826   0.0000150643   0.0091501242  -0.0061399900  -0.0000132305
      66   0.0000012112   0.0000112048   0.0004483517  -0.0000088709  -0.0000148903   0.0003794847
      67  -0.0061390032  -0.0091510296   0.0000107457  -0.0204944061   0.0445659301  -0.0000143018
      68  -0.0020887535  -0.0005751465  -0.0000401852   0.0474484540  -0.0282471899   0.0000381760
      69   0.0000007399  -0.0000110095   0.0004505279   0.0000086349   0.0000152236   0.0012920812
      70  -0.0204933319  -0.0445735417  -0.0000238798  -0.0061436906   0.0091427009   0.0000105562
      71  -0.0474519000  -0.0282457276  -0.0000070519   0.0020887765  -0.0005775060   0.0000054426
      72   0.0000019951  -0.0000177669   0.0013585389   0.0000080080   0.0000075486   0.0003839775
      73  -0.0282434559  -0.0474521520  -0.0000036209  -0.0282420963   0.0474505217   0.0000069135
      74  -0.0445790598  -0.0204995483  -0.0000002639   0.0445761705  -0.0204895677   0.0000104201
      75   0.0000009603   0.0000160159   0.0012935068  -0.0000096385  -0.0000177506   0.0013525552
      76   0.0000443662  -0.0000115326  -0.0000065840  -0.0001907834   0.0000147535   0.0000078649
      77   0.0000075365   0.0000329257   0.0000262554   0.0006210003   0.0000200400  -0.0000270557
      78  -0.0000003180   0.0000022192   0.0003312441  -0.0000015218  -0.0000049493  -0.0003346091
      79   0.0000310164   0.0000169401  -0.0000081602  -0.0000851425  -0.0001411536   0.0000077741
      80  -0.0000166578   0.0000454782  -0.0000030650   0.0000361274   0.0001483223   0.0000027730
      81   0.0000019093  -0.0000045553   0.0003390727   0.0000016867  -0.0000000048  -0.0004647746
      82  -0.0042824567   0.0049297254   0.0000379443   0.0000157497   0.0006187864  -0.0000394465
      83   0.0004734539  -0.0008466630  -0.0000241278   0.0000165936  -0.0001903288   0.0000242654
      84   0.0000011691  -0.0000017077   0.0043637138   0.0000034710   0.0000042453  -0.0003397140
      85  -0.0008509274   0.0004690801   0.0000111604   0.0001504759   0.0000404763  -0.0000124616
      86   0.0049262996  -0.0042793704   0.0000177872  -0.0001532129  -0.0000946115  -0.0000154196
      87  -0.0000028123   0.0000055992   0.0043769264  -0.0000035176  -0.0000020539  -0.0004765063
      88  -0.0001959216  -0.0000114968  -0.0000187936   0.0000385921   0.0000121094   0.0000208912
      89  -0.0006225484   0.0000192834  -0.0000261411  -0.0000103916   0.0000336027   0.0000260134
      90   0.0000001954   0.0000040838  -0.0003317248   0.0000001768  -0.0000032640   0.0003286751
      91  -0.0000929103   0.0001437177   0.0000039746   0.0000349771  -0.0000103163  -0.0000035201
      92  -0.0000362313   0.0001438307  -0.0000039311   0.0000153631   0.0000460548   0.0000038809
      93   0.0000000112   0.0000007644  -0.0004698005   0.0000012668   0.0000018997   0.0003443890
      94   0.0000209330  -0.0006259595   0.0000127653  -0.0042882819  -0.0049319282  -0.0000138555
      95  -0.0000177684  -0.0001860222   0.0000045647  -0.0004805322  -0.0008557480  -0.0000053316
      96  -0.0000011192  -0.0000041741  -0.0003137510  -0.0000002326   0.0000030191   0.0043381887
      97   0.0001508501  -0.0000366834  -0.0000224140  -0.0008497657  -0.0004721623   0.0000217807
      98   0.0001519057  -0.0000915043  -0.0000064837  -0.0049269085  -0.0042841703   0.0000068318
      99   0.0000041926   0.0000011954  -0.0004800769   0.0000050877   0.0000040917   0.0043807575
     100  -0.0000529676   0.0000464758   0.0000072645  -0.0000553531  -0.0000448706  -0.0000039429
     101   0.0000196927   0.0000059254   0.0000241217  -0.0000177537   0.0000068919  -0.0000245665
     102  -0.0000007083  -0.0000003723  -0.0001479518  -0.0000003300  -0.0000015229  -0.0001337742
     103  -0.0053986811  -0.0014007382   0.0000342437   0.0000074166  -0.0000170544  -0.0000342875
     104  -0.0022796585   0.0009331897  -0.0000259347  -0.0000339391  -0.0000390136   0.0000245439
     105  -0.0000001238   0.0000022468   0.0060731550  -0.0000010019   0.0000016334  -0.0001392418
     106   0.0009449071  -0.0022871036  -0.0000256609   0.0009444046   0.0022893951   0.0000250955
     107  -0.0013974691  -0.0053963669   0.0000269287   0.0013992499  -0.0054007352  -0.0000257362
     108  -0.0000000922   0.0000000432   0.0060673104  -0.0000008589  -0.0000002227   0.0060822025
     109   0.0000023866   0.0000204825   0.0000035893  -0.0054002136   0.0014009611  -0.0000038991
     110   0.0000421019  -0.0000474185  -0.0000093741   0.0022882553   0.0009438931   0.0000106022
     111  -0.0000004770   0.0000032850  -0.0001350877  -0.0000002511  -0.0000008380   0.0060690277
                     13             14             15             16             17             18
       1  -0.0238753996  -0.0352431679  -0.0000171326  -0.0149143589  -0.0005388829  -0.0000002272
       2  -0.0352262808  -0.0238745870   0.0000153722   0.0142909775   0.0037143080   0.0000042369
       3  -0.0000054500  -0.0000061894  -0.0088405018   0.0000000829   0.0000001802  -0.0002702559
       4   0.0100716032  -0.0010417977   0.0000063109  -0.3064886941   0.0135330672  -0.0000099976
       5   0.0010433860  -0.0193709996  -0.0000187347  -0.0220526493  -0.0993756126  -0.0000029291
       6   0.0000030796   0.0000144822  -0.0029494021  -0.0000148012   0.0000023415  -0.0742011551
       7  -0.0193641910   0.0010426080   0.0000105560   0.0064276414   0.0061501778   0.0000050102
       8  -0.0010461286   0.0100683724   0.0000078298   0.0047194354   0.0033423143  -0.0000093054
       9  -0.0000084938   0.0000238963  -0.0029514651  -0.0000005090  -0.0000122371  -0.0008715172
      10  -0.0073820179   0.0102032984  -0.0000031692   0.0031545160  -0.0040442701   0.0000063088
      11   0.0102120379  -0.0073811388  -0.0000192426  -0.0026303219   0.0087767826   0.0000046735
      12   0.0000004665  -0.0000130230   0.0056929228  -0.0000012623   0.0000063276   0.0015437189
      13   0.5728745589   0.0039966873   0.0000086491  -0.0083087104  -0.0248567596  -0.0000086851
      14   0.0039966873   0.5728964872  -0.0000262151  -0.0033682915   0.0183337957  -0.0000006939
      15   0.0000086491  -0.0000262151   0.1054505033  -0.0000007422   0.0000118907  -0.0013436814
      16  -0.0083087104  -0.0033682915  -0.0000007422   0.6453069572   0.0994852051  -0.0000047302
      17  -0.0248567596   0.0183337957   0.0000118907   0.0994852051   0.7686198265   0.0000650627
      18  -0.0000086851  -0.0000006939  -0.0013436814  -0.0000047302   0.0000650627   0.1680201547
      19   0.0087873779  -0.0040433014  -0.0000264518  -0.0545102438  -0.0294079500   0.0000024523
      20  -0.0026401798   0.0031642477  -0.0000240084  -0.0946749722  -0.0545013086   0.0000099036
      21   0.0000008119  -0.0000032832   0.0015721693  -0.0000083500  -0.0000146631   0.0015867445
      22   0.0183411190  -0.0248665688  -0.0000135882  -0.0038798643   0.0095628873  -0.0000038086
      23  -0.0033756448  -0.0083078140  -0.0000037406  -0.0061441440  -0.0038807271  -0.0000027917
      24   0.0000051054  -0.0000012231  -0.0013162213  -0.0000031200   0.0000001894  -0.0001540922
      25   0.0031533509  -0.0026274616   0.0000360491  -0.0102485190  -0.0064936009   0.0000069873
      26  -0.0040411384   0.0087812095  -0.0000014039  -0.0064959044  -0.0155850621  -0.0000016591
      27   0.0000013604  -0.0000073276   0.0015312474   0.0000065933   0.0000064788   0.0004298374
      28  -0.3065005511   0.0220613871   0.0000489465   0.0283590657   0.0158712785   0.0000111175
      29  -0.0135280279  -0.0993714607  -0.0000140611  -0.0158772750  -0.0760568341  -0.0000025166
      30  -0.0000061057  -0.0000003533  -0.0741914828  -0.0000006251  -0.0000027960   0.0084404049
      31  -0.0993516146  -0.0135210220   0.0000183258  -0.0140722996  -0.0014415468   0.0000017166
      32   0.0220597716  -0.3065158720   0.0000621987  -0.0010027858  -0.0207145064   0.0000004227
      33  -0.0000044832   0.0000100241  -0.0742265226  -0.0000034604  -0.0000022489  -0.0018773883
      34   0.0033389697  -0.0061516757   0.0000123587  -0.0207044008   0.0014386714   0.0000039590
      35  -0.0047267569   0.0064218359  -0.0000016273   0.0010109039  -0.0140767517  -0.0000042181
      36  -0.0000022803   0.0000047707  -0.0008979341  -0.0000041422  -0.0000028395  -0.0018769877
      37   0.0064199363  -0.0047245467  -0.0000303217  -0.0034890533   0.0103026642  -0.0000063155
      38  -0.0061420744   0.0033451925   0.0000074056  -0.0103016076  -0.0122200527  -0.0000039647
      39   0.0000012430  -0.0000027558  -0.0008717781   0.0000024116   0.0000026780   0.0013063638
      40   0.0006180933   0.0001199109  -0.0000115604  -0.1401366531   0.0877091164   0.0000195859
      41   0.0092134077  -0.0106913484  -0.0000193312   0.0784741719  -0.2027807654  -0.0000430875
      42  -0.0000066998  -0.0000056917   0.0015108521   0.0000329182  -0.0000403391  -0.0693882211
      43  -0.0074060447   0.0090702546  -0.0000155628   0.0129935728  -0.0503613796  -0.0000272498
      44  -0.0023639408  -0.0005559468   0.0000112688  -0.0001257871  -0.0664060864  -0.0000174025
      45   0.0000049932  -0.0000033998   0.0001431727   0.0000010710  -0.0000086105   0.0089573708
      46  -0.0107000048   0.0092113568  -0.0000231429   0.0002017071  -0.0081225428  -0.0000035742
      47   0.0001194092   0.0006104919   0.0000278771  -0.0002040803  -0.0009218270   0.0000039178
      48   0.0000021772  -0.0000017541   0.0014911651   0.0000003813  -0.0000000737   0.0001057021
      49  -0.0005503648  -0.0023716941   0.0000043451   0.0003515462   0.0012402411   0.0000039147
      50   0.0090677682  -0.0074136203   0.0000054634  -0.0012226839   0.0073277032   0.0000091472
      51  -0.0000069854  -0.0000014542   0.0001616037   0.0000009295  -0.0000013090   0.0003252226
      52  -0.0604223316  -0.0182468384  -0.0000097576  -0.0030372560   0.0023325213  -0.0000095913
      53  -0.0418692887  -0.0144540553  -0.0000128119   0.0144476574   0.0139128202  -0.0000035352
      54  -0.0000017847   0.0000018397   0.0145894044  -0.0000029811  -0.0000026321   0.0062929132
      55  -0.0144526129  -0.0418658561   0.0000134829   0.0097905295   0.0118907344   0.0000018772
      56  -0.0182422750  -0.0604204171   0.0000214026  -0.0025231123  -0.0046045923   0.0000028778
      57   0.0000032218   0.0000037811   0.0145907018  -0.0000047927  -0.0000014516  -0.0008032316
      58   0.0004296106   0.0001329714   0.0000447641   0.0124099837   0.0053352430   0.0000109637
      59   0.0002095351  -0.0005274560  -0.0000196011  -0.0005645698  -0.0001836582   0.0000047921
      60   0.0000068248   0.0000037124  -0.0012367823  -0.0000028491   0.0000023223  -0.0006142499
      61  -0.0005294616   0.0002056104  -0.0000177416  -0.0012181839   0.0001533145  -0.0000066539
      62   0.0001307182   0.0004310722  -0.0000053133   0.0110446633   0.0038872467  -0.0000100370
      63  -0.0000064700  -0.0000019222  -0.0012164672  -0.0000012775   0.0000010739   0.0000592635
      64  -0.0282473481   0.0474518262   0.0000025680  -0.1595515375  -0.1154962510  -0.0000044410
      65   0.0445816754  -0.0204898861  -0.0000119782  -0.0768908512  -0.2870765466  -0.0000161545
      66   0.0000088041   0.0000005056   0.0012945096  -0.0000026440  -0.0000077524  -0.0582511478
      67  -0.0061432267   0.0091426070  -0.0000139225   0.0290923528  -0.0081652788  -0.0000138934
      68   0.0020889180  -0.0005762088   0.0000396410   0.0123241757  -0.0033415094   0.0000076964
      69  -0.0000075674   0.0000023937   0.0003774298  -0.0000012080  -0.0000074376   0.0048428179
      70  -0.0204937778   0.0445799942   0.0000142059   0.0104623524  -0.0084696556   0.0000036783
      71   0.0474525615  -0.0282454909   0.0000048444   0.0027856611   0.0052377845  -0.0000004203
      72  -0.0000092943  -0.0000017094   0.0012873865  -0.0000000760  -0.0000001079  -0.0001476802
      73  -0.0005735431   0.0020882747   0.0000061873   0.0015493620  -0.0012424103  -0.0000041021
      74   0.0091473329  -0.0061394353   0.0000091123   0.0117695800   0.0204787916   0.0000028179
      75   0.0000061257  -0.0000040332   0.0004485542  -0.0000004304   0.0000011591  -0.0000199402
      76   0.0001516150   0.0000414734   0.0000076755  -0.0039717458  -0.0052342997   0.0000117567
      77  -0.0001519225  -0.0000914955  -0.0000263358   0.0220845488   0.0059189782  -0.0000116018
      78   0.0000014129   0.0000013869  -0.0004572115   0.0000045113   0.0000029974  -0.0008481474
      79   0.0000227938   0.0006300031   0.0000083294  -0.0050146452  -0.0031289913   0.0000105663
      80   0.0000145147  -0.0001877029   0.0000025240  -0.0013787288  -0.0019418933  -0.0000131154
      81   0.0000010417   0.0000002536  -0.0003420345  -0.0000022121   0.0000007163   0.0075361374
      82  -0.0000946235  -0.0001462060  -0.0000397031   0.0000968508  -0.0000060546  -0.0000016612
      83   0.0000406844   0.0001492633   0.0000244225  -0.0000250336  -0.0000471958   0.0000032450
      84  -0.0000036201  -0.0000018595  -0.0004635794  -0.0000008787  -0.0000014321  -0.0001690891
      85  -0.0001952806   0.0000146419  -0.0000128321  -0.0000987617  -0.0000313216   0.0000075189
      86   0.0006182315   0.0000193374  -0.0000157473  -0.0000151786   0.0000554599  -0.0000078341
      87  -0.0000003750  -0.0000000849  -0.0003524430  -0.0000001104  -0.0000006400  -0.0000030394
      88  -0.0008522898  -0.0004693596   0.0000185071   0.0000156220  -0.0001666114   0.0000040209
      89  -0.0049275323  -0.0042810998   0.0000263417   0.0002330211   0.0000661450  -0.0000000157
      90   0.0000010159   0.0000039908   0.0043561562  -0.0000007329   0.0000001741   0.0000655729
      91  -0.0042880671  -0.0049282427  -0.0000030131  -0.0004373534   0.0003002761   0.0000067662
      92  -0.0004778888  -0.0008531361   0.0000037370   0.0001712226  -0.0000881068   0.0000066718
      93   0.0000013407   0.0000003467   0.0043705609   0.0000008021   0.0000000092  -0.0007438383
      94   0.0000311254  -0.0000124926  -0.0000128856   0.0000975404   0.0000438926  -0.0000023051
      95   0.0000143371   0.0000458605  -0.0000051707  -0.0000453992  -0.0000172952   0.0000047160
      96  -0.0000032454  -0.0000044166   0.0003105846   0.0000005702  -0.0000006392   0.0001122440
      97   0.0000403890   0.0000138764   0.0000210633   0.0000185251   0.0001019072   0.0000056296
      98  -0.0000081924   0.0000349869   0.0000063169   0.0002755991   0.0002423336  -0.0000055628
      99   0.0000080703   0.0000064226   0.0003542231   0.0000034066   0.0000037670  -0.0000672256
     100   0.0009459452   0.0022865173  -0.0000058153  -0.0111223034   0.0034440281   0.0000097141
     101   0.0013988523  -0.0053992528  -0.0000241169  -0.0279853270   0.0047290131  -0.0000097212
     102  -0.0000006349  -0.0000010463   0.0060818990  -0.0000016913   0.0000018497   0.0003928845
     103  -0.0053988714   0.0014016135  -0.0000345338   0.0000468698  -0.0002031033  -0.0000045816
     104   0.0022785480   0.0009325843   0.0000236648  -0.0001580276  -0.0001702528   0.0000085922
     105   0.0000012659  -0.0000007020   0.0060765653   0.0000003387   0.0000007855   0.0004611781
     106  -0.0000472701  -0.0000393590   0.0000236141  -0.0000602795   0.0000663512   0.0000078695
     107  -0.0000183108   0.0000070193  -0.0000263507   0.0000885102   0.0001560130  -0.0000093443
     108   0.0000000027   0.0000008264  -0.0001335723  -0.0000025260  -0.0000009158  -0.0002876391
     109   0.0000031627  -0.0000193577  -0.0000036865   0.0008981036  -0.0015299718   0.0000041328
     110  -0.0000449066  -0.0000510600   0.0000087675   0.0005018911  -0.0007869503  -0.0000072782
     111   0.0000017865   0.0000006345  -0.0001465728   0.0000010168   0.0000011522   0.0012973042
                     19             20             21             22             23             24
       1   0.0037178839   0.0142934101  -0.0000033902   0.0037201636   0.0142993150  -0.0000026465
       2  -0.0005355542  -0.0149157712   0.0000007693  -0.0005343035  -0.0149210454   0.0000066390
       3  -0.0000009287  -0.0000000767  -0.0002615932   0.0000005195  -0.0000014550  -0.0002621946
       4  -0.0993425271  -0.0220697161   0.0000021912   0.0033364616   0.0047144133   0.0000010432
       5   0.0135201310  -0.3065046809  -0.0000026209   0.0061540664   0.0064209007  -0.0000000966
       6   0.0000136882   0.0000261393  -0.0742311177   0.0000107212   0.0000038406  -0.0008964118
       7   0.0033382539   0.0047199783   0.0000015439  -0.0993580577  -0.0220491609  -0.0000007199
       8   0.0061335985   0.0064302275   0.0000045488   0.0135301268  -0.3064989417  -0.0000024342
       9   0.0000298081   0.0000251716  -0.0008969401   0.0000284019  -0.0000095315  -0.0742274837
      10   0.0183388728  -0.0033651681  -0.0000088707   0.0087811489  -0.0026369019  -0.0000007589
      11  -0.0248781863  -0.0083104519  -0.0000106181  -0.0040339962   0.0031573459  -0.0000163189
      12  -0.0000309907  -0.0000239423  -0.0013173601  -0.0000142444  -0.0000030778   0.0015653469
      13   0.0087873779  -0.0026401798   0.0000008119   0.0183411190  -0.0033756448   0.0000051054
      14  -0.0040433014   0.0031642477  -0.0000032832  -0.0248665688  -0.0083078140  -0.0000012231
      15  -0.0000264518  -0.0000240084   0.0015721693  -0.0000135882  -0.0000037406  -0.0013162213
      16  -0.0545102438  -0.0946749722  -0.0000083500  -0.0038798643  -0.0061441440  -0.0000031200
      17  -0.0294079500  -0.0545013086  -0.0000146631   0.0095628873  -0.0038807271   0.0000001894
      18   0.0000024523   0.0000099036   0.0015867445  -0.0000038086  -0.0000027917  -0.0001540922
      19   0.7686529595   0.0994733784  -0.0000751261  -0.0156078150  -0.0064801093  -0.0000095530
      20   0.0994733784   0.6453100211   0.0000202198  -0.0064791570  -0.0102565837  -0.0000190863
      21  -0.0000751261   0.0000202198   0.1680210036   0.0000007153   0.0000033606   0.0004352445
      22  -0.0156078150  -0.0064791570   0.0000007153   0.7686360108   0.0994824715   0.0000698074
      23  -0.0064801093  -0.0102565837   0.0000033606   0.0994824715   0.6453215286  -0.0000119151
      24  -0.0000095530  -0.0000190863   0.0004352445   0.0000698074  -0.0000119151   0.1680238952
      25  -0.0038769386  -0.0061504415   0.0000051125  -0.0545028560  -0.0946746896   0.0000092149
      26   0.0095545711  -0.0038680043  -0.0000016727  -0.0294113098  -0.0545082714   0.0000137403
      27  -0.0000063003   0.0000072817  -0.0001537211  -0.0000202608  -0.0000051828   0.0015836669
      28  -0.0140883177   0.0010198317   0.0000117911  -0.0206974686  -0.0010067975   0.0000034374
      29   0.0014316358  -0.0206937899  -0.0000088510  -0.0014358918  -0.0140888819  -0.0000064982
      30   0.0000068646   0.0000152312  -0.0018746744   0.0000005722  -0.0000009400  -0.0018751376
      31  -0.0121817933  -0.0103130281   0.0000095359  -0.0760736719  -0.0158734952   0.0000017969
      32   0.0103134489  -0.0034985309   0.0000180909   0.0158707226   0.0283793167   0.0000184967
      33   0.0000023707  -0.0000018462   0.0012926623   0.0000043361  -0.0000023321   0.0084246084
      34  -0.0760793490  -0.0158687237   0.0000085341  -0.0121993538  -0.0103075448   0.0000014201
      35   0.0158641937   0.0283759316   0.0000046332   0.0103053286  -0.0034931115   0.0000031150
      36   0.0000073841   0.0000027432   0.0084218760   0.0000039267   0.0000026206   0.0012924088
      37  -0.0206981162  -0.0010170061   0.0000022580  -0.0140915921   0.0010046780  -0.0000038766
      38  -0.0014293312  -0.0140908108   0.0000054472   0.0014340078  -0.0207050462   0.0000080713
      39   0.0000068927   0.0000151279  -0.0018760961  -0.0000003378  -0.0000020287  -0.0018764500
      40  -0.0663930161  -0.0001355608   0.0000039525  -0.0009267276  -0.0001886162   0.0000009207
      41  -0.0503841574   0.0130272567   0.0000174353  -0.0081201109   0.0001937769   0.0000047293
      42   0.0000023359   0.0000131090   0.0089686278  -0.0000033331   0.0000010955   0.0001147830
      43  -0.2027931628   0.0785008903   0.0000561003   0.0073119948  -0.0012218896   0.0000093165
      44   0.0877418483  -0.1401530336  -0.0000288517   0.0012155525   0.0003748123   0.0000055431
      45   0.0000560901  -0.0000589636  -0.0694068255  -0.0000011763   0.0000033819   0.0003124230
      46   0.0073217038  -0.0012306623  -0.0000067849  -0.2027857940   0.0784847040  -0.0000443975
      47   0.0012119266   0.0003798964   0.0000065862   0.0877345040  -0.1401564416   0.0000357329
      48   0.0000028654  -0.0000158308   0.0003202427  -0.0000487699   0.0000394318  -0.0693962321
      49  -0.0009434735  -0.0001844273  -0.0000038584  -0.0663893781  -0.0001256643  -0.0000134747
      50  -0.0081158392   0.0001910442  -0.0000041671  -0.0503824952   0.0130191470  -0.0000162573
      51   0.0000006840   0.0000149838   0.0001105916  -0.0000092769  -0.0000007147   0.0089611118
      52  -0.0001567666  -0.0005806661   0.0000063517  -0.0046243795  -0.0025107081   0.0000060646
      53   0.0053409298   0.0123943855  -0.0000002711   0.0118782703   0.0098020782   0.0000006795
      54  -0.0000035245   0.0000144163  -0.0006017862  -0.0000016296  -0.0000055806  -0.0007985633
      55   0.0038805923   0.0110524540   0.0000031022   0.0139087026   0.0144466005   0.0000046568
      56   0.0001194348  -0.0011903812   0.0000029197   0.0023627089  -0.0030729721   0.0000041414
      57   0.0000005996  -0.0000134532   0.0000520644  -0.0000000732  -0.0000029662   0.0062892458
      58   0.0139177644   0.0144430067   0.0000041253   0.0038895093   0.0110506366   0.0000071589
      59   0.0023682134  -0.0030670461  -0.0000122657   0.0001205332  -0.0012033391  -0.0000114517
      60   0.0000039715  -0.0000113710   0.0062859666   0.0000041258  -0.0000000623   0.0000522927
      61  -0.0046319222  -0.0025060024  -0.0000003631  -0.0001709462  -0.0005683309   0.0000002689
      62   0.0118754987   0.0098024720   0.0000061715   0.0053443639   0.0123931523   0.0000061998
      63  -0.0000051130   0.0000160573  -0.0007968256  -0.0000035313  -0.0000005333  -0.0006034032
      64  -0.0033533215   0.0123142389   0.0000031643   0.0052437573   0.0027768792   0.0000025785
      65  -0.0081629102   0.0290862131   0.0000092640  -0.0084638542   0.0104694928   0.0000027779
      66   0.0000055512  -0.0000202654   0.0048320110   0.0000025678   0.0000061850  -0.0001553066
      67  -0.2870878899  -0.0768964038   0.0000204030   0.0204733500   0.0117671684   0.0000044886
      68  -0.1154978374  -0.1595473872   0.0000071936  -0.0012379391   0.0015470084   0.0000053475
      69   0.0000139308   0.0000212406  -0.0582460787  -0.0000009490  -0.0000046811  -0.0000305145
      70   0.0204810179   0.0117648232  -0.0000006527  -0.2870826173  -0.0768958746  -0.0000126623
      71  -0.0012309589   0.0015296486   0.0000033283  -0.1154975667  -0.1595555757  -0.0000056423
      72  -0.0000080149   0.0000219570  -0.0000261644  -0.0000160599  -0.0000007527  -0.0582479443
      73   0.0052489590   0.0027828336   0.0000043871  -0.0033456399   0.0123308683   0.0000044980
      74  -0.0084669053   0.0104616996   0.0000018922  -0.0081639293   0.0290935903  -0.0000048524
      75   0.0000007263  -0.0000239417  -0.0001462656  -0.0000018392  -0.0000008039   0.0048459729
      76  -0.0019456728  -0.0013799305  -0.0000077239  -0.0000463942  -0.0000189171  -0.0000067393
      77  -0.0031326961  -0.0050102853  -0.0000028679  -0.0000042019   0.0000986990  -0.0000003491
      78  -0.0000023132  -0.0000055301   0.0075419741   0.0000003947  -0.0000005683  -0.0001624888
      79   0.0059199690   0.0220738027  -0.0000044099   0.0000617884  -0.0000150333  -0.0000073769
      80  -0.0052259551  -0.0039699064   0.0000132083  -0.0000268982  -0.0001055844   0.0000125499
      81  -0.0000087489  -0.0000018130  -0.0008431243  -0.0000020528   0.0000005541  -0.0000133217
      82   0.0000558706  -0.0000123959  -0.0000131991   0.0059209063   0.0220787125  -0.0000151666
      83  -0.0000251499  -0.0001070568   0.0000060850  -0.0052305837  -0.0039751239   0.0000046748
      84  -0.0000012556   0.0000020389  -0.0000119744   0.0000056574   0.0000056119  -0.0008424041
      85  -0.0000468261  -0.0000208078  -0.0000125832  -0.0019388783  -0.0013812534  -0.0000155383
      86  -0.0000038518   0.0000961000   0.0000019880  -0.0031306757  -0.0050125185   0.0000038287
      87   0.0000011269  -0.0000023524  -0.0001850484   0.0000014059  -0.0000000781   0.0075200513
      88  -0.0000210731  -0.0000472218   0.0000038068  -0.0000886293   0.0001749172   0.0000048087
      89   0.0000481480   0.0000939445   0.0000097514   0.0003005222  -0.0004351874   0.0000098282
      90   0.0000004617  -0.0000018754   0.0001202303   0.0000009161   0.0000006070  -0.0007424873
      91   0.0002395953   0.0002796759  -0.0000075098   0.0000678654   0.0002371613  -0.0000070195
      92   0.0001049952   0.0000160012  -0.0000057090  -0.0001651014   0.0000226973  -0.0000061619
      93  -0.0000006497   0.0000009664  -0.0000660189   0.0000008948   0.0000005877   0.0000742208
      94   0.0000652391   0.0002390121  -0.0000028274   0.0002387505   0.0002815370  -0.0000027589
      95  -0.0001659924   0.0000257007  -0.0000062673   0.0001026657   0.0000183067  -0.0000040332
      96  -0.0000011836   0.0000034621   0.0000688602  -0.0000022013   0.0000003350  -0.0000719509
      97  -0.0000891762   0.0001744307   0.0000031249  -0.0000183742  -0.0000476361   0.0000020656
      98   0.0002984517  -0.0004340922   0.0000082038   0.0000476761   0.0000961093   0.0000083486
      99   0.0000039532  -0.0000015468  -0.0007407934   0.0000009055   0.0000034035   0.0001223854
     100  -0.0007864171   0.0005073477  -0.0000105788  -0.0001739973  -0.0001512654  -0.0000092451
     101  -0.0015306800   0.0008989241   0.0000003874  -0.0002029947   0.0000472572   0.0000000082
     102  -0.0000022240   0.0000000979   0.0013001525  -0.0000006585  -0.0000005874   0.0004627210
     103   0.0001565463   0.0000893272  -0.0000084561   0.0047334771  -0.0279920449  -0.0000082108
     104   0.0000924380  -0.0000832292   0.0000001919   0.0034289474  -0.0111048153  -0.0000014241
     105   0.0000012578  -0.0000004637  -0.0002888221   0.0000002172  -0.0000021813   0.0003922903
     106  -0.0001697650  -0.0001573475   0.0000019775  -0.0007769471   0.0004979591  -0.0000005686
     107  -0.0002023758   0.0000439494  -0.0000004187  -0.0015322837   0.0009001373  -0.0000002390
     108  -0.0000007935   0.0000007492   0.0004622940   0.0000013456   0.0000023021   0.0012997557
     109   0.0047326511  -0.0279869946  -0.0000078513   0.0001566114   0.0000877558  -0.0000056952
     110   0.0034285042  -0.0110981542   0.0000120385   0.0000836809  -0.0000791429   0.0000150953
     111  -0.0000009428  -0.0000001502   0.0003908887   0.0000003531  -0.0000017496  -0.0002902954
                     25             26             27             28             29             30
       1  -0.0149139701  -0.0005418118  -0.0000059899  -0.0149076685   0.0005384729   0.0000047807
       2   0.0142931370   0.0037172285   0.0000015647  -0.0142938279   0.0037177375  -0.0000057950
       3   0.0000008623  -0.0000008294  -0.0002705218  -0.0000014371   0.0000009250  -0.0002697306
       4   0.0064288570   0.0061423736  -0.0000021169  -0.0082992728   0.0248660821   0.0000003096
       5   0.0047172538   0.0033436440  -0.0000021085   0.0033660375   0.0183412759   0.0000022570
       6  -0.0000356295   0.0000058534  -0.0008577077  -0.0000577059   0.0000137330  -0.0013532655
       7  -0.3065008966   0.0135275412   0.0000111869   0.0031637464   0.0040377295  -0.0000027265
       8  -0.0220704528  -0.0993698689  -0.0000024832   0.0026312487   0.0087787446  -0.0000062386
       9  -0.0000248922  -0.0000079479  -0.0741921780  -0.0000510996   0.0000109158   0.0015320084
      10  -0.0083086360  -0.0248609913   0.0000037778   0.0064333092  -0.0061460402   0.0000034431
      11  -0.0033767382   0.0183314061   0.0000031864  -0.0047163767   0.0033413079   0.0000116280
      12   0.0000381592  -0.0000042285  -0.0013525850   0.0000520379  -0.0000113511  -0.0008553357
      13   0.0031533509  -0.0040411384   0.0000013604  -0.3065005511  -0.0135280279  -0.0000061057
      14  -0.0026274616   0.0087812095  -0.0000073276   0.0220613871  -0.0993714607  -0.0000003533
      15   0.0000360491  -0.0000014039   0.0015312474   0.0000489465  -0.0000140611  -0.0741914828
      16  -0.0102485190  -0.0064959044   0.0000065933   0.0283590657  -0.0158772750  -0.0000006251
      17  -0.0064936009  -0.0155850621   0.0000064788   0.0158712785  -0.0760568341  -0.0000027960
      18   0.0000069873  -0.0000016591   0.0004298374   0.0000111175  -0.0000025166   0.0084404049
      19  -0.0038769386   0.0095545711  -0.0000063003  -0.0140883177   0.0014316358   0.0000068646
      20  -0.0061504415  -0.0038680043   0.0000072817   0.0010198317  -0.0206937899   0.0000152312
      21   0.0000051125  -0.0000016727  -0.0001537211   0.0000117911  -0.0000088510  -0.0018746744
      22  -0.0545028560  -0.0294113098  -0.0000202608  -0.0206974686  -0.0014358918   0.0000005722
      23  -0.0946746896  -0.0545082714  -0.0000051828  -0.0010067975  -0.0140888819  -0.0000009400
      24   0.0000092149   0.0000137403   0.0015836669   0.0000034374  -0.0000064982  -0.0018751376
      25   0.6452976552   0.0994852532   0.0000241313  -0.0034972013  -0.0103014743  -0.0000062402
      26   0.0994852532   0.7686325326  -0.0000791416   0.0103074342  -0.0121976026  -0.0000016882
      27   0.0000241313  -0.0000791416   0.1680149389   0.0000089172   0.0000040625   0.0013109926
      28  -0.0034972013   0.0103074342   0.0000089172   0.6452991123  -0.0994829849  -0.0000114681
      29  -0.0103014743  -0.0121976026   0.0000040625  -0.0994829849   0.7686454353  -0.0000057625
      30  -0.0000062402  -0.0000016882   0.0013109926  -0.0000114681  -0.0000057625   0.1680151073
      31  -0.0206937867   0.0014361917  -0.0000005458  -0.0545095243   0.0294116341  -0.0000031196
      32   0.0010177122  -0.0140884731   0.0000057017   0.0946787154  -0.0545004127  -0.0000146711
      33  -0.0000054712   0.0000039074  -0.0018742314  -0.0000084009   0.0000045366   0.0015824461
      34  -0.0140843089  -0.0014357878   0.0000007365  -0.0038693431  -0.0095571278  -0.0000020941
      35  -0.0010075071  -0.0206949516   0.0000051863   0.0061417249  -0.0038716365  -0.0000026683
      36  -0.0000086896   0.0000010015  -0.0018741918  -0.0000093338  -0.0000020306  -0.0001557009
      37   0.0283738863   0.0158662444  -0.0000061551  -0.0102533090   0.0064936393   0.0000018440
      38  -0.0158710982  -0.0760747080   0.0000049399   0.0064860827  -0.0156007932  -0.0000035280
      39  -0.0000032557   0.0000039516   0.0084383909  -0.0000079067   0.0000058439   0.0004287102
      40   0.0003788887   0.0012180215  -0.0000051921  -0.0030729479  -0.0023562065  -0.0000002620
      41  -0.0012358990   0.0073195319  -0.0000131205  -0.0144391515   0.0139123906  -0.0000050704
      42   0.0000013731   0.0000012186   0.0003281962   0.0000090375   0.0000066969   0.0062869002
      43   0.0001863369  -0.0081094697  -0.0000115598   0.0098014258  -0.0118809923  -0.0000046362
      44  -0.0001885991  -0.0009338470  -0.0000011716   0.0025145778  -0.0046119406  -0.0000043215
      45  -0.0000081239  -0.0000006317   0.0001069409  -0.0000048874  -0.0000004868  -0.0007958787
      46   0.0130282421  -0.0503809802   0.0000109074   0.0124001764  -0.0053467185   0.0000050306
      47  -0.0001169828  -0.0663988000   0.0000131736   0.0005678956  -0.0001713738  -0.0000051931
      48  -0.0000074952   0.0000062551   0.0089590396  -0.0000005306  -0.0000066429  -0.0006081798
      49  -0.1401506552   0.0877208676  -0.0000266593  -0.0012027454  -0.0001176244   0.0000015746
      50   0.0784756075  -0.2027817038   0.0000465278  -0.0110521696   0.0038871162   0.0000037942
      51  -0.0000348370   0.0000501279  -0.0693937933   0.0000069697   0.0000027595   0.0000568509
      52  -0.0012070374   0.0001218896  -0.0000099339  -0.1401567776  -0.0877292141   0.0000022442
      53   0.0110507790   0.0038872915  -0.0000058390  -0.0784836986  -0.2027884839   0.0000049955
      54   0.0000078625   0.0000003222   0.0000563819   0.0000081959   0.0000128255  -0.0693954015
      55   0.0123922998   0.0053451202   0.0000014274   0.0130230491   0.0503803438  -0.0000083696
      56  -0.0005660810  -0.0001685230   0.0000024228   0.0001290759  -0.0664022815   0.0000084420
      57  -0.0000025921  -0.0000037248  -0.0006071431  -0.0000048624  -0.0000014855   0.0089593753
      58   0.0097959276   0.0118779952   0.0000075790   0.0001922915   0.0081139803  -0.0000085521
      59  -0.0025103873  -0.0046156888   0.0000046529   0.0001923860  -0.0009320951   0.0000088345
      60  -0.0000008885   0.0000010063  -0.0008078457  -0.0000086521  -0.0000035243   0.0001090130
      61  -0.0030643101   0.0023588272  -0.0000076495   0.0003763083  -0.0012141283   0.0000002663
      62   0.0144417274   0.0139135608  -0.0000106623   0.0012294352   0.0073217197  -0.0000038108
      63   0.0000052468   0.0000031456   0.0062931084   0.0000050544   0.0000030458   0.0003230712
      64   0.0015426668  -0.0012365408   0.0000013284  -0.1595511266   0.1155034799  -0.0000009378
      65   0.0117682748   0.0204694483  -0.0000114492   0.0768924056  -0.2871021277  -0.0000044264
      66  -0.0000099611  -0.0000018273  -0.0000306482  -0.0000047293  -0.0000078620  -0.0582393823
      67   0.0104563015  -0.0084661336  -0.0000078545   0.0104652539   0.0084684764  -0.0000007971
      68   0.0027762800   0.0052474287   0.0000070881  -0.0027731599   0.0052463251  -0.0000067050
      69   0.0000057391  -0.0000012614  -0.0001480656   0.0000077583   0.0000025097  -0.0001335339
      70   0.0291023210  -0.0081640385   0.0000095253   0.0290907969   0.0081623808  -0.0000035330
      71   0.0123259206  -0.0033477734  -0.0000015252  -0.0123271543  -0.0033450110  -0.0000019325
      72   0.0000075908   0.0000076705   0.0048403462   0.0000083977   0.0000126143   0.0048552217
      73  -0.1595514194  -0.1154984677   0.0000052119   0.0015454472   0.0012355206  -0.0000045512
      74  -0.0769038131  -0.2870745215   0.0000193894  -0.0117674537   0.0204791667   0.0000000240
      75  -0.0000019645   0.0000207344  -0.0582375567  -0.0000039903  -0.0000075668  -0.0000325973
      76  -0.0001021724  -0.0000232154   0.0000097315   0.0000202144   0.0001674929   0.0000054146
      77  -0.0000125709   0.0000557076  -0.0000094938  -0.0002362498   0.0000638983   0.0000016567
      78   0.0000007570   0.0000001792  -0.0000182053  -0.0000026267  -0.0000017846   0.0000688131
      79   0.0001036300  -0.0000029852   0.0000104596  -0.0004427625  -0.0002986898   0.0000043474
      80  -0.0000154521  -0.0000490671  -0.0000110962  -0.0001722368  -0.0000885470  -0.0000075219
      81   0.0000016115   0.0000014686  -0.0001692464   0.0000002519   0.0000012047  -0.0007448499
      82  -0.0050131791  -0.0031307428  -0.0000035929   0.0000970866  -0.0000499694   0.0000116141
      83  -0.0013800580  -0.0019422591   0.0000051014   0.0000470720  -0.0000183682  -0.0000059053
      84   0.0000002383   0.0000007389   0.0075353089   0.0000010640   0.0000011490   0.0001171151
      85  -0.0039739494  -0.0052313419   0.0000096624   0.0000135670  -0.0001042476   0.0000103032
      86   0.0220837994   0.0059171356  -0.0000062988  -0.0002756963   0.0002420137  -0.0000005638
      87  -0.0000035246  -0.0000053207  -0.0008329796   0.0000007901  -0.0000005585  -0.0000555837
      88   0.0000157189   0.0001025845   0.0000018224  -0.0039660547   0.0052303477  -0.0000034550
      89   0.0002776302   0.0002412993  -0.0000001234  -0.0220826538   0.0059191700  -0.0000074683
      90  -0.0000014566   0.0000010994  -0.0000741683  -0.0000009650   0.0000000191  -0.0008456067
      91   0.0000938338   0.0000500472   0.0000056561  -0.0050107005   0.0031341563   0.0000048962
      92  -0.0000578914  -0.0000196392   0.0000069425   0.0013858189  -0.0019403956   0.0000063411
      93   0.0000006233   0.0000008398   0.0001188876  -0.0000008728   0.0000022457   0.0075341069
      94  -0.0004389135   0.0002989457  -0.0000021637   0.0001002790   0.0000043541   0.0000026683
      95   0.0001797295  -0.0000890917   0.0000040701   0.0000192144  -0.0000481175   0.0000035260
      96  -0.0000013314  -0.0000004587  -0.0007504368   0.0000031858   0.0000014238  -0.0001646581
      97   0.0000234832  -0.0001663301   0.0000055172  -0.0001063550   0.0000262898  -0.0000022339
      98   0.0002347571   0.0000641276  -0.0000065094   0.0000137313   0.0000556624  -0.0000054702
      99  -0.0000041317   0.0000015678   0.0000735413  -0.0000045222  -0.0000049036  -0.0000185043
     100  -0.0000723725   0.0000846193   0.0000070416  -0.0111053509  -0.0034325660   0.0000086216
     101   0.0000879173   0.0001559970  -0.0000092203   0.0279833421   0.0047289174   0.0000008281
     102   0.0000011978   0.0000010381  -0.0002882667   0.0000026670   0.0000001146   0.0003910792
     103   0.0008987342  -0.0015295699  -0.0000044503   0.0008989562   0.0015297577   0.0000081317
     104   0.0004937302  -0.0007792086   0.0000100341  -0.0004986847  -0.0007782083  -0.0000008935
     105  -0.0000012201  -0.0000028137   0.0012986272  -0.0000003680  -0.0000006492   0.0012970665
     106  -0.0111122340   0.0034318955   0.0000078140  -0.0000843624  -0.0000855129  -0.0000005163
     107  -0.0279840755   0.0047285212  -0.0000103947  -0.0000896450   0.0001548226   0.0000021405
     108   0.0000016980  -0.0000013253   0.0003933697  -0.0000002252   0.0000002287  -0.0002898219
     109   0.0000469903  -0.0002028063   0.0000046399   0.0000453166   0.0002026239   0.0000037059
     110  -0.0001408888  -0.0001753886  -0.0000096997   0.0001502413  -0.0001753658  -0.0000094418
     111   0.0000008188  -0.0000004040   0.0004598773  -0.0000025972  -0.0000002336   0.0004612222
                     31             32             33             34             35             36
       1   0.0037170156  -0.0142974423   0.0000023761   0.0037155852  -0.0142944999   0.0000038441
       2   0.0005345477  -0.0149255620  -0.0000017707   0.0005331920  -0.0149189779  -0.0000039228
       3   0.0000015021  -0.0000000746  -0.0002625746  -0.0000008395   0.0000000464  -0.0002634369
       4   0.0087775542   0.0026241876  -0.0000013470   0.0183310938   0.0033670107   0.0000021712
       5   0.0040404082   0.0031553744  -0.0000002484   0.0248693768  -0.0082999495   0.0000025669
       6  -0.0000278932  -0.0000593419   0.0015675494  -0.0000115684   0.0000052386  -0.0013152961
       7   0.0183372287   0.0033780098  -0.0000020785   0.0087787658   0.0026380819  -0.0000023683
       8   0.0248736724  -0.0083069244   0.0000064285   0.0040358602   0.0031582485   0.0000009415
       9  -0.0000215286  -0.0000639531  -0.0013168971  -0.0000098070   0.0000003032   0.0015715781
      10   0.0033406515  -0.0047199994   0.0000002271  -0.0993632264   0.0220652156   0.0000056082
      11  -0.0061437256   0.0064302762  -0.0000026975  -0.0135211195  -0.3065048339  -0.0000148140
      12   0.0000251717   0.0000616397  -0.0008946738   0.0000183821  -0.0000124584  -0.0742311420
      13  -0.0993516146   0.0220597716  -0.0000044832   0.0033389697  -0.0047267569  -0.0000022803
      14  -0.0135210220  -0.3065158720   0.0000100241  -0.0061516757   0.0064218359   0.0000047707
      15   0.0000183258   0.0000621987  -0.0742265226   0.0000123587  -0.0000016273  -0.0008979341
      16  -0.0140722996  -0.0010027858  -0.0000034604  -0.0207044008   0.0010109039  -0.0000041422
      17  -0.0014415468  -0.0207145064  -0.0000022489   0.0014386714  -0.0140767517  -0.0000028395
      18   0.0000017166   0.0000004227  -0.0018773883   0.0000039590  -0.0000042181  -0.0018769877
      19  -0.0121817933   0.0103134489   0.0000023707  -0.0760793490   0.0158641937   0.0000073841
      20  -0.0103130281  -0.0034985309  -0.0000018462  -0.0158687237   0.0283759316   0.0000027432
      21   0.0000095359   0.0000180909   0.0012926623   0.0000085341   0.0000046332   0.0084218760
      22  -0.0760736719   0.0158707226   0.0000043361  -0.0121993538   0.0103053286   0.0000039267
      23  -0.0158734952   0.0283793167  -0.0000023321  -0.0103075448  -0.0034931115   0.0000026206
      24   0.0000017969   0.0000184967   0.0084246084   0.0000014201   0.0000031150   0.0012924088
      25  -0.0206937867   0.0010177122  -0.0000054712  -0.0140843089  -0.0010075071  -0.0000086896
      26   0.0014361917  -0.0140884731   0.0000039074  -0.0014357878  -0.0206949516   0.0000010015
      27  -0.0000005458   0.0000057017  -0.0018742314   0.0000007365   0.0000051863  -0.0018741918
      28  -0.0545095243   0.0946787154  -0.0000084009  -0.0038693431   0.0061417249  -0.0000093338
      29   0.0294116341  -0.0545004127   0.0000045366  -0.0095571278  -0.0038716365  -0.0000020306
      30  -0.0000031196  -0.0000146711   0.0015824461  -0.0000020941  -0.0000026683  -0.0001557009
      31   0.7686346454  -0.0994833733  -0.0000260813  -0.0156036271   0.0064867222  -0.0000003658
      32  -0.0994833733   0.6453137371  -0.0000335580   0.0064944318  -0.0102469330  -0.0000065058
      33  -0.0000260813  -0.0000335580   0.1680259252  -0.0000014185  -0.0000002176   0.0004380041
      34  -0.0156036271   0.0064944318  -0.0000014185   0.7686539025  -0.0994787771   0.0000022067
      35   0.0064867222  -0.0102469330  -0.0000002176  -0.0994787771   0.6453219284   0.0000438237
      36  -0.0000003658  -0.0000065058   0.0004380041   0.0000022067   0.0000438237   0.1680274798
      37  -0.0038715524   0.0061503703   0.0000072197  -0.0545039581   0.0946894658   0.0000090940
      38  -0.0095573357  -0.0038713095   0.0000010939   0.0294126598  -0.0545032064  -0.0000025141
      39  -0.0000056308  -0.0000157857  -0.0001541369  -0.0000009352  -0.0000073127   0.0015861413
      40  -0.0001753849   0.0005720463   0.0000040687  -0.0046206266   0.0025046325   0.0000061667
      41  -0.0053350504   0.0123912355   0.0000089046  -0.0118772982   0.0098013368   0.0000106022
      42   0.0000002335  -0.0000082178  -0.0006091269  -0.0000008148  -0.0000015588  -0.0008032977
      43   0.0038921512  -0.0110522024   0.0000109509   0.0139124364  -0.0144389271   0.0000116319
      44  -0.0001214606  -0.0012041599  -0.0000005316  -0.0023619023  -0.0030720266  -0.0000012184
      45   0.0000010040   0.0000183544   0.0000554695   0.0000008386   0.0000010962   0.0062896169
      46   0.0139092486  -0.0144365594   0.0000025667   0.0038857122  -0.0110521533   0.0000027440
      47  -0.0023612505  -0.0030663540  -0.0000030444  -0.0001206353  -0.0012062426  -0.0000051735
      48   0.0000045299   0.0000150452   0.0062884103   0.0000025704  -0.0000045148   0.0000519840
      49  -0.0046224068   0.0025100257  -0.0000036068  -0.0001761504   0.0005674722  -0.0000038896
      50  -0.0118768584   0.0097987437  -0.0000064182  -0.0053435609   0.0123978072  -0.0000045069
      51   0.0000011617  -0.0000163554  -0.0007992451   0.0000007180  -0.0000055676  -0.0006029534
      52  -0.0663987882   0.0001169468   0.0000057007  -0.0009306584   0.0001939734   0.0000082174
      53   0.0503784859   0.0130160844   0.0000020146   0.0081141040   0.0001931781   0.0000049361
      54   0.0000019718  -0.0000195045   0.0089623480  -0.0000015062   0.0000061610   0.0001114346
      55  -0.2027904497  -0.0784896282   0.0000255955   0.0073187107   0.0012306832  -0.0000005534
      56  -0.0877379692  -0.1401487625   0.0000156803  -0.0012171908   0.0003762441  -0.0000026256
      57   0.0000347379   0.0000343883  -0.0693977412   0.0000020852   0.0000026760   0.0003187973
      58   0.0073193157   0.0012263190  -0.0000078880  -0.2027913313  -0.0784847209  -0.0000329369
      59  -0.0012150313   0.0003777485  -0.0000014881  -0.0877363586  -0.1401496902  -0.0000198813
      60  -0.0000003653   0.0000128715   0.0003255263  -0.0000280057  -0.0000208918  -0.0693936501
      61  -0.0009346934   0.0001922647   0.0000055202  -0.0663924426   0.0001219279   0.0000084680
      62   0.0081176807   0.0001915865   0.0000055168   0.0503813220   0.0130192075   0.0000097188
      63   0.0000009326  -0.0000153428   0.0001084353  -0.0000008630   0.0000035378   0.0089617665
      64  -0.0033433607  -0.0123308385  -0.0000006163   0.0052450499  -0.0027766406  -0.0000002139
      65   0.0081582655   0.0291007521   0.0000028541   0.0084689796   0.0104473421   0.0000050007
      66   0.0000024865   0.0000206355   0.0048488120   0.0000060196  -0.0000040512  -0.0001421616
      67   0.0204818055  -0.0117722065   0.0000092413  -0.2870838800   0.0768961403   0.0000141319
      68   0.0012368221   0.0015463920  -0.0000090892   0.1154914588  -0.1595561790  -0.0000208014
      69  -0.0000047731  -0.0000234281  -0.0000180997   0.0000062561  -0.0000098866  -0.0582351340
      70  -0.2870848788   0.0768931260  -0.0000013277   0.0204756557  -0.0117669562  -0.0000046650
      71   0.1154931295  -0.1595522472   0.0000030525   0.0012390374   0.0015447519   0.0000009218
      72  -0.0000014556  -0.0000125153  -0.0582366663   0.0000036232   0.0000022505  -0.0000155592
      73   0.0052453071  -0.0027755739   0.0000020752  -0.0033477847  -0.0123240315   0.0000001170
      74   0.0084687584   0.0104578090  -0.0000019082   0.0081640824   0.0290888011  -0.0000003184
      75  -0.0000007828   0.0000254714  -0.0001527993  -0.0000002987  -0.0000010000   0.0048345733
      76  -0.0000233896   0.0000536124  -0.0000075536  -0.0000879146  -0.0001778329  -0.0000083588
      77  -0.0000493860   0.0000961334   0.0000082958  -0.0003002985  -0.0004352710   0.0000083316
      78   0.0000011777   0.0000018057   0.0001186158   0.0000000996   0.0000017758  -0.0007446263
      79   0.0002343151  -0.0002807852  -0.0000074263   0.0000657218  -0.0002415257  -0.0000070973
      80  -0.0001062944   0.0000167232   0.0000083315   0.0001675179   0.0000221022   0.0000060537
      81   0.0000016077  -0.0000027629  -0.0000670317   0.0000006821   0.0000020505   0.0000734689
      82   0.0000681787  -0.0002356829   0.0000034586   0.0002417905  -0.0002771949   0.0000040916
      83   0.0001651150   0.0000209370  -0.0000041324  -0.0001020305   0.0000172747  -0.0000035183
      84  -0.0000000780  -0.0000030272   0.0000735394  -0.0000015282   0.0000008483  -0.0000667284
      85  -0.0000871538  -0.0001762306  -0.0000046193  -0.0000185365   0.0000485077  -0.0000041890
      86  -0.0003000392  -0.0004337054   0.0000066183  -0.0000470870   0.0000953966   0.0000067155
      87   0.0000007780   0.0000031009  -0.0007530980   0.0000002776   0.0000019504   0.0001094543
      88  -0.0019432948   0.0013814304  -0.0000026617  -0.0000490785   0.0000219683  -0.0000036196
      89   0.0031292231  -0.0050103068   0.0000005258   0.0000029507   0.0000983527  -0.0000018517
      90  -0.0000027270   0.0000054149   0.0075404826   0.0000007018  -0.0000024997  -0.0001643205
      91   0.0059211527  -0.0220803811  -0.0000015261   0.0000594652   0.0000124740  -0.0000034973
      92   0.0052269774  -0.0039734443  -0.0000061195   0.0000254482  -0.0001036211  -0.0000045344
      93  -0.0000044633  -0.0000016182  -0.0008437864   0.0000004602  -0.0000015527  -0.0000133904
      94   0.0000585522   0.0000150692   0.0000022676   0.0059217669  -0.0220775204  -0.0000011308
      95   0.0000223793  -0.0001034054  -0.0000012032   0.0052315021  -0.0039712048  -0.0000016978
      96   0.0000017370  -0.0000010293  -0.0000072567   0.0000035200  -0.0000024869  -0.0008368426
      97  -0.0000490296   0.0000208986  -0.0000063891  -0.0019390530   0.0013826180  -0.0000056446
      98   0.0000036327   0.0000987725   0.0000031962   0.0031316165  -0.0050121656   0.0000010033
      99  -0.0000021162  -0.0000028530  -0.0001708384  -0.0000021786  -0.0000070271   0.0075337290
     100  -0.0007825203  -0.0004926198  -0.0000040770  -0.0001745958   0.0001504398  -0.0000065848
     101   0.0015305605   0.0009008788   0.0000077655   0.0002017831   0.0000447059   0.0000078650
     102   0.0000003088   0.0000001282   0.0012965770  -0.0000011329   0.0000020489   0.0004591258
     103   0.0047323951   0.0279872943   0.0000036524   0.0001556657  -0.0000895058   0.0000054460
     104  -0.0034299914  -0.0111066000  -0.0000087844  -0.0000843307  -0.0000779527  -0.0000074395
     105  -0.0000022084   0.0000017321   0.0003925675  -0.0000006058  -0.0000012006  -0.0002885552
     106  -0.0001737400   0.0001476501  -0.0000090506  -0.0007768986  -0.0005001058  -0.0000075834
     107   0.0002014185   0.0000454780   0.0000078362   0.0015305134   0.0009005488   0.0000082077
     108   0.0000019134  -0.0000021371   0.0004588562   0.0000000338   0.0000011885   0.0012962319
     109   0.0001552974  -0.0000865865  -0.0000025411   0.0047313794   0.0279887770   0.0000002484
     110  -0.0000913478  -0.0000766750   0.0000080145  -0.0034266396  -0.0111049703   0.0000048275
     111  -0.0000012262   0.0000002180  -0.0002873478   0.0000018492  -0.0000041977   0.0003937897
                     37             38             39             40             41             42
       1  -0.0149104065   0.0005440133   0.0000014041   0.0017644084  -0.0040345246  -0.0000004139
       2  -0.0142915635   0.0037170854  -0.0000016911  -0.0025251069   0.0048387022   0.0000030813
       3   0.0000013736  -0.0000029765  -0.0002697052   0.0000004329  -0.0000002315   0.0006335142
       4   0.0031457541   0.0040408648  -0.0000013421  -0.0604202110   0.0418748813   0.0000058320
       5   0.0026358405   0.0087769120  -0.0000005773   0.0182440471  -0.0144608139  -0.0000096756
       6   0.0000300008  -0.0000084496   0.0015445350   0.0000203039   0.0000054228   0.0145654771
       7  -0.0083074019   0.0248590853   0.0000006856  -0.0005304684  -0.0001247853   0.0000006989
       8   0.0033670037   0.0183385769  -0.0000034127  -0.0002096435   0.0004313856  -0.0000104405
       9   0.0000349904  -0.0000089439  -0.0013416920   0.0000104182   0.0000201564  -0.0012456451
      10  -0.3065148158  -0.0135313550   0.0000028156  -0.0005476699   0.0090732210   0.0000062913
      11   0.0220492613  -0.0993649881   0.0000192941  -0.0023784530  -0.0074146124   0.0000111517
      12  -0.0000291714   0.0000130229  -0.0742014495  -0.0000105814  -0.0000194005   0.0001915995
      13   0.0064199363  -0.0061420744   0.0000012430   0.0006180933   0.0092134077  -0.0000066998
      14  -0.0047245467   0.0033451925  -0.0000027558   0.0001199109  -0.0106913484  -0.0000056917
      15  -0.0000303217   0.0000074056  -0.0008717781  -0.0000115604  -0.0000193312   0.0015108521
      16  -0.0034890533  -0.0103016076   0.0000024116  -0.1401366531   0.0784741719   0.0000329182
      17   0.0103026642  -0.0122200527   0.0000026780   0.0877091164  -0.2027807654  -0.0000403391
      18  -0.0000063155  -0.0000039647   0.0013063638   0.0000195859  -0.0000430875  -0.0693882211
      19  -0.0206981162  -0.0014293312   0.0000068927  -0.0663930161  -0.0503841574   0.0000023359
      20  -0.0010170061  -0.0140908108   0.0000151279  -0.0001355608   0.0130272567   0.0000131090
      21   0.0000022580   0.0000054472  -0.0018760961   0.0000039525   0.0000174353   0.0089686278
      22  -0.0140915921   0.0014340078  -0.0000003378  -0.0009267276  -0.0081201109  -0.0000033331
      23   0.0010046780  -0.0207050462  -0.0000020287  -0.0001886162   0.0001937769   0.0000010955
      24  -0.0000038766   0.0000080713  -0.0018764500   0.0000009207   0.0000047293   0.0001147830
      25   0.0283738863  -0.0158710982  -0.0000032557   0.0003788887  -0.0012358990   0.0000013731
      26   0.0158662444  -0.0760747080   0.0000039516   0.0012180215   0.0073195319   0.0000012186
      27  -0.0000061551   0.0000049399   0.0084383909  -0.0000051921  -0.0000131205   0.0003281962
      28  -0.0102533090   0.0064860827  -0.0000079067  -0.0030729479  -0.0144391515   0.0000090375
      29   0.0064936393  -0.0156007932   0.0000058439  -0.0023562065   0.0139123906   0.0000066969
      30   0.0000018440  -0.0000035280   0.0004287102  -0.0000002620  -0.0000050704   0.0062869002
      31  -0.0038715524  -0.0095573357  -0.0000056308  -0.0001753849  -0.0053350504   0.0000002335
      32   0.0061503703  -0.0038713095  -0.0000157857   0.0005720463   0.0123912355  -0.0000082178
      33   0.0000072197   0.0000010939  -0.0001541369   0.0000040687   0.0000089046  -0.0006091269
      34  -0.0545039581   0.0294126598  -0.0000009352  -0.0046206266  -0.0118772982  -0.0000008148
      35   0.0946894658  -0.0545032064  -0.0000073127   0.0025046325   0.0098013368  -0.0000015588
      36   0.0000090940  -0.0000025141   0.0015861413   0.0000061667   0.0000106022  -0.0008032977
      37   0.6453176762  -0.0994779489   0.0000085639  -0.0011984434  -0.0110520473  -0.0000092157
      38  -0.0994779489   0.7686471414  -0.0000039477  -0.0001294301   0.0038923095  -0.0000028002
      39   0.0000085639  -0.0000039477   0.1680185883  -0.0000007038  -0.0000033903   0.0000509203
      40  -0.0011984434  -0.0001294301  -0.0000007038   0.8840427312   0.0497777229  -0.0000700983
      41  -0.0110520473   0.0038923095  -0.0000033903   0.0497777229   0.5920177971   0.0000972002
      42  -0.0000092157  -0.0000028002   0.0000509203  -0.0000700983   0.0000972002   0.1268903159
      43   0.0123939619  -0.0053467139  -0.0000027914  -0.2832757541  -0.1516927814  -0.0000424470
      44   0.0005603292  -0.0001679819  -0.0000031770  -0.1835575280  -0.2832806696  -0.0000489348
      45   0.0000046074   0.0000054683  -0.0005999583  -0.0000214464  -0.0000323556  -0.0610204718
      46   0.0097965327  -0.0118806108   0.0000054247   0.0005396613   0.0058180666   0.0000045897
      47   0.0025130765  -0.0046160814  -0.0000045015   0.0001674354   0.0005369752  -0.0000024757
      48   0.0000053363   0.0000014010  -0.0008022210   0.0000039039   0.0000169058   0.0002716874
      49  -0.0030716286  -0.0023543955   0.0000014394  -0.0000426273  -0.0006083631   0.0000045479
      50  -0.0144429616   0.0139146874   0.0000049632  -0.0005931783  -0.0058149909   0.0000063475
      51  -0.0000047053  -0.0000088873   0.0062909869  -0.0000041843  -0.0000112124   0.0002121633
      52   0.0003805741  -0.0012144785  -0.0000026558   0.0008084434   0.0003622022  -0.0000116831
      53   0.0012291032   0.0073204890   0.0000006275  -0.0003461499  -0.0036980705  -0.0000068373
      54  -0.0000016752  -0.0000033005   0.0003215985  -0.0000020129  -0.0000150541  -0.0001361915
      55   0.0001920002   0.0081168997  -0.0000019638  -0.0001065213  -0.0037769785  -0.0000045367
      56   0.0001895441  -0.0009336179  -0.0000032457  -0.0002762995   0.0003973668  -0.0000004261
      57   0.0000098905   0.0000040065   0.0001083550   0.0000046600   0.0000115681  -0.0004834499
      58   0.0130245779   0.0503831411  -0.0000029932   0.0003949629   0.0037774585   0.0000048602
      59   0.0001347969  -0.0663960001  -0.0000040906   0.0002756706  -0.0001091668   0.0000125708
      60   0.0000069640  -0.0000003041   0.0089619002   0.0000047467   0.0000115580  -0.0004874965
      61  -0.1401504892  -0.0877278344  -0.0000054394  -0.0007879502  -0.0004230783  -0.0000043204
      62  -0.0784774494  -0.2027831680  -0.0000062512   0.0004110381   0.0039929782  -0.0000093193
      63  -0.0000130921  -0.0000169658  -0.0693957924  -0.0000040806  -0.0000174201  -0.0000472253
      64   0.0015413500   0.0012386993  -0.0000005328   0.0129216760   0.0096137908  -0.0000011001
      65  -0.0117705408   0.0204888361  -0.0000047561  -0.0160639771  -0.0554496127  -0.0000084856
      66   0.0000080722   0.0000069902  -0.0000195701   0.0000038139   0.0000107255   0.0037276680
      67   0.0290953066   0.0081630674  -0.0000009049   0.0032197711   0.0262458436  -0.0000008725
      68  -0.0123273203  -0.0033475894  -0.0000072282   0.0060058524  -0.0001045100   0.0000007437
      69  -0.0000087970  -0.0000114621   0.0048543559  -0.0000039156  -0.0000189057   0.0027803672
      70   0.0104579484   0.0084665708  -0.0000035553   0.0009236906   0.0102472655  -0.0000037857
      71  -0.0027799899   0.0052484585  -0.0000025108  -0.0002505401  -0.0019034107  -0.0000048376
      72  -0.0000084706  -0.0000029679  -0.0001362116  -0.0000081664  -0.0000219828  -0.0001015172
      73  -0.1595537956   0.1155009524  -0.0000109620   0.0003177431   0.0018696626  -0.0000064136
      74   0.0768958677  -0.2870882505   0.0000088617  -0.0013889359  -0.0082920924  -0.0000045549
      75  -0.0000009202   0.0000215978  -0.0582493945   0.0000056117   0.0000192178  -0.0000029444
      76   0.0000174388  -0.0001062723   0.0000027212  -0.3550059245   0.0361577820   0.0000630132
      77  -0.0002781451   0.0002419723   0.0000019235   0.0365128413  -0.0615168832  -0.0000205035
      78   0.0000027181   0.0000007436  -0.0000714590   0.0000531864  -0.0000158393  -0.0325958670
      79   0.0000911992  -0.0000520272   0.0000041540   0.0104911986  -0.0210747012   0.0000055630
      80   0.0000503874  -0.0000182473  -0.0000075069   0.0083061731  -0.0080282124  -0.0000170216
      81  -0.0000011444  -0.0000008245   0.0001175645   0.0000003754  -0.0000082821   0.0034897027
      82  -0.0004352038  -0.0003007205   0.0000102903   0.0000051648   0.0000568203   0.0000076599
      83  -0.0001732767  -0.0000890052  -0.0000046816  -0.0000051573   0.0000489650  -0.0000011371
      84  -0.0000003450  -0.0000018370  -0.0007460000   0.0000001702  -0.0000040017  -0.0000687687
      85   0.0000267636   0.0001653753   0.0000088895  -0.0000100300  -0.0000514825   0.0000155920
      86  -0.0002389016   0.0000677196  -0.0000008653   0.0000052813  -0.0000515107  -0.0000078096
      87   0.0000037742   0.0000014308   0.0000847168   0.0000015025   0.0000017162  -0.0000842759
      88  -0.0001023477   0.0000266217  -0.0000054653   0.0000053131  -0.0000538517  -0.0000006940
      89   0.0000129571   0.0000578340  -0.0000080099   0.0000059542  -0.0000992234  -0.0000065286
      90   0.0000010594   0.0000001730  -0.0000152222  -0.0000003678   0.0000026936   0.0000637348
      91   0.0000994821   0.0000045545   0.0000050345   0.0001180243  -0.0000655255   0.0000089726
      92   0.0000215838  -0.0000491044   0.0000043711  -0.0000661340   0.0000163944   0.0000100328
      93  -0.0000004463  -0.0000021988  -0.0001706448  -0.0000004977  -0.0000013829  -0.0000128962
      94  -0.0050097051   0.0031303336   0.0000026385  -0.0000450462   0.0000865824   0.0000006708
      95   0.0013918127  -0.0019391527   0.0000005118  -0.0000574845   0.0000396648   0.0000075893
      96  -0.0000012651  -0.0000004692   0.0075398461   0.0000002315   0.0000008547   0.0001088274
      97  -0.0039676953   0.0052331580  -0.0000036766  -0.0000592948  -0.0000193348   0.0000040434
      98  -0.0220864839   0.0059201817  -0.0000072733  -0.0000304136   0.0001028864  -0.0000093205
      99  -0.0000040943   0.0000003302  -0.0008481277   0.0000004363   0.0000047356   0.0001158788
     100  -0.0000731610  -0.0000866306   0.0000041511   0.0008929590   0.0011406712   0.0000139747
     101  -0.0000888072   0.0001544718   0.0000014454  -0.0009472505   0.0004833216  -0.0000065764
     102   0.0000005183  -0.0000001174  -0.0002899873  -0.0000021849  -0.0000002735  -0.0040727856
     103   0.0000444815   0.0002022023   0.0000074308   0.0000147108   0.0001034302   0.0000024745
     104   0.0001508815  -0.0001737617   0.0000000220   0.0000147994   0.0000879856   0.0000094368
     105   0.0000003128  -0.0000010206   0.0004597257   0.0000007322   0.0000000067   0.0000419925
     106  -0.0111013521  -0.0034297994  -0.0000024132  -0.0000491040  -0.0000885432   0.0000073572
     107   0.0279838335   0.0047295351   0.0000025952  -0.0000091007  -0.0000777391  -0.0000065785
     108  -0.0000028093  -0.0000007189   0.0003914021   0.0000000726  -0.0000003113  -0.0000091575
     109   0.0008992068   0.0015314418   0.0000038015  -0.0000483760   0.0005623743   0.0000071964
     110  -0.0004926548  -0.0007797018  -0.0000103038  -0.0003351435   0.0002569488  -0.0000135635
     111   0.0000001340  -0.0000005811   0.0012986061  -0.0000004464  -0.0000014668   0.0006748446
                     43             44             45             46             47             48
       1   0.0048411062  -0.0025358325  -0.0000007380   0.0048400145  -0.0025314258   0.0000028216
       2  -0.0040353687   0.0017618529  -0.0000014969  -0.0040386370   0.0017643684  -0.0000000297
       3   0.0000004660  -0.0000004469   0.0006453034  -0.0000011722   0.0000009435   0.0006459589
       4  -0.0144405301   0.0182469216   0.0000012327   0.0004263524  -0.0002046494   0.0000012493
       5   0.0418530950  -0.0604236414  -0.0000066377  -0.0001314459  -0.0005317974   0.0000002476
       6   0.0000317096  -0.0000288518   0.0146080866   0.0000244528  -0.0000260559  -0.0012265306
       7   0.0004356409  -0.0002109612   0.0000010511  -0.0144515561   0.0182379666  -0.0000024889
       8  -0.0001392230  -0.0005243824   0.0000094402   0.0418683606  -0.0604203723   0.0000121472
       9   0.0000138491  -0.0000125653  -0.0011993729   0.0000075287  -0.0000155105   0.0145856490
      10  -0.0106905682   0.0001225956  -0.0000065527  -0.0074139824  -0.0023609056  -0.0000030742
      11   0.0092112011   0.0006171760  -0.0000118931   0.0090777189  -0.0005594175  -0.0000088510
      12  -0.0000143970   0.0000123930   0.0014626395  -0.0000209165   0.0000279886   0.0001641578
      13  -0.0074060447  -0.0023639408   0.0000049932  -0.0107000048   0.0001194092   0.0000021772
      14   0.0090702546  -0.0005559468  -0.0000033998   0.0092113568   0.0006104919  -0.0000017541
      15  -0.0000155628   0.0000112688   0.0001431727  -0.0000231429   0.0000278771   0.0014911651
      16   0.0129935728  -0.0001257871   0.0000010710   0.0002017071  -0.0002040803   0.0000003813
      17  -0.0503613796  -0.0664060864  -0.0000086105  -0.0081225428  -0.0009218270  -0.0000000737
      18  -0.0000272498  -0.0000174025   0.0089573708  -0.0000035742   0.0000039178   0.0001057021
      19  -0.2027931628   0.0877418483   0.0000560901   0.0073217038   0.0012119266   0.0000028654
      20   0.0785008903  -0.1401530336  -0.0000589636  -0.0012306623   0.0003798964  -0.0000158308
      21   0.0000561003  -0.0000288517  -0.0694068255  -0.0000067849   0.0000065862   0.0003202427
      22   0.0073119948   0.0012155525  -0.0000011763  -0.2027857940   0.0877345040  -0.0000487699
      23  -0.0012218896   0.0003748123   0.0000033819   0.0784847040  -0.1401564416   0.0000394318
      24   0.0000093165   0.0000055431   0.0003124230  -0.0000443975   0.0000357329  -0.0693962321
      25   0.0001863369  -0.0001885991  -0.0000081239   0.0130282421  -0.0001169828  -0.0000074952
      26  -0.0081094697  -0.0009338470  -0.0000006317  -0.0503809802  -0.0663988000   0.0000062551
      27  -0.0000115598  -0.0000011716   0.0001069409   0.0000109074   0.0000131736   0.0089590396
      28   0.0098014258   0.0025145778  -0.0000048874   0.0124001764   0.0005678956  -0.0000005306
      29  -0.0118809923  -0.0046119406  -0.0000004868  -0.0053467185  -0.0001713738  -0.0000066429
      30  -0.0000046362  -0.0000043215  -0.0007958787   0.0000050306  -0.0000051931  -0.0006081798
      31   0.0038921512  -0.0001214606   0.0000010040   0.0139092486  -0.0023612505   0.0000045299
      32  -0.0110522024  -0.0012041599   0.0000183544  -0.0144365594  -0.0030663540   0.0000150452
      33   0.0000109509  -0.0000005316   0.0000554695   0.0000025667  -0.0000030444   0.0062884103
      34   0.0139124364  -0.0023619023   0.0000008386   0.0038857122  -0.0001206353   0.0000025704
      35  -0.0144389271  -0.0030720266   0.0000010962  -0.0110521533  -0.0012062426  -0.0000045148
      36   0.0000116319  -0.0000012184   0.0062896169   0.0000027440  -0.0000051735   0.0000519840
      37   0.0123939619   0.0005603292   0.0000046074   0.0097965327   0.0025130765   0.0000053363
      38  -0.0053467139  -0.0001679819   0.0000054683  -0.0118806108  -0.0046160814   0.0000014010
      39  -0.0000027914  -0.0000031770  -0.0005999583   0.0000054247  -0.0000045015  -0.0008022210
      40  -0.2832757541  -0.1835575280  -0.0000214464   0.0005396613   0.0001674354   0.0000039039
      41  -0.1516927814  -0.2832806696  -0.0000323556   0.0058180666   0.0005369752   0.0000169058
      42  -0.0000424470  -0.0000489348  -0.0610204718   0.0000045897  -0.0000024757   0.0002716874
      43   0.5920221016   0.0497494874  -0.0000391199  -0.0058173800  -0.0005903263   0.0000125776
      44   0.0497494874   0.8840732526   0.0002076061  -0.0005924421  -0.0000645330   0.0000047044
      45  -0.0000391199   0.0002076061   0.1268790043   0.0000013626   0.0000002958   0.0002070184
      46  -0.0058173800  -0.0005924421   0.0000013626   0.5920188116   0.0497607614   0.0000862050
      47  -0.0005903263  -0.0000645330   0.0000002958   0.0497607614   0.8840622878  -0.0001306104
      48   0.0000125776   0.0000047044   0.0002070184   0.0000862050  -0.0001306104   0.1268913273
      49   0.0005431899   0.0001590457  -0.0000049841  -0.2832878211  -0.1835496937  -0.0000186376
      50   0.0058079356   0.0005464541  -0.0000123488  -0.1516803894  -0.2832827541  -0.0000025959
      51  -0.0000190198  -0.0000039230   0.0002769898  -0.0000098821   0.0000055087  -0.0610264159
      52  -0.0001110832   0.0002788948   0.0000111200   0.0004050175  -0.0002794855   0.0000111378
      53   0.0037700225   0.0004029009   0.0000007772  -0.0037688190  -0.0001133701   0.0000003668
      54  -0.0000145430  -0.0000058670  -0.0004779074  -0.0000009660  -0.0000008370  -0.0004837108
      55   0.0039994262   0.0004072390  -0.0000007622  -0.0036984444  -0.0003455722  -0.0000000938
      56  -0.0004083086  -0.0008004814  -0.0000010929   0.0003427970   0.0008263740   0.0000009180
      57   0.0000168421   0.0000034207  -0.0000542168  -0.0000056858   0.0000034677  -0.0001347671
      58  -0.0036934339  -0.0003448400  -0.0000016532   0.0039984573   0.0004110089   0.0000006932
      59   0.0003449846   0.0008255692  -0.0000111909  -0.0004096538  -0.0008028194  -0.0000129102
      60   0.0000184072   0.0000041233  -0.0001368197  -0.0000039689   0.0000020571  -0.0000446917
      61   0.0004035054  -0.0002807301   0.0000059315  -0.0001158877   0.0002813713   0.0000058087
      62  -0.0037677108  -0.0001144789   0.0000126893   0.0037699740   0.0004010370   0.0000140066
      63  -0.0000123578  -0.0000045744  -0.0004799192   0.0000002694  -0.0000005004  -0.0004854006
      64  -0.0001126707   0.0060175274   0.0000027252  -0.0018998153  -0.0002556078   0.0000004430
      65   0.0262483612   0.0032211853  -0.0000038659   0.0102469794   0.0009223466   0.0000035933
      66   0.0000230314   0.0000076502   0.0027690747  -0.0000031026   0.0000017844  -0.0001034375
      67  -0.0554543972  -0.0160631860   0.0000062408  -0.0082890566  -0.0013863998   0.0000039415
      68   0.0096236032   0.0129124731  -0.0000016227   0.0018582573   0.0003275161  -0.0000016161
      69  -0.0000157905  -0.0000026195   0.0037315497   0.0000031792  -0.0000020892  -0.0000093649
      70  -0.0082894732  -0.0013892731   0.0000046906  -0.0554583709  -0.0160736098   0.0000028045
      71   0.0018557521   0.0003288710   0.0000030038   0.0096279194   0.0129094000   0.0000024124
      72  -0.0000223089  -0.0000065312   0.0000013869  -0.0000020618  -0.0000054748   0.0037240016
      73  -0.0018948742  -0.0002553653   0.0000065630  -0.0001144535   0.0060176086   0.0000046026
      74   0.0102449756   0.0009237176   0.0000024179   0.0262443539   0.0032301922   0.0000102067
      75   0.0000233204   0.0000077573  -0.0001127352  -0.0000050422   0.0000025335   0.0027766150
      76  -0.0080347336   0.0083150625  -0.0000085854   0.0000533012  -0.0000062942  -0.0000138482
      77  -0.0210661763   0.0104778442   0.0000132629   0.0000576023   0.0000063949   0.0000069973
      78   0.0000015908   0.0000035259   0.0034949561  -0.0000019073   0.0000014116  -0.0000609375
      79  -0.0615157069   0.0365177651   0.0000055719  -0.0000482455   0.0000024683  -0.0000123661
      80   0.0361550755  -0.3549997793  -0.0000837578  -0.0000555654  -0.0000001392   0.0000163503
      81   0.0000182376  -0.0000974366  -0.0325886694  -0.0000001295   0.0000010054  -0.0001038821
      82  -0.0000490405   0.0000037996  -0.0000073911  -0.0615171513   0.0365159710  -0.0000250662
      83  -0.0000522014  -0.0000049737   0.0000019319   0.0361515384  -0.3549996334   0.0000803439
      84  -0.0000019473  -0.0000016365  -0.0001024158  -0.0000187297   0.0000762511  -0.0325884219
      85   0.0000478786  -0.0000071927  -0.0000145421  -0.0080331661   0.0083141887  -0.0000198682
      86   0.0000575688   0.0000043598   0.0000072938  -0.0210654562   0.0104766671   0.0000013660
      87   0.0000027001   0.0000002593  -0.0000886287  -0.0000042834  -0.0000001593   0.0034700434
      88   0.0000333320  -0.0000509474   0.0000008047   0.0000202875  -0.0000668401   0.0000004071
      89   0.0000852509  -0.0000358353   0.0000064034  -0.0000664717   0.0001195529   0.0000067134
      90   0.0000017793   0.0000009742   0.0001174039   0.0000025181  -0.0000007591  -0.0000049271
      91   0.0001039328  -0.0000312600  -0.0000093080  -0.0000937807   0.0000046162  -0.0000092880
      92  -0.0000158289  -0.0000532553  -0.0000083002  -0.0000503389   0.0000010262  -0.0000081914
      93  -0.0000040298  -0.0000007075   0.0001210987   0.0000019695  -0.0000010943   0.0000716013
      94  -0.0000940921   0.0000035790  -0.0000000519   0.0001048668  -0.0000311360  -0.0000005270
      95  -0.0000527147  -0.0000021527  -0.0000061561  -0.0000192764  -0.0000518263  -0.0000060884
      96  -0.0000029439  -0.0000019727   0.0000741255   0.0000009955  -0.0000015128   0.0001201309
      97   0.0000167844  -0.0000667076  -0.0000024492   0.0000381948  -0.0000529220  -0.0000033058
      98  -0.0000661042   0.0001186000   0.0000095786   0.0000851222  -0.0000358524   0.0000097118
      99   0.0000028213   0.0000015781  -0.0000095687   0.0000020987   0.0000008416   0.0001139321
     100   0.0002467350  -0.0003279749  -0.0000119848   0.0000994838   0.0000049487  -0.0000149788
     101   0.0005637839  -0.0000499033   0.0000070918   0.0001026933   0.0000164983   0.0000065509
     102   0.0000016516   0.0000007291   0.0006755981   0.0000003618  -0.0000001115   0.0000428837
     103  -0.0000776754  -0.0000073893  -0.0000022298   0.0004849221  -0.0009456176  -0.0000025237
     104  -0.0000908273  -0.0000347737  -0.0000068847   0.0011496848   0.0008826322  -0.0000050873
     105  -0.0000003031   0.0000003254  -0.0000091156   0.0000019365  -0.0000015750  -0.0040720024
     106   0.0000935196   0.0000068481  -0.0000052094   0.0002525016  -0.0003314649  -0.0000068413
     107   0.0001030091   0.0000164044   0.0000066274   0.0005639984  -0.0000497955   0.0000063830
     108  -0.0000002001  -0.0000001173   0.0000421383  -0.0000002278   0.0000002580   0.0006749083
     109   0.0004801954  -0.0009472717  -0.0000072621  -0.0000780097  -0.0000099499  -0.0000069370
     110   0.0011501945   0.0008788097   0.0000163917  -0.0000966324  -0.0000313088   0.0000168822
     111  -0.0000015270   0.0000022158  -0.0040720988  -0.0000003201  -0.0000001646  -0.0000092114
                     49             50             51             52             53             54
       1   0.0017638212  -0.0040384708  -0.0000012421   0.0017638965   0.0040379696  -0.0000037773
       2  -0.0025286043   0.0048395498  -0.0000008257   0.0025260944   0.0048384248   0.0000012778
       3   0.0000012512   0.0000011330   0.0006334886   0.0000000209   0.0000004554   0.0006342417
       4  -0.0005308068  -0.0001297307   0.0000005261   0.0006112305  -0.0092167739  -0.0000013137
       5  -0.0001997726   0.0004308562  -0.0000014565  -0.0001186769  -0.0106938107   0.0000002015
       6  -0.0000042936  -0.0000082054  -0.0012170532   0.0000103205   0.0000184220   0.0014863209
       7  -0.0604372887   0.0418705732  -0.0000016273  -0.0005496205  -0.0090682767   0.0000002865
       8   0.0182543997  -0.0144592250  -0.0000071958   0.0023707563  -0.0074174375  -0.0000106100
       9  -0.0000153827   0.0000089675   0.0145899393   0.0000101176   0.0000177560   0.0001601901
      10   0.0006090842   0.0092159324   0.0000084780  -0.0005256535   0.0001337158   0.0000040294
      11   0.0001190965  -0.0106904338   0.0000158405   0.0002057231   0.0004322345   0.0000073277
      12   0.0000034180   0.0000064804   0.0014889157  -0.0000105149  -0.0000183660  -0.0012162054
      13  -0.0005503648   0.0090677682  -0.0000069854  -0.0604223316  -0.0418692887  -0.0000017847
      14  -0.0023716941  -0.0074136203  -0.0000014542  -0.0182468384  -0.0144540553   0.0000018397
      15   0.0000043451   0.0000054634   0.0001616037  -0.0000097576  -0.0000128119   0.0145894044
      16   0.0003515462  -0.0012226839   0.0000009295  -0.0030372560   0.0144476574  -0.0000029811
      17   0.0012402411   0.0073277032  -0.0000013090   0.0023325213   0.0139128202  -0.0000026321
      18   0.0000039147   0.0000091472   0.0003252226  -0.0000095913  -0.0000035352   0.0062929132
      19  -0.0009434735  -0.0081158392   0.0000006840  -0.0001567666   0.0053409298  -0.0000035245
      20  -0.0001844273   0.0001910442   0.0000149838  -0.0005806661   0.0123943855   0.0000144163
      21  -0.0000038584  -0.0000041671   0.0001105916   0.0000063517  -0.0000002711  -0.0006017862
      22  -0.0663893781  -0.0503824952  -0.0000092769  -0.0046243795   0.0118782703  -0.0000016296
      23  -0.0001256643   0.0130191470  -0.0000007147  -0.0025107081   0.0098020782  -0.0000055806
      24  -0.0000134747  -0.0000162573   0.0089611118   0.0000060646   0.0000006795  -0.0007985633
      25  -0.1401506552   0.0784756075  -0.0000348370  -0.0012070374   0.0110507790   0.0000078625
      26   0.0877208676  -0.2027817038   0.0000501279   0.0001218896   0.0038872915   0.0000003222
      27  -0.0000266593   0.0000465278  -0.0693937933  -0.0000099339  -0.0000058390   0.0000563819
      28  -0.0012027454  -0.0110521696   0.0000069697  -0.1401567776  -0.0784836986   0.0000081959
      29  -0.0001176244   0.0038871162   0.0000027595  -0.0877292141  -0.2027884839   0.0000128255
      30   0.0000015746   0.0000037942   0.0000568509   0.0000022442   0.0000049955  -0.0693954015
      31  -0.0046224068  -0.0118768584   0.0000011617  -0.0663987882   0.0503784859   0.0000019718
      32   0.0025100257   0.0097987437  -0.0000163554   0.0001169468   0.0130160844  -0.0000195045
      33  -0.0000036068  -0.0000064182  -0.0007992451   0.0000057007   0.0000020146   0.0089623480
      34  -0.0001761504  -0.0053435609   0.0000007180  -0.0009306584   0.0081141040  -0.0000015062
      35   0.0005674722   0.0123978072  -0.0000055676   0.0001939734   0.0001931781   0.0000061610
      36  -0.0000038896  -0.0000045069  -0.0006029534   0.0000082174   0.0000049361   0.0001114346
      37  -0.0030716286  -0.0144429616  -0.0000047053   0.0003805741   0.0012291032  -0.0000016752
      38  -0.0023543955   0.0139146874  -0.0000088873  -0.0012144785   0.0073204890  -0.0000033005
      39   0.0000014394   0.0000049632   0.0062909869  -0.0000026558   0.0000006275   0.0003215985
      40  -0.0000426273  -0.0005931783  -0.0000041843   0.0008084434  -0.0003461499  -0.0000020129
      41  -0.0006083631  -0.0058149909  -0.0000112124   0.0003622022  -0.0036980705  -0.0000150541
      42   0.0000045479   0.0000063475   0.0002121633  -0.0000116831  -0.0000068373  -0.0001361915
      43   0.0005431899   0.0058079356  -0.0000190198  -0.0001110832   0.0037700225  -0.0000145430
      44   0.0001590457   0.0005464541  -0.0000039230   0.0002788948   0.0004029009  -0.0000058670
      45  -0.0000049841  -0.0000123488   0.0002769898   0.0000111200   0.0000007772  -0.0004779074
      46  -0.2832878211  -0.1516803894  -0.0000098821   0.0004050175  -0.0037688190  -0.0000009660
      47  -0.1835496937  -0.2832827541   0.0000055087  -0.0002794855  -0.0001133701  -0.0000008370
      48  -0.0000186376  -0.0000025959  -0.0610264159   0.0000111378   0.0000003668  -0.0004837108
      49   0.8840426823   0.0497707388   0.0001454361  -0.0007994279   0.0004090032   0.0000036677
      50   0.0497707388   0.5920074018  -0.0000739804  -0.0004087843   0.0039972018   0.0000107207
      51   0.0001454361  -0.0000739804   0.1268902980  -0.0000115484  -0.0000063862  -0.0000487112
      52  -0.0007994279  -0.0004087843  -0.0000115484   0.8840438920  -0.0497746616   0.0000031139
      53   0.0004090032   0.0039972018  -0.0000063862  -0.0497746616   0.5920115318  -0.0000599836
      54   0.0000036677   0.0000107207  -0.0000487112   0.0000031139  -0.0000599836   0.1268866859
      55   0.0004014817   0.0037686634  -0.0000039744  -0.2832900197   0.1516790809  -0.0000326009
      56   0.0002798601  -0.0001129691  -0.0000006269   0.1835522392  -0.2832861228   0.0000406279
      57  -0.0000050097  -0.0000072308  -0.0004845252  -0.0000186133   0.0000503436  -0.0610233020
      58  -0.0001132503  -0.0037707667   0.0000048704   0.0005443467  -0.0058129626  -0.0000009597
      59  -0.0002808230   0.0003996830   0.0000113207  -0.0001594748   0.0005450979   0.0000105066
      60  -0.0000049418  -0.0000068718  -0.0004875476   0.0000115562   0.0000055513   0.0002705496
      61   0.0008257944   0.0003450918  -0.0000049195  -0.0000627898   0.0005916338  -0.0000052741
      62  -0.0003440007  -0.0036892443  -0.0000082329   0.0005907913  -0.0058195640  -0.0000133520
      63   0.0000040188   0.0000107944  -0.0001337439  -0.0000110679  -0.0000008718   0.0002109167
      64   0.0003278069   0.0018587868  -0.0000016764   0.0129144322  -0.0096195450   0.0000007668
      65  -0.0013839075  -0.0083051306  -0.0000019433   0.0160607515  -0.0554671338  -0.0000004183
      66  -0.0000073205  -0.0000133291  -0.0000041456   0.0000153398   0.0000054720   0.0037300423
      67   0.0009204995   0.0102448427  -0.0000061685   0.0009259051  -0.0102477860  -0.0000055745
      68  -0.0002571424  -0.0018979901   0.0000027147   0.0002568862  -0.0018980975   0.0000024013
      69   0.0000074284   0.0000146989  -0.0000981462  -0.0000177945  -0.0000031818  -0.0001010530
      70   0.0032191588   0.0262517154  -0.0000093455   0.0032243137  -0.0262449766  -0.0000026774
      71   0.0060162161  -0.0001139526  -0.0000021190  -0.0060162153  -0.0001129382  -0.0000022762
      72   0.0000053822   0.0000127545   0.0027804606  -0.0000140455  -0.0000072679   0.0027775982
      73   0.0129145131   0.0096209188  -0.0000070506   0.0003289284  -0.0018582932  -0.0000058660
      74  -0.0160622954  -0.0554601763   0.0000005652   0.0013875679  -0.0082916462  -0.0000052318
      75  -0.0000028675  -0.0000046341   0.0037269851   0.0000165117   0.0000054450  -0.0000016978
      76   0.0000017005  -0.0000560828   0.0000119704   0.0000001190   0.0000524038   0.0000138673
      77   0.0000010169  -0.0000496902  -0.0000063354  -0.0000031640  -0.0000909167  -0.0000069039
      78  -0.0000012017  -0.0000007585  -0.0001112367   0.0000018068   0.0000011562   0.0000646174
      79   0.0000064607   0.0000612693   0.0000116968   0.0001174914   0.0000685469   0.0000122971
      80  -0.0000117491   0.0000526275  -0.0000142868   0.0000676929   0.0000181178  -0.0000150608
      81  -0.0000001710   0.0000018668  -0.0000681936  -0.0000016121  -0.0000003459  -0.0000122222
      82   0.0104849945  -0.0210708035   0.0000142643  -0.0000379906  -0.0000831894   0.0000079052
      83   0.0083114345  -0.0080332743   0.0000034281   0.0000514198   0.0000382099  -0.0000008747
      84   0.0000001271   0.0000037001   0.0034883964  -0.0000004723  -0.0000001791   0.0001093739
      85  -0.3549981581   0.0361548485  -0.0000644490  -0.0000533911   0.0000213341   0.0000153090
      86   0.0365163979  -0.0615164684   0.0000086928   0.0000310462   0.0001047830  -0.0000070339
      87  -0.0000766913   0.0000175989  -0.0325697460   0.0000019696   0.0000006645   0.0001390061
      88  -0.0000532241  -0.0000211007  -0.0000015160  -0.3549996521  -0.0361535852   0.0000087764
      89  -0.0000328627   0.0001036034  -0.0000072036  -0.0365147336  -0.0615183620  -0.0000021071
      90  -0.0000012723  -0.0000024131   0.0001123912   0.0000123581   0.0000051060  -0.0325962578
      91  -0.0000397212   0.0000840280   0.0000093629   0.0104838787   0.0210655798   0.0000070968
      92  -0.0000540448   0.0000354951   0.0000098648  -0.0083117228  -0.0080332155   0.0000120501
      93   0.0000016201   0.0000013680   0.0001103070  -0.0000004642   0.0000014392   0.0034885943
      94   0.0001185377  -0.0000665796   0.0000007644   0.0000065034  -0.0000597895   0.0000006892
      95  -0.0000683565   0.0000182390   0.0000070763   0.0000093938   0.0000508948   0.0000079328
      96   0.0000008178  -0.0000001874  -0.0000125306  -0.0000011735  -0.0000028886  -0.0000693422
      97   0.0000035725  -0.0000524889   0.0000010339  -0.0000021439   0.0000556470   0.0000036491
      98   0.0000031233  -0.0000926599  -0.0000098256  -0.0000023735  -0.0000486248  -0.0000096559
      99  -0.0000014232  -0.0000029415   0.0000678916   0.0000007459   0.0000006970  -0.0001070412
     100  -0.0000274863  -0.0000971495   0.0000121170   0.0008836490  -0.0011582796   0.0000150457
     101  -0.0000091976  -0.0000774529  -0.0000062990   0.0009446104   0.0004860374  -0.0000063829
     102  -0.0000005481  -0.0000000915  -0.0000099637  -0.0000002310   0.0000005480  -0.0040728267
     103  -0.0000502304   0.0005632879   0.0000032076  -0.0000502795  -0.0005645939   0.0000025979
     104  -0.0003342925   0.0002492136   0.0000082483   0.0003303711   0.0002479982   0.0000091517
     105  -0.0000019252   0.0000000145   0.0006747976   0.0000003071   0.0000002833   0.0006747160
     106   0.0008907591   0.0011499043   0.0000034324  -0.0000332906   0.0000987360   0.0000069908
     107  -0.0009483225   0.0004818258  -0.0000063886   0.0000081068  -0.0000764249  -0.0000060567
     108  -0.0000000236  -0.0000014157  -0.0040721737  -0.0000002712  -0.0000003990  -0.0000092685
     109   0.0000171359   0.0001030650   0.0000067694   0.0000168755  -0.0001024482   0.0000070322
     110  -0.0000003498   0.0000977278  -0.0000135604  -0.0000022212   0.0000951214  -0.0000135600
     111   0.0000001312   0.0000005270   0.0000422131   0.0000003534   0.0000012704   0.0000422182
                     55             56             57             58             59             60
       1   0.0048425020   0.0025308389  -0.0000006952   0.0048430946   0.0025312921  -0.0000000440
       2   0.0040400644   0.0017643020  -0.0000026997   0.0040374701   0.0017634284   0.0000010245
       3   0.0000002485   0.0000008280   0.0006447050  -0.0000009954  -0.0000006248   0.0006440080
       4  -0.0074110794   0.0023718937  -0.0000009915  -0.0106965986  -0.0001185544   0.0000017167
       5  -0.0090746238  -0.0005447667  -0.0000005200  -0.0092160882   0.0006118647   0.0000012074
       6  -0.0000061963  -0.0000148609   0.0001605154  -0.0000455890   0.0000190528   0.0015025184
       7  -0.0106975042  -0.0001233953  -0.0000005141  -0.0074137937   0.0023645025  -0.0000026426
       8  -0.0092191987   0.0006148710   0.0000090054  -0.0090753172  -0.0005581994   0.0000092526
       9  -0.0000070658  -0.0000149214   0.0014863763  -0.0000442299   0.0000196693   0.0001817683
      10   0.0004309209   0.0002046677  -0.0000101130  -0.0144594917  -0.0182497855  -0.0000042657
      11   0.0001329746  -0.0005291956  -0.0000129954  -0.0418667882  -0.0604224596  -0.0000180332
      12   0.0000055441   0.0000149839  -0.0012231207   0.0000352134  -0.0000278647   0.0145686026
      13  -0.0144526129  -0.0182422750   0.0000032218   0.0004296106   0.0002095351   0.0000068248
      14  -0.0418658561  -0.0604204171   0.0000037811   0.0001329714  -0.0005274560   0.0000037124
      15   0.0000134829   0.0000214026   0.0145907018   0.0000447641  -0.0000196011  -0.0012367823
      16   0.0097905295  -0.0025231123  -0.0000047927   0.0124099837  -0.0005645698  -0.0000028491
      17   0.0118907344  -0.0046045923  -0.0000014516   0.0053352430  -0.0001836582   0.0000023223
      18   0.0000018772   0.0000028778  -0.0008032316   0.0000109637   0.0000047921  -0.0006142499
      19   0.0038805923   0.0001194348   0.0000005996   0.0139177644   0.0023682134   0.0000039715
      20   0.0110524540  -0.0011903812  -0.0000134532   0.0144430067  -0.0030670461  -0.0000113710
      21   0.0000031022   0.0000029197   0.0000520644   0.0000041253  -0.0000122657   0.0062859666
      22   0.0139087026   0.0023627089  -0.0000000732   0.0038895093   0.0001205332   0.0000041258
      23   0.0144466005  -0.0030729721  -0.0000029662   0.0110506366  -0.0012033391  -0.0000000623
      24   0.0000046568   0.0000041414   0.0062892458   0.0000071589  -0.0000114517   0.0000522927
      25   0.0123922998  -0.0005660810  -0.0000025921   0.0097959276  -0.0025103873  -0.0000008885
      26   0.0053451202  -0.0001685230  -0.0000037248   0.0118779952  -0.0046156888   0.0000010063
      27   0.0000014274   0.0000024228  -0.0006071431   0.0000075790   0.0000046529  -0.0008078457
      28   0.0130230491   0.0001290759  -0.0000048624   0.0001922915   0.0001923860  -0.0000086521
      29   0.0503803438  -0.0664022815  -0.0000014855   0.0081139803  -0.0009320951  -0.0000035243
      30  -0.0000083696   0.0000084420   0.0089593753  -0.0000085521   0.0000088345   0.0001090130
      31  -0.2027904497  -0.0877379692   0.0000347379   0.0073193157  -0.0012150313  -0.0000003653
      32  -0.0784896282  -0.1401487625   0.0000343883   0.0012263190   0.0003777485   0.0000128715
      33   0.0000255955   0.0000156803  -0.0693977412  -0.0000078880  -0.0000014881   0.0003255263
      34   0.0073187107  -0.0012171908   0.0000020852  -0.2027913313  -0.0877363586  -0.0000280057
      35   0.0012306832   0.0003762441   0.0000026760  -0.0784847209  -0.1401496902  -0.0000208918
      36  -0.0000005534  -0.0000026256   0.0003187973  -0.0000329369  -0.0000198813  -0.0693936501
      37   0.0001920002   0.0001895441   0.0000098905   0.0130245779   0.0001347969   0.0000069640
      38   0.0081168997  -0.0009336179   0.0000040065   0.0503831411  -0.0663960001  -0.0000003041
      39  -0.0000019638  -0.0000032457   0.0001083550  -0.0000029932  -0.0000040906   0.0089619002
      40  -0.0001065213  -0.0002762995   0.0000046600   0.0003949629   0.0002756706   0.0000047467
      41  -0.0037769785   0.0003973668   0.0000115681   0.0037774585  -0.0001091668   0.0000115580
      42  -0.0000045367  -0.0000004261  -0.0004834499   0.0000048602   0.0000125708  -0.0004874965
      43   0.0039994262  -0.0004083086   0.0000168421  -0.0036934339   0.0003449846   0.0000184072
      44   0.0004072390  -0.0008004814   0.0000034207  -0.0003448400   0.0008255692   0.0000041233
      45  -0.0000007622  -0.0000010929  -0.0000542168  -0.0000016532  -0.0000111909  -0.0001368197
      46  -0.0036984444   0.0003427970  -0.0000056858   0.0039984573  -0.0004096538  -0.0000039689
      47  -0.0003455722   0.0008263740   0.0000034677   0.0004110089  -0.0008028194   0.0000020571
      48  -0.0000000938   0.0000009180  -0.0001347671   0.0000006932  -0.0000129102  -0.0000446917
      49   0.0004014817   0.0002798601  -0.0000050097  -0.0001132503  -0.0002808230  -0.0000049418
      50   0.0037686634  -0.0001129691  -0.0000072308  -0.0037707667   0.0003996830  -0.0000068718
      51  -0.0000039744  -0.0000006269  -0.0004845252   0.0000048704   0.0000113207  -0.0004875476
      52  -0.2832900197   0.1835522392  -0.0000186133   0.0005443467  -0.0001594748   0.0000115562
      53   0.1516790809  -0.2832861228   0.0000503436  -0.0058129626   0.0005450979   0.0000055513
      54  -0.0000326009   0.0000406279  -0.0610233020  -0.0000009597   0.0000105066   0.0002705496
      55   0.5920208996  -0.0497561017  -0.0000050456  -0.0058207766   0.0005918528   0.0000027673
      56  -0.0497561017   0.8840642647  -0.0001358384   0.0005929238  -0.0000625787   0.0000005571
      57  -0.0000050456  -0.0001358384   0.1268872334  -0.0000036247  -0.0000124601   0.0002138437
      58  -0.0058207766   0.0005929238  -0.0000036247   0.5920169606  -0.0497537101  -0.0000018687
      59   0.0005918528  -0.0000625787  -0.0000124601  -0.0497537101   0.8840799333   0.0001497984
      60   0.0000027673   0.0000005571   0.0002138437  -0.0000018687   0.0001497984   0.1268956702
      61   0.0005453046  -0.0001601216   0.0000046057  -0.2832907277   0.1835555465   0.0000400637
      62  -0.0058117882   0.0005480879   0.0000088127   0.1516785619  -0.2832834809  -0.0000407397
      63   0.0000015706  -0.0000004596   0.0002722073   0.0000332463  -0.0000337804  -0.0610288865
      64  -0.0001135677  -0.0060183261   0.0000039507  -0.0018994723   0.0002554252   0.0000013997
      65  -0.0262387159   0.0032220360   0.0000059826  -0.0102484148   0.0009263740   0.0000018365
      66   0.0000022642   0.0000010167   0.0027749704  -0.0000036562  -0.0000161657  -0.0000998138
      67  -0.0082920007   0.0013908422   0.0000039328  -0.0554550186   0.0160648906   0.0000088168
      68  -0.0018603463   0.0003282872  -0.0000010202  -0.0096240480   0.0129112561  -0.0000025421
      69   0.0000001494  -0.0000010320  -0.0000080158   0.0000044924   0.0000181988   0.0037194591
      70  -0.0554540517   0.0160690517   0.0000001787  -0.0082913051   0.0013875257   0.0000046732
      71  -0.0096250993   0.0129105850   0.0000043361  -0.0018593941   0.0003294250   0.0000031716
      72  -0.0000038457  -0.0000024939   0.0037253106   0.0000015505   0.0000171057  -0.0000105693
      73  -0.0018964560   0.0002577162   0.0000054241  -0.0001141808  -0.0060168484   0.0000053686
      74  -0.0102494880   0.0009255900   0.0000049365  -0.0262475658   0.0032203697   0.0000021844
      75   0.0000030223   0.0000002705  -0.0001050779  -0.0000013247  -0.0000164679   0.0027796147
      76   0.0000371241   0.0000517424  -0.0000120445   0.0000210943   0.0000654032  -0.0000131467
      77  -0.0000825236  -0.0000381578   0.0000063235   0.0000652530   0.0001190496   0.0000068786
      78   0.0000006793   0.0000005584   0.0001176659   0.0000001938  -0.0000018757  -0.0000049089
      79   0.0001052948   0.0000316305  -0.0000118192  -0.0000923580  -0.0000051141  -0.0000121326
      80   0.0000189163  -0.0000563468   0.0000159631   0.0000519988   0.0000017403   0.0000149762
      81   0.0000011002   0.0000001408   0.0001196155   0.0000000397   0.0000011169   0.0000706669
      82  -0.0000915365  -0.0000040778  -0.0000088052   0.0001027274   0.0000312393  -0.0000075603
      83   0.0000491395  -0.0000008080   0.0000029435   0.0000198729  -0.0000545529   0.0000003685
      84   0.0000007769   0.0000000108   0.0000726550   0.0000003878   0.0000016431   0.0001196498
      85   0.0000188911   0.0000673003  -0.0000146071   0.0000386625   0.0000523322  -0.0000147614
      86   0.0000649724   0.0001194850   0.0000073219  -0.0000853379  -0.0000380926   0.0000076491
      87   0.0000010513   0.0000010466  -0.0000314870  -0.0000002856  -0.0000014685   0.0000915897
      88  -0.0080329953  -0.0083155293   0.0000051139   0.0000511109   0.0000088634   0.0000001597
      89   0.0210646775   0.0104768776   0.0000050056  -0.0000574049   0.0000054926   0.0000064481
      90  -0.0000034210  -0.0000036124   0.0034962582   0.0000010034  -0.0000010916  -0.0000601785
      91  -0.0615155360  -0.0365148474   0.0000001896  -0.0000480793  -0.0000029305  -0.0000092638
      92  -0.0361532122  -0.3549987129   0.0000574528   0.0000546994  -0.0000032944  -0.0000109075
      93   0.0000076905   0.0000625879  -0.0325884858   0.0000009492   0.0000028003  -0.0001036411
      94  -0.0000495629  -0.0000023256  -0.0000006234  -0.0615173332  -0.0365166383  -0.0000111879
      95   0.0000538347  -0.0000049570  -0.0000055740  -0.0361505254  -0.3549989957  -0.0000891043
      96  -0.0000018392  -0.0000001334  -0.0001031706  -0.0000118056  -0.0000794889  -0.0325883747
      97   0.0000509877   0.0000085673  -0.0000014920  -0.0080323527  -0.0083101995  -0.0000072754
      98  -0.0000573143   0.0000049802   0.0000096790   0.0210664141   0.0104785829   0.0000124726
      99   0.0000015591  -0.0000014355  -0.0000649236   0.0000055496  -0.0000024024   0.0034931806
     100   0.0002503963   0.0003299915  -0.0000118191   0.0000983034  -0.0000052883  -0.0000136773
     101  -0.0005628127  -0.0000486309   0.0000064727  -0.0001017084   0.0000157085   0.0000067974
     102   0.0000005205   0.0000007394   0.0006757280   0.0000001548   0.0000003710   0.0000427244
     103   0.0004853320   0.0009453838  -0.0000032622  -0.0000768809   0.0000086503  -0.0000025351
     104  -0.0011499939   0.0008807154  -0.0000047834   0.0000961165  -0.0000328878  -0.0000099721
     105  -0.0000001468  -0.0000012732  -0.0040718142   0.0000004365  -0.0000004072  -0.0000090139
     106   0.0000975942  -0.0000045405  -0.0000039768   0.0002525880   0.0003329680  -0.0000074817
     107  -0.0001015628   0.0000158601   0.0000060249  -0.0005642660  -0.0000510606   0.0000066161
     108   0.0000000649   0.0000002171   0.0000422495  -0.0000012960  -0.0000002160   0.0006747728
     109  -0.0000770795   0.0000088882  -0.0000068229   0.0004839777   0.0009457782  -0.0000067330
     110   0.0000960790  -0.0000363962   0.0000169350  -0.0011489767   0.0008824912   0.0000135704
     111  -0.0000003755  -0.0000006209  -0.0000092677  -0.0000002193  -0.0000004788  -0.0040720511
                     61             62             63             64             65             66
       1   0.0017610761   0.0040366927   0.0000003446  -0.0015891959  -0.0000028630   0.0000023658
       2   0.0025259449   0.0048399839   0.0000006233   0.0000029131  -0.0033903305  -0.0000026659
       3  -0.0000015508   0.0000003058   0.0006345249   0.0000006109   0.0000008197  -0.0001245263
       4  -0.0005630207  -0.0090732937   0.0000009231  -0.0282463955  -0.0445769631  -0.0000032175
       5   0.0023738916  -0.0074205213  -0.0000018302  -0.0474523724  -0.0204907391  -0.0000014628
       6   0.0000177724   0.0000054428   0.0001599995  -0.0000069330   0.0000059679   0.0013533984
       7   0.0006127317  -0.0092170318   0.0000041957  -0.0005806159  -0.0091432347   0.0000012112
       8  -0.0001212742  -0.0106910145  -0.0000144886  -0.0020902973  -0.0061391826   0.0000112048
       9   0.0000172974   0.0000045599   0.0014806252  -0.0000050638   0.0000150643   0.0004483517
      10  -0.0604249496  -0.0418716056   0.0000013161  -0.0005747845   0.0091501242  -0.0000088709
      11  -0.0182449688  -0.0144563233   0.0000052172   0.0020922314  -0.0061399900  -0.0000148903
      12  -0.0000180774  -0.0000092071   0.0145965719   0.0000048505  -0.0000132305   0.0003794847
      13  -0.0005294616   0.0001307182  -0.0000064700  -0.0282473481   0.0445816754   0.0000088041
      14   0.0002056104   0.0004310722  -0.0000019222   0.0474518262  -0.0204898861   0.0000005056
      15  -0.0000177416  -0.0000053133  -0.0012164672   0.0000025680  -0.0000119782   0.0012945096
      16  -0.0012181839   0.0110446633  -0.0000012775  -0.1595515375  -0.0768908512  -0.0000026440
      17   0.0001533145   0.0038872467   0.0000010739  -0.1154962510  -0.2870765466  -0.0000077524
      18  -0.0000066539  -0.0000100370   0.0000592635  -0.0000044410  -0.0000161545  -0.0582511478
      19  -0.0046319222   0.0118754987  -0.0000051130  -0.0033533215  -0.0081629102   0.0000055512
      20  -0.0025060024   0.0098024720   0.0000160573   0.0123142389   0.0290862131  -0.0000202654
      21  -0.0000003631   0.0000061715  -0.0007968256   0.0000031643   0.0000092640   0.0048320110
      22  -0.0001709462   0.0053443639  -0.0000035313   0.0052437573  -0.0084638542   0.0000025678
      23  -0.0005683309   0.0123931523  -0.0000005333   0.0027768792   0.0104694928   0.0000061850
      24   0.0000002689   0.0000061998  -0.0006034032   0.0000025785   0.0000027779  -0.0001553066
      25  -0.0030643101   0.0144417274   0.0000052468   0.0015426668   0.0117682748  -0.0000099611
      26   0.0023588272   0.0139135608   0.0000031456  -0.0012365408   0.0204694483  -0.0000018273
      27  -0.0000076495  -0.0000106623   0.0062931084   0.0000013284  -0.0000114492  -0.0000306482
      28   0.0003763083   0.0012294352   0.0000050544  -0.1595511266   0.0768924056  -0.0000047293
      29  -0.0012141283   0.0073217197   0.0000030458   0.1155034799  -0.2871021277  -0.0000078620
      30   0.0000002663  -0.0000038108   0.0003230712  -0.0000009378  -0.0000044264  -0.0582393823
      31  -0.0009346934   0.0081176807   0.0000009326  -0.0033433607   0.0081582655   0.0000024865
      32   0.0001922647   0.0001915865  -0.0000153428  -0.0123308385   0.0291007521   0.0000206355
      33   0.0000055202   0.0000055168   0.0001084353  -0.0000006163   0.0000028541   0.0048488120
      34  -0.0663924426   0.0503813220  -0.0000008630   0.0052450499   0.0084689796   0.0000060196
      35   0.0001219279   0.0130192075   0.0000035378  -0.0027766406   0.0104473421  -0.0000040512
      36   0.0000084680   0.0000097188   0.0089617665  -0.0000002139   0.0000050007  -0.0001421616
      37  -0.1401504892  -0.0784774494  -0.0000130921   0.0015413500  -0.0117705408   0.0000080722
      38  -0.0877278344  -0.2027831680  -0.0000169658   0.0012386993   0.0204888361   0.0000069902
      39  -0.0000054394  -0.0000062512  -0.0693957924  -0.0000005328  -0.0000047561  -0.0000195701
      40  -0.0007879502   0.0004110381  -0.0000040806   0.0129216760  -0.0160639771   0.0000038139
      41  -0.0004230783   0.0039929782  -0.0000174201   0.0096137908  -0.0554496127   0.0000107255
      42  -0.0000043204  -0.0000093193  -0.0000472253  -0.0000011001  -0.0000084856   0.0037276680
      43   0.0004035054  -0.0037677108  -0.0000123578  -0.0001126707   0.0262483612   0.0000230314
      44  -0.0002807301  -0.0001144789  -0.0000045744   0.0060175274   0.0032211853   0.0000076502
      45   0.0000059315   0.0000126893  -0.0004799192   0.0000027252  -0.0000038659   0.0027690747
      46  -0.0001158877   0.0037699740   0.0000002694  -0.0018998153   0.0102469794  -0.0000031026
      47   0.0002813713   0.0004010370  -0.0000005004  -0.0002556078   0.0009223466   0.0000017844
      48   0.0000058087   0.0000140066  -0.0004854006   0.0000004430   0.0000035933  -0.0001034375
      49   0.0008257944  -0.0003440007   0.0000040188   0.0003278069  -0.0013839075  -0.0000073205
      50   0.0003450918  -0.0036892443   0.0000107944   0.0018587868  -0.0083051306  -0.0000133291
      51  -0.0000049195  -0.0000082329  -0.0001337439  -0.0000016764  -0.0000019433  -0.0000041456
      52  -0.0000627898   0.0005907913  -0.0000110679   0.0129144322   0.0160607515   0.0000153398
      53   0.0005916338  -0.0058195640  -0.0000008718  -0.0096195450  -0.0554671338   0.0000054720
      54  -0.0000052741  -0.0000133520   0.0002109167   0.0000007668  -0.0000004183   0.0037300423
      55   0.0005453046  -0.0058117882   0.0000015706  -0.0001135677  -0.0262387159   0.0000022642
      56  -0.0001601216   0.0005480879  -0.0000004596  -0.0060183261   0.0032220360   0.0000010167
      57   0.0000046057   0.0000088127   0.0002722073   0.0000039507   0.0000059826   0.0027749704
      58  -0.2832907277   0.1516785619   0.0000332463  -0.0018994723  -0.0102484148  -0.0000036562
      59   0.1835555465  -0.2832834809  -0.0000337804   0.0002554252   0.0009263740  -0.0000161657
      60   0.0000400637  -0.0000407397  -0.0610288865   0.0000013997   0.0000018365  -0.0000998138
      61   0.8840617985  -0.0497581618  -0.0000058017   0.0003275438   0.0013830792   0.0000077903
      62  -0.0497581618   0.5920056997   0.0000520177  -0.0018586147  -0.0082905478   0.0000150833
      63  -0.0000058017   0.0000520177   0.1268892663   0.0000003451  -0.0000029282  -0.0000048276
      64   0.0003275438  -0.0018586147   0.0000003451   0.7108000732   0.0000060999  -0.0000122346
      65   0.0013830792  -0.0082905478  -0.0000029282   0.0000060999   0.7277029647   0.0000235332
      66   0.0000077903   0.0000150833  -0.0000048276  -0.0000122346   0.0000235332   0.1244113343
      67   0.0032247982  -0.0262502700  -0.0000064812  -0.0076527518  -0.0030373676   0.0000032055
      68  -0.0060150907  -0.0001145310   0.0000012776  -0.0028819338  -0.0076603454  -0.0000029930
      69  -0.0000086811  -0.0000138102   0.0027807624  -0.0000016449   0.0000016856   0.0010300398
      70   0.0009223939  -0.0102484098  -0.0000026073  -0.0076538397   0.0030492217   0.0000055144
      71   0.0002582218  -0.0018968136  -0.0000036599   0.0028787042  -0.0076426702   0.0000049603
      72  -0.0000055283  -0.0000192457  -0.0001012206  -0.0000018405  -0.0000103408   0.0010322990
      73   0.0129125208  -0.0096249577  -0.0000073848  -0.0006159101  -0.0000051078   0.0000085249
      74   0.0160631165  -0.0554548810  -0.0000055493  -0.0000013656  -0.0289489788   0.0000049608
      75   0.0000069180   0.0000156193   0.0037283437   0.0000015512   0.0000043175  -0.0001641837
      76  -0.0000508245   0.0000205766   0.0000121321   0.0001491198  -0.0003885362  -0.0000196158
      77   0.0000310954   0.0001048838  -0.0000071986   0.0003339092   0.0013974762   0.0000107959
      78   0.0000004057   0.0000006458   0.0001125655  -0.0000006785   0.0000011371  -0.0016298247
      79  -0.0000408815  -0.0000820672   0.0000123668   0.0012123303  -0.0006581863  -0.0000176695
      80   0.0000514322   0.0000375224  -0.0000141946   0.0005679808  -0.0004081862   0.0000222374
      81  -0.0000015006  -0.0000028038   0.0001107657   0.0000007992  -0.0000040298   0.0005988367
      82   0.0001194253   0.0000640400   0.0000070566  -0.0000071575  -0.0000409155  -0.0000114133
      83   0.0000677523   0.0000184138   0.0000000338  -0.0000013278   0.0001313106   0.0000029271
      84  -0.0000021061  -0.0000026086  -0.0000128629   0.0000003544   0.0000011238  -0.0000543426
      85   0.0000019955   0.0000533160   0.0000138650   0.0000115802   0.0000557439  -0.0000213975
      86  -0.0000031390  -0.0000939593  -0.0000071632  -0.0000024506  -0.0001104687   0.0000105311
      87  -0.0000001340   0.0000004753   0.0000905881   0.0000004318   0.0000013088  -0.0000066386
      88  -0.0000024064   0.0000569319  -0.0000010754   0.0001441687   0.0003888518   0.0000015811
      89  -0.0000026417  -0.0000483376  -0.0000061538  -0.0003361892   0.0014061657   0.0000095533
      90   0.0000014505   0.0000027536  -0.0001113955   0.0000006503   0.0000004673  -0.0016284490
      91   0.0000051048  -0.0000598235   0.0000094813   0.0012117644   0.0006601947  -0.0000133364
      92   0.0000078301   0.0000518951   0.0000103305  -0.0005673731  -0.0003994872  -0.0000133423
      93   0.0000001645  -0.0000005628  -0.0000686180  -0.0000018262   0.0000009886   0.0006006882
      94   0.0104879887   0.0210668889   0.0000041701  -0.0000074386   0.0000395024  -0.0000006093
      95  -0.0083112298  -0.0080315879   0.0000065260  -0.0000004518   0.0001207504  -0.0000091012
      96  -0.0000026029  -0.0000031309   0.0034878860   0.0000002974  -0.0000020836  -0.0000531651
      97  -0.3550007949  -0.0361608195  -0.0000179210   0.0000121756  -0.0000649042  -0.0000034885
      98  -0.0365175490  -0.0615189459  -0.0000157055   0.0000024272  -0.0001116499   0.0000139318
      99  -0.0000262694  -0.0000025375  -0.0325922365  -0.0000003860   0.0000032155   0.0000269577
     100  -0.0000306933   0.0000983740   0.0000121795  -0.3474098919   0.0000044063  -0.0000040017
     101   0.0000078676  -0.0000766000  -0.0000069418   0.0000017707  -0.0562137695   0.0000094944
     102  -0.0000003232   0.0000001437  -0.0000097538   0.0000183907  -0.0000030363  -0.0320022950
     103   0.0000163873  -0.0001019224   0.0000021724  -0.0006118640  -0.0000240845  -0.0000040618
     104  -0.0000050387   0.0000971226   0.0000100940   0.0002734072   0.0004835167  -0.0000101140
     105   0.0000001179   0.0000010640   0.0000420288   0.0000003203   0.0000002206  -0.0006577993
     106   0.0008826287  -0.0011541622   0.0000054222   0.0000362543  -0.0000033043  -0.0000081579
     107   0.0009469700   0.0004859960  -0.0000067101   0.0000007411  -0.0002283377   0.0000091250
     108   0.0000008637  -0.0000005752  -0.0040719540   0.0000008877   0.0000010394  -0.0000222630
     109  -0.0000497622  -0.0005635976   0.0000060023  -0.0006105073   0.0000237172  -0.0000100026
     110   0.0003293183   0.0002494368  -0.0000123783  -0.0002735180   0.0004819311   0.0000228528
     111   0.0000007106  -0.0000003668   0.0006748724   0.0000003059   0.0000001512  -0.0006580787
                     67             68             69             70             71             72
       1  -0.0033960676  -0.0000004103  -0.0000005656  -0.0033980822  -0.0000004273  -0.0000029094
       2   0.0000009644  -0.0015943908   0.0000011686  -0.0000004596  -0.0015856874   0.0000012045
       3   0.0000005284  -0.0000003938  -0.0001419361   0.0000000839  -0.0000007688  -0.0001426916
       4  -0.0204970356  -0.0474479649   0.0000020566  -0.0061471532  -0.0020887074   0.0000012902
       5  -0.0445771903  -0.0282517282   0.0000022041  -0.0091444309  -0.0005752854  -0.0000081810
       6   0.0000240035  -0.0000391707   0.0013632635  -0.0000075971  -0.0000053490   0.0004534118
       7  -0.0061390032  -0.0020887535   0.0000007399  -0.0204933319  -0.0474519000   0.0000019951
       8  -0.0091510296  -0.0005751465  -0.0000110095  -0.0445735417  -0.0282457276  -0.0000177669
       9   0.0000107457  -0.0000401852   0.0004505279  -0.0000238798  -0.0000070519   0.0013585389
      10  -0.0204944061   0.0474484540   0.0000086349  -0.0061436906   0.0020887765   0.0000080080
      11   0.0445659301  -0.0282471899   0.0000152236   0.0091427009  -0.0005775060   0.0000075486
      12  -0.0000143018   0.0000381760   0.0012920812   0.0000105562   0.0000054426   0.0003839775
      13  -0.0061432267   0.0020889180  -0.0000075674  -0.0204937778   0.0474525615  -0.0000092943
      14   0.0091426070  -0.0005762088   0.0000023937   0.0445799942  -0.0282454909  -0.0000017094
      15  -0.0000139225   0.0000396410   0.0003774298   0.0000142059   0.0000048444   0.0012873865
      16   0.0290923528   0.0123241757  -0.0000012080   0.0104623524   0.0027856611  -0.0000000760
      17  -0.0081652788  -0.0033415094  -0.0000074376  -0.0084696556   0.0052377845  -0.0000001079
      18  -0.0000138934   0.0000076964   0.0048428179   0.0000036783  -0.0000004203  -0.0001476802
      19  -0.2870878899  -0.1154978374   0.0000139308   0.0204810179  -0.0012309589  -0.0000080149
      20  -0.0768964038  -0.1595473872   0.0000212406   0.0117648232   0.0015296486   0.0000219570
      21   0.0000204030   0.0000071936  -0.0582460787  -0.0000006527   0.0000033283  -0.0000261644
      22   0.0204733500  -0.0012379391  -0.0000009490  -0.2870826173  -0.1154975667  -0.0000160599
      23   0.0117671684   0.0015470084  -0.0000046811  -0.0768958746  -0.1595555757  -0.0000007527
      24   0.0000044886   0.0000053475  -0.0000305145  -0.0000126623  -0.0000056423  -0.0582479443
      25   0.0104563015   0.0027762800   0.0000057391   0.0291023210   0.0123259206   0.0000075908
      26  -0.0084661336   0.0052474287  -0.0000012614  -0.0081640385  -0.0033477734   0.0000076705
      27  -0.0000078545   0.0000070881  -0.0001480656   0.0000095253  -0.0000015252   0.0048403462
      28   0.0104652539  -0.0027731599   0.0000077583   0.0290907969  -0.0123271543   0.0000083977
      29   0.0084684764   0.0052463251   0.0000025097   0.0081623808  -0.0033450110   0.0000126143
      30  -0.0000007971  -0.0000067050  -0.0001335339  -0.0000035330  -0.0000019325   0.0048552217
      31   0.0204818055   0.0012368221  -0.0000047731  -0.2870848788   0.1154931295  -0.0000014556
      32  -0.0117722065   0.0015463920  -0.0000234281   0.0768931260  -0.1595522472  -0.0000125153
      33   0.0000092413  -0.0000090892  -0.0000180997  -0.0000013277   0.0000030525  -0.0582366663
      34  -0.2870838800   0.1154914588   0.0000062561   0.0204756557   0.0012390374   0.0000036232
      35   0.0768961403  -0.1595561790  -0.0000098866  -0.0117669562   0.0015447519   0.0000022505
      36   0.0000141319  -0.0000208014  -0.0582351340  -0.0000046650   0.0000009218  -0.0000155592
      37   0.0290953066  -0.0123273203  -0.0000087970   0.0104579484  -0.0027799899  -0.0000084706
      38   0.0081630674  -0.0033475894  -0.0000114621   0.0084665708   0.0052484585  -0.0000029679
      39  -0.0000009049  -0.0000072282   0.0048543559  -0.0000035553  -0.0000025108  -0.0001362116
      40   0.0032197711   0.0060058524  -0.0000039156   0.0009236906  -0.0002505401  -0.0000081664
      41   0.0262458436  -0.0001045100  -0.0000189057   0.0102472655  -0.0019034107  -0.0000219828
      42  -0.0000008725   0.0000007437   0.0027803672  -0.0000037857  -0.0000048376  -0.0001015172
      43  -0.0554543972   0.0096236032  -0.0000157905  -0.0082894732   0.0018557521  -0.0000223089
      44  -0.0160631860   0.0129124731  -0.0000026195  -0.0013892731   0.0003288710  -0.0000065312
      45   0.0000062408  -0.0000016227   0.0037315497   0.0000046906   0.0000030038   0.0000013869
      46  -0.0082890566   0.0018582573   0.0000031792  -0.0554583709   0.0096279194  -0.0000020618
      47  -0.0013863998   0.0003275161  -0.0000020892  -0.0160736098   0.0129094000  -0.0000054748
      48   0.0000039415  -0.0000016161  -0.0000093649   0.0000028045   0.0000024124   0.0037240016
      49   0.0009204995  -0.0002571424   0.0000074284   0.0032191588   0.0060162161   0.0000053822
      50   0.0102448427  -0.0018979901   0.0000146989   0.0262517154  -0.0001139526   0.0000127545
      51  -0.0000061685   0.0000027147  -0.0000981462  -0.0000093455  -0.0000021190   0.0027804606
      52   0.0009259051   0.0002568862  -0.0000177945   0.0032243137  -0.0060162153  -0.0000140455
      53  -0.0102477860  -0.0018980975  -0.0000031818  -0.0262449766  -0.0001129382  -0.0000072679
      54  -0.0000055745   0.0000024013  -0.0001010530  -0.0000026774  -0.0000022762   0.0027775982
      55  -0.0082920007  -0.0018603463   0.0000001494  -0.0554540517  -0.0096250993  -0.0000038457
      56   0.0013908422   0.0003282872  -0.0000010320   0.0160690517   0.0129105850  -0.0000024939
      57   0.0000039328  -0.0000010202  -0.0000080158   0.0000001787   0.0000043361   0.0037253106
      58  -0.0554550186  -0.0096240480   0.0000044924  -0.0082913051  -0.0018593941   0.0000015505
      59   0.0160648906   0.0129112561   0.0000181988   0.0013875257   0.0003294250   0.0000171057
      60   0.0000088168  -0.0000025421   0.0037194591   0.0000046732   0.0000031716  -0.0000105693
      61   0.0032247982  -0.0060150907  -0.0000086811   0.0009223939   0.0002582218  -0.0000055283
      62  -0.0262502700  -0.0001145310  -0.0000138102  -0.0102484098  -0.0018968136  -0.0000192457
      63  -0.0000064812   0.0000012776   0.0027807624  -0.0000026073  -0.0000036599  -0.0001012206
      64  -0.0076527518  -0.0028819338  -0.0000016449  -0.0076538397   0.0028787042  -0.0000018405
      65  -0.0030373676  -0.0076603454   0.0000016856   0.0030492217  -0.0076426702  -0.0000103408
      66   0.0000032055  -0.0000029930   0.0010300398   0.0000055144   0.0000049603   0.0010322990
      67   0.7276906793  -0.0000009512  -0.0000426867  -0.0289468655  -0.0000004716  -0.0000072020
      68  -0.0000009512   0.7107912581   0.0000323200  -0.0000003877  -0.0006142235   0.0000020410
      69  -0.0000426867   0.0000323200   0.1244243632  -0.0000044795  -0.0000044296  -0.0001527271
      70  -0.0289468655  -0.0000003877  -0.0000044795   0.7276949427   0.0000016786   0.0000160232
      71  -0.0000004716  -0.0006142235  -0.0000044296   0.0000016786   0.7107795749  -0.0000164895
      72  -0.0000072020   0.0000020410  -0.0001527271   0.0000160232  -0.0000164895   0.1244202694
      73  -0.0076549450   0.0028845731  -0.0000080287  -0.0076534333  -0.0028834589  -0.0000083294
      74   0.0030368969  -0.0076543418  -0.0000006502  -0.0030385152  -0.0076521852  -0.0000134731
      75   0.0000095712  -0.0000033485   0.0010307596   0.0000083880   0.0000057682   0.0010332286
      76  -0.0003985555   0.0005694305   0.0000189306   0.0001307723   0.0000002911   0.0000190038
      77  -0.0006627719   0.0012138899  -0.0000098363  -0.0000423790  -0.0000070260  -0.0000097968
      78   0.0000020729   0.0000006636   0.0005878566   0.0000018128   0.0000011329  -0.0000665685
      79   0.0014021419   0.0003340749   0.0000166895  -0.0001125671  -0.0000023664   0.0000171545
      80  -0.0003871409   0.0001489617  -0.0000221664   0.0000595361   0.0000109677  -0.0000181596
      81   0.0000024220   0.0000012841  -0.0016393192   0.0000006324  -0.0000006160   0.0000214411
      82  -0.0001151260  -0.0000022126   0.0000116205   0.0013987709   0.0003383697   0.0000122016
      83   0.0000650033   0.0000102251  -0.0000033810  -0.0003923255   0.0001487008  -0.0000006603
      84  -0.0000005965   0.0000011609   0.0000203364  -0.0000037298  -0.0000008590  -0.0016408425
      85   0.0001255979  -0.0000003180   0.0000215278  -0.0004003306   0.0005703373   0.0000194465
      86  -0.0000434327  -0.0000073723  -0.0000106671  -0.0006650621   0.0012144353  -0.0000104953
      87  -0.0000014506  -0.0000001690  -0.0000289133  -0.0000026178   0.0000008517   0.0006261787
      88   0.0001285735   0.0000005128  -0.0000013275  -0.0003995142  -0.0005710869   0.0000003788
      89   0.0000437450  -0.0000062709  -0.0000097695   0.0006649223   0.0012147532  -0.0000097370
      90   0.0000023913  -0.0000006742  -0.0000655780   0.0000011854  -0.0000001796   0.0005894080
      91  -0.0001141017   0.0000032253   0.0000133645   0.0014023705  -0.0003339825   0.0000130890
      92  -0.0000570679   0.0000110088   0.0000122805   0.0003902552   0.0001513499   0.0000147944
      93  -0.0000002226  -0.0000003929   0.0000226639  -0.0000013122  -0.0000005059  -0.0016385804
      94   0.0014036267  -0.0003332203   0.0000009547  -0.0001147948   0.0000026934   0.0000012947
      95   0.0003968501   0.0001511541   0.0000085092  -0.0000609354   0.0000112098   0.0000134793
      96  -0.0000026805   0.0000007350  -0.0016394251  -0.0000024115  -0.0000016270   0.0000212630
      97  -0.0003982987  -0.0005699285   0.0000041463   0.0001273471   0.0000013822   0.0000037869
      98   0.0006624310   0.0012134805  -0.0000138261   0.0000428746  -0.0000068368  -0.0000138006
      99   0.0000036954  -0.0000018476   0.0005947633   0.0000032424   0.0000000579  -0.0000597280
     100   0.0004774496  -0.0002720492   0.0000192520   0.0004787786   0.0002733388   0.0000214008
     101   0.0000257162  -0.0006104800  -0.0000097594  -0.0000244220  -0.0006102402  -0.0000094304
     102   0.0000014881  -0.0000009911  -0.0006588739  -0.0000007512   0.0000000885  -0.0006588704
     103  -0.0002282680   0.0000003715   0.0000039679  -0.0562119324  -0.0000000319   0.0000035871
     104   0.0000042895   0.0000329453   0.0000090125  -0.0000026567  -0.3474180864   0.0000234702
     105  -0.0000003052   0.0000002412  -0.0000224861   0.0000002418   0.0000093869  -0.0320032329
     106   0.0004782481   0.0002730530   0.0000083467   0.0004780875  -0.0002721391   0.0000062590
     107  -0.0000236012  -0.0006104285  -0.0000092550   0.0000255226  -0.0006101065  -0.0000091376
     108   0.0000008737  -0.0000000215  -0.0006579703  -0.0000018731   0.0000002989  -0.0006579920
     109  -0.0562156045  -0.0000011804   0.0000109829  -0.0002307637  -0.0000001361   0.0000099772
     110   0.0000043026  -0.3474092785  -0.0000442862  -0.0000018550   0.0000348349  -0.0000151001
     111   0.0000008145  -0.0000196695  -0.0320032720   0.0000011972  -0.0000000953  -0.0000223523
                     73             74             75             76             77             78
       1  -0.0015925593   0.0000016645   0.0000031512   0.0001535932  -0.0005970812  -0.0000011509
       2  -0.0000003400  -0.0033954595   0.0000011416  -0.0002693496   0.0003448995   0.0000003902
       3  -0.0000009104   0.0000002550  -0.0001243621   0.0000001445  -0.0000001612   0.0005795036
       4  -0.0005749573  -0.0091432850   0.0000000170  -0.0008512578   0.0049298798   0.0000013393
       5  -0.0020887190  -0.0061409162   0.0000013991   0.0004683363  -0.0042821067  -0.0000019024
       6  -0.0000051185  -0.0000137456   0.0003806939  -0.0000059118   0.0000252086   0.0043579468
       7  -0.0282434559  -0.0445790598   0.0000009603   0.0000443662   0.0000075365  -0.0000003180
       8  -0.0474521520  -0.0204995483   0.0000160159  -0.0000115326   0.0000329257   0.0000022192
       9  -0.0000036209  -0.0000002639   0.0012935068  -0.0000065840   0.0000262554   0.0003312441
      10  -0.0282420963   0.0445761705  -0.0000096385  -0.0001907834   0.0006210003  -0.0000015218
      11   0.0474505217  -0.0204895677  -0.0000177506   0.0000147535   0.0000200400  -0.0000049493
      12   0.0000069135   0.0000104201   0.0013525552   0.0000078649  -0.0000270557  -0.0003346091
      13  -0.0005735431   0.0091473329   0.0000061257   0.0001516150  -0.0001519225   0.0000014129
      14   0.0020882747  -0.0061394353  -0.0000040332   0.0000414734  -0.0000914955   0.0000013869
      15   0.0000061873   0.0000091123   0.0004485542   0.0000076755  -0.0000263358  -0.0004572115
      16   0.0015493620   0.0117695800  -0.0000004304  -0.0039717458   0.0220845488   0.0000045113
      17  -0.0012424103   0.0204787916   0.0000011591  -0.0052342997   0.0059189782   0.0000029974
      18  -0.0000041021   0.0000028179  -0.0000199402   0.0000117567  -0.0000116018  -0.0008481474
      19   0.0052489590  -0.0084669053   0.0000007263  -0.0019456728  -0.0031326961  -0.0000023132
      20   0.0027828336   0.0104616996  -0.0000239417  -0.0013799305  -0.0050102853  -0.0000055301
      21   0.0000043871   0.0000018922  -0.0001462656  -0.0000077239  -0.0000028679   0.0075419741
      22  -0.0033456399  -0.0081639293  -0.0000018392  -0.0000463942  -0.0000042019   0.0000003947
      23   0.0123308683   0.0290935903  -0.0000008039  -0.0000189171   0.0000986990  -0.0000005683
      24   0.0000044980  -0.0000048524   0.0048459729  -0.0000067393  -0.0000003491  -0.0001624888
      25  -0.1595514194  -0.0769038131  -0.0000019645  -0.0001021724  -0.0000125709   0.0000007570
      26  -0.1154984677  -0.2870745215   0.0000207344  -0.0000232154   0.0000557076   0.0000001792
      27   0.0000052119   0.0000193894  -0.0582375567   0.0000097315  -0.0000094938  -0.0000182053
      28   0.0015454472  -0.0117674537  -0.0000039903   0.0000202144  -0.0002362498  -0.0000026267
      29   0.0012355206   0.0204791667  -0.0000075668   0.0001674929   0.0000638983  -0.0000017846
      30  -0.0000045512   0.0000000240  -0.0000325973   0.0000054146   0.0000016567   0.0000688131
      31   0.0052453071   0.0084687584  -0.0000007828  -0.0000233896  -0.0000493860   0.0000011777
      32  -0.0027755739   0.0104578090   0.0000254714   0.0000536124   0.0000961334   0.0000018057
      33   0.0000020752  -0.0000019082  -0.0001527993  -0.0000075536   0.0000082958   0.0001186158
      34  -0.0033477847   0.0081640824  -0.0000002987  -0.0000879146  -0.0003002985   0.0000000996
      35  -0.0123240315   0.0290888011  -0.0000010000  -0.0001778329  -0.0004352710   0.0000017758
      36   0.0000001170  -0.0000003184   0.0048345733  -0.0000083588   0.0000083316  -0.0007446263
      37  -0.1595537956   0.0768958677  -0.0000009202   0.0000174388  -0.0002781451   0.0000027181
      38   0.1155009524  -0.2870882505   0.0000215978  -0.0001062723   0.0002419723   0.0000007436
      39  -0.0000109620   0.0000088617  -0.0582493945   0.0000027212   0.0000019235  -0.0000714590
      40   0.0003177431  -0.0013889359   0.0000056117  -0.3550059245   0.0365128413   0.0000531864
      41   0.0018696626  -0.0082920924   0.0000192178   0.0361577820  -0.0615168832  -0.0000158393
      42  -0.0000064136  -0.0000045549  -0.0000029444   0.0000630132  -0.0000205035  -0.0325958670
      43  -0.0018948742   0.0102449756   0.0000233204  -0.0080347336  -0.0210661763   0.0000015908
      44  -0.0002553653   0.0009237176   0.0000077573   0.0083150625   0.0104778442   0.0000035259
      45   0.0000065630   0.0000024179  -0.0001127352  -0.0000085854   0.0000132629   0.0034949561
      46  -0.0001144535   0.0262443539  -0.0000050422   0.0000533012   0.0000576023  -0.0000019073
      47   0.0060176086   0.0032301922   0.0000025335  -0.0000062942   0.0000063949   0.0000014116
      48   0.0000046026   0.0000102067   0.0027766150  -0.0000138482   0.0000069973  -0.0000609375
      49   0.0129145131  -0.0160622954  -0.0000028675   0.0000017005   0.0000010169  -0.0000012017
      50   0.0096209188  -0.0554601763  -0.0000046341  -0.0000560828  -0.0000496902  -0.0000007585
      51  -0.0000070506   0.0000005652   0.0037269851   0.0000119704  -0.0000063354  -0.0001112367
      52   0.0003289284   0.0013875679   0.0000165117   0.0000001190  -0.0000031640   0.0000018068
      53  -0.0018582932  -0.0082916462   0.0000054450   0.0000524038  -0.0000909167   0.0000011562
      54  -0.0000058660  -0.0000052318  -0.0000016978   0.0000138673  -0.0000069039   0.0000646174
      55  -0.0018964560  -0.0102494880   0.0000030223   0.0000371241  -0.0000825236   0.0000006793
      56   0.0002577162   0.0009255900   0.0000002705   0.0000517424  -0.0000381578   0.0000005584
      57   0.0000054241   0.0000049365  -0.0001050779  -0.0000120445   0.0000063235   0.0001176659
      58  -0.0001141808  -0.0262475658  -0.0000013247   0.0000210943   0.0000652530   0.0000001938
      59  -0.0060168484   0.0032203697  -0.0000164679   0.0000654032   0.0001190496  -0.0000018757
      60   0.0000053686   0.0000021844   0.0027796147  -0.0000131467   0.0000068786  -0.0000049089
      61   0.0129125208   0.0160631165   0.0000069180  -0.0000508245   0.0000310954   0.0000004057
      62  -0.0096249577  -0.0554548810   0.0000156193   0.0000205766   0.0001048838   0.0000006458
      63  -0.0000073848  -0.0000055493   0.0037283437   0.0000121321  -0.0000071986   0.0001125655
      64  -0.0006159101  -0.0000013656   0.0000015512   0.0001491198   0.0003339092  -0.0000006785
      65  -0.0000051078  -0.0289489788   0.0000043175  -0.0003885362   0.0013974762   0.0000011371
      66   0.0000085249   0.0000049608  -0.0001641837  -0.0000196158   0.0000107959  -0.0016298247
      67  -0.0076549450   0.0030368969   0.0000095712  -0.0003985555  -0.0006627719   0.0000020729
      68   0.0028845731  -0.0076543418  -0.0000033485   0.0005694305   0.0012138899   0.0000006636
      69  -0.0000080287  -0.0000006502   0.0010307596   0.0000189306  -0.0000098363   0.0005878566
      70  -0.0076534333  -0.0030385152   0.0000083880   0.0001307723  -0.0000423790   0.0000018128
      71  -0.0028834589  -0.0076521852   0.0000057682   0.0000002911  -0.0000070260   0.0000011329
      72  -0.0000083294  -0.0000134731   0.0010332286   0.0000190038  -0.0000097968  -0.0000665685
      73   0.7107868865  -0.0000090589   0.0000299991   0.0000105711  -0.0000033603   0.0000014810
      74  -0.0000090589   0.7277002019  -0.0000409899   0.0000613357  -0.0001137314  -0.0000001082
      75   0.0000299991  -0.0000409899   0.1244104588  -0.0000192453   0.0000100930   0.0000324116
      76   0.0000105711   0.0000613357  -0.0000192453   0.3691075735  -0.0386435540  -0.0000576694
      77  -0.0000033603  -0.0001137314   0.0000100930  -0.0386435540   0.0513151847   0.0000136067
      78   0.0000014810  -0.0000001082   0.0000324116  -0.0000576694   0.0000136067   0.0231385483
      79  -0.0000080145  -0.0000375536  -0.0000176800   0.0005268219   0.0012113628  -0.0000024783
      80  -0.0000010826   0.0001273177   0.0000225865  -0.0001508593   0.0005298844   0.0000049635
      81  -0.0000013187  -0.0000029644  -0.0000544775   0.0000001082  -0.0000004984  -0.0041439403
      82   0.0012135355  -0.0006629410  -0.0000113120   0.0000063238  -0.0000040355  -0.0000021819
      83   0.0005669244  -0.0003999652   0.0000025968  -0.0000016540   0.0000057554   0.0000010526
      84  -0.0000007754   0.0000001299   0.0006016679   0.0000037498  -0.0000019421   0.0000457786
      85   0.0001448871  -0.0003863744  -0.0000206686   0.0000015664  -0.0000063810  -0.0000030580
      86   0.0003368627   0.0013999173   0.0000087597  -0.0000059658   0.0000064855   0.0000010144
      87   0.0000007545   0.0000015862  -0.0016665713  -0.0000012415   0.0000005236   0.0000272540
      88   0.0000097956  -0.0000610306   0.0000010648   0.0000096348  -0.0000112590   0.0000010682
      89   0.0000028914  -0.0001150926   0.0000096272   0.0000114443  -0.0000160408   0.0000017093
      90   0.0000013219   0.0000011182   0.0000313137  -0.0000021526   0.0000016633   0.0000095922
      91  -0.0000082326   0.0000413845  -0.0000134277   0.0000094861  -0.0000118695  -0.0000014889
      92  -0.0000012766   0.0001267629  -0.0000127179   0.0000036793   0.0000097590  -0.0000016611
      93  -0.0000007975  -0.0000003668  -0.0000552081   0.0000026462  -0.0000006138  -0.0000453326
      94   0.0012125366   0.0006636525  -0.0000006948   0.0000097120   0.0000111811  -0.0000003839
      95  -0.0005666397  -0.0004063220  -0.0000092202  -0.0000058413   0.0000102189  -0.0000007269
      96  -0.0000008940  -0.0000021243   0.0006005602   0.0000016142  -0.0000007094  -0.0000458262
      97   0.0001504520   0.0003836808  -0.0000035640  -0.0000041352  -0.0000013150  -0.0000000316
      98  -0.0003302596   0.0014005292   0.0000140946   0.0000011848   0.0000377866   0.0000018007
      99   0.0000010448   0.0000038301  -0.0016353236  -0.0000048431   0.0000019951   0.0000013371
     100   0.0000338297  -0.0000005776  -0.0000195784   0.0002370561  -0.0006121940  -0.0000018922
     101  -0.0000003985  -0.0002288542   0.0000096921   0.0004432430  -0.0004858461   0.0000004175
     102   0.0000003538  -0.0000012827  -0.0000213247   0.0000005826  -0.0000001011   0.0002092602
     103  -0.0006098813   0.0000255048  -0.0000038348   0.0000023183  -0.0000056954  -0.0000011362
     104  -0.0002727309   0.0004776005  -0.0000102207  -0.0000025906   0.0000082753  -0.0000007354
     105   0.0000002120   0.0000029001  -0.0006578347  -0.0000001835   0.0000001255   0.0000074005
     106  -0.3474073891  -0.0000013277  -0.0000286244   0.0000013005  -0.0000001389  -0.0000007731
     107   0.0000024941  -0.0562144474   0.0000109361  -0.0000021055   0.0000010339   0.0000005893
     108  -0.0000226231   0.0000025291  -0.0320032453   0.0000001875  -0.0000000816   0.0000045871
     109  -0.0006116068  -0.0000228713  -0.0000098616   0.0000140787   0.0000516812  -0.0000011566
     110   0.0002719489   0.0004780885   0.0000226834  -0.0000104413   0.0000390208   0.0000032640
     111   0.0000002965   0.0000015309  -0.0006579519   0.0000003937  -0.0000000812   0.0003238536
                     79             80             81             82             83             84
       1   0.0003440021  -0.0002729232  -0.0000011217   0.0003430523  -0.0002699668  -0.0000010292
       2  -0.0005963097   0.0001514408   0.0000010671  -0.0005964192   0.0001509932  -0.0000009149
       3  -0.0000000097  -0.0000010311   0.0005774046  -0.0000000924  -0.0000004910   0.0005775089
       4  -0.0042877401   0.0004703252   0.0000035523   0.0000360002  -0.0000178319  -0.0000030456
       5   0.0049325977  -0.0008483658  -0.0000025240   0.0000045521   0.0000445172   0.0000042618
       6  -0.0000057230  -0.0000044719   0.0043663367   0.0000393524  -0.0000242614   0.0003372712
       7   0.0000310164  -0.0000166578   0.0000019093  -0.0042824567   0.0004734539   0.0000011691
       8   0.0000169401   0.0000454782  -0.0000045553   0.0049297254  -0.0008466630  -0.0000017077
       9  -0.0000081602  -0.0000030650   0.0003390727   0.0000379443  -0.0000241278   0.0043637138
      10  -0.0000851425   0.0000361274   0.0000016867   0.0000157497   0.0000165936   0.0000034710
      11  -0.0001411536   0.0001483223  -0.0000000048   0.0006187864  -0.0001903288   0.0000042453
      12   0.0000077741   0.0000027730  -0.0004647746  -0.0000394465   0.0000242654  -0.0003397140
      13   0.0000227938   0.0000145147   0.0000010417  -0.0000946235   0.0000406844  -0.0000036201
      14   0.0006300031  -0.0001877029   0.0000002536  -0.0001462060   0.0001492633  -0.0000018595
      15   0.0000083294   0.0000025240  -0.0003420345  -0.0000397031   0.0000244225  -0.0004635794
      16  -0.0050146452  -0.0013787288  -0.0000022121   0.0000968508  -0.0000250336  -0.0000008787
      17  -0.0031289913  -0.0019418933   0.0000007163  -0.0000060546  -0.0000471958  -0.0000014321
      18   0.0000105663  -0.0000131154   0.0075361374  -0.0000016612   0.0000032450  -0.0001690891
      19   0.0059199690  -0.0052259551  -0.0000087489   0.0000558706  -0.0000251499  -0.0000012556
      20   0.0220738027  -0.0039699064  -0.0000018130  -0.0000123959  -0.0001070568   0.0000020389
      21  -0.0000044099   0.0000132083  -0.0008431243  -0.0000131991   0.0000060850  -0.0000119744
      22   0.0000617884  -0.0000268982  -0.0000020528   0.0059209063  -0.0052305837   0.0000056574
      23  -0.0000150333  -0.0001055844   0.0000005541   0.0220787125  -0.0039751239   0.0000056119
      24  -0.0000073769   0.0000125499  -0.0000133217  -0.0000151666   0.0000046748  -0.0008424041
      25   0.0001036300  -0.0000154521   0.0000016115  -0.0050131791  -0.0013800580   0.0000002383
      26  -0.0000029852  -0.0000490671   0.0000014686  -0.0031307428  -0.0019422591   0.0000007389
      27   0.0000104596  -0.0000110962  -0.0001692464  -0.0000035929   0.0000051014   0.0075353089
      28  -0.0004427625  -0.0001722368   0.0000002519   0.0000970866   0.0000470720   0.0000010640
      29  -0.0002986898  -0.0000885470   0.0000012047  -0.0000499694  -0.0000183682   0.0000011490
      30   0.0000043474  -0.0000075219  -0.0007448499   0.0000116141  -0.0000059053   0.0001171151
      31   0.0002343151  -0.0001062944   0.0000016077   0.0000681787   0.0001651150  -0.0000000780
      32  -0.0002807852   0.0000167232  -0.0000027629  -0.0002356829   0.0000209370  -0.0000030272
      33  -0.0000074263   0.0000083315  -0.0000670317   0.0000034586  -0.0000041324   0.0000735394
      34   0.0000657218   0.0001675179   0.0000006821   0.0002417905  -0.0001020305  -0.0000015282
      35  -0.0002415257   0.0000221022   0.0000020505  -0.0002771949   0.0000172747   0.0000008483
      36  -0.0000070973   0.0000060537   0.0000734689   0.0000040916  -0.0000035183  -0.0000667284
      37   0.0000911992   0.0000503874  -0.0000011444  -0.0004352038  -0.0001732767  -0.0000003450
      38  -0.0000520272  -0.0000182473  -0.0000008245  -0.0003007205  -0.0000890052  -0.0000018370
      39   0.0000041540  -0.0000075069   0.0001175645   0.0000102903  -0.0000046816  -0.0007460000
      40   0.0104911986   0.0083061731   0.0000003754   0.0000051648  -0.0000051573   0.0000001702
      41  -0.0210747012  -0.0080282124  -0.0000082821   0.0000568203   0.0000489650  -0.0000040017
      42   0.0000055630  -0.0000170216   0.0034897027   0.0000076599  -0.0000011371  -0.0000687687
      43  -0.0615157069   0.0361550755   0.0000182376  -0.0000490405  -0.0000522014  -0.0000019473
      44   0.0365177651  -0.3549997793  -0.0000974366   0.0000037996  -0.0000049737  -0.0000016365
      45   0.0000055719  -0.0000837578  -0.0325886694  -0.0000073911   0.0000019319  -0.0001024158
      46  -0.0000482455  -0.0000555654  -0.0000001295  -0.0615171513   0.0361515384  -0.0000187297
      47   0.0000024683  -0.0000001392   0.0000010054   0.0365159710  -0.3549996334   0.0000762511
      48  -0.0000123661   0.0000163503  -0.0001038821  -0.0000250662   0.0000803439  -0.0325884219
      49   0.0000064607  -0.0000117491  -0.0000001710   0.0104849945   0.0083114345   0.0000001271
      50   0.0000612693   0.0000526275   0.0000018668  -0.0210708035  -0.0080332743   0.0000037001
      51   0.0000116968  -0.0000142868  -0.0000681936   0.0000142643   0.0000034281   0.0034883964
      52   0.0001174914   0.0000676929  -0.0000016121  -0.0000379906   0.0000514198  -0.0000004723
      53   0.0000685469   0.0000181178  -0.0000003459  -0.0000831894   0.0000382099  -0.0000001791
      54   0.0000122971  -0.0000150608  -0.0000122222   0.0000079052  -0.0000008747   0.0001093739
      55   0.0001052948   0.0000189163   0.0000011002  -0.0000915365   0.0000491395   0.0000007769
      56   0.0000316305  -0.0000563468   0.0000001408  -0.0000040778  -0.0000008080   0.0000000108
      57  -0.0000118192   0.0000159631   0.0001196155  -0.0000088052   0.0000029435   0.0000726550
      58  -0.0000923580   0.0000519988   0.0000000397   0.0001027274   0.0000198729   0.0000003878
      59  -0.0000051141   0.0000017403   0.0000011169   0.0000312393  -0.0000545529   0.0000016431
      60  -0.0000121326   0.0000149762   0.0000706669  -0.0000075603   0.0000003685   0.0001196498
      61  -0.0000408815   0.0000514322  -0.0000015006   0.0001194253   0.0000677523  -0.0000021061
      62  -0.0000820672   0.0000375224  -0.0000028038   0.0000640400   0.0000184138  -0.0000026086
      63   0.0000123668  -0.0000141946   0.0001107657   0.0000070566   0.0000000338  -0.0000128629
      64   0.0012123303   0.0005679808   0.0000007992  -0.0000071575  -0.0000013278   0.0000003544
      65  -0.0006581863  -0.0004081862  -0.0000040298  -0.0000409155   0.0001313106   0.0000011238
      66  -0.0000176695   0.0000222374   0.0005988367  -0.0000114133   0.0000029271  -0.0000543426
      67   0.0014021419  -0.0003871409   0.0000024220  -0.0001151260   0.0000650033  -0.0000005965
      68   0.0003340749   0.0001489617   0.0000012841  -0.0000022126   0.0000102251   0.0000011609
      69   0.0000166895  -0.0000221664  -0.0016393192   0.0000116205  -0.0000033810   0.0000203364
      70  -0.0001125671   0.0000595361   0.0000006324   0.0013987709  -0.0003923255  -0.0000037298
      71  -0.0000023664   0.0000109677  -0.0000006160   0.0003383697   0.0001487008  -0.0000008590
      72   0.0000171545  -0.0000181596   0.0000214411   0.0000122016  -0.0000006603  -0.0016408425
      73  -0.0000080145  -0.0000010826  -0.0000013187   0.0012135355   0.0005669244  -0.0000007754
      74  -0.0000375536   0.0001273177  -0.0000029644  -0.0006629410  -0.0003999652   0.0000001299
      75  -0.0000176800   0.0000225865  -0.0000544775  -0.0000113120   0.0000025968   0.0006016679
      76   0.0005268219  -0.0001508593   0.0000001082   0.0000063238  -0.0000016540   0.0000037498
      77   0.0012113628   0.0005298844  -0.0000004984  -0.0000040355   0.0000057554  -0.0000019421
      78  -0.0000024783   0.0000049635  -0.0041439403  -0.0000021819   0.0000010526   0.0000457786
      79   0.0513157042  -0.0386415771  -0.0000143545   0.0000066718  -0.0000108132   0.0000025411
      80  -0.0386415771   0.3691099694   0.0001039623  -0.0000059318   0.0000016196  -0.0000035748
      81  -0.0000143545   0.0001039623   0.0231355460   0.0000003298   0.0000016061   0.0000292891
      82   0.0000066718  -0.0000059318   0.0000003298   0.0513186506  -0.0386422172   0.0000159127
      83  -0.0000108132   0.0000016196   0.0000016061  -0.0386422172   0.3691167759  -0.0000826278
      84   0.0000025411  -0.0000035748   0.0000292891   0.0000159127  -0.0000826278   0.0231355690
      85   0.0000062086  -0.0000015723   0.0000012534   0.0005261233  -0.0001472983   0.0000043255
      86  -0.0000042278   0.0000068183  -0.0000014189   0.0012108125   0.0005304982  -0.0000022080
      87  -0.0000017742   0.0000015400   0.0000496786  -0.0000014322  -0.0000013111  -0.0041397661
      88   0.0000084883  -0.0000067117  -0.0000000854   0.0000105306   0.0000079076   0.0000007613
      89   0.0000111898   0.0000097304  -0.0000005195  -0.0000108292   0.0000098827  -0.0000004094
      90  -0.0000023284   0.0000031916  -0.0000455878  -0.0000003904  -0.0000007991  -0.0000454306
      91   0.0000368668   0.0000035264   0.0000017285  -0.0000187606   0.0000117852   0.0000018304
      92  -0.0000071335  -0.0000042759   0.0000025192  -0.0000099482   0.0000115492   0.0000027992
      93   0.0000018542  -0.0000023297  -0.0000005784   0.0000023051  -0.0000020157   0.0000073121
      94  -0.0000173813   0.0000123869  -0.0000000683   0.0000373345   0.0000046976  -0.0000003497
      95  -0.0000143828   0.0000123505   0.0000009429  -0.0000017357  -0.0000046668   0.0000005852
      96   0.0000017752  -0.0000031659   0.0000067862   0.0000018999   0.0000006664  -0.0000014710
      97   0.0000075108   0.0000071323   0.0000007934   0.0000099266  -0.0000062935   0.0000007283
      98  -0.0000115719   0.0000103339  -0.0000016862   0.0000112720   0.0000096232  -0.0000015851
      99  -0.0000021736   0.0000012497  -0.0000443991  -0.0000004070  -0.0000006249  -0.0000443098
     100   0.0000412923  -0.0000108082   0.0000011363   0.0000090353   0.0000023004   0.0000029056
     101   0.0000514742   0.0000162925  -0.0000015691  -0.0000050926   0.0000021944  -0.0000015534
     102   0.0000000923  -0.0000002521   0.0003239778   0.0000000263   0.0000001875   0.0000072913
     103   0.0000010203  -0.0000018240  -0.0000002611  -0.0004857975   0.0004453112  -0.0000008480
     104  -0.0000091659   0.0000029469   0.0000036901  -0.0006109349   0.0002360942   0.0000001867
     105  -0.0000000218  -0.0000000105   0.0000045366  -0.0000002374   0.0000008253   0.0002090453
     106   0.0000060415   0.0000016271   0.0000006811   0.0000393135  -0.0000086607   0.0000016236
     107  -0.0000053774   0.0000026834  -0.0000016290   0.0000499590   0.0000139838  -0.0000013778
     108   0.0000001545  -0.0000001406   0.0000074339   0.0000000005   0.0000004609   0.0003239477
     109  -0.0004868289   0.0004462645   0.0000004971   0.0000011160  -0.0000012084   0.0000011753
     110  -0.0006143117   0.0002373425  -0.0000011072   0.0000003106   0.0000038510  -0.0000029701
     111   0.0000002742   0.0000003142   0.0002090698  -0.0000001307  -0.0000002550   0.0000044424
                     85             86             87             88             89             90
       1   0.0001541835  -0.0005973731   0.0000009195   0.0001537120   0.0005963904   0.0000015937
       2  -0.0002720391   0.0003432453  -0.0000002384   0.0002714717   0.0003426587  -0.0000006392
       3  -0.0000004754   0.0000000274   0.0005792387   0.0000004032   0.0000001196   0.0005789486
       4   0.0000427432   0.0000073248  -0.0000021148   0.0001481794   0.0001508330   0.0000002104
       5  -0.0000112633   0.0000324246   0.0000006181  -0.0000437798  -0.0000958010  -0.0000018003
       6   0.0000107665   0.0000156244   0.0003497698  -0.0000190875  -0.0000257983  -0.0004555458
       7  -0.0008509274   0.0049262996  -0.0000028123  -0.0001959216  -0.0006225484   0.0000001954
       8   0.0004690801  -0.0042793704   0.0000055992  -0.0000114968   0.0000192834   0.0000040838
       9   0.0000111604   0.0000177872   0.0043769264  -0.0000187936  -0.0000261411  -0.0003317248
      10   0.0001504759  -0.0001532129  -0.0000035176   0.0000385921  -0.0000103916   0.0000001768
      11   0.0000404763  -0.0000946115  -0.0000020539   0.0000121094   0.0000336027  -0.0000032640
      12  -0.0000124616  -0.0000154196  -0.0004765063   0.0000208912   0.0000260134   0.0003286751
      13  -0.0001952806   0.0006182315  -0.0000003750  -0.0008522898  -0.0049275323   0.0000010159
      14   0.0000146419   0.0000193374  -0.0000000849  -0.0004693596  -0.0042810998   0.0000039908
      15  -0.0000128321  -0.0000157473  -0.0003524430   0.0000185071   0.0000263417   0.0043561562
      16  -0.0000987617  -0.0000151786  -0.0000001104   0.0000156220   0.0002330211  -0.0000007329
      17  -0.0000313216   0.0000554599  -0.0000006400  -0.0001666114   0.0000661450   0.0000001741
      18   0.0000075189  -0.0000078341  -0.0000030394   0.0000040209  -0.0000000157   0.0000655729
      19  -0.0000468261  -0.0000038518   0.0000011269  -0.0000210731   0.0000481480   0.0000004617
      20  -0.0000208078   0.0000961000  -0.0000023524  -0.0000472218   0.0000939445  -0.0000018754
      21  -0.0000125832   0.0000019880  -0.0001850484   0.0000038068   0.0000097514   0.0001202303
      22  -0.0019388783  -0.0031306757   0.0000014059  -0.0000886293   0.0003005222   0.0000009161
      23  -0.0013812534  -0.0050125185  -0.0000000781   0.0001749172  -0.0004351874   0.0000006070
      24  -0.0000155383   0.0000038287   0.0075200513   0.0000048087   0.0000098282  -0.0007424873
      25  -0.0039739494   0.0220837994  -0.0000035246   0.0000157189   0.0002776302  -0.0000014566
      26  -0.0052313419   0.0059171356  -0.0000053207   0.0001025845   0.0002412993   0.0000010994
      27   0.0000096624  -0.0000062988  -0.0008329796   0.0000018224  -0.0000001234  -0.0000741683
      28   0.0000135670  -0.0002756963   0.0000007901  -0.0039660547  -0.0220826538  -0.0000009650
      29  -0.0001042476   0.0002420137  -0.0000005585   0.0052303477   0.0059191700   0.0000000191
      30   0.0000103032  -0.0000005638  -0.0000555837  -0.0000034550  -0.0000074683  -0.0008456067
      31  -0.0000871538  -0.0003000392   0.0000007780  -0.0019432948   0.0031292231  -0.0000027270
      32  -0.0001762306  -0.0004337054   0.0000031009   0.0013814304  -0.0050103068   0.0000054149
      33  -0.0000046193   0.0000066183  -0.0007530980  -0.0000026617   0.0000005258   0.0075404826
      34  -0.0000185365  -0.0000470870   0.0000002776  -0.0000490785   0.0000029507   0.0000007018
      35   0.0000485077   0.0000953966   0.0000019504   0.0000219683   0.0000983527  -0.0000024997
      36  -0.0000041890   0.0000067155   0.0001094543  -0.0000036196  -0.0000018517  -0.0001643205
      37   0.0000267636  -0.0002389016   0.0000037742  -0.0001023477   0.0000129571   0.0000010594
      38   0.0001653753   0.0000677196   0.0000014308   0.0000266217   0.0000578340   0.0000001730
      39   0.0000088895  -0.0000008653   0.0000847168  -0.0000054653  -0.0000080099  -0.0000152222
      40  -0.0000100300   0.0000052813   0.0000015025   0.0000053131   0.0000059542  -0.0000003678
      41  -0.0000514825  -0.0000515107   0.0000017162  -0.0000538517  -0.0000992234   0.0000026936
      42   0.0000155920  -0.0000078096  -0.0000842759  -0.0000006940  -0.0000065286   0.0000637348
      43   0.0000478786   0.0000575688   0.0000027001   0.0000333320   0.0000852509   0.0000017793
      44  -0.0000071927   0.0000043598   0.0000002593  -0.0000509474  -0.0000358353   0.0000009742
      45  -0.0000145421   0.0000072938  -0.0000886287   0.0000008047   0.0000064034   0.0001174039
      46  -0.0080331661  -0.0210654562  -0.0000042834   0.0000202875  -0.0000664717   0.0000025181
      47   0.0083141887   0.0104766671  -0.0000001593  -0.0000668401   0.0001195529  -0.0000007591
      48  -0.0000198682   0.0000013660   0.0034700434   0.0000004071   0.0000067134  -0.0000049271
      49  -0.3549981581   0.0365163979  -0.0000766913  -0.0000532241  -0.0000328627  -0.0000012723
      50   0.0361548485  -0.0615164684   0.0000175989  -0.0000211007   0.0001036034  -0.0000024131
      51  -0.0000644490   0.0000086928  -0.0325697460  -0.0000015160  -0.0000072036   0.0001123912
      52  -0.0000533911   0.0000310462   0.0000019696  -0.3549996521  -0.0365147336   0.0000123581
      53   0.0000213341   0.0001047830   0.0000006645  -0.0361535852  -0.0615183620   0.0000051060
      54   0.0000153090  -0.0000070339   0.0001390061   0.0000087764  -0.0000021071  -0.0325962578
      55   0.0000188911   0.0000649724   0.0000010513  -0.0080329953   0.0210646775  -0.0000034210
      56   0.0000673003   0.0001194850   0.0000010466  -0.0083155293   0.0104768776  -0.0000036124
      57  -0.0000146071   0.0000073219  -0.0000314870   0.0000051139   0.0000050056   0.0034962582
      58   0.0000386625  -0.0000853379  -0.0000002856   0.0000511109  -0.0000574049   0.0000010034
      59   0.0000523322  -0.0000380926  -0.0000014685   0.0000088634   0.0000054926  -0.0000010916
      60  -0.0000147614   0.0000076491   0.0000915897   0.0000001597   0.0000064481  -0.0000601785
      61   0.0000019955  -0.0000031390  -0.0000001340  -0.0000024064  -0.0000026417   0.0000014505
      62   0.0000533160  -0.0000939593   0.0000004753   0.0000569319  -0.0000483376   0.0000027536
      63   0.0000138650  -0.0000071632   0.0000905881  -0.0000010754  -0.0000061538  -0.0001113955
      64   0.0000115802  -0.0000024506   0.0000004318   0.0001441687  -0.0003361892   0.0000006503
      65   0.0000557439  -0.0001104687   0.0000013088   0.0003888518   0.0014061657   0.0000004673
      66  -0.0000213975   0.0000105311  -0.0000066386   0.0000015811   0.0000095533  -0.0016284490
      67   0.0001255979  -0.0000434327  -0.0000014506   0.0001285735   0.0000437450   0.0000023913
      68  -0.0000003180  -0.0000073723  -0.0000001690   0.0000005128  -0.0000062709  -0.0000006742
      69   0.0000215278  -0.0000106671  -0.0000289133  -0.0000013275  -0.0000097695  -0.0000655780
      70  -0.0004003306  -0.0006650621  -0.0000026178  -0.0003995142   0.0006649223   0.0000011854
      71   0.0005703373   0.0012144353   0.0000008517  -0.0005710869   0.0012147532  -0.0000001796
      72   0.0000194465  -0.0000104953   0.0006261787   0.0000003788  -0.0000097370   0.0005894080
      73   0.0001448871   0.0003368627   0.0000007545   0.0000097956   0.0000028914   0.0000013219
      74  -0.0003863744   0.0013999173   0.0000015862  -0.0000610306  -0.0001150926   0.0000011182
      75  -0.0000206686   0.0000087597  -0.0016665713   0.0000010648   0.0000096272   0.0000313137
      76   0.0000015664  -0.0000059658  -0.0000012415   0.0000096348   0.0000114443  -0.0000021526
      77  -0.0000063810   0.0000064855   0.0000005236  -0.0000112590  -0.0000160408   0.0000016633
      78  -0.0000030580   0.0000010144   0.0000272540   0.0000010682   0.0000017093   0.0000095922
      79   0.0000062086  -0.0000042278  -0.0000017742   0.0000084883   0.0000111898  -0.0000023284
      80  -0.0000015723   0.0000068183   0.0000015400  -0.0000067117   0.0000097304   0.0000031916
      81   0.0000012534  -0.0000014189   0.0000496786  -0.0000000854  -0.0000005195  -0.0000455878
      82   0.0005261233   0.0012108125  -0.0000014322   0.0000105306  -0.0000108292  -0.0000003904
      83  -0.0001472983   0.0005304982  -0.0000013111   0.0000079076   0.0000098827  -0.0000007991
      84   0.0000043255  -0.0000022080  -0.0041397661   0.0000007613  -0.0000004094  -0.0000454306
      85   0.3691050407  -0.0386396470   0.0000808951  -0.0000014857   0.0000024188  -0.0000028412
      86  -0.0386396470   0.0513157522  -0.0000141130  -0.0000013472   0.0000379493   0.0000016315
      87   0.0000808951  -0.0000141130   0.0231285021   0.0000009509   0.0000016676  -0.0000026219
      88  -0.0000014857  -0.0000013472   0.0000009509   0.3691022579   0.0386386058  -0.0000105389
      89   0.0000024188   0.0000379493   0.0000016676   0.0386386058   0.0513149038  -0.0000043901
      90  -0.0000028412   0.0000016315  -0.0000026219  -0.0000105389  -0.0000043901   0.0231387953
      91   0.0000094198   0.0000105621  -0.0000016489   0.0005266971  -0.0012066382  -0.0000017922
      92  -0.0000069888   0.0000099980  -0.0000014644   0.0001487719   0.0005277301  -0.0000031966
      93   0.0000020855  -0.0000009826  -0.0000404316  -0.0000007748  -0.0000021962  -0.0041439751
      94   0.0000086607  -0.0000109213  -0.0000004882   0.0000067004   0.0000043131   0.0000001690
      95   0.0000057858   0.0000101278  -0.0000016969   0.0000015117   0.0000065162  -0.0000008901
      96   0.0000037812  -0.0000011823  -0.0000409432   0.0000000335  -0.0000016554   0.0000463006
      97   0.0000104117  -0.0000117078   0.0000005593   0.0000044951   0.0000077885  -0.0000020010
      98   0.0000100181  -0.0000154832   0.0000017914   0.0000071727   0.0000057254   0.0000015035
      99  -0.0000033448   0.0000016492   0.0000052978  -0.0000039851   0.0000001501   0.0000310877
     100   0.0000068886   0.0000005819  -0.0000014864   0.0002371221   0.0006124376  -0.0000013128
     101  -0.0000023646   0.0000013340   0.0000006917  -0.0004444509  -0.0004895617   0.0000016826
     102   0.0000000259  -0.0000000292   0.0000049580  -0.0000002171  -0.0000003072   0.0002090114
     103   0.0000143750   0.0000528580  -0.0000011004   0.0000145706  -0.0000524840   0.0000002280
     104  -0.0000116601   0.0000398366  -0.0000016232   0.0000113657   0.0000402445  -0.0000030217
     105   0.0000000612   0.0000000741   0.0003237420  -0.0000004722   0.0000001436   0.0003239433
     106   0.0002375516  -0.0006112540   0.0000011624   0.0000067052   0.0000021178  -0.0000030245
     107   0.0004449256  -0.0004887511   0.0000008214   0.0000017135   0.0000009929   0.0000015923
     108   0.0000003653   0.0000001693   0.0002094880   0.0000001454  -0.0000000538   0.0000043247
     109   0.0000035622  -0.0000047992  -0.0000012743   0.0000035486   0.0000053930  -0.0000011658
     110   0.0000009503   0.0000096985   0.0000012583  -0.0000015139   0.0000075150   0.0000034485
     111  -0.0000003293   0.0000000375   0.0000069606   0.0000001461   0.0000001873   0.0000074448
                     91             92             93             94             95             96
       1   0.0003441342   0.0002699379  -0.0000001664   0.0003432132   0.0002718341   0.0000008081
       2   0.0005990736   0.0001514379   0.0000002851   0.0005978601   0.0001512272   0.0000005692
       3  -0.0000000768  -0.0000004182   0.0005769549  -0.0000001170  -0.0000009312   0.0005773465
       4   0.0000180725  -0.0000187141  -0.0000001304  -0.0000874495  -0.0000376978   0.0000000935
       5  -0.0006228896  -0.0001867640  -0.0000006002   0.0001446321   0.0001448095   0.0000003641
       6   0.0000036334  -0.0000041148  -0.0003461141   0.0000134418   0.0000050058  -0.0004366743
       7  -0.0000929103  -0.0000362313   0.0000000112   0.0000209330  -0.0000177684  -0.0000011192
       8   0.0001437177   0.0001438307   0.0000007644  -0.0006259595  -0.0001860222  -0.0000041741
       9   0.0000039746  -0.0000039311  -0.0004698005   0.0000127653   0.0000045647  -0.0003137510
      10   0.0000349771   0.0000153631   0.0000012668  -0.0042882819  -0.0004805322  -0.0000002326
      11  -0.0000103163   0.0000460548   0.0000018997  -0.0049319282  -0.0008557480   0.0000030191
      12  -0.0000035201   0.0000038809   0.0003443890  -0.0000138555  -0.0000053316   0.0043381887
      13  -0.0042880671  -0.0004778888   0.0000013407   0.0000311254   0.0000143371  -0.0000032454
      14  -0.0049282427  -0.0008531361   0.0000003467  -0.0000124926   0.0000458605  -0.0000044166
      15  -0.0000030131   0.0000037370   0.0043705609  -0.0000128856  -0.0000051707   0.0003105846
      16  -0.0004373534   0.0001712226   0.0000008021   0.0000975404  -0.0000453992   0.0000005702
      17   0.0003002761  -0.0000881068   0.0000000092   0.0000438926  -0.0000172952  -0.0000006392
      18   0.0000067662   0.0000066718  -0.0007438383  -0.0000023051   0.0000047160   0.0001122440
      19   0.0002395953   0.0001049952  -0.0000006497   0.0000652391  -0.0001659924  -0.0000011836
      20   0.0002796759   0.0000160012   0.0000009664   0.0002390121   0.0000257007   0.0000034621
      21  -0.0000075098  -0.0000057090  -0.0000660189  -0.0000028274  -0.0000062673   0.0000688602
      22   0.0000678654  -0.0001651014   0.0000008948   0.0002387505   0.0001026657  -0.0000022013
      23   0.0002371613   0.0000226973   0.0000005877   0.0002815370   0.0000183067   0.0000003350
      24  -0.0000070195  -0.0000061619   0.0000742208  -0.0000027589  -0.0000040332  -0.0000719509
      25   0.0000938338  -0.0000578914   0.0000006233  -0.0004389135   0.0001797295  -0.0000013314
      26   0.0000500472  -0.0000196392   0.0000008398   0.0002989457  -0.0000890917  -0.0000004587
      27   0.0000056561   0.0000069425   0.0001188876  -0.0000021637   0.0000040701  -0.0007504368
      28  -0.0050107005   0.0013858189  -0.0000008728   0.0001002790   0.0000192144   0.0000031858
      29   0.0031341563  -0.0019403956   0.0000022457   0.0000043541  -0.0000481175   0.0000014238
      30   0.0000048962   0.0000063411   0.0075341069   0.0000026683   0.0000035260  -0.0001646581
      31   0.0059211527   0.0052269774  -0.0000044633   0.0000585522   0.0000223793   0.0000017370
      32  -0.0220803811  -0.0039734443  -0.0000016182   0.0000150692  -0.0001034054  -0.0000010293
      33  -0.0000015261  -0.0000061195  -0.0008437864   0.0000022676  -0.0000012032  -0.0000072567
      34   0.0000594652   0.0000254482   0.0000004602   0.0059217669   0.0052315021   0.0000035200
      35   0.0000124740  -0.0001036211  -0.0000015527  -0.0220775204  -0.0039712048  -0.0000024869
      36  -0.0000034973  -0.0000045344  -0.0000133904  -0.0000011308  -0.0000016978  -0.0008368426
      37   0.0000994821   0.0000215838  -0.0000004463  -0.0050097051   0.0013918127  -0.0000012651
      38   0.0000045545  -0.0000491044  -0.0000021988   0.0031303336  -0.0019391527  -0.0000004692
      39   0.0000050345   0.0000043711  -0.0001706448   0.0000026385   0.0000005118   0.0075398461
      40   0.0001180243  -0.0000661340  -0.0000004977  -0.0000450462  -0.0000574845   0.0000002315
      41  -0.0000655255   0.0000163944  -0.0000013829   0.0000865824   0.0000396648   0.0000008547
      42   0.0000089726   0.0000100328  -0.0000128962   0.0000006708   0.0000075893   0.0001088274
      43   0.0001039328  -0.0000158289  -0.0000040298  -0.0000940921  -0.0000527147  -0.0000029439
      44  -0.0000312600  -0.0000532553  -0.0000007075   0.0000035790  -0.0000021527  -0.0000019727
      45  -0.0000093080  -0.0000083002   0.0001210987  -0.0000000519  -0.0000061561   0.0000741255
      46  -0.0000937807  -0.0000503389   0.0000019695   0.0001048668  -0.0000192764   0.0000009955
      47   0.0000046162   0.0000010262  -0.0000010943  -0.0000311360  -0.0000518263  -0.0000015128
      48  -0.0000092880  -0.0000081914   0.0000716013  -0.0000005270  -0.0000060884   0.0001201309
      49  -0.0000397212  -0.0000540448   0.0000016201   0.0001185377  -0.0000683565   0.0000008178
      50   0.0000840280   0.0000354951   0.0000013680  -0.0000665796   0.0000182390  -0.0000001874
      51   0.0000093629   0.0000098648   0.0001103070   0.0000007644   0.0000070763  -0.0000125306
      52   0.0104838787  -0.0083117228  -0.0000004642   0.0000065034   0.0000093938  -0.0000011735
      53   0.0210655798  -0.0080332155   0.0000014392  -0.0000597895   0.0000508948  -0.0000028886
      54   0.0000070968   0.0000120501   0.0034885943   0.0000006892   0.0000079328  -0.0000693422
      55  -0.0615155360  -0.0361532122   0.0000076905  -0.0000495629   0.0000538347  -0.0000018392
      56  -0.0365148474  -0.3549987129   0.0000625879  -0.0000023256  -0.0000049570  -0.0000001334
      57   0.0000001896   0.0000574528  -0.0325884858  -0.0000006234  -0.0000055740  -0.0001031706
      58  -0.0000480793   0.0000546994   0.0000009492  -0.0615173332  -0.0361505254  -0.0000118056
      59  -0.0000029305  -0.0000032944   0.0000028003  -0.0365166383  -0.3549989957  -0.0000794889
      60  -0.0000092638  -0.0000109075  -0.0001036411  -0.0000111879  -0.0000891043  -0.0325883747
      61   0.0000051048   0.0000078301   0.0000001645   0.0104879887  -0.0083112298  -0.0000026029
      62  -0.0000598235   0.0000518951  -0.0000005628   0.0210668889  -0.0080315879  -0.0000031309
      63   0.0000094813   0.0000103305  -0.0000686180   0.0000041701   0.0000065260   0.0034878860
      64   0.0012117644  -0.0005673731  -0.0000018262  -0.0000074386  -0.0000004518   0.0000002974
      65   0.0006601947  -0.0003994872   0.0000009886   0.0000395024   0.0001207504  -0.0000020836
      66  -0.0000133364  -0.0000133423   0.0006006882  -0.0000006093  -0.0000091012  -0.0000531651
      67  -0.0001141017  -0.0000570679  -0.0000002226   0.0014036267   0.0003968501  -0.0000026805
      68   0.0000032253   0.0000110088  -0.0000003929  -0.0003332203   0.0001511541   0.0000007350
      69   0.0000133645   0.0000122805   0.0000226639   0.0000009547   0.0000085092  -0.0016394251
      70   0.0014023705   0.0003902552  -0.0000013122  -0.0001147948  -0.0000609354  -0.0000024115
      71  -0.0003339825   0.0001513499  -0.0000005059   0.0000026934   0.0000112098  -0.0000016270
      72   0.0000130890   0.0000147944  -0.0016385804   0.0000012947   0.0000134793   0.0000212630
      73  -0.0000082326  -0.0000012766  -0.0000007975   0.0012125366  -0.0005666397  -0.0000008940
      74   0.0000413845   0.0001267629  -0.0000003668   0.0006636525  -0.0004063220  -0.0000021243
      75  -0.0000134277  -0.0000127179  -0.0000552081  -0.0000006948  -0.0000092202   0.0006005602
      76   0.0000094861   0.0000036793   0.0000026462   0.0000097120  -0.0000058413   0.0000016142
      77  -0.0000118695   0.0000097590  -0.0000006138   0.0000111811   0.0000102189  -0.0000007094
      78  -0.0000014889  -0.0000016611  -0.0000453326  -0.0000003839  -0.0000007269  -0.0000458262
      79   0.0000368668  -0.0000071335   0.0000018542  -0.0000173813  -0.0000143828   0.0000017752
      80   0.0000035264  -0.0000042759  -0.0000023297   0.0000123869   0.0000123505  -0.0000031659
      81   0.0000017285   0.0000025192  -0.0000005784  -0.0000000683   0.0000009429   0.0000067862
      82  -0.0000187606  -0.0000099482   0.0000023051   0.0000373345  -0.0000017357   0.0000018999
      83   0.0000117852   0.0000115492  -0.0000020157   0.0000046976  -0.0000046668   0.0000006664
      84   0.0000018304   0.0000027992   0.0000073121  -0.0000003497   0.0000005852  -0.0000014710
      85   0.0000094198  -0.0000069888   0.0000020855   0.0000086607   0.0000057858   0.0000037812
      86   0.0000105621   0.0000099980  -0.0000009826  -0.0000109213   0.0000101278  -0.0000011823
      87  -0.0000016489  -0.0000014644  -0.0000404316  -0.0000004882  -0.0000016969  -0.0000409432
      88   0.0005266971   0.0001487719  -0.0000007748   0.0000067004   0.0000015117   0.0000000335
      89  -0.0012066382   0.0005277301  -0.0000021962   0.0000043131   0.0000065162  -0.0000016554
      90  -0.0000017922  -0.0000031966  -0.0041439751   0.0000001690  -0.0000008901   0.0000463006
      91   0.0513156881   0.0386446501  -0.0000077349   0.0000066545   0.0000076767   0.0000018313
      92   0.0386446501   0.3691151389  -0.0000672702   0.0000082555   0.0000011701   0.0000035356
      93  -0.0000077349  -0.0000672702   0.0231350589   0.0000004038   0.0000017434   0.0000296540
      94   0.0000066545   0.0000082555   0.0000004038   0.0513139231   0.0386398428   0.0000111709
      95   0.0000076767   0.0000011701   0.0000017434   0.0386398428   0.3691077805   0.0000882521
      96   0.0000018313   0.0000035356   0.0000296540   0.0000111709   0.0000882521   0.0231365476
      97   0.0000064789   0.0000017509  -0.0000007554   0.0005295109   0.0001491642   0.0000021694
      98   0.0000042566   0.0000064486  -0.0000017369  -0.0012093054   0.0005310478  -0.0000009473
      99  -0.0000018289  -0.0000039412   0.0000457396  -0.0000003356  -0.0000030542  -0.0041430818
     100   0.0000410422   0.0000095129   0.0000031435   0.0000086284   0.0000010013   0.0000018510
     101  -0.0000532808   0.0000166400  -0.0000007172   0.0000053475   0.0000029329  -0.0000007676
     102   0.0000000517   0.0000007842   0.0003236181   0.0000000134   0.0000003146   0.0000070072
     103  -0.0004830396  -0.0004451832   0.0000019583   0.0000010580   0.0000009476   0.0000010846
     104   0.0006144580   0.0002344490  -0.0000019929   0.0000041889   0.0000028483   0.0000038018
     105   0.0000001796   0.0000007236   0.0002091039  -0.0000000022  -0.0000002892   0.0000045236
     106   0.0000085654  -0.0000000318  -0.0000010887   0.0000405026   0.0000090403   0.0000026460
     107   0.0000051228   0.0000023452  -0.0000005407  -0.0000515859   0.0000169533  -0.0000006445
     108   0.0000001515   0.0000002641   0.0000071129   0.0000001789  -0.0000001415   0.0003237583
     109   0.0000010269   0.0000015309   0.0000012598  -0.0004865944  -0.0004464579   0.0000016106
     110   0.0000031485   0.0000033397  -0.0000019673   0.0006133481   0.0002378850  -0.0000026078
     111  -0.0000001164  -0.0000002940   0.0000046465  -0.0000002400   0.0000004642   0.0002092108
                     97             98             99            100            101            102
       1   0.0001543790   0.0005965796   0.0000005361   0.0005442739   0.0000008880  -0.0000014018
       2   0.0002697714   0.0003433981  -0.0000006204   0.0000005977  -0.0008335333  -0.0000005302
       3  -0.0000000061  -0.0000002647   0.0005786997   0.0000005376  -0.0000000574   0.0000810608
       4  -0.0001934102  -0.0006212609   0.0000021480   0.0009440309  -0.0013990354   0.0000018096
       5  -0.0000123607   0.0000188491   0.0000025075  -0.0022899563  -0.0053996002  -0.0000009514
       6  -0.0000224181  -0.0000069790  -0.0003571586   0.0000059970   0.0000242804   0.0060679110
       7   0.0001508501   0.0001519057   0.0000041926  -0.0000529676   0.0000196927  -0.0000007083
       8  -0.0000366834  -0.0000915043   0.0000011954   0.0000464758   0.0000059254  -0.0000003723
       9  -0.0000224140  -0.0000064837  -0.0004800769   0.0000072645   0.0000241217  -0.0001479518
      10  -0.0008497657  -0.0049269085   0.0000050877  -0.0000553531  -0.0000177537  -0.0000003300
      11  -0.0004721623  -0.0042841703   0.0000040917  -0.0000448706   0.0000068919  -0.0000015229
      12   0.0000217807   0.0000068318   0.0043807575  -0.0000039429  -0.0000245665  -0.0001337742
      13   0.0000403890  -0.0000081924   0.0000080703   0.0009459452   0.0013988523  -0.0000006349
      14   0.0000138764   0.0000349869   0.0000064226   0.0022865173  -0.0053992528  -0.0000010463
      15   0.0000210633   0.0000063169   0.0003542231  -0.0000058153  -0.0000241169   0.0060818990
      16   0.0000185251   0.0002755991   0.0000034066  -0.0111223034  -0.0279853270  -0.0000016913
      17   0.0001019072   0.0002423336   0.0000037670   0.0034440281   0.0047290131   0.0000018497
      18   0.0000056296  -0.0000055628  -0.0000672256   0.0000097141  -0.0000097212   0.0003928845
      19  -0.0000891762   0.0002984517   0.0000039532  -0.0007864171  -0.0015306800  -0.0000022240
      20   0.0001744307  -0.0004340922  -0.0000015468   0.0005073477   0.0008989241   0.0000000979
      21   0.0000031249   0.0000082038  -0.0007407934  -0.0000105788   0.0000003874   0.0013001525
      22  -0.0000183742   0.0000476761   0.0000009055  -0.0001739973  -0.0002029947  -0.0000006585
      23  -0.0000476361   0.0000961093   0.0000034035  -0.0001512654   0.0000472572  -0.0000005874
      24   0.0000020656   0.0000083486   0.0001223854  -0.0000092451   0.0000000082   0.0004627210
      25   0.0000234832   0.0002347571  -0.0000041317  -0.0000723725   0.0000879173   0.0000011978
      26  -0.0001663301   0.0000641276   0.0000015678   0.0000846193   0.0001559970   0.0000010381
      27   0.0000055172  -0.0000065094   0.0000735413   0.0000070416  -0.0000092203  -0.0002882667
      28  -0.0001063550   0.0000137313  -0.0000045222  -0.0111053509   0.0279833421   0.0000026670
      29   0.0000262898   0.0000556624  -0.0000049036  -0.0034325660   0.0047289174   0.0000001146
      30  -0.0000022339  -0.0000054702  -0.0000185043   0.0000086216   0.0000008281   0.0003910792
      31  -0.0000490296   0.0000036327  -0.0000021162  -0.0007825203   0.0015305605   0.0000003088
      32   0.0000208986   0.0000987725  -0.0000028530  -0.0004926198   0.0009008788   0.0000001282
      33  -0.0000063891   0.0000031962  -0.0001708384  -0.0000040770   0.0000077655   0.0012965770
      34  -0.0019390530   0.0031316165  -0.0000021786  -0.0001745958   0.0002017831  -0.0000011329
      35   0.0013826180  -0.0050121656  -0.0000070271   0.0001504398   0.0000447059   0.0000020489
      36  -0.0000056446   0.0000010033   0.0075337290  -0.0000065848   0.0000078650   0.0004591258
      37  -0.0039676953  -0.0220864839  -0.0000040943  -0.0000731610  -0.0000888072   0.0000005183
      38   0.0052331580   0.0059201817   0.0000003302  -0.0000866306   0.0001544718  -0.0000001174
      39  -0.0000036766  -0.0000072733  -0.0008481277   0.0000041511   0.0000014454  -0.0002899873
      40  -0.0000592948  -0.0000304136   0.0000004363   0.0008929590  -0.0009472505  -0.0000021849
      41  -0.0000193348   0.0001028864   0.0000047356   0.0011406712   0.0004833216  -0.0000002735
      42   0.0000040434  -0.0000093205   0.0001158788   0.0000139747  -0.0000065764  -0.0040727856
      43   0.0000167844  -0.0000661042   0.0000028213   0.0002467350   0.0005637839   0.0000016516
      44  -0.0000667076   0.0001186000   0.0000015781  -0.0003279749  -0.0000499033   0.0000007291
      45  -0.0000024492   0.0000095786  -0.0000095687  -0.0000119848   0.0000070918   0.0006755981
      46   0.0000381948   0.0000851222   0.0000020987   0.0000994838   0.0001026933   0.0000003618
      47  -0.0000529220  -0.0000358524   0.0000008416   0.0000049487   0.0000164983  -0.0000001115
      48  -0.0000033058   0.0000097118   0.0001139321  -0.0000149788   0.0000065509   0.0000428837
      49   0.0000035725   0.0000031233  -0.0000014232  -0.0000274863  -0.0000091976  -0.0000005481
      50  -0.0000524889  -0.0000926599  -0.0000029415  -0.0000971495  -0.0000774529  -0.0000000915
      51   0.0000010339  -0.0000098256   0.0000678916   0.0000121170  -0.0000062990  -0.0000099637
      52  -0.0000021439  -0.0000023735   0.0000007459   0.0008836490   0.0009446104  -0.0000002310
      53   0.0000556470  -0.0000486248   0.0000006970  -0.0011582796   0.0004860374   0.0000005480
      54   0.0000036491  -0.0000096559  -0.0001070412   0.0000150457  -0.0000063829  -0.0040728267
      55   0.0000509877  -0.0000573143   0.0000015591   0.0002503963  -0.0005628127   0.0000005205
      56   0.0000085673   0.0000049802  -0.0000014355   0.0003299915  -0.0000486309   0.0000007394
      57  -0.0000014920   0.0000096790  -0.0000649236  -0.0000118191   0.0000064727   0.0006757280
      58  -0.0080323527   0.0210664141   0.0000055496   0.0000983034  -0.0001017084   0.0000001548
      59  -0.0083101995   0.0104785829  -0.0000024024  -0.0000052883   0.0000157085   0.0000003710
      60  -0.0000072754   0.0000124726   0.0034931806  -0.0000136773   0.0000067974   0.0000427244
      61  -0.3550007949  -0.0365175490  -0.0000262694  -0.0000306933   0.0000078676  -0.0000003232
      62  -0.0361608195  -0.0615189459  -0.0000025375   0.0000983740  -0.0000766000   0.0000001437
      63  -0.0000179210  -0.0000157055  -0.0325922365   0.0000121795  -0.0000069418  -0.0000097538
      64   0.0000121756   0.0000024272  -0.0000003860  -0.3474098919   0.0000017707   0.0000183907
      65  -0.0000649042  -0.0001116499   0.0000032155   0.0000044063  -0.0562137695  -0.0000030363
      66  -0.0000034885   0.0000139318   0.0000269577  -0.0000040017   0.0000094944  -0.0320022950
      67  -0.0003982987   0.0006624310   0.0000036954   0.0004774496   0.0000257162   0.0000014881
      68  -0.0005699285   0.0012134805  -0.0000018476  -0.0002720492  -0.0006104800  -0.0000009911
      69   0.0000041463  -0.0000138261   0.0005947633   0.0000192520  -0.0000097594  -0.0006588739
      70   0.0001273471   0.0000428746   0.0000032424   0.0004787786  -0.0000244220  -0.0000007512
      71   0.0000013822  -0.0000068368   0.0000000579   0.0002733388  -0.0006102402   0.0000000885
      72   0.0000037869  -0.0000138006  -0.0000597280   0.0000214008  -0.0000094304  -0.0006588704
      73   0.0001504520  -0.0003302596   0.0000010448   0.0000338297  -0.0000003985   0.0000003538
      74   0.0003836808   0.0014005292   0.0000038301  -0.0000005776  -0.0002288542  -0.0000012827
      75  -0.0000035640   0.0000140946  -0.0016353236  -0.0000195784   0.0000096921  -0.0000213247
      76  -0.0000041352   0.0000011848  -0.0000048431   0.0002370561   0.0004432430   0.0000005826
      77  -0.0000013150   0.0000377866   0.0000019951  -0.0006121940  -0.0004858461  -0.0000001011
      78  -0.0000000316   0.0000018007   0.0000013371  -0.0000018922   0.0000004175   0.0002092602
      79   0.0000075108  -0.0000115719  -0.0000021736   0.0000412923   0.0000514742   0.0000000923
      80   0.0000071323   0.0000103339   0.0000012497  -0.0000108082   0.0000162925  -0.0000002521
      81   0.0000007934  -0.0000016862  -0.0000443991   0.0000011363  -0.0000015691   0.0003239778
      82   0.0000099266   0.0000112720  -0.0000004070   0.0000090353  -0.0000050926   0.0000000263
      83  -0.0000062935   0.0000096232  -0.0000006249   0.0000023004   0.0000021944   0.0000001875
      84   0.0000007283  -0.0000015851  -0.0000443098   0.0000029056  -0.0000015534   0.0000072913
      85   0.0000104117   0.0000100181  -0.0000033448   0.0000068886  -0.0000023646   0.0000000259
      86  -0.0000117078  -0.0000154832   0.0000016492   0.0000005819   0.0000013340  -0.0000000292
      87   0.0000005593   0.0000017914   0.0000052978  -0.0000014864   0.0000006917   0.0000049580
      88   0.0000044951   0.0000071727  -0.0000039851   0.0002371221  -0.0004444509  -0.0000002171
      89   0.0000077885   0.0000057254   0.0000001501   0.0006124376  -0.0004895617  -0.0000003072
      90  -0.0000020010   0.0000015035   0.0000310877  -0.0000013128   0.0000016826   0.0002090114
      91   0.0000064789   0.0000042566  -0.0000018289   0.0000410422  -0.0000532808   0.0000000517
      92   0.0000017509   0.0000064486  -0.0000039412   0.0000095129   0.0000166400   0.0000007842
      93  -0.0000007554  -0.0000017369   0.0000457396   0.0000031435  -0.0000007172   0.0003236181
      94   0.0005295109  -0.0012093054  -0.0000003356   0.0000086284   0.0000053475   0.0000000134
      95   0.0001491642   0.0005310478  -0.0000030542   0.0000010013   0.0000029329   0.0000003146
      96   0.0000021694  -0.0000009473  -0.0041430818   0.0000018510  -0.0000007676   0.0000070072
      97   0.3691036962   0.0386452328   0.0000188339   0.0000070269   0.0000014852   0.0000000614
      98   0.0386452328   0.0513144414   0.0000067678   0.0000008596   0.0000009355  -0.0000000928
      99   0.0000188339   0.0000067678   0.0231361215  -0.0000076946   0.0000014494   0.0000044692
     100   0.0000070269   0.0000008596  -0.0000076946   0.3654813530  -0.0000000168  -0.0000164689
     101   0.0000014852   0.0000009355   0.0000014494  -0.0000000168   0.0579544412   0.0000009156
     102   0.0000000614  -0.0000000928   0.0000044692  -0.0000164689   0.0000009156   0.0238089218
     103   0.0000026380   0.0000057971   0.0000000423  -0.0000616870   0.0001149992   0.0000000689
     104  -0.0000006095   0.0000097094  -0.0000038583   0.0000307768  -0.0000621535   0.0000008430
     105   0.0000000279   0.0000000814   0.0000072822  -0.0000008771   0.0000001023  -0.0003756471
     106   0.0002379013   0.0006113487  -0.0000043351   0.0000035242  -0.0000010277  -0.0000000152
     107  -0.0004427756  -0.0004873269   0.0000014079  -0.0000003371  -0.0000003223  -0.0000000261
     108   0.0000003124   0.0000002786   0.0002090301   0.0000001356  -0.0000000502   0.0000885716
     109   0.0000144907  -0.0000530129  -0.0000013249  -0.0000600247  -0.0001155666   0.0000000515
     110   0.0000125748   0.0000403513  -0.0000012775  -0.0000316584  -0.0000612769   0.0000001531
     111  -0.0000004641   0.0000000858   0.0003240684   0.0000005716   0.0000000842  -0.0003756074
                    103            104            105            106            107            108
       1  -0.0008378720   0.0000024857   0.0000007657   0.0005484651   0.0000015108   0.0000008056
       2  -0.0000000222   0.0005528114   0.0000000174  -0.0000005101  -0.0008332880   0.0000000698
       3  -0.0000001106  -0.0000000254   0.0000814437  -0.0000001935   0.0000000027   0.0000810315
       4   0.0000062883   0.0000344520  -0.0000008990  -0.0000456264   0.0000194237   0.0000016754
       5   0.0000184078  -0.0000387101   0.0000003057   0.0000448523   0.0000060077  -0.0000006097
       6   0.0000343861  -0.0000254645  -0.0001425661  -0.0000270397   0.0000260030  -0.0001482875
       7  -0.0053986811  -0.0022796585  -0.0000001238   0.0009449071  -0.0013974691  -0.0000000922
       8  -0.0014007382   0.0009331897   0.0000022468  -0.0022871036  -0.0053963669   0.0000000432
       9   0.0000342437  -0.0000259347   0.0060731550  -0.0000256609   0.0000269287   0.0060673104
      10   0.0000074166  -0.0000339391  -0.0000010019   0.0009444046   0.0013992499  -0.0000008589
      11  -0.0000170544  -0.0000390136   0.0000016334   0.0022893951  -0.0054007352  -0.0000002227
      12  -0.0000342875   0.0000245439  -0.0001392418   0.0000250955  -0.0000257362   0.0060822025
      13  -0.0053988714   0.0022785480   0.0000012659  -0.0000472701  -0.0000183108   0.0000000027
      14   0.0014016135   0.0009325843  -0.0000007020  -0.0000393590   0.0000070193   0.0000008264
      15  -0.0000345338   0.0000236648   0.0060765653   0.0000236141  -0.0000263507  -0.0001335723
      16   0.0000468698  -0.0001580276   0.0000003387  -0.0000602795   0.0000885102  -0.0000025260
      17  -0.0002031033  -0.0001702528   0.0000007855   0.0000663512   0.0001560130  -0.0000009158
      18  -0.0000045816   0.0000085922   0.0004611781   0.0000078695  -0.0000093443  -0.0002876391
      19   0.0001565463   0.0000924380   0.0000012578  -0.0001697650  -0.0002023758  -0.0000007935
      20   0.0000893272  -0.0000832292  -0.0000004637  -0.0001573475   0.0000439494   0.0000007492
      21  -0.0000084561   0.0000001919  -0.0002888221   0.0000019775  -0.0000004187   0.0004622940
      22   0.0047334771   0.0034289474   0.0000002172  -0.0007769471  -0.0015322837   0.0000013456
      23  -0.0279920449  -0.0111048153  -0.0000021813   0.0004979591   0.0009001373   0.0000023021
      24  -0.0000082108  -0.0000014241   0.0003922903  -0.0000005686  -0.0000002390   0.0012997557
      25   0.0008987342   0.0004937302  -0.0000012201  -0.0111122340  -0.0279840755   0.0000016980
      26  -0.0015295699  -0.0007792086  -0.0000028137   0.0034318955   0.0047285212  -0.0000013253
      27  -0.0000044503   0.0000100341   0.0012986272   0.0000078140  -0.0000103947   0.0003933697
      28   0.0008989562  -0.0004986847  -0.0000003680  -0.0000843624  -0.0000896450  -0.0000002252
      29   0.0015297577  -0.0007782083  -0.0000006492  -0.0000855129   0.0001548226   0.0000002287
      30   0.0000081317  -0.0000008935   0.0012970665  -0.0000005163   0.0000021405  -0.0002898219
      31   0.0047323951  -0.0034299914  -0.0000022084  -0.0001737400   0.0002014185   0.0000019134
      32   0.0279872943  -0.0111066000   0.0000017321   0.0001476501   0.0000454780  -0.0000021371
      33   0.0000036524  -0.0000087844   0.0003925675  -0.0000090506   0.0000078362   0.0004588562
      34   0.0001556657  -0.0000843307  -0.0000006058  -0.0007768986   0.0015305134   0.0000000338
      35  -0.0000895058  -0.0000779527  -0.0000012006  -0.0005001058   0.0009005488   0.0000011885
      36   0.0000054460  -0.0000074395  -0.0002885552  -0.0000075834   0.0000082077   0.0012962319
      37   0.0000444815   0.0001508815   0.0000003128  -0.0111013521   0.0279838335  -0.0000028093
      38   0.0002022023  -0.0001737617  -0.0000010206  -0.0034297994   0.0047295351  -0.0000007189
      39   0.0000074308   0.0000000220   0.0004597257  -0.0000024132   0.0000025952   0.0003914021
      40   0.0000147108   0.0000147994   0.0000007322  -0.0000491040  -0.0000091007   0.0000000726
      41   0.0001034302   0.0000879856   0.0000000067  -0.0000885432  -0.0000777391  -0.0000003113
      42   0.0000024745   0.0000094368   0.0000419925   0.0000073572  -0.0000065785  -0.0000091575
      43  -0.0000776754  -0.0000908273  -0.0000003031   0.0000935196   0.0001030091  -0.0000002001
      44  -0.0000073893  -0.0000347737   0.0000003254   0.0000068481   0.0000164044  -0.0000001173
      45  -0.0000022298  -0.0000068847  -0.0000091156  -0.0000052094   0.0000066274   0.0000421383
      46   0.0004849221   0.0011496848   0.0000019365   0.0002525016   0.0005639984  -0.0000002278
      47  -0.0009456176   0.0008826322  -0.0000015750  -0.0003314649  -0.0000497955   0.0000002580
      48  -0.0000025237  -0.0000050873  -0.0040720024  -0.0000068413   0.0000063830   0.0006749083
      49  -0.0000502304  -0.0003342925  -0.0000019252   0.0008907591  -0.0009483225  -0.0000000236
      50   0.0005632879   0.0002492136   0.0000000145   0.0011499043   0.0004818258  -0.0000014157
      51   0.0000032076   0.0000082483   0.0006747976   0.0000034324  -0.0000063886  -0.0040721737
      52  -0.0000502795   0.0003303711   0.0000003071  -0.0000332906   0.0000081068  -0.0000002712
      53  -0.0005645939   0.0002479982   0.0000002833   0.0000987360  -0.0000764249  -0.0000003990
      54   0.0000025979   0.0000091517   0.0006747160   0.0000069908  -0.0000060567  -0.0000092685
      55   0.0004853320  -0.0011499939  -0.0000001468   0.0000975942  -0.0001015628   0.0000000649
      56   0.0009453838   0.0008807154  -0.0000012732  -0.0000045405   0.0000158601   0.0000002171
      57  -0.0000032622  -0.0000047834  -0.0040718142  -0.0000039768   0.0000060249   0.0000422495
      58  -0.0000768809   0.0000961165   0.0000004365   0.0002525880  -0.0005642660  -0.0000012960
      59   0.0000086503  -0.0000328878  -0.0000004072   0.0003329680  -0.0000510606  -0.0000002160
      60  -0.0000025351  -0.0000099721  -0.0000090139  -0.0000074817   0.0000066161   0.0006747728
      61   0.0000163873  -0.0000050387   0.0000001179   0.0008826287   0.0009469700   0.0000008637
      62  -0.0001019224   0.0000971226   0.0000010640  -0.0011541622   0.0004859960  -0.0000005752
      63   0.0000021724   0.0000100940   0.0000420288   0.0000054222  -0.0000067101  -0.0040719540
      64  -0.0006118640   0.0002734072   0.0000003203   0.0000362543   0.0000007411   0.0000008877
      65  -0.0000240845   0.0004835167   0.0000002206  -0.0000033043  -0.0002283377   0.0000010394
      66  -0.0000040618  -0.0000101140  -0.0006577993  -0.0000081579   0.0000091250  -0.0000222630
      67  -0.0002282680   0.0000042895  -0.0000003052   0.0004782481  -0.0000236012   0.0000008737
      68   0.0000003715   0.0000329453   0.0000002412   0.0002730530  -0.0006104285  -0.0000000215
      69   0.0000039679   0.0000090125  -0.0000224861   0.0000083467  -0.0000092550  -0.0006579703
      70  -0.0562119324  -0.0000026567   0.0000002418   0.0004780875   0.0000255226  -0.0000018731
      71  -0.0000000319  -0.3474180864   0.0000093869  -0.0002721391  -0.0006101065   0.0000002989
      72   0.0000035871   0.0000234702  -0.0320032329   0.0000062590  -0.0000091376  -0.0006579920
      73  -0.0006098813  -0.0002727309   0.0000002120  -0.3474073891   0.0000024941  -0.0000226231
      74   0.0000255048   0.0004776005   0.0000029001  -0.0000013277  -0.0562144474   0.0000025291
      75  -0.0000038348  -0.0000102207  -0.0006578347  -0.0000286244   0.0000109361  -0.0320032453
      76   0.0000023183  -0.0000025906  -0.0000001835   0.0000013005  -0.0000021055   0.0000001875
      77  -0.0000056954   0.0000082753   0.0000001255  -0.0000001389   0.0000010339  -0.0000000816
      78  -0.0000011362  -0.0000007354   0.0000074005  -0.0000007731   0.0000005893   0.0000045871
      79   0.0000010203  -0.0000091659  -0.0000000218   0.0000060415  -0.0000053774   0.0000001545
      80  -0.0000018240   0.0000029469  -0.0000000105   0.0000016271   0.0000026834  -0.0000001406
      81  -0.0000002611   0.0000036901   0.0000045366   0.0000006811  -0.0000016290   0.0000074339
      82  -0.0004857975  -0.0006109349  -0.0000002374   0.0000393135   0.0000499590   0.0000000005
      83   0.0004453112   0.0002360942   0.0000008253  -0.0000086607   0.0000139838   0.0000004609
      84  -0.0000008480   0.0000001867   0.0002090453   0.0000016236  -0.0000013778   0.0003239477
      85   0.0000143750  -0.0000116601   0.0000000612   0.0002375516   0.0004449256   0.0000003653
      86   0.0000528580   0.0000398366   0.0000000741  -0.0006112540  -0.0004887511   0.0000001693
      87  -0.0000011004  -0.0000016232   0.0003237420   0.0000011624   0.0000008214   0.0002094880
      88   0.0000145706   0.0000113657  -0.0000004722   0.0000067052   0.0000017135   0.0000001454
      89  -0.0000524840   0.0000402445   0.0000001436   0.0000021178   0.0000009929  -0.0000000538
      90   0.0000002280  -0.0000030217   0.0003239433  -0.0000030245   0.0000015923   0.0000043247
      91  -0.0004830396   0.0006144580   0.0000001796   0.0000085654   0.0000051228   0.0000001515
      92  -0.0004451832   0.0002344490   0.0000007236  -0.0000000318   0.0000023452   0.0000002641
      93   0.0000019583  -0.0000019929   0.0002091039  -0.0000010887  -0.0000005407   0.0000071129
      94   0.0000010580   0.0000041889  -0.0000000022   0.0000405026  -0.0000515859   0.0000001789
      95   0.0000009476   0.0000028483  -0.0000002892   0.0000090403   0.0000169533  -0.0000001415
      96   0.0000010846   0.0000038018   0.0000045236   0.0000026460  -0.0000006445   0.0003237583
      97   0.0000026380  -0.0000006095   0.0000000279   0.0002379013  -0.0004427756   0.0000003124
      98   0.0000057971   0.0000097094   0.0000000814   0.0006113487  -0.0004873269   0.0000002786
      99   0.0000000423  -0.0000038583   0.0000072822  -0.0000043351   0.0000014079   0.0002090301
     100  -0.0000616870   0.0000307768  -0.0000008771   0.0000035242  -0.0000003371   0.0000001356
     101   0.0001149992  -0.0000621535   0.0000001023  -0.0000010277  -0.0000003223  -0.0000000502
     102   0.0000000689   0.0000008430  -0.0003756471  -0.0000000152  -0.0000000261   0.0000885716
     103   0.0579489428  -0.0000020120   0.0000013548  -0.0000620429  -0.0001155606   0.0000000362
     104  -0.0000020120   0.3655206724  -0.0000097767  -0.0000307161  -0.0000620907   0.0000007712
     105   0.0000013548  -0.0000097767   0.0238088486   0.0000006165   0.0000000158  -0.0003756468
     106  -0.0000620429  -0.0000307161   0.0000006165   0.3654842454   0.0000022776   0.0000223797
     107  -0.0001155606  -0.0000620907   0.0000000158   0.0000022776   0.0579665669  -0.0000026187
     108   0.0000000362   0.0000007712  -0.0003756468   0.0000223797  -0.0000026187   0.0238089234
     109  -0.0000007814  -0.0000010851  -0.0000000201  -0.0000604963   0.0001158438   0.0000000411
     110  -0.0000002724  -0.0000007164  -0.0000001393   0.0000313888  -0.0000623348  -0.0000000429
     111  -0.0000000587  -0.0000006699   0.0000885988  -0.0000007292  -0.0000000934  -0.0003756219
                    109            110            111
       1  -0.0008333677  -0.0000026895   0.0000007210
       2  -0.0000005029   0.0005506676   0.0000002814
       3   0.0000000605   0.0000001126   0.0000810578
       4  -0.0053999575  -0.0023006487   0.0000000600
       5  -0.0013985543   0.0009460705  -0.0000018995
       6   0.0000047433  -0.0000080942   0.0060805742
       7   0.0000023866   0.0000421019  -0.0000004770
       8   0.0000204825  -0.0000474185   0.0000032850
       9   0.0000035893  -0.0000093741  -0.0001350877
      10  -0.0054002136   0.0022882553  -0.0000002511
      11   0.0014009611   0.0009438931  -0.0000008380
      12  -0.0000038991   0.0000106022   0.0060690277
      13   0.0000031627  -0.0000449066   0.0000017865
      14  -0.0000193577  -0.0000510600   0.0000006345
      15  -0.0000036865   0.0000087675  -0.0001465728
      16   0.0008981036   0.0005018911   0.0000010168
      17  -0.0015299718  -0.0007869503   0.0000011522
      18   0.0000041328  -0.0000072782   0.0012973042
      19   0.0047326511   0.0034285042  -0.0000009428
      20  -0.0279869946  -0.0110981542  -0.0000001502
      21  -0.0000078513   0.0000120385   0.0003908887
      22   0.0001566114   0.0000836809   0.0000003531
      23   0.0000877558  -0.0000791429  -0.0000017496
      24  -0.0000056952   0.0000150953  -0.0002902954
      25   0.0000469903  -0.0001408888   0.0000008188
      26  -0.0002028063  -0.0001753886  -0.0000004040
      27   0.0000046399  -0.0000096997   0.0004598773
      28   0.0000453166   0.0001502413  -0.0000025972
      29   0.0002026239  -0.0001753658  -0.0000002336
      30   0.0000037059  -0.0000094418   0.0004612222
      31   0.0001552974  -0.0000913478  -0.0000012262
      32  -0.0000865865  -0.0000766750   0.0000002180
      33  -0.0000025411   0.0000080145  -0.0002873478
      34   0.0047313794  -0.0034266396   0.0000018492
      35   0.0279887770  -0.0111049703  -0.0000041977
      36   0.0000002484   0.0000048275   0.0003937897
      37   0.0008992068  -0.0004926548   0.0000001340
      38   0.0015314418  -0.0007797018  -0.0000005811
      39   0.0000038015  -0.0000103038   0.0012986061
      40  -0.0000483760  -0.0003351435  -0.0000004464
      41   0.0005623743   0.0002569488  -0.0000014668
      42   0.0000071964  -0.0000135635   0.0006748446
      43   0.0004801954   0.0011501945  -0.0000015270
      44  -0.0009472717   0.0008788097   0.0000022158
      45  -0.0000072621   0.0000163917  -0.0040720988
      46  -0.0000780097  -0.0000966324  -0.0000003201
      47  -0.0000099499  -0.0000313088  -0.0000001646
      48  -0.0000069370   0.0000168822  -0.0000092114
      49   0.0000171359  -0.0000003498   0.0000001312
      50   0.0001030650   0.0000977278   0.0000005270
      51   0.0000067694  -0.0000135604   0.0000422131
      52   0.0000168755  -0.0000022212   0.0000003534
      53  -0.0001024482   0.0000951214   0.0000012704
      54   0.0000070322  -0.0000135600   0.0000422182
      55  -0.0000770795   0.0000960790  -0.0000003755
      56   0.0000088882  -0.0000363962  -0.0000006209
      57  -0.0000068229   0.0000169350  -0.0000092677
      58   0.0004839777  -0.0011489767  -0.0000002193
      59   0.0009457782   0.0008824912  -0.0000004788
      60  -0.0000067330   0.0000135704  -0.0040720511
      61  -0.0000497622   0.0003293183   0.0000007106
      62  -0.0005635976   0.0002494368  -0.0000003668
      63   0.0000060023  -0.0000123783   0.0006748724
      64  -0.0006105073  -0.0002735180   0.0000003059
      65   0.0000237172   0.0004819311   0.0000001512
      66  -0.0000100026   0.0000228528  -0.0006580787
      67  -0.0562156045   0.0000043026   0.0000008145
      68  -0.0000011804  -0.3474092785  -0.0000196695
      69   0.0000109829  -0.0000442862  -0.0320032720
      70  -0.0002307637  -0.0000018550   0.0000011972
      71  -0.0000001361   0.0000348349  -0.0000000953
      72   0.0000099772  -0.0000151001  -0.0000223523
      73  -0.0006116068   0.0002719489   0.0000002965
      74  -0.0000228713   0.0004780885   0.0000015309
      75  -0.0000098616   0.0000226834  -0.0006579519
      76   0.0000140787  -0.0000104413   0.0000003937
      77   0.0000516812   0.0000390208  -0.0000000812
      78  -0.0000011566   0.0000032640   0.0003238536
      79  -0.0004868289  -0.0006143117   0.0000002742
      80   0.0004462645   0.0002373425   0.0000003142
      81   0.0000004971  -0.0000011072   0.0002090698
      82   0.0000011160   0.0000003106  -0.0000001307
      83  -0.0000012084   0.0000038510  -0.0000002550
      84   0.0000011753  -0.0000029701   0.0000044424
      85   0.0000035622   0.0000009503  -0.0000003293
      86  -0.0000047992   0.0000096985   0.0000000375
      87  -0.0000012743   0.0000012583   0.0000069606
      88   0.0000035486  -0.0000015139   0.0000001461
      89   0.0000053930   0.0000075150   0.0000001873
      90  -0.0000011658   0.0000034485   0.0000074448
      91   0.0000010269   0.0000031485  -0.0000001164
      92   0.0000015309   0.0000033397  -0.0000002940
      93   0.0000012598  -0.0000019673   0.0000046465
      94  -0.0004865944   0.0006133481  -0.0000002400
      95  -0.0004464579   0.0002378850   0.0000004642
      96   0.0000016106  -0.0000026078   0.0002092108
      97   0.0000144907   0.0000125748  -0.0000004641
      98  -0.0000530129   0.0000403513   0.0000000858
      99  -0.0000013249  -0.0000012775   0.0003240684
     100  -0.0000600247  -0.0000316584   0.0000005716
     101  -0.0001155666  -0.0000612769   0.0000000842
     102   0.0000000515   0.0000001531  -0.0003756074
     103  -0.0000007814  -0.0000002724  -0.0000000587
     104  -0.0000010851  -0.0000007164  -0.0000006699
     105  -0.0000000201  -0.0000001393   0.0000885988
     106  -0.0000604963   0.0000313888  -0.0000007292
     107   0.0001158438  -0.0000623348  -0.0000000934
     108   0.0000000411  -0.0000000429  -0.0003756219
     109   0.0579651215   0.0000037802  -0.0000020975
     110   0.0000037802   0.3655125549   0.0000223836
     111  -0.0000020975   0.0000223836   0.0238088689
   Atom    1 Element Cu Has Mass   62.92980
   Atom    2 Element N  Has Mass   14.00310
   Atom    3 Element N  Has Mass   14.00310
   Atom    4 Element N  Has Mass   14.00310
   Atom    5 Element N  Has Mass   14.00310
   Atom    6 Element C  Has Mass   11.99670
   Atom    7 Element C  Has Mass   11.99670
   Atom    8 Element C  Has Mass   11.99670
   Atom    9 Element C  Has Mass   11.99670
   Atom   10 Element C  Has Mass   11.99670
   Atom   11 Element C  Has Mass   11.99670
   Atom   12 Element C  Has Mass   11.99670
   Atom   13 Element C  Has Mass   11.99670
   Atom   14 Element C  Has Mass   11.99670
   Atom   15 Element C  Has Mass   11.99670
   Atom   16 Element C  Has Mass   11.99670
   Atom   17 Element C  Has Mass   11.99670
   Atom   18 Element C  Has Mass   11.99670
   Atom   19 Element C  Has Mass   11.99670
   Atom   20 Element C  Has Mass   11.99670
   Atom   21 Element C  Has Mass   11.99670
   Atom   22 Element C  Has Mass   11.99670
   Atom   23 Element C  Has Mass   11.99670
   Atom   24 Element C  Has Mass   11.99670
   Atom   25 Element C  Has Mass   11.99670
   Atom   26 Element H  Has Mass    1.00730
   Atom   27 Element H  Has Mass    1.00730
   Atom   28 Element H  Has Mass    1.00730
   Atom   29 Element H  Has Mass    1.00730
   Atom   30 Element H  Has Mass    1.00730
   Atom   31 Element H  Has Mass    1.00730
   Atom   32 Element H  Has Mass    1.00730
   Atom   33 Element H  Has Mass    1.00730
   Atom   34 Element H  Has Mass    1.00730
   Atom   35 Element H  Has Mass    1.00730
   Atom   36 Element H  Has Mass    1.00730
   Atom   37 Element H  Has Mass    1.00730
