  * using 16 threads per process

  ===============================================================
    BAGEL - Freshly leavened quantum chemistry                   
  ===============================================================

  *** Geometry ***

  { "atom" : "C", "xyz" : [      0.000000,      0.000000,     -0.989890 ] },
  { "atom" : "O", "xyz" : [      0.000000,      0.000000,      1.259002 ] },
  { "atom" : "H", "xyz" : [     -1.850368,      0.000000,     -2.066337 ] },
  { "atom" : "H", "xyz" : [      1.850368,      0.000000,     -2.066337 ] },

  Number of auxiliary basis functions:      218

  Since a DF basis is specified, we compute 2- and 3-index integrals:
    o Being stored without compression. Storage requirement is 0.033 GB
       - 3-index ints prep                         0.00
       - 3-index ints                              0.02
       - 2-index ints                              0.00
       - computing inverse                         0.01
        elapsed time:        0.03 sec.


  Number of basis functions:      138
  Number of electrons      :       16


    * METHOD: MOLECULE                             0.05

       - Overlap matrix                            0.00
       - Hcore matrix                              0.00
       - Overlap orthog                            0.00

  *** Open-shell HF ***

  === Nuclear Repulsion ===
  
    31.4241631051

      * DIIS with orbital gradients will be used.

  === ROHF iteration (/apps/users/wzk/bagel/share/aug-cc-pvtz.json) ===
  
      0       -113.22042440          0.05649920           0.01
      1       -113.24170920          0.06227756           0.02
      2       -113.28306090          0.05384879           0.02
      3       -113.53623632          0.00589406           0.02
      4       -113.54811358          0.00346586           0.02
      5       -113.55528401          0.00136154           0.02
      6       -113.55679516          0.00047208           0.02
      7       -113.55755629          0.00012581           0.02
      8       -113.55740382          0.00005490           0.02
      9       -113.55744858          0.00000658           0.02
     10       -113.55744219          0.00000171           0.02
     11       -113.55744296          0.00000037           0.02
     12       -113.55744343          0.00000015           0.02
     13       -113.55744342          0.00000003           0.02
     14       -113.55744337          0.00000001           0.02
     15       -113.55744338          0.00000001           0.02
  
    * SCF iteration converged.

    * S^2 (ROHF) is 0.7500

    * Permanent dipole moment:
           (   -0.000000,    -0.000000,     1.213324) a.u.


    * METHOD: ROHF                                 0.45


    * METHOD: PRINT                                0.03

  ---------------------------
      CASSCF calculation     
  ---------------------------

 
    ==== Active orbitals : ===== 
         Orbital 3
         Orbital 4
         Orbital 5
         Orbital 6
         Orbital 7
         Orbital 8
         Orbital 9
         Orbital 12
         Orbital 14
         Orbital 18
    ============================ 

    * nstate   :     10
    * nclosed  :      2
    * nact     :     10
    * nvirt    :    126
  === CASSCF iteration (/apps/users/wzk/bagel/share/aug-cc-pvtz.json) ===

    * Using the second-order algorithm

      0  0      -113.56699550     2.95e-02     37.41
      0  1      -113.44373144     0.00e+00     37.41
      0  2      -113.32516467     0.00e+00     37.41
      0  3      -113.18791995     0.00e+00     37.41
      0  4      -112.86189144     0.00e+00     37.41
      0  5      -112.66058730     0.00e+00     37.41
      0  6      -112.56986246     0.00e+00     37.41
      0  7      -112.54967405     0.00e+00     37.41
      0  8      -112.51828339     0.00e+00     37.41
      0  9      -112.49865929     0.00e+00     37.41

         res : 8.63e-01   lamb: 1.00e+00   eps : -2.33e-01   step: 8.46e-01    0.01
         res : 6.87e-01   lamb: 1.00e+00   eps : -3.77e-01   step: 7.61e-01    0.01
         res : 4.04e-01   lamb: 1.00e+00   eps : -4.51e-01   step: 9.43e-01    0.01
         res : 2.17e-01   lamb: 1.12e+00   eps : -4.90e-01   step: 9.94e-01    0.01
         res : 1.53e-01   lamb: 1.14e+00   eps : -4.99e-01   step: 1.00e+00    0.01
         res : 1.13e-01   lamb: 1.14e+00   eps : -5.04e-01   step: 1.00e+00    0.01
         res : 6.04e-02   lamb: 1.14e+00   eps : -5.06e-01   step: 1.00e+00    0.01
         res : 3.63e-02   lamb: 1.15e+00   eps : -5.06e-01   step: 1.00e+00    0.01
         res : 2.21e-02   lamb: 1.15e+00   eps : -5.07e-01   step: 1.00e+00    0.01
         res : 1.82e-02   lamb: 1.15e+00   eps : -5.07e-01   step: 1.00e+00    0.01
         res : 1.93e-02   lamb: 1.15e+00   eps : -5.07e-01   step: 1.00e+00    0.01
         res : 1.23e-02   lamb: 1.15e+00   eps : -5.07e-01   step: 1.00e+00    0.01
         res : 7.63e-03   lamb: 1.15e+00   eps : -5.07e-01   step: 1.00e+00    0.01
         res : 4.84e-03   lamb: 1.15e+00   eps : -5.07e-01   step: 1.00e+00    0.01
         res : 4.90e-03   lamb: 1.15e+00   eps : -5.07e-01   step: 1.00e+00    0.01
         res : 2.01e-03   lamb: 1.15e+00   eps : -5.07e-01   step: 1.00e+00    0.01
         res : 1.88e-03   lamb: 1.14e+00   eps : -5.07e-01   step: 1.00e+00    0.01
         res : 2.05e-03   lamb: 1.14e+00   eps : -5.07e-01   step: 1.00e+00    0.01
         res : 2.48e-03   lamb: 1.14e+00   eps : -5.07e-01   step: 1.01e+00    0.01
         res : 2.66e-03   lamb: 1.15e+00   eps : -5.07e-01   step: 9.99e-01    0.01
         res : 5.86e-03   lamb: 1.16e+00   eps : -5.07e-01   step: 9.81e-01    0.01
         res : 2.69e-02   lamb: 1.19e+00   eps : -5.05e-01   step: 9.07e-01    0.01
         res : 1.34e-02   lamb: 1.23e+00   eps : -5.04e-01   step: 8.33e-01    0.01
         res : 1.30e-02   lamb: 1.25e+00   eps : -5.04e-01   step: 7.91e-01    0.01
         res : 1.10e-02   lamb: 1.26e+00   eps : -5.04e-01   step: 7.78e-01    0.01
         res : 5.34e-03   lamb: 1.26e+00   eps : -5.05e-01   step: 7.74e-01    0.01
         res : 4.25e-03   lamb: 1.26e+00   eps : -5.05e-01   step: 7.71e-01    0.01
         res : 3.90e-03   lamb: 1.26e+00   eps : -5.05e-01   step: 7.70e-01    0.01
         res : 1.32e-03   lamb: 1.27e+00   eps : -5.05e-01   step: 7.67e-01    0.01
         res : 1.46e-03   lamb: 1.27e+00   eps : -5.05e-01   step: 7.66e-01    0.01
         res : 9.49e-04   lamb: 1.27e+00   eps : -5.05e-01   step: 7.65e-01    0.01
         res : 5.03e-04   lamb: 1.27e+00   eps : -5.05e-01   step: 7.64e-01    0.01
         res : 4.04e-04   lamb: 1.27e+00   eps : -5.05e-01   step: 7.64e-01    0.01
         res : 2.81e-04   lamb: 1.27e+00   eps : -5.05e-01   step: 7.64e-01    0.01
         res : 1.23e-04   lamb: 1.27e+00   eps : -5.05e-01   step: 7.64e-01    0.01
         res : 1.04e-04   lamb: 1.27e+00   eps : -5.05e-01   step: 7.64e-01    0.01
         res : 5.93e-05   lamb: 1.27e+00   eps : -5.05e-01   step: 7.64e-01    0.01

      1  0      -113.58532013     8.58e-03      6.99
      1  1      -113.45890114     0.00e+00      6.99
      1  2      -113.36013311     0.00e+00      6.99
      1  3      -113.31141507     0.00e+00      6.99
      1  4      -113.29949953     0.00e+00      6.99
      1  5      -113.20809199     0.00e+00      6.99
      1  6      -113.14795316     0.00e+00      6.99
      1  7      -113.07874256     0.00e+00      6.99
      1  8      -113.06945883     0.00e+00      6.99
      1  9      -113.06162744     0.00e+00      6.99

         res : 2.43e-01   lamb: 1.00e+00   eps : -3.17e-02   step: 8.52e-01    0.01
         res : 4.28e-01   lamb: 1.00e+00   eps : -6.94e-02   step: 5.07e-01    0.01
         res : 1.69e-01   lamb: 1.00e+00   eps : -8.29e-02   step: 4.86e-01    0.01
         res : 1.19e-01   lamb: 1.00e+00   eps : -9.82e-02   step: 4.85e-01    0.01
         res : 9.58e-02   lamb: 1.00e+00   eps : -1.02e-01   step: 4.81e-01    0.01
         res : 8.70e-02   lamb: 1.00e+00   eps : -1.03e-01   step: 4.84e-01    0.01
         res : 4.31e-02   lamb: 1.00e+00   eps : -1.03e-01   step: 4.93e-01    0.01
         res : 3.56e-02   lamb: 1.00e+00   eps : -1.03e-01   step: 4.98e-01    0.01
         res : 3.00e-02   lamb: 1.00e+00   eps : -1.04e-01   step: 4.98e-01    0.01
         res : 1.94e-02   lamb: 1.00e+00   eps : -1.04e-01   step: 4.98e-01    0.01
         res : 1.09e-02   lamb: 1.00e+00   eps : -1.04e-01   step: 4.98e-01    0.01
         res : 9.97e-03   lamb: 1.00e+00   eps : -1.04e-01   step: 4.98e-01    0.01
         res : 7.29e-03   lamb: 1.00e+00   eps : -1.04e-01   step: 4.98e-01    0.01
         res : 3.87e-03   lamb: 1.00e+00   eps : -1.04e-01   step: 4.98e-01    0.01
         res : 4.29e-03   lamb: 1.00e+00   eps : -1.04e-01   step: 4.98e-01    0.01
         res : 2.60e-03   lamb: 1.00e+00   eps : -1.04e-01   step: 4.98e-01    0.01
         res : 1.61e-03   lamb: 1.00e+00   eps : -1.04e-01   step: 4.98e-01    0.01
         res : 1.36e-03   lamb: 1.00e+00   eps : -1.04e-01   step: 4.98e-01    0.01
         res : 6.86e-04   lamb: 1.00e+00   eps : -1.04e-01   step: 4.98e-01    0.01
         res : 4.66e-04   lamb: 1.00e+00   eps : -1.04e-01   step: 4.98e-01    0.01
         res : 3.70e-04   lamb: 1.00e+00   eps : -1.04e-01   step: 4.98e-01    0.01
         res : 2.03e-04   lamb: 1.00e+00   eps : -1.04e-01   step: 4.98e-01    0.01
         res : 1.98e-04   lamb: 1.00e+00   eps : -1.04e-01   step: 4.98e-01    0.01
         res : 9.86e-05   lamb: 1.00e+00   eps : -1.04e-01   step: 4.98e-01    0.01
         res : 5.91e-05   lamb: 1.00e+00   eps : -1.04e-01   step: 4.98e-01    0.01
         res : 5.39e-05   lamb: 1.00e+00   eps : -1.04e-01   step: 4.98e-01    0.01
         res : 2.92e-05   lamb: 1.00e+00   eps : -1.04e-01   step: 4.98e-01    0.01

      2  0      -113.60275474     2.95e-03      7.20
      2  1      -113.46229634     0.00e+00      7.20
      2  2      -113.39781935     0.00e+00      7.20
      2  3      -113.38152831     0.00e+00      7.20
      2  4      -113.35706778     0.00e+00      7.20
      2  5      -113.29462360     0.00e+00      7.20
      2  6      -113.22435288     0.00e+00      7.20
      2  7      -113.19642660     0.00e+00      7.20
      2  8      -113.17955723     0.00e+00      7.20
      2  9      -113.13000892     0.00e+00      7.20

         res : 7.27e-02   lamb: 1.00e+00   eps : -1.82e-02   step: 8.96e-01    0.01
         res : 6.32e-02   lamb: 1.00e+00   eps : -2.29e-02   step: 7.74e-01    0.01
         res : 3.95e-02   lamb: 1.00e+00   eps : -2.32e-02   step: 7.66e-01    0.01
         res : 2.29e-02   lamb: 1.00e+00   eps : -2.34e-02   step: 7.53e-01    0.01
         res : 1.86e-02   lamb: 1.00e+00   eps : -2.35e-02   step: 7.47e-01    0.01
         res : 1.04e-02   lamb: 1.00e+00   eps : -2.35e-02   step: 7.43e-01    0.01
         res : 7.13e-03   lamb: 1.00e+00   eps : -2.35e-02   step: 7.44e-01    0.01
         res : 4.90e-03   lamb: 1.00e+00   eps : -2.35e-02   step: 7.45e-01    0.01
         res : 3.98e-03   lamb: 1.00e+00   eps : -2.35e-02   step: 7.46e-01    0.01
         res : 2.39e-03   lamb: 1.00e+00   eps : -2.35e-02   step: 7.46e-01    0.01
         res : 2.12e-03   lamb: 1.00e+00   eps : -2.35e-02   step: 7.46e-01    0.01
         res : 1.19e-03   lamb: 1.00e+00   eps : -2.35e-02   step: 7.45e-01    0.01
         res : 8.18e-04   lamb: 1.00e+00   eps : -2.35e-02   step: 7.45e-01    0.01
         res : 6.58e-04   lamb: 1.00e+00   eps : -2.35e-02   step: 7.45e-01    0.01
         res : 3.72e-04   lamb: 1.00e+00   eps : -2.35e-02   step: 7.45e-01    0.01
         res : 3.08e-04   lamb: 1.00e+00   eps : -2.35e-02   step: 7.45e-01    0.01
         res : 2.16e-04   lamb: 1.00e+00   eps : -2.35e-02   step: 7.45e-01    0.01
         res : 1.57e-04   lamb: 1.00e+00   eps : -2.35e-02   step: 7.45e-01    0.01
         res : 1.11e-04   lamb: 1.00e+00   eps : -2.35e-02   step: 7.45e-01    0.01
         res : 7.41e-05   lamb: 1.00e+00   eps : -2.35e-02   step: 7.45e-01    0.01

      3  0      -113.63074265     1.70e-03      7.36
      3  1      -113.48761237     0.00e+00      7.36
      3  2      -113.42714385     0.00e+00      7.36
      3  3      -113.40701272     0.00e+00      7.36
      3  4      -113.38882487     0.00e+00      7.36
      3  5      -113.32207255     0.00e+00      7.36
      3  6      -113.24884046     0.00e+00      7.36
      3  7      -113.23017415     0.00e+00      7.36
      3  8      -113.20898935     0.00e+00      7.36
      3  9      -113.17094812     0.00e+00      7.36

         res : 4.09e-02   lamb: 1.00e+00   eps : -1.61e-02   step: 7.63e-01    0.01
         res : 6.44e-02   lamb: 1.00e+00   eps : -2.14e-02   step: 6.44e-01    0.01
         res : 3.66e-02   lamb: 1.00e+00   eps : -2.21e-02   step: 6.26e-01    0.01
         res : 2.36e-02   lamb: 1.00e+00   eps : -2.23e-02   step: 6.17e-01    0.01
         res : 1.14e-02   lamb: 1.00e+00   eps : -2.24e-02   step: 6.17e-01    0.01
         res : 1.23e-02   lamb: 1.00e+00   eps : -2.24e-02   step: 6.19e-01    0.01
         res : 6.21e-03   lamb: 1.00e+00   eps : -2.24e-02   step: 6.20e-01    0.01
         res : 5.35e-03   lamb: 1.00e+00   eps : -2.24e-02   step: 6.19e-01    0.01
         res : 3.74e-03   lamb: 1.00e+00   eps : -2.24e-02   step: 6.19e-01    0.01
         res : 2.92e-03   lamb: 1.00e+00   eps : -2.24e-02   step: 6.19e-01    0.01
         res : 2.37e-03   lamb: 1.00e+00   eps : -2.24e-02   step: 6.19e-01    0.01
         res : 1.41e-03   lamb: 1.00e+00   eps : -2.24e-02   step: 6.19e-01    0.01
         res : 1.19e-03   lamb: 1.00e+00   eps : -2.24e-02   step: 6.19e-01    0.01
         res : 8.20e-04   lamb: 1.00e+00   eps : -2.24e-02   step: 6.19e-01    0.01
         res : 5.60e-04   lamb: 1.00e+00   eps : -2.24e-02   step: 6.19e-01    0.01
         res : 3.14e-04   lamb: 1.00e+00   eps : -2.24e-02   step: 6.19e-01    0.01
         res : 2.29e-04   lamb: 1.00e+00   eps : -2.24e-02   step: 6.19e-01    0.01
         res : 1.82e-04   lamb: 1.00e+00   eps : -2.24e-02   step: 6.19e-01    0.01
         res : 1.04e-04   lamb: 1.00e+00   eps : -2.24e-02   step: 6.19e-01    0.01
         res : 8.99e-05   lamb: 1.00e+00   eps : -2.24e-02   step: 6.19e-01    0.01
         res : 6.85e-05   lamb: 1.00e+00   eps : -2.24e-02   step: 6.19e-01    0.01
         res : 4.15e-05   lamb: 1.00e+00   eps : -2.24e-02   step: 6.19e-01    0.01

      4  0      -113.64929119     7.68e-04      7.72
      4  1      -113.50539477     0.00e+00      7.72
      4  2      -113.44212522     0.00e+00      7.72
      4  3      -113.42328404     0.00e+00      7.72
      4  4      -113.40980913     0.00e+00      7.72
      4  5      -113.33910815     0.00e+00      7.72
      4  6      -113.26186889     0.00e+00      7.72
      4  7      -113.24938787     0.00e+00      7.72
      4  8      -113.22297656     0.00e+00      7.72
      4  9      -113.19454690     0.00e+00      7.72

         res : 2.12e-02   lamb: 1.00e+00   eps : -8.56e-03   step: 6.14e-01    0.01
         res : 2.01e-02   lamb: 1.00e+00   eps : -9.11e-03   step: 6.48e-01    0.01
         res : 1.65e-02   lamb: 1.00e+00   eps : -9.20e-03   step: 6.51e-01    0.01
         res : 8.15e-03   lamb: 1.00e+00   eps : -9.23e-03   step: 6.50e-01    0.01
         res : 6.18e-03   lamb: 1.00e+00   eps : -9.24e-03   step: 6.48e-01    0.01
         res : 3.78e-03   lamb: 1.00e+00   eps : -9.25e-03   step: 6.47e-01    0.01
         res : 3.05e-03   lamb: 1.00e+00   eps : -9.25e-03   step: 6.47e-01    0.01
         res : 1.86e-03   lamb: 1.00e+00   eps : -9.25e-03   step: 6.47e-01    0.01
         res : 1.41e-03   lamb: 1.00e+00   eps : -9.25e-03   step: 6.47e-01    0.01
         res : 1.14e-03   lamb: 1.00e+00   eps : -9.25e-03   step: 6.47e-01    0.01
         res : 7.84e-04   lamb: 1.00e+00   eps : -9.25e-03   step: 6.47e-01    0.01
         res : 5.47e-04   lamb: 1.00e+00   eps : -9.25e-03   step: 6.47e-01    0.01
         res : 4.09e-04   lamb: 1.00e+00   eps : -9.25e-03   step: 6.47e-01    0.01
         res : 3.28e-04   lamb: 1.00e+00   eps : -9.25e-03   step: 6.47e-01    0.01
         res : 2.01e-04   lamb: 1.00e+00   eps : -9.25e-03   step: 6.47e-01    0.01
         res : 1.24e-04   lamb: 1.00e+00   eps : -9.25e-03   step: 6.47e-01    0.01
         res : 9.36e-05   lamb: 1.00e+00   eps : -9.25e-03   step: 6.47e-01    0.01
         res : 6.90e-05   lamb: 1.00e+00   eps : -9.25e-03   step: 6.47e-01    0.01
         res : 4.49e-05   lamb: 1.00e+00   eps : -9.25e-03   step: 6.47e-01    0.01

      5  0      -113.65746197     5.34e-04      7.58
      5  1      -113.51387666     0.00e+00      7.58
      5  2      -113.44939598     0.00e+00      7.58
      5  3      -113.43120489     0.00e+00      7.58
      5  4      -113.41917929     0.00e+00      7.58
      5  5      -113.34741516     0.00e+00      7.58
      5  6      -113.26855619     0.00e+00      7.58
      5  7      -113.25907042     0.00e+00      7.58
      5  8      -113.22974842     0.00e+00      7.58
      5  9      -113.20248910     0.00e+00      7.58

         res : 2.15e-02   lamb: 1.00e+00   eps : -3.40e-03   step: 3.48e-01    0.01
         res : 2.09e-02   lamb: 1.00e+00   eps : -3.81e-03   step: 3.80e-01    0.01
         res : 1.49e-02   lamb: 1.00e+00   eps : -3.89e-03   step: 3.86e-01    0.01
         res : 1.23e-02   lamb: 1.00e+00   eps : -3.92e-03   step: 3.88e-01    0.01
         res : 5.76e-03   lamb: 1.00e+00   eps : -3.93e-03   step: 3.89e-01    0.01
         res : 4.64e-03   lamb: 1.00e+00   eps : -3.93e-03   step: 3.90e-01    0.01
         res : 2.90e-03   lamb: 1.00e+00   eps : -3.94e-03   step: 3.90e-01    0.01
         res : 2.40e-03   lamb: 1.00e+00   eps : -3.94e-03   step: 3.90e-01    0.01
         res : 1.79e-03   lamb: 1.00e+00   eps : -3.94e-03   step: 3.90e-01    0.01
         res : 9.99e-04   lamb: 1.00e+00   eps : -3.94e-03   step: 3.90e-01    0.01
         res : 9.53e-04   lamb: 1.00e+00   eps : -3.94e-03   step: 3.90e-01    0.01
         res : 6.72e-04   lamb: 1.00e+00   eps : -3.94e-03   step: 3.90e-01    0.01
         res : 3.86e-04   lamb: 1.00e+00   eps : -3.94e-03   step: 3.90e-01    0.01
         res : 2.78e-04   lamb: 1.00e+00   eps : -3.94e-03   step: 3.90e-01    0.01
         res : 2.24e-04   lamb: 1.00e+00   eps : -3.94e-03   step: 3.90e-01    0.01
         res : 1.39e-04   lamb: 1.00e+00   eps : -3.94e-03   step: 3.90e-01    0.01
         res : 1.01e-04   lamb: 1.00e+00   eps : -3.94e-03   step: 3.90e-01    0.01
         res : 8.28e-05   lamb: 1.00e+00   eps : -3.94e-03   step: 3.90e-01    0.01
         res : 5.09e-05   lamb: 1.00e+00   eps : -3.94e-03   step: 3.90e-01    0.01
         res : 3.25e-05   lamb: 1.00e+00   eps : -3.94e-03   step: 3.90e-01    0.01

      6  0      -113.66164463     5.74e-04      9.18
      6  1      -113.51864610     0.00e+00      9.18
      6  2      -113.45245970     0.00e+00      9.18
      6  3      -113.43598441     0.00e+00      9.18
      6  4      -113.42470010     0.00e+00      9.18
      6  5      -113.35178768     0.00e+00      9.18
      6  6      -113.27122380     0.00e+00      9.18
      6  7      -113.26481490     0.00e+00      9.18
      6  8      -113.23172771     0.00e+00      9.18
      6  9      -113.20654030     0.00e+00      9.18

         res : 2.30e-02   lamb: 1.00e+00   eps : -2.93e-03   step: 2.97e-01    0.01
         res : 3.29e-02   lamb: 1.00e+00   eps : -3.43e-03   step: 3.18e-01    0.01
         res : 1.57e-02   lamb: 1.00e+00   eps : -3.53e-03   step: 3.20e-01    0.01
         res : 9.25e-03   lamb: 1.00e+00   eps : -3.57e-03   step: 3.20e-01    0.01
         res : 6.92e-03   lamb: 1.00e+00   eps : -3.58e-03   step: 3.20e-01    0.01
         res : 6.01e-03   lamb: 1.00e+00   eps : -3.59e-03   step: 3.21e-01    0.01
         res : 3.48e-03   lamb: 1.00e+00   eps : -3.59e-03   step: 3.22e-01    0.01
         res : 2.40e-03   lamb: 1.00e+00   eps : -3.60e-03   step: 3.23e-01    0.01
         res : 1.84e-03   lamb: 1.00e+00   eps : -3.60e-03   step: 3.23e-01    0.01
         res : 1.30e-03   lamb: 1.00e+00   eps : -3.60e-03   step: 3.22e-01    0.01
         res : 9.00e-04   lamb: 1.00e+00   eps : -3.60e-03   step: 3.22e-01    0.01
         res : 5.90e-04   lamb: 1.00e+00   eps : -3.60e-03   step: 3.22e-01    0.01
         res : 4.51e-04   lamb: 1.00e+00   eps : -3.60e-03   step: 3.22e-01    0.01
         res : 2.80e-04   lamb: 1.00e+00   eps : -3.60e-03   step: 3.22e-01    0.01
         res : 2.03e-04   lamb: 1.00e+00   eps : -3.60e-03   step: 3.22e-01    0.01
         res : 1.33e-04   lamb: 1.00e+00   eps : -3.60e-03   step: 3.22e-01    0.01
         res : 9.51e-05   lamb: 1.00e+00   eps : -3.60e-03   step: 3.22e-01    0.01
         res : 6.99e-05   lamb: 1.00e+00   eps : -3.60e-03   step: 3.22e-01    0.01
         res : 4.65e-05   lamb: 1.00e+00   eps : -3.60e-03   step: 3.22e-01    0.01
         res : 3.02e-05   lamb: 1.00e+00   eps : -3.60e-03   step: 3.22e-01    0.01

      7  0      -113.66502907     4.86e-04      7.73
      7  1      -113.52217263     0.00e+00      7.73
      7  2      -113.45484226     0.00e+00      7.73
      7  3      -113.44033152     0.00e+00      7.73
      7  4      -113.42880957     0.00e+00      7.73
      7  5      -113.35501100     0.00e+00      7.73
      7  6      -113.27399356     0.00e+00      7.73
      7  7      -113.26898406     0.00e+00      7.73
      7  8      -113.23397176     0.00e+00      7.73
      7  9      -113.20971711     0.00e+00      7.73

         res : 2.05e-02   lamb: 1.00e+00   eps : -1.36e-03   step: 2.52e-01    0.01
         res : 3.08e-02   lamb: 1.00e+00   eps : -1.57e-03   step: 2.72e-01    0.01
         res : 7.99e-03   lamb: 1.00e+00   eps : -1.63e-03   step: 2.61e-01    0.01
         res : 8.59e-03   lamb: 1.00e+00   eps : -1.65e-03   step: 2.36e-01    0.01
         res : 4.78e-03   lamb: 1.00e+00   eps : -1.66e-03   step: 2.24e-01    0.01
         res : 3.68e-03   lamb: 1.00e+00   eps : -1.66e-03   step: 2.24e-01    0.01
         res : 2.39e-03   lamb: 1.00e+00   eps : -1.66e-03   step: 2.27e-01    0.01
         res : 1.89e-03   lamb: 1.00e+00   eps : -1.66e-03   step: 2.31e-01    0.01
         res : 1.23e-03   lamb: 1.00e+00   eps : -1.66e-03   step: 2.32e-01    0.01
         res : 8.01e-04   lamb: 1.00e+00   eps : -1.66e-03   step: 2.31e-01    0.01
         res : 5.96e-04   lamb: 1.00e+00   eps : -1.66e-03   step: 2.30e-01    0.01
         res : 3.75e-04   lamb: 1.00e+00   eps : -1.66e-03   step: 2.30e-01    0.01
         res : 2.99e-04   lamb: 1.00e+00   eps : -1.66e-03   step: 2.30e-01    0.01
         res : 1.74e-04   lamb: 1.00e+00   eps : -1.66e-03   step: 2.30e-01    0.01
         res : 1.18e-04   lamb: 1.00e+00   eps : -1.66e-03   step: 2.30e-01    0.01
         res : 8.82e-05   lamb: 1.00e+00   eps : -1.66e-03   step: 2.30e-01    0.01
         res : 6.21e-05   lamb: 1.00e+00   eps : -1.66e-03   step: 2.30e-01    0.01
         res : 4.22e-05   lamb: 1.00e+00   eps : -1.66e-03   step: 2.30e-01    0.01
         res : 2.68e-05   lamb: 1.00e+00   eps : -1.66e-03   step: 2.30e-01    0.01
         res : 2.05e-05   lamb: 1.00e+00   eps : -1.66e-03   step: 2.30e-01    0.01

      8  0      -113.66611310     3.21e-04      7.82
      8  1      -113.52310523     0.00e+00      7.82
      8  2      -113.45591903     0.00e+00      7.82
      8  3      -113.44238328     0.00e+00      7.82
      8  4      -113.43000289     0.00e+00      7.82
      8  5      -113.35590649     0.00e+00      7.82
      8  6      -113.27552983     0.00e+00      7.82
      8  7      -113.27084369     0.00e+00      7.82
      8  8      -113.23565070     0.00e+00      7.82
      8  9      -113.21076574     0.00e+00      7.82

         res : 1.59e-02   lamb: 1.00e+00   eps : -6.05e-04   step: 3.92e-01    0.01
         res : 1.51e-02   lamb: 1.00e+00   eps : -6.82e-04   step: 5.27e-01    0.01
         res : 4.83e-03   lamb: 1.00e+00   eps : -6.99e-04   step: 5.59e-01    0.01
         res : 4.13e-03   lamb: 1.00e+00   eps : -7.05e-04   step: 5.46e-01    0.01
         res : 3.66e-03   lamb: 1.00e+00   eps : -7.08e-04   step: 5.18e-01    0.01
         res : 1.97e-03   lamb: 1.00e+00   eps : -7.09e-04   step: 5.10e-01    0.01
         res : 1.33e-03   lamb: 1.00e+00   eps : -7.10e-04   step: 5.07e-01    0.01
         res : 1.28e-03   lamb: 1.00e+00   eps : -7.10e-04   step: 5.10e-01    0.01
         res : 7.48e-04   lamb: 1.00e+00   eps : -7.10e-04   step: 5.13e-01    0.01
         res : 4.40e-04   lamb: 1.00e+00   eps : -7.10e-04   step: 5.14e-01    0.01
         res : 3.40e-04   lamb: 1.00e+00   eps : -7.10e-04   step: 5.14e-01    0.01
         res : 2.38e-04   lamb: 1.00e+00   eps : -7.10e-04   step: 5.13e-01    0.01
         res : 1.71e-04   lamb: 1.00e+00   eps : -7.10e-04   step: 5.13e-01    0.01
         res : 1.02e-04   lamb: 1.00e+00   eps : -7.10e-04   step: 5.13e-01    0.01
         res : 7.11e-05   lamb: 1.00e+00   eps : -7.10e-04   step: 5.13e-01    0.01
         res : 4.76e-05   lamb: 1.00e+00   eps : -7.10e-04   step: 5.13e-01    0.01

      9  0      -113.66646971     2.17e-04      7.82
      9  1      -113.52320047     0.00e+00      7.82
      9  2      -113.45667734     0.00e+00      7.82
      9  3      -113.44359733     0.00e+00      7.82
      9  4      -113.43023371     0.00e+00      7.82
      9  5      -113.35615440     0.00e+00      7.82
      9  6      -113.27647694     0.00e+00      7.82
      9  7      -113.27218009     0.00e+00      7.82
      9  8      -113.23699737     0.00e+00      7.82
      9  9      -113.21126864     0.00e+00      7.82

         res : 1.31e-02   lamb: 1.00e+00   eps : -5.59e-04   step: 5.46e-01    0.01
         res : 1.03e-02   lamb: 1.00e+00   eps : -5.90e-04   step: 6.06e-01    0.01
         res : 3.35e-03   lamb: 1.00e+00   eps : -5.98e-04   step: 6.26e-01    0.01
         res : 3.12e-03   lamb: 1.00e+00   eps : -6.00e-04   step: 6.25e-01    0.01
         res : 2.49e-03   lamb: 1.00e+00   eps : -6.02e-04   step: 6.18e-01    0.01
         res : 1.34e-03   lamb: 1.00e+00   eps : -6.02e-04   step: 6.13e-01    0.01
         res : 8.35e-04   lamb: 1.00e+00   eps : -6.02e-04   step: 6.10e-01    0.01
         res : 8.24e-04   lamb: 1.00e+00   eps : -6.03e-04   step: 6.10e-01    0.01
         res : 5.24e-04   lamb: 1.00e+00   eps : -6.03e-04   step: 6.11e-01    0.01
         res : 2.89e-04   lamb: 1.00e+00   eps : -6.03e-04   step: 6.12e-01    0.01
         res : 2.16e-04   lamb: 1.00e+00   eps : -6.03e-04   step: 6.12e-01    0.01
         res : 1.63e-04   lamb: 1.00e+00   eps : -6.03e-04   step: 6.12e-01    0.01
         res : 1.33e-04   lamb: 1.00e+00   eps : -6.03e-04   step: 6.12e-01    0.01
         res : 6.81e-05   lamb: 1.00e+00   eps : -6.03e-04   step: 6.12e-01    0.01
         res : 4.18e-05   lamb: 1.00e+00   eps : -6.03e-04   step: 6.12e-01    0.01

     10  0      -113.66666898     2.36e-04      7.93
     10  1      -113.52313653     0.00e+00      7.93
     10  2      -113.45743996     0.00e+00      7.93
     10  3      -113.44453571     0.00e+00      7.93
     10  4      -113.43024110     0.00e+00      7.93
     10  5      -113.35629509     0.00e+00      7.93
     10  6      -113.27724132     0.00e+00      7.93
     10  7      -113.27342385     0.00e+00      7.93
     10  8      -113.23817210     0.00e+00      7.93
     10  9      -113.21161745     0.00e+00      7.93

         res : 1.02e-02   lamb: 1.00e+00   eps : -4.58e-04   step: 5.04e-01    0.01
         res : 8.48e-03   lamb: 1.00e+00   eps : -4.78e-04   step: 5.44e-01    0.01
         res : 2.84e-03   lamb: 1.00e+00   eps : -4.84e-04   step: 5.59e-01    0.01
         res : 2.24e-03   lamb: 1.00e+00   eps : -4.85e-04   step: 5.60e-01    0.01
         res : 1.88e-03   lamb: 1.00e+00   eps : -4.86e-04   step: 5.58e-01    0.01
         res : 1.22e-03   lamb: 1.00e+00   eps : -4.86e-04   step: 5.56e-01    0.01
         res : 7.05e-04   lamb: 1.00e+00   eps : -4.87e-04   step: 5.54e-01    0.01
         res : 6.40e-04   lamb: 1.00e+00   eps : -4.87e-04   step: 5.54e-01    0.01
         res : 4.25e-04   lamb: 1.00e+00   eps : -4.87e-04   step: 5.54e-01    0.01
         res : 2.79e-04   lamb: 1.00e+00   eps : -4.87e-04   step: 5.55e-01    0.01
         res : 2.04e-04   lamb: 1.00e+00   eps : -4.87e-04   step: 5.55e-01    0.01
         res : 1.58e-04   lamb: 1.00e+00   eps : -4.87e-04   step: 5.55e-01    0.01
         res : 1.31e-04   lamb: 1.00e+00   eps : -4.87e-04   step: 5.55e-01    0.01
         res : 8.37e-05   lamb: 1.00e+00   eps : -4.87e-04   step: 5.55e-01    0.01
         res : 6.64e-05   lamb: 1.00e+00   eps : -4.87e-04   step: 5.55e-01    0.01
         res : 5.36e-05   lamb: 1.00e+00   eps : -4.87e-04   step: 5.55e-01    0.01

     11  0      -113.66732966     4.23e-04      7.75
     11  1      -113.52342119     0.00e+00      7.75
     11  2      -113.45900153     0.00e+00      7.75
     11  3      -113.44606636     0.00e+00      7.75
     11  4      -113.43068206     0.00e+00      7.75
     11  5      -113.35684484     0.00e+00      7.75
     11  6      -113.27840296     0.00e+00      7.75
     11  7      -113.27564994     0.00e+00      7.75
     11  8      -113.24018272     0.00e+00      7.75
     11  9      -113.21277341     0.00e+00      7.75

         res : 8.70e-03   lamb: 1.00e+00   eps : -1.97e-03   step: 4.05e-01    0.01
         res : 8.47e-03   lamb: 1.00e+00   eps : -2.00e-03   step: 4.07e-01    0.01
         res : 4.93e-03   lamb: 1.00e+00   eps : -2.01e-03   step: 4.07e-01    0.01
         res : 3.00e-03   lamb: 1.00e+00   eps : -2.01e-03   step: 4.06e-01    0.01
         res : 2.62e-03   lamb: 1.00e+00   eps : -2.01e-03   step: 4.06e-01    0.01
         res : 2.14e-03   lamb: 1.00e+00   eps : -2.01e-03   step: 4.06e-01    0.01
         res : 1.21e-03   lamb: 1.00e+00   eps : -2.01e-03   step: 4.06e-01    0.01
         res : 8.11e-04   lamb: 1.00e+00   eps : -2.01e-03   step: 4.06e-01    0.01
         res : 6.58e-04   lamb: 1.00e+00   eps : -2.01e-03   step: 4.06e-01    0.01
         res : 5.28e-04   lamb: 1.00e+00   eps : -2.01e-03   step: 4.06e-01    0.01
         res : 3.13e-04   lamb: 1.00e+00   eps : -2.01e-03   step: 4.06e-01    0.01
         res : 2.62e-04   lamb: 1.00e+00   eps : -2.01e-03   step: 4.06e-01    0.01
         res : 2.10e-04   lamb: 1.00e+00   eps : -2.01e-03   step: 4.06e-01    0.01
         res : 1.45e-04   lamb: 1.00e+00   eps : -2.01e-03   step: 4.06e-01    0.01
         res : 1.19e-04   lamb: 1.00e+00   eps : -2.01e-03   step: 4.06e-01    0.01
         res : 9.19e-05   lamb: 1.00e+00   eps : -2.01e-03   step: 4.06e-01    0.01
         res : 7.81e-05   lamb: 1.00e+00   eps : -2.01e-03   step: 4.06e-01    0.01
         res : 5.06e-05   lamb: 1.00e+00   eps : -2.01e-03   step: 4.06e-01    0.01
         res : 4.87e-05   lamb: 1.00e+00   eps : -2.01e-03   step: 4.06e-01    0.01
         res : 3.21e-05   lamb: 1.00e+00   eps : -2.01e-03   step: 4.06e-01    0.01

     12  0      -113.67096349     2.36e-03      8.67
     12  1      -113.52719606     0.00e+00      8.67
     12  2      -113.46761151     0.00e+00      8.67
     12  3      -113.45124157     0.00e+00      8.67
     12  4      -113.43380353     0.00e+00      8.67
     12  5      -113.35951294     0.00e+00      8.67
     12  6      -113.28785383     0.00e+00      8.67
     12  7      -113.28139990     0.00e+00      8.67
     12  8      -113.25024930     0.00e+00      8.67
     12  9      -113.21754352     0.00e+00      8.67

         res : 2.13e-02   lamb: 1.00e+00   eps : -2.92e-03   step: 1.02e-01    0.01
         res : 2.17e-02   lamb: 1.00e+00   eps : -3.08e-03   step: 1.11e-01    0.01
         res : 8.50e-03   lamb: 1.00e+00   eps : -3.11e-03   step: 1.14e-01    0.01
         res : 5.51e-03   lamb: 1.00e+00   eps : -3.12e-03   step: 1.15e-01    0.01
         res : 5.90e-03   lamb: 1.00e+00   eps : -3.12e-03   step: 1.17e-01    0.01
         res : 3.53e-03   lamb: 1.00e+00   eps : -3.13e-03   step: 1.18e-01    0.01
         res : 1.81e-03   lamb: 1.00e+00   eps : -3.13e-03   step: 1.18e-01    0.01
         res : 1.81e-03   lamb: 1.00e+00   eps : -3.13e-03   step: 1.18e-01    0.01
         res : 1.28e-03   lamb: 1.00e+00   eps : -3.13e-03   step: 1.18e-01    0.01
         res : 5.56e-04   lamb: 1.00e+00   eps : -3.13e-03   step: 1.18e-01    0.01
         res : 4.41e-04   lamb: 1.00e+00   eps : -3.13e-03   step: 1.18e-01    0.01
         res : 3.24e-04   lamb: 1.00e+00   eps : -3.13e-03   step: 1.18e-01    0.01
         res : 2.14e-04   lamb: 1.00e+00   eps : -3.13e-03   step: 1.18e-01    0.01
         res : 1.34e-04   lamb: 1.00e+00   eps : -3.13e-03   step: 1.18e-01    0.01
         res : 1.11e-04   lamb: 1.00e+00   eps : -3.13e-03   step: 1.18e-01    0.01
         res : 6.85e-05   lamb: 1.00e+00   eps : -3.13e-03   step: 1.18e-01    0.01
         res : 5.55e-05   lamb: 1.00e+00   eps : -3.13e-03   step: 1.18e-01    0.01
         res : 4.10e-05   lamb: 1.00e+00   eps : -3.13e-03   step: 1.18e-01    0.01
         res : 2.58e-05   lamb: 1.00e+00   eps : -3.13e-03   step: 1.18e-01    0.01
         res : 2.05e-05   lamb: 1.00e+00   eps : -3.13e-03   step: 1.18e-01    0.01
         res : 1.35e-05   lamb: 1.00e+00   eps : -3.13e-03   step: 1.18e-01    0.01
         res : 9.31e-06   lamb: 1.00e+00   eps : -3.13e-03   step: 1.18e-01    0.01

     13  0      -113.67184764     1.88e-03      9.63
     13  1      -113.52731815     0.00e+00      9.63
     13  2      -113.47125799     0.00e+00      9.63
     13  3      -113.45304979     0.00e+00      9.63
     13  4      -113.43440567     0.00e+00      9.63
     13  5      -113.36018047     0.00e+00      9.63
     13  6      -113.29578601     0.00e+00      9.63
     13  7      -113.28248553     0.00e+00      9.63
     13  8      -113.26937219     0.00e+00      9.63
     13  9      -113.25738705     0.00e+00      9.63

         res : 3.65e-02   lamb: 1.00e+00   eps : -1.17e-03   step: 3.13e-02    0.01
         res : 2.33e-02   lamb: 1.00e+00   eps : -1.29e-03   step: 3.51e-02    0.01
         res : 1.23e-02   lamb: 1.00e+00   eps : -1.33e-03   step: 3.71e-02    0.01
         res : 1.20e-02   lamb: 1.00e+00   eps : -1.35e-03   step: 3.90e-02    0.01
         res : 9.49e-03   lamb: 1.00e+00   eps : -1.37e-03   step: 4.03e-02    0.01
         res : 4.38e-03   lamb: 1.00e+00   eps : -1.37e-03   step: 4.10e-02    0.01
         res : 3.84e-03   lamb: 1.00e+00   eps : -1.38e-03   step: 4.11e-02    0.01
         res : 2.61e-03   lamb: 1.00e+00   eps : -1.38e-03   step: 4.10e-02    0.01
         res : 1.58e-03   lamb: 1.00e+00   eps : -1.38e-03   step: 4.09e-02    0.01
         res : 1.07e-03   lamb: 1.00e+00   eps : -1.38e-03   step: 4.08e-02    0.01
         res : 6.34e-04   lamb: 1.00e+00   eps : -1.38e-03   step: 4.08e-02    0.01
         res : 4.34e-04   lamb: 1.00e+00   eps : -1.38e-03   step: 4.08e-02    0.01
         res : 3.55e-04   lamb: 1.00e+00   eps : -1.38e-03   step: 4.08e-02    0.01
         res : 2.25e-04   lamb: 1.00e+00   eps : -1.38e-03   step: 4.08e-02    0.01
         res : 1.41e-04   lamb: 1.00e+00   eps : -1.38e-03   step: 4.08e-02    0.01
         res : 1.28e-04   lamb: 1.00e+00   eps : -1.38e-03   step: 4.08e-02    0.01
         res : 9.06e-05   lamb: 1.00e+00   eps : -1.38e-03   step: 4.08e-02    0.01
         res : 5.29e-05   lamb: 1.00e+00   eps : -1.38e-03   step: 4.08e-02    0.01
         res : 4.16e-05   lamb: 1.00e+00   eps : -1.38e-03   step: 4.08e-02    0.01
         res : 2.73e-05   lamb: 1.00e+00   eps : -1.38e-03   step: 4.08e-02    0.01
         res : 1.69e-05   lamb: 1.00e+00   eps : -1.38e-03   step: 4.08e-02    0.01
         res : 1.22e-05   lamb: 1.00e+00   eps : -1.38e-03   step: 4.08e-02    0.01
         res : 8.43e-06   lamb: 1.00e+00   eps : -1.38e-03   step: 4.08e-02    0.01
         res : 5.70e-06   lamb: 1.00e+00   eps : -1.38e-03   step: 4.08e-02    0.01
         res : 3.71e-06   lamb: 1.00e+00   eps : -1.38e-03   step: 4.08e-02    0.01

     14  0      -113.67237756     1.27e-04      8.96
     14  1      -113.52725562     0.00e+00      8.96
     14  2      -113.47217157     0.00e+00      8.96
     14  3      -113.45264432     0.00e+00      8.96
     14  4      -113.43542258     0.00e+00      8.96
     14  5      -113.35967632     0.00e+00      8.96
     14  6      -113.29567046     0.00e+00      8.96
     14  7      -113.28199630     0.00e+00      8.96
     14  8      -113.27573763     0.00e+00      8.96
     14  9      -113.25730483     0.00e+00      8.96

         res : 4.34e-03   lamb: 1.00e+00   eps : -8.74e-06   step: 6.35e-03    0.01
         res : 2.92e-03   lamb: 1.00e+00   eps : -1.05e-05   step: 8.23e-03    0.01
         res : 1.40e-03   lamb: 1.00e+00   eps : -1.15e-05   step: 9.63e-03    0.01
         res : 1.35e-03   lamb: 1.00e+00   eps : -1.17e-05   step: 9.97e-03    0.01
         res : 6.89e-04   lamb: 1.00e+00   eps : -1.19e-05   step: 1.01e-02    0.01
         res : 5.74e-04   lamb: 1.00e+00   eps : -1.19e-05   step: 1.01e-02    0.01
         res : 4.15e-04   lamb: 1.00e+00   eps : -1.19e-05   step: 1.01e-02    0.01
         res : 2.30e-04   lamb: 1.00e+00   eps : -1.20e-05   step: 1.01e-02    0.01
         res : 1.89e-04   lamb: 1.00e+00   eps : -1.20e-05   step: 1.01e-02    0.01
         res : 1.04e-04   lamb: 1.00e+00   eps : -1.20e-05   step: 1.01e-02    0.01
         res : 7.04e-05   lamb: 1.00e+00   eps : -1.20e-05   step: 1.01e-02    0.01
         res : 4.73e-05   lamb: 1.00e+00   eps : -1.20e-05   step: 1.01e-02    0.01
         res : 3.25e-05   lamb: 1.00e+00   eps : -1.20e-05   step: 1.01e-02    0.01
         res : 2.10e-05   lamb: 1.00e+00   eps : -1.20e-05   step: 1.01e-02    0.01
         res : 1.61e-05   lamb: 1.00e+00   eps : -1.20e-05   step: 1.01e-02    0.01
         res : 1.14e-05   lamb: 1.00e+00   eps : -1.20e-05   step: 1.01e-02    0.01
         res : 8.44e-06   lamb: 1.00e+00   eps : -1.20e-05   step: 1.01e-02    0.01
         res : 6.99e-06   lamb: 1.00e+00   eps : -1.20e-05   step: 1.01e-02    0.01
         res : 4.21e-06   lamb: 1.00e+00   eps : -1.20e-05   step: 1.01e-02    0.01
         res : 3.22e-06   lamb: 1.00e+00   eps : -1.20e-05   step: 1.01e-02    0.01
         res : 2.36e-06   lamb: 1.00e+00   eps : -1.20e-05   step: 1.01e-02    0.01
         res : 1.38e-06   lamb: 1.00e+00   eps : -1.20e-05   step: 1.01e-02    0.01
         res : 9.00e-07   lamb: 1.00e+00   eps : -1.20e-05   step: 1.01e-02    0.01

     15  0      -113.67239271     3.37e-05     22.82
     15  1      -113.52714668     0.00e+00     22.82
     15  2      -113.47214909     0.00e+00     22.82
     15  3      -113.45262168     0.00e+00     22.82
     15  4      -113.43547422     0.00e+00     22.82
     15  5      -113.35973275     0.00e+00     22.82
     15  6      -113.29574269     0.00e+00     22.82
     15  7      -113.28198285     0.00e+00     22.82
     15  8      -113.27585966     0.00e+00     22.82
     15  9      -113.25723598     0.00e+00     22.82

         res : 1.38e-03   lamb: 1.00e+00   eps : -1.32e-06   step: 2.76e-03    0.01
         res : 9.67e-04   lamb: 1.00e+00   eps : -1.55e-06   step: 3.48e-03    0.01
         res : 4.55e-04   lamb: 1.00e+00   eps : -1.71e-06   step: 4.06e-03    0.01
         res : 4.34e-04   lamb: 1.00e+00   eps : -1.75e-06   step: 4.21e-03    0.01
         res : 2.44e-04   lamb: 1.00e+00   eps : -1.77e-06   step: 4.26e-03    0.01
         res : 1.82e-04   lamb: 1.00e+00   eps : -1.78e-06   step: 4.28e-03    0.01
         res : 1.47e-04   lamb: 1.00e+00   eps : -1.78e-06   step: 4.28e-03    0.01
         res : 9.34e-05   lamb: 1.00e+00   eps : -1.78e-06   step: 4.28e-03    0.01
         res : 7.36e-05   lamb: 1.00e+00   eps : -1.79e-06   step: 4.28e-03    0.01
         res : 3.99e-05   lamb: 1.00e+00   eps : -1.79e-06   step: 4.29e-03    0.01
         res : 3.56e-05   lamb: 1.00e+00   eps : -1.79e-06   step: 4.29e-03    0.01
         res : 2.18e-05   lamb: 1.00e+00   eps : -1.79e-06   step: 4.29e-03    0.01
         res : 1.67e-05   lamb: 1.00e+00   eps : -1.79e-06   step: 4.29e-03    0.01
         res : 1.26e-05   lamb: 1.00e+00   eps : -1.79e-06   step: 4.29e-03    0.01
         res : 8.38e-06   lamb: 1.00e+00   eps : -1.79e-06   step: 4.29e-03    0.01
         res : 6.52e-06   lamb: 1.00e+00   eps : -1.79e-06   step: 4.29e-03    0.01
         res : 4.44e-06   lamb: 1.00e+00   eps : -1.79e-06   step: 4.29e-03    0.01
         res : 3.30e-06   lamb: 1.00e+00   eps : -1.79e-06   step: 4.29e-03    0.01
         res : 1.90e-06   lamb: 1.00e+00   eps : -1.79e-06   step: 4.29e-03    0.01
         res : 1.41e-06   lamb: 1.00e+00   eps : -1.79e-06   step: 4.29e-03    0.01
         res : 1.00e-06   lamb: 1.00e+00   eps : -1.79e-06   step: 4.29e-03    0.01
         res : 6.02e-07   lamb: 1.00e+00   eps : -1.79e-06   step: 4.29e-03    0.01
         res : 4.11e-07   lamb: 1.00e+00   eps : -1.79e-06   step: 4.29e-03    0.01

     16  0      -113.67239663     1.27e-05     15.59
     16  1      -113.52709305     0.00e+00     15.59
     16  2      -113.47212910     0.00e+00     15.59
     16  3      -113.45262231     0.00e+00     15.59
     16  4      -113.43547354     0.00e+00     15.59
     16  5      -113.35976570     0.00e+00     15.59
     16  6      -113.29579422     0.00e+00     15.59
     16  7      -113.28197661     0.00e+00     15.59
     16  8      -113.27587922     0.00e+00     15.59
     16  9      -113.25722096     0.00e+00     15.59

         res : 5.52e-04   lamb: 1.00e+00   eps : -2.98e-07   step: 1.42e-03    0.01
         res : 4.28e-04   lamb: 1.00e+00   eps : -3.48e-07   step: 1.75e-03    0.01
         res : 1.96e-04   lamb: 1.00e+00   eps : -3.82e-07   step: 2.02e-03    0.01
         res : 1.68e-04   lamb: 1.00e+00   eps : -3.92e-07   step: 2.11e-03    0.01
         res : 1.14e-04   lamb: 1.00e+00   eps : -3.95e-07   step: 2.13e-03    0.01
         res : 7.51e-05   lamb: 1.00e+00   eps : -3.98e-07   step: 2.15e-03    0.01
         res : 5.62e-05   lamb: 1.00e+00   eps : -3.99e-07   step: 2.15e-03    0.01
         res : 4.35e-05   lamb: 1.00e+00   eps : -3.99e-07   step: 2.15e-03    0.01
         res : 3.86e-05   lamb: 1.00e+00   eps : -3.99e-07   step: 2.15e-03    0.01
         res : 1.79e-05   lamb: 1.00e+00   eps : -3.99e-07   step: 2.15e-03    0.01
         res : 1.64e-05   lamb: 1.00e+00   eps : -3.99e-07   step: 2.15e-03    0.01
         res : 1.12e-05   lamb: 1.00e+00   eps : -3.99e-07   step: 2.15e-03    0.01
         res : 7.75e-06   lamb: 1.00e+00   eps : -3.99e-07   step: 2.15e-03    0.01
         res : 5.87e-06   lamb: 1.00e+00   eps : -4.00e-07   step: 2.15e-03    0.01
         res : 4.22e-06   lamb: 1.00e+00   eps : -4.00e-07   step: 2.15e-03    0.01
         res : 3.02e-06   lamb: 1.00e+00   eps : -4.00e-07   step: 2.15e-03    0.01
         res : 1.86e-06   lamb: 1.00e+00   eps : -4.00e-07   step: 2.15e-03    0.01
         res : 1.57e-06   lamb: 1.00e+00   eps : -4.00e-07   step: 2.15e-03    0.01
         res : 8.75e-07   lamb: 1.00e+00   eps : -4.00e-07   step: 2.15e-03    0.01
         res : 5.58e-07   lamb: 1.00e+00   eps : -4.00e-07   step: 2.15e-03    0.01
         res : 4.41e-07   lamb: 1.00e+00   eps : -4.00e-07   step: 2.15e-03    0.01
         res : 2.75e-07   lamb: 1.00e+00   eps : -4.00e-07   step: 2.15e-03    0.01
         res : 1.92e-07   lamb: 1.00e+00   eps : -4.00e-07   step: 2.15e-03    0.01

     17  0      -113.67239989     5.56e-06      9.00
     17  1      -113.52706625     0.00e+00      9.00
     17  2      -113.47211803     0.00e+00      9.00
     17  3      -113.45262468     0.00e+00      9.00
     17  4      -113.43546984     0.00e+00      9.00
     17  5      -113.35977973     0.00e+00      9.00
     17  6      -113.29582069     0.00e+00      9.00
     17  7      -113.28197385     0.00e+00      9.00
     17  8      -113.27588496     0.00e+00      9.00
     17  9      -113.25721643     0.00e+00      9.00

         res : 2.43e-04   lamb: 1.00e+00   eps : -7.86e-08   step: 7.73e-04    0.01
         res : 2.15e-04   lamb: 1.00e+00   eps : -9.11e-08   step: 9.35e-04    0.01
         res : 9.52e-05   lamb: 1.00e+00   eps : -9.94e-08   step: 1.07e-03    0.01
         res : 7.51e-05   lamb: 1.00e+00   eps : -1.02e-07   step: 1.11e-03    0.01
         res : 5.66e-05   lamb: 1.00e+00   eps : -1.03e-07   step: 1.13e-03    0.01
         res : 3.70e-05   lamb: 1.00e+00   eps : -1.03e-07   step: 1.13e-03    0.01
         res : 2.49e-05   lamb: 1.00e+00   eps : -1.04e-07   step: 1.14e-03    0.01
         res : 1.98e-05   lamb: 1.00e+00   eps : -1.04e-07   step: 1.14e-03    0.01
         res : 1.98e-05   lamb: 1.00e+00   eps : -1.04e-07   step: 1.14e-03    0.01
         res : 9.47e-06   lamb: 1.00e+00   eps : -1.04e-07   step: 1.14e-03    0.01
         res : 7.50e-06   lamb: 1.00e+00   eps : -1.04e-07   step: 1.14e-03    0.01
         res : 5.81e-06   lamb: 1.00e+00   eps : -1.04e-07   step: 1.14e-03    0.01
         res : 3.88e-06   lamb: 1.00e+00   eps : -1.04e-07   step: 1.14e-03    0.01
         res : 2.76e-06   lamb: 1.00e+00   eps : -1.04e-07   step: 1.14e-03    0.01
         res : 2.11e-06   lamb: 1.00e+00   eps : -1.04e-07   step: 1.14e-03    0.01
         res : 1.57e-06   lamb: 1.00e+00   eps : -1.04e-07   step: 1.14e-03    0.01
         res : 8.93e-07   lamb: 1.00e+00   eps : -1.04e-07   step: 1.14e-03    0.01
         res : 6.93e-07   lamb: 1.00e+00   eps : -1.04e-07   step: 1.14e-03    0.01
         res : 4.77e-07   lamb: 1.00e+00   eps : -1.04e-07   step: 1.14e-03    0.01
         res : 2.76e-07   lamb: 1.00e+00   eps : -1.04e-07   step: 1.14e-03    0.01
         res : 2.10e-07   lamb: 1.00e+00   eps : -1.04e-07   step: 1.14e-03    0.01
         res : 1.39e-07   lamb: 1.00e+00   eps : -1.04e-07   step: 1.14e-03    0.01
         res : 9.53e-08   lamb: 1.00e+00   eps : -1.04e-07   step: 1.14e-03    0.01

     18  0      -113.67240186     2.66e-06      8.87
     18  1      -113.52705204     0.00e+00      8.87
     18  2      -113.47211209     0.00e+00      8.87
     18  3      -113.45262690     0.00e+00      8.87
     18  4      -113.43546675     0.00e+00      8.87
     18  5      -113.35978573     0.00e+00      8.87
     18  6      -113.29583467     0.00e+00      8.87
     18  7      -113.28197309     0.00e+00      8.87
     18  8      -113.27588668     0.00e+00      8.87
     18  9      -113.25721533     0.00e+00      8.87

         res : 1.12e-04   lamb: 1.00e+00   eps : -2.24e-08   step: 4.30e-04    0.01
         res : 1.14e-04   lamb: 1.00e+00   eps : -2.59e-08   step: 5.16e-04    0.01
         res : 4.88e-05   lamb: 1.00e+00   eps : -2.80e-08   step: 5.82e-04    0.01
         res : 3.68e-05   lamb: 1.00e+00   eps : -2.86e-08   step: 6.04e-04    0.01
         res : 2.92e-05   lamb: 1.00e+00   eps : -2.89e-08   step: 6.13e-04    0.01
         res : 1.99e-05   lamb: 1.00e+00   eps : -2.90e-08   step: 6.16e-04    0.01
         res : 1.24e-05   lamb: 1.00e+00   eps : -2.91e-08   step: 6.18e-04    0.01
         res : 9.73e-06   lamb: 1.00e+00   eps : -2.92e-08   step: 6.18e-04    0.01
         res : 9.96e-06   lamb: 1.00e+00   eps : -2.92e-08   step: 6.18e-04    0.01
         res : 5.25e-06   lamb: 1.00e+00   eps : -2.92e-08   step: 6.19e-04    0.01
         res : 3.65e-06   lamb: 1.00e+00   eps : -2.92e-08   step: 6.19e-04    0.01
         res : 3.11e-06   lamb: 1.00e+00   eps : -2.92e-08   step: 6.19e-04    0.01
         res : 1.97e-06   lamb: 1.00e+00   eps : -2.92e-08   step: 6.19e-04    0.01
         res : 1.43e-06   lamb: 1.00e+00   eps : -2.92e-08   step: 6.19e-04    0.01
         res : 1.06e-06   lamb: 1.00e+00   eps : -2.92e-08   step: 6.19e-04    0.01
         res : 7.74e-07   lamb: 1.00e+00   eps : -2.92e-08   step: 6.19e-04    0.01
         res : 4.75e-07   lamb: 1.00e+00   eps : -2.92e-08   step: 6.19e-04    0.01
         res : 3.42e-07   lamb: 1.00e+00   eps : -2.92e-08   step: 6.19e-04    0.01
         res : 2.42e-07   lamb: 1.00e+00   eps : -2.92e-08   step: 6.19e-04    0.01
         res : 1.46e-07   lamb: 1.00e+00   eps : -2.92e-08   step: 6.19e-04    0.01
         res : 1.07e-07   lamb: 1.00e+00   eps : -2.92e-08   step: 6.19e-04    0.01
         res : 7.30e-08   lamb: 1.00e+00   eps : -2.92e-08   step: 6.19e-04    0.01
         res : 4.99e-08   lamb: 1.00e+00   eps : -2.92e-08   step: 6.19e-04    0.01

     19  0      -113.67240283     1.35e-06      8.80
     19  1      -113.52704404     0.00e+00      8.80
     19  2      -113.47210897     0.00e+00      8.80
     19  3      -113.45262868     0.00e+00      8.80
     19  4      -113.43546442     0.00e+00      8.80
     19  5      -113.35978828     0.00e+00      8.80
     19  6      -113.29584247     0.00e+00      8.80
     19  7      -113.28197325     0.00e+00      8.80
     19  8      -113.27588689     0.00e+00      8.80
     19  9      -113.25721553     0.00e+00      8.80

         res : 5.36e-05   lamb: 1.00e+00   eps : -6.82e-09   step: 2.48e-04    0.01
         res : 6.21e-05   lamb: 1.00e+00   eps : -7.90e-09   step: 2.97e-04    0.01
         res : 2.63e-05   lamb: 1.00e+00   eps : -8.46e-09   step: 3.29e-04    0.01
         res : 1.88e-05   lamb: 1.00e+00   eps : -8.65e-09   step: 3.40e-04    0.01
         res : 1.54e-05   lamb: 1.00e+00   eps : -8.73e-09   step: 3.45e-04    0.01
         res : 1.18e-05   lamb: 1.00e+00   eps : -8.77e-09   step: 3.47e-04    0.01
         res : 6.66e-06   lamb: 1.00e+00   eps : -8.79e-09   step: 3.48e-04    0.01
         res : 5.18e-06   lamb: 1.00e+00   eps : -8.80e-09   step: 3.48e-04    0.01
         res : 5.12e-06   lamb: 1.00e+00   eps : -8.80e-09   step: 3.48e-04    0.01
         res : 2.88e-06   lamb: 1.00e+00   eps : -8.80e-09   step: 3.48e-04    0.01
         res : 1.88e-06   lamb: 1.00e+00   eps : -8.81e-09   step: 3.48e-04    0.01
         res : 1.55e-06   lamb: 1.00e+00   eps : -8.81e-09   step: 3.48e-04    0.01
         res : 1.06e-06   lamb: 1.00e+00   eps : -8.81e-09   step: 3.48e-04    0.01
         res : 7.48e-07   lamb: 1.00e+00   eps : -8.81e-09   step: 3.48e-04    0.01
         res : 5.14e-07   lamb: 1.00e+00   eps : -8.81e-09   step: 3.48e-04    0.01
         res : 3.85e-07   lamb: 1.00e+00   eps : -8.81e-09   step: 3.48e-04    0.01
         res : 2.54e-07   lamb: 1.00e+00   eps : -8.81e-09   step: 3.48e-04    0.01
         res : 1.90e-07   lamb: 1.00e+00   eps : -8.81e-09   step: 3.48e-04    0.01
         res : 1.23e-07   lamb: 1.00e+00   eps : -8.81e-09   step: 3.48e-04    0.01
         res : 7.40e-08   lamb: 1.00e+00   eps : -8.81e-09   step: 3.48e-04    0.01
         res : 5.36e-08   lamb: 1.00e+00   eps : -8.81e-09   step: 3.48e-04    0.01
         res : 4.01e-08   lamb: 1.00e+00   eps : -8.81e-09   step: 3.48e-04    0.01
         res : 2.49e-08   lamb: 1.00e+00   eps : -8.81e-09   step: 3.48e-04    0.01

     20  0      -113.67240317     7.32e-07      9.04
     20  1      -113.52703927     0.00e+00      9.04
     20  2      -113.47210737     0.00e+00      9.04
     20  3      -113.45263007     0.00e+00      9.04
     20  4      -113.43546267     0.00e+00      9.04
     20  5      -113.35978928     0.00e+00      9.04
     20  6      -113.29584709     0.00e+00      9.04
     20  7      -113.28197376     0.00e+00      9.04
     20  8      -113.27588650     0.00e+00      9.04
     20  9      -113.25721624     0.00e+00      9.04

         res : 2.72e-05   lamb: 1.00e+00   eps : -2.29e-09   step: 1.51e-04    0.01
         res : 3.28e-05   lamb: 1.00e+00   eps : -2.67e-09   step: 1.82e-04    0.01
         res : 1.60e-05   lamb: 1.00e+00   eps : -2.83e-09   step: 1.97e-04    0.01
         res : 1.02e-05   lamb: 1.00e+00   eps : -2.88e-09   step: 2.03e-04    0.01
         res : 8.39e-06   lamb: 1.00e+00   eps : -2.91e-09   step: 2.06e-04    0.01
         res : 7.76e-06   lamb: 1.00e+00   eps : -2.93e-09   step: 2.07e-04    0.01
         res : 3.94e-06   lamb: 1.00e+00   eps : -2.93e-09   step: 2.07e-04    0.01
         res : 2.95e-06   lamb: 1.00e+00   eps : -2.94e-09   step: 2.08e-04    0.01
         res : 2.60e-06   lamb: 1.00e+00   eps : -2.94e-09   step: 2.08e-04    0.01
         res : 1.64e-06   lamb: 1.00e+00   eps : -2.94e-09   step: 2.08e-04    0.01
         res : 1.04e-06   lamb: 1.00e+00   eps : -2.94e-09   step: 2.08e-04    0.01
         res : 7.63e-07   lamb: 1.00e+00   eps : -2.94e-09   step: 2.08e-04    0.01
         res : 6.34e-07   lamb: 1.00e+00   eps : -2.94e-09   step: 2.08e-04    0.01
         res : 4.17e-07   lamb: 1.00e+00   eps : -2.94e-09   step: 2.08e-04    0.01
         res : 2.71e-07   lamb: 1.00e+00   eps : -2.94e-09   step: 2.08e-04    0.01
         res : 1.97e-07   lamb: 1.00e+00   eps : -2.94e-09   step: 2.08e-04    0.01
         res : 1.37e-07   lamb: 1.00e+00   eps : -2.94e-09   step: 2.08e-04    0.01
         res : 1.13e-07   lamb: 1.00e+00   eps : -2.94e-09   step: 2.08e-04    0.01
         res : 6.90e-08   lamb: 1.00e+00   eps : -2.94e-09   step: 2.08e-04    0.01
         res : 4.25e-08   lamb: 1.00e+00   eps : -2.94e-09   step: 2.08e-04    0.01
         res : 3.47e-08   lamb: 1.00e+00   eps : -2.94e-09   step: 2.08e-04    0.01
         res : 2.24e-08   lamb: 1.00e+00   eps : -2.94e-09   step: 2.08e-04    0.01
         res : 1.40e-08   lamb: 1.00e+00   eps : -2.94e-09   step: 2.08e-04    0.01

     21  0      -113.67240320     4.27e-07      8.82
     21  1      -113.52703625     0.00e+00      8.82
     21  2      -113.47210657     0.00e+00      8.82
     21  3      -113.45263116     0.00e+00      8.82
     21  4      -113.43546134     0.00e+00      8.82
     21  5      -113.35978958     0.00e+00      8.82
     21  6      -113.29584999     0.00e+00      8.82
     21  7      -113.28197437     0.00e+00      8.82
     21  8      -113.27588590     0.00e+00      8.82
     21  9      -113.25721710     0.00e+00      8.82

         res : 1.55e-05   lamb: 1.00e+00   eps : -8.91e-10   step: 9.95e-05    0.01
         res : 1.76e-05   lamb: 1.00e+00   eps : -1.04e-09   step: 1.20e-04    0.01
         res : 1.11e-05   lamb: 1.00e+00   eps : -1.10e-09   step: 1.29e-04    0.01
         res : 7.03e-06   lamb: 1.00e+00   eps : -1.12e-09   step: 1.32e-04    0.01
         res : 4.76e-06   lamb: 1.00e+00   eps : -1.13e-09   step: 1.34e-04    0.01
         res : 5.15e-06   lamb: 1.00e+00   eps : -1.13e-09   step: 1.34e-04    0.01
         res : 2.56e-06   lamb: 1.00e+00   eps : -1.13e-09   step: 1.34e-04    0.01
         res : 1.85e-06   lamb: 1.00e+00   eps : -1.13e-09   step: 1.34e-04    0.01
         res : 1.43e-06   lamb: 1.00e+00   eps : -1.13e-09   step: 1.35e-04    0.01
         res : 1.03e-06   lamb: 1.00e+00   eps : -1.13e-09   step: 1.35e-04    0.01
         res : 6.10e-07   lamb: 1.00e+00   eps : -1.13e-09   step: 1.35e-04    0.01
         res : 4.26e-07   lamb: 1.00e+00   eps : -1.13e-09   step: 1.35e-04    0.01
         res : 3.72e-07   lamb: 1.00e+00   eps : -1.13e-09   step: 1.35e-04    0.01
         res : 2.43e-07   lamb: 1.00e+00   eps : -1.13e-09   step: 1.35e-04    0.01
         res : 1.61e-07   lamb: 1.00e+00   eps : -1.13e-09   step: 1.35e-04    0.01
         res : 1.08e-07   lamb: 1.00e+00   eps : -1.13e-09   step: 1.35e-04    0.01
         res : 8.13e-08   lamb: 1.00e+00   eps : -1.13e-09   step: 1.35e-04    0.01
         res : 7.09e-08   lamb: 1.00e+00   eps : -1.13e-09   step: 1.35e-04    0.01
         res : 3.95e-08   lamb: 1.00e+00   eps : -1.13e-09   step: 1.35e-04    0.01
         res : 2.86e-08   lamb: 1.00e+00   eps : -1.13e-09   step: 1.35e-04    0.01
         res : 2.27e-08   lamb: 1.00e+00   eps : -1.13e-09   step: 1.35e-04    0.01
         res : 1.29e-08   lamb: 1.00e+00   eps : -1.13e-09   step: 1.35e-04    0.01

     22  0      -113.67240307     2.75e-07      8.90
     22  1      -113.52703423     0.00e+00      8.90
     22  2      -113.47210619     0.00e+00      8.90
     22  3      -113.45263202     0.00e+00      8.90
     22  4      -113.43546029     0.00e+00      8.90
     22  5      -113.35978956     0.00e+00      8.90
     22  6      -113.29585192     0.00e+00      8.90
     22  7      -113.28197496     0.00e+00      8.90
     22  8      -113.27588527     0.00e+00      8.90
     22  9      -113.25721795     0.00e+00      8.90

         res : 1.04e-05   lamb: 1.00e+00   eps : -4.11e-10   step: 7.12e-05    0.01
         res : 1.10e-05   lamb: 1.00e+00   eps : -4.81e-10   step: 8.54e-05    0.01
         res : 7.87e-06   lamb: 1.00e+00   eps : -5.07e-10   step: 9.21e-05    0.01
         res : 6.59e-06   lamb: 1.00e+00   eps : -5.14e-10   step: 9.39e-05    0.01
         res : 2.97e-06   lamb: 1.00e+00   eps : -5.19e-10   step: 9.48e-05    0.01
         res : 2.67e-06   lamb: 1.00e+00   eps : -5.21e-10   step: 9.51e-05    0.01
         res : 1.64e-06   lamb: 1.00e+00   eps : -5.21e-10   step: 9.51e-05    0.01
         res : 1.05e-06   lamb: 1.00e+00   eps : -5.22e-10   step: 9.52e-05    0.01
         res : 8.22e-07   lamb: 1.00e+00   eps : -5.22e-10   step: 9.52e-05    0.01
         res : 6.78e-07   lamb: 1.00e+00   eps : -5.22e-10   step: 9.53e-05    0.01
         res : 3.82e-07   lamb: 1.00e+00   eps : -5.22e-10   step: 9.53e-05    0.01
         res : 2.62e-07   lamb: 1.00e+00   eps : -5.22e-10   step: 9.53e-05    0.01
         res : 2.19e-07   lamb: 1.00e+00   eps : -5.22e-10   step: 9.53e-05    0.01
         res : 1.42e-07   lamb: 1.00e+00   eps : -5.22e-10   step: 9.53e-05    0.01
         res : 9.79e-08   lamb: 1.00e+00   eps : -5.22e-10   step: 9.53e-05    0.01
         res : 6.34e-08   lamb: 1.00e+00   eps : -5.22e-10   step: 9.53e-05    0.01
         res : 5.05e-08   lamb: 1.00e+00   eps : -5.22e-10   step: 9.53e-05    0.01
         res : 4.48e-08   lamb: 1.00e+00   eps : -5.22e-10   step: 9.53e-05    0.01
         res : 2.49e-08   lamb: 1.00e+00   eps : -5.22e-10   step: 9.53e-05    0.01
         res : 1.79e-08   lamb: 1.00e+00   eps : -5.22e-10   step: 9.53e-05    0.01
         res : 1.42e-08   lamb: 1.00e+00   eps : -5.22e-10   step: 9.53e-05    0.01
         res : 8.16e-09   lamb: 1.00e+00   eps : -5.22e-10   step: 9.53e-05    0.01

     23  0      -113.67240288     1.94e-07      8.89
     23  1      -113.52703280     0.00e+00      8.89
     23  2      -113.47210602     0.00e+00      8.89
     23  3      -113.45263272     0.00e+00      8.89
     23  4      -113.43545946     0.00e+00      8.89
     23  5      -113.35978942     0.00e+00      8.89
     23  6      -113.29585327     0.00e+00      8.89
     23  7      -113.28197549     0.00e+00      8.89
     23  8      -113.27588468     0.00e+00      8.89
     23  9      -113.25721873     0.00e+00      8.89

         res : 7.93e-06   lamb: 1.00e+00   eps : -2.22e-10   step: 5.42e-05    0.01
         res : 7.99e-06   lamb: 1.00e+00   eps : -2.59e-10   step: 6.50e-05    0.01
         res : 5.67e-06   lamb: 1.00e+00   eps : -2.73e-10   step: 7.00e-05    0.01
         res : 4.06e-06   lamb: 1.00e+00   eps : -2.77e-10   step: 7.12e-05    0.01
         res : 2.07e-06   lamb: 1.00e+00   eps : -2.79e-10   step: 7.19e-05    0.01
         res : 2.16e-06   lamb: 1.00e+00   eps : -2.80e-10   step: 7.21e-05    0.01
         res : 1.09e-06   lamb: 1.00e+00   eps : -2.81e-10   step: 7.21e-05    0.01
         res : 8.58e-07   lamb: 1.00e+00   eps : -2.81e-10   step: 7.22e-05    0.01
         res : 5.96e-07   lamb: 1.00e+00   eps : -2.81e-10   step: 7.22e-05    0.01
         res : 4.77e-07   lamb: 1.00e+00   eps : -2.81e-10   step: 7.23e-05    0.01
         res : 2.58e-07   lamb: 1.00e+00   eps : -2.81e-10   step: 7.23e-05    0.01
         res : 1.77e-07   lamb: 1.00e+00   eps : -2.81e-10   step: 7.23e-05    0.01
         res : 1.44e-07   lamb: 1.00e+00   eps : -2.81e-10   step: 7.23e-05    0.01
         res : 9.10e-08   lamb: 1.00e+00   eps : -2.81e-10   step: 7.23e-05    0.01
         res : 6.51e-08   lamb: 1.00e+00   eps : -2.81e-10   step: 7.23e-05    0.01
         res : 4.06e-08   lamb: 1.00e+00   eps : -2.81e-10   step: 7.23e-05    0.01
         res : 3.34e-08   lamb: 1.00e+00   eps : -2.81e-10   step: 7.23e-05    0.01
         res : 2.90e-08   lamb: 1.00e+00   eps : -2.81e-10   step: 7.23e-05    0.01
         res : 1.63e-08   lamb: 1.00e+00   eps : -2.81e-10   step: 7.23e-05    0.01
         res : 1.22e-08   lamb: 1.00e+00   eps : -2.81e-10   step: 7.23e-05    0.01
         res : 9.45e-09   lamb: 1.00e+00   eps : -2.81e-10   step: 7.23e-05    0.01
         res : 5.51e-09   lamb: 1.00e+00   eps : -2.81e-10   step: 7.23e-05    0.01

     24  0      -113.67240268     1.48e-07      8.73
     24  1      -113.52703175     0.00e+00      8.73
     24  2      -113.47210595     0.00e+00      8.73
     24  3      -113.45263327     0.00e+00      8.73
     24  4      -113.43545879     0.00e+00      8.73
     24  5      -113.35978923     0.00e+00      8.73
     24  6      -113.29585426     0.00e+00      8.73
     24  7      -113.28197595     0.00e+00      8.73
     24  8      -113.27588415     0.00e+00      8.73
     24  9      -113.25721942     0.00e+00      8.73

         res : 6.42e-06   lamb: 1.00e+00   eps : -1.34e-10   step: 4.29e-05    0.01
         res : 6.20e-06   lamb: 1.00e+00   eps : -1.56e-10   step: 5.15e-05    0.01
         res : 4.26e-06   lamb: 1.00e+00   eps : -1.64e-10   step: 5.54e-05    0.01
         res : 2.56e-06   lamb: 1.00e+00   eps : -1.66e-10   step: 5.63e-05    0.01
         res : 1.75e-06   lamb: 1.00e+00   eps : -1.68e-10   step: 5.69e-05    0.01
         res : 1.76e-06   lamb: 1.00e+00   eps : -1.68e-10   step: 5.70e-05    0.01
         res : 8.03e-07   lamb: 1.00e+00   eps : -1.68e-10   step: 5.71e-05    0.01
         res : 6.71e-07   lamb: 1.00e+00   eps : -1.69e-10   step: 5.71e-05    0.01
         res : 4.43e-07   lamb: 1.00e+00   eps : -1.69e-10   step: 5.72e-05    0.01
         res : 3.49e-07   lamb: 1.00e+00   eps : -1.69e-10   step: 5.72e-05    0.01
         res : 1.88e-07   lamb: 1.00e+00   eps : -1.69e-10   step: 5.72e-05    0.01
         res : 1.29e-07   lamb: 1.00e+00   eps : -1.69e-10   step: 5.72e-05    0.01
         res : 1.04e-07   lamb: 1.00e+00   eps : -1.69e-10   step: 5.72e-05    0.01
         res : 6.34e-08   lamb: 1.00e+00   eps : -1.69e-10   step: 5.72e-05    0.01
         res : 4.71e-08   lamb: 1.00e+00   eps : -1.69e-10   step: 5.72e-05    0.01
         res : 2.78e-08   lamb: 1.00e+00   eps : -1.69e-10   step: 5.72e-05    0.01
         res : 2.28e-08   lamb: 1.00e+00   eps : -1.69e-10   step: 5.72e-05    0.01
         res : 1.92e-08   lamb: 1.00e+00   eps : -1.69e-10   step: 5.72e-05    0.01
         res : 1.12e-08   lamb: 1.00e+00   eps : -1.69e-10   step: 5.72e-05    0.01
         res : 8.50e-09   lamb: 1.00e+00   eps : -1.69e-10   step: 5.72e-05    0.01
         res : 6.50e-09   lamb: 1.00e+00   eps : -1.69e-10   step: 5.72e-05    0.01
         res : 3.89e-09   lamb: 1.00e+00   eps : -1.69e-10   step: 5.72e-05    0.01

     25  0      -113.67240250     1.17e-07      8.82
     25  1      -113.52703095     0.00e+00      8.82
     25  2      -113.47210594     0.00e+00      8.82
     25  3      -113.45263373     0.00e+00      8.82
     25  4      -113.43545824     0.00e+00      8.82
     25  5      -113.35978904     0.00e+00      8.82
     25  6      -113.29585502     0.00e+00      8.82
     25  7      -113.28197635     0.00e+00      8.82
     25  8      -113.27588369     0.00e+00      8.82
     25  9      -113.25722001     0.00e+00      8.82

         res : 5.30e-06   lamb: 1.00e+00   eps : -8.54e-11   step: 3.47e-05    0.01
         res : 4.97e-06   lamb: 1.00e+00   eps : -9.97e-11   step: 4.17e-05    0.01
         res : 3.33e-06   lamb: 1.00e+00   eps : -1.05e-10   step: 4.48e-05    0.01
         res : 1.86e-06   lamb: 1.00e+00   eps : -1.06e-10   step: 4.56e-05    0.01
         res : 1.50e-06   lamb: 1.00e+00   eps : -1.07e-10   step: 4.61e-05    0.01
         res : 1.39e-06   lamb: 1.00e+00   eps : -1.07e-10   step: 4.62e-05    0.01
         res : 6.26e-07   lamb: 1.00e+00   eps : -1.08e-10   step: 4.62e-05    0.01
         res : 5.35e-07   lamb: 1.00e+00   eps : -1.08e-10   step: 4.63e-05    0.01
         res : 3.45e-07   lamb: 1.00e+00   eps : -1.08e-10   step: 4.63e-05    0.01
         res : 2.67e-07   lamb: 1.00e+00   eps : -1.08e-10   step: 4.63e-05    0.01
         res : 1.44e-07   lamb: 1.00e+00   eps : -1.08e-10   step: 4.63e-05    0.01
         res : 1.01e-07   lamb: 1.00e+00   eps : -1.08e-10   step: 4.63e-05    0.01
         res : 8.06e-08   lamb: 1.00e+00   eps : -1.08e-10   step: 4.63e-05    0.01
         res : 4.69e-08   lamb: 1.00e+00   eps : -1.08e-10   step: 4.63e-05    0.01
         res : 3.62e-08   lamb: 1.00e+00   eps : -1.08e-10   step: 4.63e-05    0.01
         res : 2.04e-08   lamb: 1.00e+00   eps : -1.08e-10   step: 4.63e-05    0.01
         res : 1.61e-08   lamb: 1.00e+00   eps : -1.08e-10   step: 4.63e-05    0.01
         res : 1.33e-08   lamb: 1.00e+00   eps : -1.08e-10   step: 4.63e-05    0.01
         res : 7.98e-09   lamb: 1.00e+00   eps : -1.08e-10   step: 4.63e-05    0.01
         res : 5.99e-09   lamb: 1.00e+00   eps : -1.08e-10   step: 4.63e-05    0.01
         res : 4.58e-09   lamb: 1.00e+00   eps : -1.08e-10   step: 4.63e-05    0.01

     26  0      -113.67240233     9.48e-08      8.71
     26  1      -113.52703032     0.00e+00      8.71
     26  2      -113.47210596     0.00e+00      8.71
     26  3      -113.45263411     0.00e+00      8.71
     26  4      -113.43545780     0.00e+00      8.71
     26  5      -113.35978887     0.00e+00      8.71
     26  6      -113.29585561     0.00e+00      8.71
     26  7      -113.28197668     0.00e+00      8.71
     26  8      -113.27588330     0.00e+00      8.71
     26  9      -113.25722051     0.00e+00      8.71

         res : 4.40e-06   lamb: 1.00e+00   eps : -5.64e-11   step: 2.84e-05    0.01
         res : 4.04e-06   lamb: 1.00e+00   eps : -6.58e-11   step: 3.41e-05    0.01
         res : 2.66e-06   lamb: 1.00e+00   eps : -6.93e-11   step: 3.66e-05    0.01
         res : 1.45e-06   lamb: 1.00e+00   eps : -7.01e-11   step: 3.73e-05    0.01
         res : 1.26e-06   lamb: 1.00e+00   eps : -7.07e-11   step: 3.77e-05    0.01
         res : 1.11e-06   lamb: 1.00e+00   eps : -7.09e-11   step: 3.78e-05    0.01
         res : 5.03e-07   lamb: 1.00e+00   eps : -7.10e-11   step: 3.78e-05    0.01
         res : 4.37e-07   lamb: 1.00e+00   eps : -7.11e-11   step: 3.79e-05    0.01
         res : 2.77e-07   lamb: 1.00e+00   eps : -7.11e-11   step: 3.79e-05    0.01
         res : 2.11e-07   lamb: 1.00e+00   eps : -7.11e-11   step: 3.79e-05    0.01
         res : 1.15e-07   lamb: 1.00e+00   eps : -7.11e-11   step: 3.79e-05    0.01
         res : 8.13e-08   lamb: 1.00e+00   eps : -7.11e-11   step: 3.79e-05    0.01
         res : 6.55e-08   lamb: 1.00e+00   eps : -7.11e-11   step: 3.79e-05    0.01
         res : 3.63e-08   lamb: 1.00e+00   eps : -7.11e-11   step: 3.79e-05    0.01
         res : 2.91e-08   lamb: 1.00e+00   eps : -7.11e-11   step: 3.79e-05    0.01
         res : 1.60e-08   lamb: 1.00e+00   eps : -7.11e-11   step: 3.79e-05    0.01
         res : 1.23e-08   lamb: 1.00e+00   eps : -7.11e-11   step: 3.79e-05    0.01
         res : 9.87e-09   lamb: 1.00e+00   eps : -7.11e-11   step: 3.79e-05    0.01
         res : 6.03e-09   lamb: 1.00e+00   eps : -7.11e-11   step: 3.79e-05    0.01
         res : 4.49e-09   lamb: 1.00e+00   eps : -7.11e-11   step: 3.79e-05    0.01

     27  0      -113.67240218     7.76e-08      8.79
     27  1      -113.52702981     0.00e+00      8.79
     27  2      -113.47210598     0.00e+00      8.79
     27  3      -113.45263441     0.00e+00      8.79
     27  4      -113.43545743     0.00e+00      8.79
     27  5      -113.35978872     0.00e+00      8.79
     27  6      -113.29585608     0.00e+00      8.79
     27  7      -113.28197696     0.00e+00      8.79
     27  8      -113.27588298     0.00e+00      8.79
     27  9      -113.25722093     0.00e+00      8.79

         res : 3.65e-06   lamb: 1.00e+00   eps : -3.79e-11   step: 2.34e-05    0.01
         res : 3.32e-06   lamb: 1.00e+00   eps : -4.42e-11   step: 2.81e-05    0.01
         res : 2.16e-06   lamb: 1.00e+00   eps : -4.65e-11   step: 3.02e-05    0.01
         res : 1.16e-06   lamb: 1.00e+00   eps : -4.71e-11   step: 3.07e-05    0.01
         res : 1.05e-06   lamb: 1.00e+00   eps : -4.75e-11   step: 3.10e-05    0.01
         res : 9.01e-07   lamb: 1.00e+00   eps : -4.76e-11   step: 3.11e-05    0.01
         res : 4.11e-07   lamb: 1.00e+00   eps : -4.77e-11   step: 3.11e-05    0.01
         res : 3.60e-07   lamb: 1.00e+00   eps : -4.77e-11   step: 3.12e-05    0.01
         res : 2.26e-07   lamb: 1.00e+00   eps : -4.77e-11   step: 3.12e-05    0.01
         res : 1.70e-07   lamb: 1.00e+00   eps : -4.77e-11   step: 3.12e-05    0.01
         res : 9.37e-08   lamb: 1.00e+00   eps : -4.77e-11   step: 3.12e-05    0.01
         res : 6.69e-08   lamb: 1.00e+00   eps : -4.77e-11   step: 3.12e-05    0.01
         res : 5.42e-08   lamb: 1.00e+00   eps : -4.77e-11   step: 3.12e-05    0.01
         res : 2.90e-08   lamb: 1.00e+00   eps : -4.77e-11   step: 3.12e-05    0.01
         res : 2.38e-08   lamb: 1.00e+00   eps : -4.77e-11   step: 3.12e-05    0.01
         res : 1.29e-08   lamb: 1.00e+00   eps : -4.77e-11   step: 3.12e-05    0.01
         res : 9.19e-09   lamb: 1.00e+00   eps : -4.78e-11   step: 3.12e-05    0.01
         res : 7.55e-09   lamb: 1.00e+00   eps : -4.77e-11   step: 3.12e-05    0.01
         res : 4.69e-09   lamb: 1.00e+00   eps : -4.77e-11   step: 3.12e-05    0.01

     28  0      -113.67240206     6.38e-08      8.91
     28  1      -113.52702941     0.00e+00      8.91
     28  2      -113.47210600     0.00e+00      8.91
     28  3      -113.45263467     0.00e+00      8.91
     28  4      -113.43545713     0.00e+00      8.91
     28  5      -113.35978858     0.00e+00      8.91
     28  6      -113.29585646     0.00e+00      8.91
     28  7      -113.28197719     0.00e+00      8.91
     28  8      -113.27588270     0.00e+00      8.91
     28  9      -113.25722128     0.00e+00      8.91

         res : 3.04e-06   lamb: 1.00e+00   eps : -2.57e-11   step: 1.93e-05    0.01
         res : 2.74e-06   lamb: 1.00e+00   eps : -3.00e-11   step: 2.32e-05    0.01
         res : 1.77e-06   lamb: 1.00e+00   eps : -3.15e-11   step: 2.49e-05    0.01
         res : 9.48e-07   lamb: 1.00e+00   eps : -3.19e-11   step: 2.53e-05    0.01
         res : 8.79e-07   lamb: 1.00e+00   eps : -3.22e-11   step: 2.56e-05    0.01
         res : 7.37e-07   lamb: 1.00e+00   eps : -3.22e-11   step: 2.57e-05    0.01
         res : 3.39e-07   lamb: 1.00e+00   eps : -3.23e-11   step: 2.57e-05    0.01
         res : 2.99e-07   lamb: 1.00e+00   eps : -3.23e-11   step: 2.57e-05    0.01
         res : 1.86e-07   lamb: 1.00e+00   eps : -3.23e-11   step: 2.57e-05    0.01
         res : 1.39e-07   lamb: 1.00e+00   eps : -3.24e-11   step: 2.57e-05    0.01
         res : 7.71e-08   lamb: 1.00e+00   eps : -3.24e-11   step: 2.57e-05    0.01
         res : 5.59e-08   lamb: 1.00e+00   eps : -3.24e-11   step: 2.57e-05    0.01
         res : 4.53e-08   lamb: 1.00e+00   eps : -3.24e-11   step: 2.57e-05    0.01
         res : 2.34e-08   lamb: 1.00e+00   eps : -3.24e-11   step: 2.58e-05    0.01
         res : 2.01e-08   lamb: 1.00e+00   eps : -3.24e-11   step: 2.58e-05    0.01
         res : 1.07e-08   lamb: 1.00e+00   eps : -3.24e-11   step: 2.58e-05    0.01
         res : 7.55e-09   lamb: 1.00e+00   eps : -3.24e-11   step: 2.58e-05    0.01
         res : 6.22e-09   lamb: 1.00e+00   eps : -3.24e-11   step: 2.57e-05    0.01
         res : 3.80e-09   lamb: 1.00e+00   eps : -3.23e-11   step: 2.57e-05    0.01

     29  0      -113.67240196     5.26e-08      8.91
     29  1      -113.52702907     0.00e+00      8.91
     29  2      -113.47210603     0.00e+00      8.91
     29  3      -113.45263488     0.00e+00      8.91
     29  4      -113.43545688     0.00e+00      8.91
     29  5      -113.35978847     0.00e+00      8.91
     29  6      -113.29585677     0.00e+00      8.91
     29  7      -113.28197738     0.00e+00      8.91
     29  8      -113.27588247     0.00e+00      8.91
     29  9      -113.25722157     0.00e+00      8.91

         res : 2.52e-06   lamb: 1.00e+00   eps : -1.75e-11   step: 1.59e-05    0.01
         res : 2.26e-06   lamb: 1.00e+00   eps : -2.04e-11   step: 1.91e-05    0.01
         res : 1.46e-06   lamb: 1.00e+00   eps : -2.15e-11   step: 2.06e-05    0.01
         res : 7.78e-07   lamb: 1.00e+00   eps : -2.17e-11   step: 2.09e-05    0.01
         res : 7.32e-07   lamb: 1.00e+00   eps : -2.19e-11   step: 2.12e-05    0.01
         res : 6.07e-07   lamb: 1.00e+00   eps : -2.20e-11   step: 2.12e-05    0.01
         res : 2.80e-07   lamb: 1.00e+00   eps : -2.20e-11   step: 2.13e-05    0.01
         res : 2.48e-07   lamb: 1.00e+00   eps : -2.20e-11   step: 2.13e-05    0.01
         res : 1.54e-07   lamb: 1.00e+00   eps : -2.20e-11   step: 2.13e-05    0.01
         res : 1.14e-07   lamb: 1.00e+00   eps : -2.20e-11   step: 2.13e-05    0.01
         res : 6.36e-08   lamb: 1.00e+00   eps : -2.20e-11   step: 2.13e-05    0.01
         res : 4.66e-08   lamb: 1.00e+00   eps : -2.20e-11   step: 2.13e-05    0.01
         res : 3.78e-08   lamb: 1.00e+00   eps : -2.20e-11   step: 2.13e-05    0.01
         res : 1.92e-08   lamb: 1.00e+00   eps : -2.20e-11   step: 2.13e-05    0.01
         res : 1.68e-08   lamb: 1.00e+00   eps : -2.20e-11   step: 2.13e-05    0.01
         res : 8.86e-09   lamb: 1.00e+00   eps : -2.20e-11   step: 2.13e-05    0.01
         res : 6.11e-09   lamb: 1.00e+00   eps : -2.20e-11   step: 2.13e-05    0.01
         res : 5.12e-09   lamb: 1.00e+00   eps : -2.20e-11   step: 2.13e-05    0.01
         res : 3.11e-09   lamb: 1.00e+00   eps : -2.20e-11   step: 2.13e-05    0.01

     30  0      -113.67240187     4.35e-08      8.68
     30  1      -113.52702880     0.00e+00      8.68
     30  2      -113.47210605     0.00e+00      8.68
     30  3      -113.45263505     0.00e+00      8.68
     30  4      -113.43545667     0.00e+00      8.68
     30  5      -113.35978838     0.00e+00      8.68
     30  6      -113.29585702     0.00e+00      8.68
     30  7      -113.28197754     0.00e+00      8.68
     30  8      -113.27588228     0.00e+00      8.68
     30  9      -113.25722182     0.00e+00      8.68

         res : 2.09e-06   lamb: 1.00e+00   eps : -1.20e-11   step: 1.32e-05    0.01
         res : 1.87e-06   lamb: 1.00e+00   eps : -1.39e-11   step: 1.58e-05    0.01
         res : 1.20e-06   lamb: 1.00e+00   eps : -1.47e-11   step: 1.70e-05    0.01
         res : 6.40e-07   lamb: 1.00e+00   eps : -1.48e-11   step: 1.73e-05    0.01
         res : 6.08e-07   lamb: 1.00e+00   eps : -1.50e-11   step: 1.75e-05    0.01
         res : 5.00e-07   lamb: 1.00e+00   eps : -1.50e-11   step: 1.75e-05    0.01
         res : 2.31e-07   lamb: 1.00e+00   eps : -1.50e-11   step: 1.76e-05    0.01
         res : 2.05e-07   lamb: 1.00e+00   eps : -1.50e-11   step: 1.76e-05    0.01
         res : 1.27e-07   lamb: 1.00e+00   eps : -1.50e-11   step: 1.76e-05    0.01
         res : 9.36e-08   lamb: 1.00e+00   eps : -1.50e-11   step: 1.76e-05    0.01
         res : 5.26e-08   lamb: 1.00e+00   eps : -1.50e-11   step: 1.76e-05    0.01
         res : 3.88e-08   lamb: 1.00e+00   eps : -1.50e-11   step: 1.76e-05    0.01
         res : 3.16e-08   lamb: 1.00e+00   eps : -1.50e-11   step: 1.76e-05    0.01
         res : 1.58e-08   lamb: 1.00e+00   eps : -1.50e-11   step: 1.76e-05    0.01
         res : 1.41e-08   lamb: 1.00e+00   eps : -1.50e-11   step: 1.76e-05    0.01
         res : 7.38e-09   lamb: 1.00e+00   eps : -1.50e-11   step: 1.76e-05    0.01
         res : 4.98e-09   lamb: 1.00e+00   eps : -1.50e-11   step: 1.76e-05    0.01

     31  0      -113.67240180     3.60e-08      8.87
     31  1      -113.52702858     0.00e+00      8.87
     31  2      -113.47210607     0.00e+00      8.87
     31  3      -113.45263519     0.00e+00      8.87
     31  4      -113.43545650     0.00e+00      8.87
     31  5      -113.35978830     0.00e+00      8.87
     31  6      -113.29585723     0.00e+00      8.87
     31  7      -113.28197767     0.00e+00      8.87
     31  8      -113.27588213     0.00e+00      8.87
     31  9      -113.25722202     0.00e+00      8.87

         res : 1.73e-06   lamb: 1.00e+00   eps : -8.18e-12   step: 1.09e-05    0.01
         res : 1.55e-06   lamb: 1.00e+00   eps : -9.53e-12   step: 1.31e-05    0.01
         res : 9.93e-07   lamb: 1.00e+00   eps : -1.00e-11   step: 1.41e-05    0.01
         res : 5.29e-07   lamb: 1.00e+00   eps : -1.01e-11   step: 1.43e-05    0.01
         res : 5.05e-07   lamb: 1.00e+00   eps : -1.02e-11   step: 1.45e-05    0.01
         res : 4.14e-07   lamb: 1.00e+00   eps : -1.03e-11   step: 1.45e-05    0.01
         res : 1.92e-07   lamb: 1.00e+00   eps : -1.03e-11   step: 1.45e-05    0.01
         res : 1.70e-07   lamb: 1.00e+00   eps : -1.03e-11   step: 1.46e-05    0.01
         res : 1.05e-07   lamb: 1.00e+00   eps : -1.03e-11   step: 1.46e-05    0.01
         res : 7.76e-08   lamb: 1.00e+00   eps : -1.03e-11   step: 1.46e-05    0.01
         res : 4.37e-08   lamb: 1.00e+00   eps : -1.03e-11   step: 1.46e-05    0.01
         res : 3.25e-08   lamb: 1.00e+00   eps : -1.03e-11   step: 1.46e-05    0.01
         res : 2.62e-08   lamb: 1.00e+00   eps : -1.03e-11   step: 1.46e-05    0.01
         res : 1.30e-08   lamb: 1.00e+00   eps : -1.03e-11   step: 1.46e-05    0.01
         res : 1.18e-08   lamb: 1.00e+00   eps : -1.03e-11   step: 1.46e-05    0.01
         res : 6.15e-09   lamb: 1.00e+00   eps : -1.03e-11   step: 1.46e-05    0.01
         res : 4.19e-09   lamb: 1.00e+00   eps : -1.03e-11   step: 1.46e-05    0.01

     32  0      -113.67240174     2.98e-08      8.79
     32  1      -113.52702839     0.00e+00      8.79
     32  2      -113.47210608     0.00e+00      8.79
     32  3      -113.45263531     0.00e+00      8.79
     32  4      -113.43545636     0.00e+00      8.79
     32  5      -113.35978823     0.00e+00      8.79
     32  6      -113.29585740     0.00e+00      8.79
     32  7      -113.28197778     0.00e+00      8.79
     32  8      -113.27588200     0.00e+00      8.79
     32  9      -113.25722219     0.00e+00      8.79

         res : 1.44e-06   lamb: 1.00e+00   eps : -5.60e-12   step: 9.03e-06    0.01
         res : 1.28e-06   lamb: 1.00e+00   eps : -6.53e-12   step: 1.08e-05    0.01
         res : 8.21e-07   lamb: 1.00e+00   eps : -6.87e-12   step: 1.17e-05    0.01
         res : 4.37e-07   lamb: 1.00e+00   eps : -6.95e-12   step: 1.19e-05    0.01
         res : 4.19e-07   lamb: 1.00e+00   eps : -7.01e-12   step: 1.20e-05    0.01
         res : 3.42e-07   lamb: 1.00e+00   eps : -7.03e-12   step: 1.20e-05    0.01
         res : 1.59e-07   lamb: 1.00e+00   eps : -7.04e-12   step: 1.20e-05    0.01
         res : 1.41e-07   lamb: 1.00e+00   eps : -7.04e-12   step: 1.21e-05    0.01
         res : 8.71e-08   lamb: 1.00e+00   eps : -7.05e-12   step: 1.21e-05    0.01
         res : 6.41e-08   lamb: 1.00e+00   eps : -7.05e-12   step: 1.21e-05    0.01
         res : 3.62e-08   lamb: 1.00e+00   eps : -7.05e-12   step: 1.21e-05    0.01
         res : 2.70e-08   lamb: 1.00e+00   eps : -7.05e-12   step: 1.21e-05    0.01
         res : 2.18e-08   lamb: 1.00e+00   eps : -7.05e-12   step: 1.21e-05    0.01
         res : 1.08e-08   lamb: 1.00e+00   eps : -7.05e-12   step: 1.21e-05    0.01
         res : 9.88e-09   lamb: 1.00e+00   eps : -7.05e-12   step: 1.21e-05    0.01
         res : 5.10e-09   lamb: 1.00e+00   eps : -7.05e-12   step: 1.21e-05    0.01
         res : 3.46e-09   lamb: 1.00e+00   eps : -7.05e-12   step: 1.21e-05    0.01

     33  0      -113.67240169     2.46e-08      8.81
     33  1      -113.52702824     0.00e+00      8.81
     33  2      -113.47210610     0.00e+00      8.81
     33  3      -113.45263541     0.00e+00      8.81
     33  4      -113.43545624     0.00e+00      8.81
     33  5      -113.35978818     0.00e+00      8.81
     33  6      -113.29585754     0.00e+00      8.81
     33  7      -113.28197787     0.00e+00      8.81
     33  8      -113.27588189     0.00e+00      8.81
     33  9      -113.25722232     0.00e+00      8.81

         res : 1.19e-06   lamb: 1.00e+00   eps : -3.84e-12   step: 7.47e-06    0.01
         res : 1.06e-06   lamb: 1.00e+00   eps : -4.47e-12   step: 8.98e-06    0.01
         res : 6.79e-07   lamb: 1.00e+00   eps : -4.71e-12   step: 9.65e-06    0.01
         res : 3.61e-07   lamb: 1.00e+00   eps : -4.76e-12   step: 9.82e-06    0.01
         res : 3.47e-07   lamb: 1.00e+00   eps : -4.80e-12   step: 9.93e-06    0.01
         res : 2.83e-07   lamb: 1.00e+00   eps : -4.81e-12   step: 9.96e-06    0.01
         res : 1.31e-07   lamb: 1.00e+00   eps : -4.82e-12   step: 9.97e-06    0.01
         res : 1.17e-07   lamb: 1.00e+00   eps : -4.83e-12   step: 9.98e-06    0.01
         res : 7.21e-08   lamb: 1.00e+00   eps : -4.83e-12   step: 9.98e-06    0.01
         res : 5.31e-08   lamb: 1.00e+00   eps : -4.83e-12   step: 9.99e-06    0.01
         res : 3.00e-08   lamb: 1.00e+00   eps : -4.83e-12   step: 9.99e-06    0.01
         res : 2.24e-08   lamb: 1.00e+00   eps : -4.83e-12   step: 9.99e-06    0.01
         res : 1.80e-08   lamb: 1.00e+00   eps : -4.83e-12   step: 9.99e-06    0.01
         res : 8.89e-09   lamb: 1.00e+00   eps : -4.83e-12   step: 9.99e-06    0.01
         res : 8.22e-09   lamb: 1.00e+00   eps : -4.83e-12   step: 9.99e-06    0.01
         res : 4.22e-09   lamb: 1.00e+00   eps : -4.83e-12   step: 9.99e-06    0.01

     34  0      -113.67240164     2.04e-08      8.94
     34  1      -113.52702811     0.00e+00      8.94
     34  2      -113.47210611     0.00e+00      8.94
     34  3      -113.45263549     0.00e+00      8.94
     34  4      -113.43545614     0.00e+00      8.94
     34  5      -113.35978813     0.00e+00      8.94
     34  6      -113.29585766     0.00e+00      8.94
     34  7      -113.28197795     0.00e+00      8.94
     34  8      -113.27588180     0.00e+00      8.94
     34  9      -113.25722244     0.00e+00      8.94

         res : 9.85e-07   lamb: 1.00e+00   eps : -2.63e-12   step: 6.19e-06    0.01
         res : 8.78e-07   lamb: 1.00e+00   eps : -3.07e-12   step: 7.44e-06    0.01
         res : 5.61e-07   lamb: 1.00e+00   eps : -3.23e-12   step: 7.99e-06    0.01
         res : 2.99e-07   lamb: 1.00e+00   eps : -3.26e-12   step: 8.13e-06    0.01
         res : 2.88e-07   lamb: 1.00e+00   eps : -3.29e-12   step: 8.22e-06    0.01
         res : 2.34e-07   lamb: 1.00e+00   eps : -3.30e-12   step: 8.25e-06    0.01
         res : 1.09e-07   lamb: 1.00e+00   eps : -3.31e-12   step: 8.26e-06    0.01
         res : 9.72e-08   lamb: 1.00e+00   eps : -3.31e-12   step: 8.27e-06    0.01
         res : 5.96e-08   lamb: 1.00e+00   eps : -3.31e-12   step: 8.27e-06    0.01
         res : 4.39e-08   lamb: 1.00e+00   eps : -3.31e-12   step: 8.27e-06    0.01
         res : 2.48e-08   lamb: 1.00e+00   eps : -3.31e-12   step: 8.27e-06    0.01
         res : 1.85e-08   lamb: 1.00e+00   eps : -3.31e-12   step: 8.27e-06    0.01
         res : 1.50e-08   lamb: 1.00e+00   eps : -3.31e-12   step: 8.27e-06    0.01
         res : 7.38e-09   lamb: 1.00e+00   eps : -3.31e-12   step: 8.27e-06    0.01
         res : 6.74e-09   lamb: 1.00e+00   eps : -3.31e-12   step: 8.27e-06    0.01
         res : 3.53e-09   lamb: 1.00e+00   eps : -3.31e-12   step: 8.27e-06    0.01

     35  0      -113.67240161     1.69e-08      8.90
     35  1      -113.52702801     0.00e+00      8.90
     35  2      -113.47210612     0.00e+00      8.90
     35  3      -113.45263556     0.00e+00      8.90
     35  4      -113.43545606     0.00e+00      8.90
     35  5      -113.35978810     0.00e+00      8.90
     35  6      -113.29585776     0.00e+00      8.90
     35  7      -113.28197801     0.00e+00      8.90
     35  8      -113.27588172     0.00e+00      8.90
     35  9      -113.25722254     0.00e+00      8.90

         res : 8.15e-07   lamb: 1.00e+00   eps : -1.80e-12   step: 5.13e-06    0.01
         res : 7.27e-07   lamb: 1.00e+00   eps : -2.10e-12   step: 6.16e-06    0.01
         res : 4.65e-07   lamb: 1.00e+00   eps : -2.21e-12   step: 6.62e-06    0.01
         res : 2.48e-07   lamb: 1.00e+00   eps : -2.24e-12   step: 6.74e-06    0.01
         res : 2.38e-07   lamb: 1.00e+00   eps : -2.26e-12   step: 6.81e-06    0.01
         res : 1.94e-07   lamb: 1.00e+00   eps : -2.26e-12   step: 6.83e-06    0.01
         res : 9.01e-08   lamb: 1.00e+00   eps : -2.27e-12   step: 6.84e-06    0.01
         res : 8.05e-08   lamb: 1.00e+00   eps : -2.27e-12   step: 6.85e-06    0.01
         res : 4.93e-08   lamb: 1.00e+00   eps : -2.27e-12   step: 6.85e-06    0.01
         res : 3.63e-08   lamb: 1.00e+00   eps : -2.27e-12   step: 6.85e-06    0.01
         res : 2.06e-08   lamb: 1.00e+00   eps : -2.27e-12   step: 6.85e-06    0.01
         res : 1.54e-08   lamb: 1.00e+00   eps : -2.27e-12   step: 6.85e-06    0.01
         res : 1.24e-08   lamb: 1.00e+00   eps : -2.27e-12   step: 6.85e-06    0.01
         res : 6.11e-09   lamb: 1.00e+00   eps : -2.27e-12   step: 6.85e-06    0.01
         res : 5.62e-09   lamb: 1.00e+00   eps : -2.27e-12   step: 6.85e-06    0.01
         res : 2.90e-09   lamb: 1.00e+00   eps : -2.27e-12   step: 6.85e-06    0.01

     36  0      -113.67240158     1.40e-08      8.67
     36  1      -113.52702792     0.00e+00      8.67
     36  2      -113.47210612     0.00e+00      8.67
     36  3      -113.45263561     0.00e+00      8.67
     36  4      -113.43545599     0.00e+00      8.67
     36  5      -113.35978807     0.00e+00      8.67
     36  6      -113.29585784     0.00e+00      8.67
     36  7      -113.28197806     0.00e+00      8.67
     36  8      -113.27588166     0.00e+00      8.67
     36  9      -113.25722261     0.00e+00      8.67

         res : 6.76e-07   lamb: 1.00e+00   eps : -1.24e-12   step: 4.25e-06    0.01
         res : 6.02e-07   lamb: 1.00e+00   eps : -1.44e-12   step: 5.10e-06    0.01
         res : 3.85e-07   lamb: 1.00e+00   eps : -1.52e-12   step: 5.48e-06    0.01
         res : 2.05e-07   lamb: 1.00e+00   eps : -1.54e-12   step: 5.58e-06    0.01
         res : 1.97e-07   lamb: 1.00e+00   eps : -1.55e-12   step: 5.64e-06    0.01
         res : 1.60e-07   lamb: 1.00e+00   eps : -1.55e-12   step: 5.66e-06    0.01
         res : 7.47e-08   lamb: 1.00e+00   eps : -1.56e-12   step: 5.67e-06    0.01
         res : 6.67e-08   lamb: 1.00e+00   eps : -1.56e-12   step: 5.67e-06    0.01
         res : 4.08e-08   lamb: 1.00e+00   eps : -1.56e-12   step: 5.67e-06    0.01
         res : 3.01e-08   lamb: 1.00e+00   eps : -1.56e-12   step: 5.67e-06    0.01
         res : 1.70e-08   lamb: 1.00e+00   eps : -1.56e-12   step: 5.67e-06    0.01
         res : 1.27e-08   lamb: 1.00e+00   eps : -1.56e-12   step: 5.67e-06    0.01
         res : 1.03e-08   lamb: 1.00e+00   eps : -1.56e-12   step: 5.68e-06    0.01
         res : 5.06e-09   lamb: 1.00e+00   eps : -1.56e-12   step: 5.68e-06    0.01
         res : 4.63e-09   lamb: 1.00e+00   eps : -1.56e-12   step: 5.68e-06    0.01

     37  0      -113.67240156     1.16e-08      8.71
     37  1      -113.52702785     0.00e+00      8.71
     37  2      -113.47210613     0.00e+00      8.71
     37  3      -113.45263566     0.00e+00      8.71
     37  4      -113.43545594     0.00e+00      8.71
     37  5      -113.35978804     0.00e+00      8.71
     37  6      -113.29585790     0.00e+00      8.71
     37  7      -113.28197811     0.00e+00      8.71
     37  8      -113.27588161     0.00e+00      8.71
     37  9      -113.25722268     0.00e+00      8.71

         res : 5.60e-07   lamb: 1.00e+00   eps : -8.49e-13   step: 3.52e-06    0.01
         res : 5.01e-07   lamb: 1.00e+00   eps : -9.90e-13   step: 4.23e-06    0.01
         res : 3.20e-07   lamb: 1.00e+00   eps : -1.04e-12   step: 4.54e-06    0.01
         res : 1.70e-07   lamb: 1.00e+00   eps : -1.05e-12   step: 4.62e-06    0.01
         res : 1.64e-07   lamb: 1.00e+00   eps : -1.06e-12   step: 4.67e-06    0.01
         res : 1.33e-07   lamb: 1.00e+00   eps : -1.07e-12   step: 4.69e-06    0.01
         res : 6.19e-08   lamb: 1.00e+00   eps : -1.07e-12   step: 4.69e-06    0.01
         res : 5.52e-08   lamb: 1.00e+00   eps : -1.07e-12   step: 4.70e-06    0.01
         res : 3.40e-08   lamb: 1.00e+00   eps : -1.07e-12   step: 4.70e-06    0.01
         res : 2.50e-08   lamb: 1.00e+00   eps : -1.07e-12   step: 4.70e-06    0.01
         res : 1.41e-08   lamb: 1.00e+00   eps : -1.07e-12   step: 4.70e-06    0.01
         res : 1.05e-08   lamb: 1.00e+00   eps : -1.07e-12   step: 4.70e-06    0.01
         res : 8.51e-09   lamb: 1.00e+00   eps : -1.07e-12   step: 4.70e-06    0.01
         res : 4.14e-09   lamb: 1.00e+00   eps : -1.07e-12   step: 4.70e-06    0.01

     38  0      -113.67240154     9.60e-09      8.78
     38  1      -113.52702779     0.00e+00      8.78
     38  2      -113.47210613     0.00e+00      8.78
     38  3      -113.45263570     0.00e+00      8.78
     38  4      -113.43545589     0.00e+00      8.78
     38  5      -113.35978802     0.00e+00      8.78
     38  6      -113.29585796     0.00e+00      8.78
     38  7      -113.28197814     0.00e+00      8.78
     38  8      -113.27588157     0.00e+00      8.78
     38  9      -113.25722273     0.00e+00      8.78

    * Second-order optimization converged. *   

    * Integral transformation done. Elapsed time: 0.01

     guess   0:   closed 11111.....           open .....1....          
     guess   1:   closed 111.11....           open ...1......          
     guess   2:   closed 1111.1....           open ....1.....          
     guess   3:   closed 11111.....           open ......1...          
     guess   4:   closed 11.111....           open ..1.......          
     guess   5:   closed 111.1.....           open ...1.11...          
     guess   6:   closed 1111......           open ....111...          
     guess   7:   closed 11.11.....           open ..1..11...          
     guess   8:   closed 1.1111....           open .1........          
     guess   9:   closed 111..1....           open ...11.1...          

  === FCI iteration ===

      0  0      -113.54677510     2.47e-03      0.37
      0  1      -113.43796131     2.19e-03      0.00
      0  2      -113.35401366     2.39e-03      0.00
      0  3      -113.29540247     2.62e-03      0.00
      0  4      -113.28990801     2.50e-03      0.00
      0  5      -113.11404786     3.05e-03      0.00
      0  6      -113.10919958     2.53e-03      0.00
      0  7      -113.08309864     2.77e-03      0.00
      0  8      -112.91747148     2.92e-03      0.00
      0  9      -112.89598756     3.11e-03      0.00

      1  0      -113.65657737     1.01e-03      0.36
      1  1      -113.52004949     7.08e-04      0.00
      1  2      -113.45624406     9.87e-04      0.00
      1  3      -113.42984903     1.17e-03      0.00
      1  4      -113.41311588     1.08e-03      0.00
      1  5      -113.30930149     1.53e-03      0.00
      1  6      -113.24223344     1.33e-03      0.00
      1  7      -113.23349506     1.19e-03      0.00
      1  8      -113.11334854     1.67e-03      0.00
      1  9      -113.09183831     1.46e-03      0.00

      2  0      -113.67093192     3.21e-04      0.37
      2  1      -113.52638745     2.12e-04      0.00
      2  2      -113.47018907     3.58e-04      0.00
      2  3      -113.45078799     3.55e-04      0.00
      2  4      -113.43320245     3.56e-04      0.00
      2  5      -113.35002109     5.42e-04      0.00
      2  6      -113.27239820     4.55e-04      0.00
      2  7      -113.25537316     4.04e-04      0.00
      2  8      -113.16649260     6.52e-04      0.00
      2  9      -113.13030118     5.54e-04      0.00

      3  0      -113.67224454     1.03e-04      0.37
      3  1      -113.52698311     5.34e-05      0.00
      3  2      -113.47187054     1.25e-04      0.00
      3  3      -113.45242548     1.08e-04      0.00
      3  4      -113.43512107     1.31e-04      0.00
      3  5      -113.35766307     3.07e-04      0.00
      3  6      -113.27535575     1.70e-04      0.00
      3  7      -113.25803287     2.20e-04      0.00
      3  8      -113.17356091     3.23e-04      0.00
      3  9      -113.13868070     3.75e-04      0.00

      4  0      -113.67238537     3.50e-05      0.38
      4  1      -113.52702315     1.68e-05      0.00
      4  2      -113.47207885     4.45e-05      0.00
      4  3      -113.45259624     4.58e-05      0.00
      4  4      -113.43540601     5.54e-05      0.00
      4  5      -113.35944786     1.38e-04      0.00
      4  6      -113.27581363     6.94e-05      0.00
      4  7      -113.25923369     1.86e-04      0.00
      4  8      -113.17721359     3.18e-04      0.00
      4  9      -113.17280845     1.59e-03      0.00
    - linear dependency detected:    1 /   60    min eigenvalue:     2.0262e-15    max eigenvalue:     2.0262e-15
    * Using canonical orthogonalization due to linear dependency


      5  0      -113.67240011     1.08e-05      0.38
      5  1      -113.52702727     5.73e-06      0.00
      5  2      -113.47210395     1.34e-05      0.00
      5  3      -113.45263006     1.86e-05      0.00
      5  4      -113.43544953     2.10e-05      0.00
      5  5      -113.35974030     5.24e-05      0.00
      5  6      -113.27588690     2.95e-05      0.00
      5  7      -113.26391999     6.21e-04      0.00
      5  8      -113.23505158     1.45e-03      0.00
      5  9      -113.22517980     1.39e-03      0.00
    - linear dependency detected:    1 /   70    min eigenvalue:    -6.2324e-16    max eigenvalue:    -6.2324e-16
    * Using canonical orthogonalization due to linear dependency


      6  0      -113.67240142     3.16e-06      0.38
      6  1      -113.52702772     2.09e-06      0.00
      6  2      -113.47210595     3.87e-06      0.00
      6  3      -113.45263516     5.91e-06      0.00
      6  4      -113.43545524     6.71e-06      0.00
      6  5      -113.35977995     2.08e-05      0.00
      6  6      -113.28756028     6.17e-04      0.00
      6  7      -113.27592912     8.09e-05      0.00
      6  8      -113.27317469     7.19e-04      0.00
      6  9      -113.25610553     2.39e-04      0.00
    - linear dependency detected:    2 /   80    min eigenvalue:     2.5922e-16    max eigenvalue:     1.4709e-11
    * Using canonical orthogonalization due to linear dependency


      7  0      -113.67240153     8.99e-07      0.38
      7  1      -113.52702778     6.10e-07      0.00
      7  2      -113.47210612     1.18e-06      0.00
      7  3      -113.45263564     1.99e-06      0.00
      7  4      -113.43545582     2.25e-06      0.00
      7  5      -113.35978674     8.21e-06      0.00
      7  6      -113.29438501     2.77e-04      0.00
      7  7      -113.28071295     2.74e-04      0.00
      7  8      -113.27587713     1.83e-05      0.00
      7  9      -113.25700134     9.64e-05      0.00
    - linear dependency detected:    2 /   90    min eigenvalue:     1.2034e-15    max eigenvalue:     1.6305e-12
    * Using canonical orthogonalization due to linear dependency


      8  0      -113.67240154     2.44e-07      0.40
      8  1      -113.52702779     1.80e-07      0.00
      8  2      -113.47210613     3.76e-07      0.00
      8  3      -113.45263569     6.73e-07      0.00
      8  4      -113.43545589     7.10e-07      0.00
      8  5      -113.35978784     3.22e-06      0.00
      8  6      -113.29553683     1.15e-04      0.00
      8  7      -113.28181535     9.71e-05      0.00
      8  8      -113.27588110     5.39e-06      0.00
      8  9      -113.25715640     4.61e-05      0.00
    - linear dependency detected:    2 /  100    min eigenvalue:     5.6471e-16    max eigenvalue:     1.7135e-13
    * Using canonical orthogonalization due to linear dependency


      9  0      -113.67240154     7.08e-08      0.39
      9  1      -113.52702779     5.46e-08      0.00
      9  2      -113.47210613     1.23e-07      0.00
      9  3      -113.45263570     2.20e-07      0.00
      9  4      -113.43545589     2.36e-07      0.00
      9  5      -113.35978800     1.19e-06      0.00
      9  6      -113.29579336     5.13e-05      0.00
      9  7      -113.28195855     3.35e-05      0.00
      9  8      -113.27588152     1.70e-06      0.00
      9  9      -113.25720587     2.45e-05      0.00
    - linear dependency detected:    2 /  110    min eigenvalue:     5.4657e-16    max eigenvalue:     1.6064e-14
    * Using canonical orthogonalization due to linear dependency


     10  0      -113.67240154     1.97e-08      0.40
     10  1      -113.52702779     1.72e-08      0.00
     10  2      -113.47210613     3.89e-08      0.00
     10  3      -113.45263570     7.08e-08      0.00
     10  4      -113.43545589     7.79e-08      0.00
     10  5      -113.35978802     4.05e-07      0.00
     10  6      -113.29584610     2.42e-05      0.00
     10  7      -113.28197515     1.28e-05      0.00
     10  8      -113.27588156     6.02e-07      0.00
     10  9      -113.25721920     1.29e-05      0.00
    - linear dependency detected:    2 /  120    min eigenvalue:     5.5291e-16    max eigenvalue:     7.1292e-16
    * Using canonical orthogonalization due to linear dependency


     11  0      -113.67240154     5.16e-09      0.40
     11  1      -113.52702779     5.27e-09      0.00
     11  2      -113.47210613     1.23e-08      0.00
     11  3      -113.45263570     2.35e-08      0.00
     11  4      -113.43545589     2.51e-08      0.00
     11  5      -113.35978802     1.39e-07      0.00
     11  6      -113.29585591     1.02e-05      0.00
     11  7      -113.28197762     5.35e-06      0.00
     11  8      -113.27588157     2.32e-07      0.00
     11  9      -113.25722210     5.56e-06      0.00
    - linear dependency detected:    2 /  130    min eigenvalue:    -8.0245e-16    max eigenvalue:     8.2196e-16
    * Using canonical orthogonalization due to linear dependency


     12  0      -113.67240154     1.34e-09      0.40
     12  1      -113.52702779     1.64e-09      0.00
     12  2      -113.47210613     3.77e-09      0.00
     12  3      -113.45263570     6.52e-09      0.00
     12  4      -113.43545589     8.04e-09      0.00
     12  5      -113.35978802     4.92e-08      0.00
     12  6      -113.29585762     4.14e-06      0.00
     12  7      -113.28197808     1.96e-06      0.00
     12  8      -113.27588157     8.31e-08      0.00
     12  9      -113.25722262     2.33e-06      0.00
    - linear dependency detected:    2 /  140    min eigenvalue:     6.7456e-16    max eigenvalue:     1.2429e-15
    * Using canonical orthogonalization due to linear dependency


     13  0      -113.67240154     3.48e-10      0.41
     13  1      -113.52702779     4.73e-10      0.00
     13  2      -113.47210613     1.10e-09      0.00
     13  3      -113.45263570     1.93e-09      0.00
     13  4      -113.43545589     2.67e-09      0.00
     13  5      -113.35978802     1.61e-08      0.00
     13  6      -113.29585791     1.63e-06      0.00
     13  7      -113.28197814     6.38e-07      0.00
     13  8      -113.27588157     2.76e-08      0.00
     13  9      -113.25722272     9.72e-07      0.00
    - linear dependency detected:    2 /  150    min eigenvalue:     9.2826e-17    max eigenvalue:     1.1032e-15
    * Using canonical orthogonalization due to linear dependency


     14  0 *    -113.67240154     9.31e-11      0.43
     14  1      -113.52702779     1.33e-10      0.00
     14  2      -113.47210613     3.07e-10      0.00
     14  3      -113.45263570     5.45e-10      0.00
     14  4      -113.43545589     8.42e-10      0.00
     14  5      -113.35978802     5.05e-09      0.00
     14  6      -113.29585795     5.51e-07      0.00
     14  7      -113.28197814     1.96e-07      0.00
     14  8      -113.27588157     9.28e-09      0.00
     14  9      -113.25722273     3.40e-07      0.00
    - linear dependency detected:    2 /  159    min eigenvalue:    -5.1174e-16    max eigenvalue:     3.7869e-16
    * Using canonical orthogonalization due to linear dependency


     15  0 *    -113.67240154     6.12e-11      0.40
     15  1 *    -113.52702779     3.97e-11      0.00
     15  2 *    -113.47210613     9.15e-11      0.00
     15  3      -113.45263570     1.51e-10      0.00
     15  4      -113.43545589     2.58e-10      0.00
     15  5      -113.35978802     1.57e-09      0.00
     15  6      -113.29585796     1.86e-07      0.00
     15  7      -113.28197814     6.02e-08      0.00
     15  8      -113.27588157     2.99e-09      0.00
     15  9      -113.25722273     1.16e-07      0.00
    - linear dependency detected:    2 /  166    min eigenvalue:    -6.9481e-16    max eigenvalue:     1.0263e-15
    * Using canonical orthogonalization due to linear dependency


     16  0 *    -113.67240154     6.02e-11      0.34
     16  1 *    -113.52702779     2.90e-11      0.00
     16  2 *    -113.47210613     7.80e-11      0.00
     16  3 *    -113.45263570     4.17e-11      0.00
     16  4 *    -113.43545589     7.86e-11      0.00
     16  5      -113.35978802     4.86e-10      0.00
     16  6      -113.29585796     6.25e-08      0.00
     16  7      -113.28197814     2.10e-08      0.00
     16  8      -113.27588157     1.04e-09      0.00
     16  9      -113.25722273     3.97e-08      0.00
    - linear dependency detected:    2 /  171    min eigenvalue:     5.0221e-16    max eigenvalue:     7.6863e-16
    * Using canonical orthogonalization due to linear dependency


     17  0 *    -113.67240154     5.98e-11      0.33
     17  1 *    -113.52702779     2.84e-11      0.00
     17  2 *    -113.47210613     7.72e-11      0.00
     17  3 *    -113.45263570     3.42e-11      0.00
     17  4 *    -113.43545589     5.43e-11      0.00
     17  5      -113.35978802     1.46e-10      0.00
     17  6      -113.29585796     2.10e-08      0.00
     17  7      -113.28197814     7.09e-09      0.00
     17  8      -113.27588157     3.60e-10      0.00
     17  9      -113.25722273     1.36e-08      0.00
    - linear dependency detected:    2 /  176    min eigenvalue:    -2.2986e-15    max eigenvalue:    -1.4604e-16
    * Using canonical orthogonalization due to linear dependency


     18  0 *    -113.67240154     5.92e-11      0.34
     18  1 *    -113.52702779     2.84e-11      0.00
     18  2 *    -113.47210613     7.69e-11      0.00
     18  3 *    -113.45263570     3.40e-11      0.00
     18  4 *    -113.43545589     5.33e-11      0.00
     18  5 *    -113.35978802     4.39e-11      0.00
     18  6      -113.29585796     6.86e-09      0.00
     18  7      -113.28197814     2.37e-09      0.00
     18  8      -113.27588157     1.23e-10      0.00
     18  9      -113.25722273     4.59e-09      0.00
    - linear dependency detected:    2 /  180    min eigenvalue:    -1.6540e-16    max eigenvalue:     1.2371e-15
    * Using canonical orthogonalization due to linear dependency


     19  0 *    -113.67240154     5.92e-11      0.30
     19  1 *    -113.52702779     2.84e-11      0.00
     19  2 *    -113.47210613     7.66e-11      0.00
     19  3 *    -113.45263570     3.39e-11      0.00
     19  4 *    -113.43545589     5.25e-11      0.00
     19  5 *    -113.35978802     3.33e-11      0.00
     19  6      -113.29585796     2.26e-09      0.00
     19  7      -113.28197814     7.24e-10      0.00
     19  8 *    -113.27588157     3.92e-11      0.00
     19  9      -113.25722273     1.59e-09      0.00
    - linear dependency detected:    2 /  183    min eigenvalue:    -2.0496e-16    max eigenvalue:     7.6825e-16
    * Using canonical orthogonalization due to linear dependency


     20  0 *    -113.67240154     5.86e-11      0.28
     20  1 *    -113.52702779     2.83e-11      0.00
     20  2 *    -113.47210613     7.64e-11      0.00
     20  3 *    -113.45263570     3.38e-11      0.00
     20  4 *    -113.43545589     5.11e-11      0.00
     20  5 *    -113.35978802     3.24e-11      0.00
     20  6      -113.29585796     7.31e-10      0.00
     20  7      -113.28197814     2.33e-10      0.00
     20  8 *    -113.27588157     1.97e-11      0.00
     20  9      -113.25722273     5.42e-10      0.00
    - linear dependency detected:    2 /  186    min eigenvalue:    -5.4212e-17    max eigenvalue:     6.2807e-16
    * Using canonical orthogonalization due to linear dependency


     21  0 *    -113.67240154     5.84e-11      0.24
     21  1 *    -113.52702779     2.83e-11      0.00
     21  2 *    -113.47210613     7.64e-11      0.00
     21  3 *    -113.45263570     3.37e-11      0.00
     21  4 *    -113.43545589     5.10e-11      0.00
     21  5 *    -113.35978802     3.24e-11      0.00
     21  6      -113.29585796     2.30e-10      0.00
     21  7 *    -113.28197814     7.76e-11      0.00
     21  8 *    -113.27588157     1.66e-11      0.00
     21  9      -113.25722273     1.76e-10      0.00
    - linear dependency detected:    2 /  188    min eigenvalue:    -1.1063e-15    max eigenvalue:     1.0107e-17
    * Using canonical orthogonalization due to linear dependency


     22  0 *    -113.67240154     5.80e-11      0.14
     22  1 *    -113.52702779     2.83e-11      0.00
     22  2 *    -113.47210613     7.64e-11      0.00
     22  3 *    -113.45263570     3.37e-11      0.00
     22  4 *    -113.43545589     5.03e-11      0.00
     22  5 *    -113.35978802     3.23e-11      0.00
     22  6 *    -113.29585796     6.97e-11      0.00
     22  7 *    -113.28197814     7.76e-11      0.00
     22  8 *    -113.27588157     1.66e-11      0.00
     22  9 *    -113.25722273     5.35e-11      0.00

     * ci vector, state   0, <S^2> = 0.7500
       22222a....    -0.9533557666
       22a222....     0.1628851605
       222.2a2...    -0.1148205130
       22ab22a...    -0.0845782797
       22aa22b...    -0.0622519300
       22a22b..a.    -0.0516408595

     * ci vector, state   1, <S^2> = 0.7500
       222a22....     0.9755341003
       22222.a...    -0.0873778589
       222.22a...    -0.0530460310
       2222a2....     0.0502170566

     * ci vector, state   2, <S^2> = 0.7500
       2222a2....     0.9605348910
       222.a22...     0.1149401396
       2a2222....    -0.0989971988
       2a2b22a...     0.0859678413
       2a2a22b...     0.0580862100
       222a22....    -0.0521629272

     * ci vector, state   3, <S^2> = 0.7500
       22222.a...     0.9452074472
       22.222a...    -0.1982308306
       222a22....     0.0885008000
       222a2.2...     0.0868658192
       22ba2a2...    -0.0838708798
       22aa2b2...     0.0592579859
       2222.2a...    -0.0550013030
       2.2222a...    -0.0534557225

     * ci vector, state   4, <S^2> = 0.7500
       22a222....     0.8568563082
       222b2aa...     0.3338293405
       222a2ba...     0.1812016552
       222a2ab...    -0.1526276853
       22ab22a...     0.1391545127
       22222a....     0.1136831725
       22aa22b...     0.0970379053
       22a.222...    -0.0924498094
       222.2a2...     0.0696334188
       22222...a.     0.0664863110

     * ci vector, state   5, <S^2> = 0.7500
       222a2ba...     0.7692265057
       222a2ab...     0.5042133093
       222b2aa...     0.2650131964
       22a222....    -0.1870303763
       22ba22a...     0.0776482850
       222.2a2...    -0.0550828215
       22ba2aa.b.     0.0518202234

     * ci vector, state   6, <S^2> = 0.7500
       2222aab...     0.7707667380
       2222aba...     0.4748673572
       2222baa...    -0.2958993809
       222baa2...    -0.1372880453
       22aba22...    -0.0766576412
       222aab2...     0.0765266913
       2a2b2a2...     0.0658960317
       222aba2...    -0.0607613540
       2aa222b...    -0.0587716009
       22baa22...    -0.0558088412
       2ab222a...    -0.0547266062

     * ci vector, state   7, <S^2> = 0.7500
       22a22ab...     0.7983137230
       22b22aa...    -0.4056326393
       22a22ba...     0.3926810836
       222a2.2...     0.0873799404

     * ci vector, state   8, <S^2> = 0.7500
       2a2222....     0.8714654975
       222ba2a...     0.2559887907
       2a2b22a...     0.2148572011
       222ab2a...     0.1475925049
       2a2a22b...     0.1296573087
       2a2.222...    -0.1122559802
       222aa2b...    -0.1083962858
       2b2a22a...     0.0851998924
       2222a2....     0.0643035396
       a22b22a...    -0.0622956971

     * ci vector, state   9, <S^2> = 0.7500
       2222baa...    -0.7158197651
       2222aba...    -0.6121126951
       2ab222a...     0.1520906923
       2ba222a...     0.1435716574
       2222aab...     0.1037070700
       222aba2...    -0.0912558286
       222aab2...    -0.0644364508
       2b2a2a2...     0.0517733131

    * METHOD: CASSCF                             391.19


    * METHOD: PRINT                                0.01


  
  ===============================================================

